,difference
149308037,-0.783418324416675
149308038,-0.7800588738788612
149308039,
149308040,-1.1858789392592497
149308042,-1.3787289287677904
149308043,-1.3782545273631586
149308044,-1.1915330290598325
149308046,0.0011977700802452418
149306873,-5.651678073349227
149306874,
149307532,-3.2231007075460028
149307533,-3.3086652701106694
149307534,0.04391763833618256
149307535,0.047844956868864585
149307536,
149307280,-3.1130881588070594
149307281,-3.1151418869800978
149307282,-0.0011690726363440263
149307283,
149293094,-0.3004931795969128
149293095,-2.182167918520575
149293096,-1.0843155605088555
149293097,-2.4423454543152117
149293098,-0.5887509874262076
149293099,-1.6897829310471604
149293100,-2.236238081298106
149293102,
149292396,1.0271888028713647
149292397,
149292398,-3.7265591438769547
149299154,0.0016788570030130678
149299155,0.39876545099298455
149299157,0.39736516380660425
149299158,-0.9862934088104938
149299160,
149299162,-0.9864555687043772
149297935,-0.7333143412637142
149297936,
149297937,-1.9635962746287632
149297938,-2.5237489757615634
149297925,-1.0996530934335738
149297926,-0.5738593668405798
149297927,1.3014405294457276
149297929,-0.45527104183958045
149297930,-0.8630633268388479
149297931,
149297932,0.3918140645003447
149297933,-1.8682413016047548
149297934,-0.793005071577042
149306208,-2.8575268142243715
149306209,-3.4330556191868595
149306211,
149306212,-1.3897398591266494
149306213,-3.535291060194254
149306215,-4.495058160602298
149306216,-3.537347111967364
149306217,-3.4305987143395953
149297435,0.28953442501080673
149297436,
149297705,-0.31609106795157715
149297706,
149297604,0.5893855750479062
149297606,-0.019631004688100973
149297607,
149297608,-1.2199238738207256
149297609,-1.1888628349266384
149297611,-0.7773774438852925
149297612,1.5813434887798863
149297613,0.8188329597126724
149297598,0.316351089978248
149297599,
149297437,-0.8242403619447316
149297438,
149298951,
149298953,1.5443344607374225
149298954,1.842508296332836
149298955,-0.06658912917823834
149297600,0.6994569032617051
149297601,0.1851226334084899
149297602,
149297603,-0.17196976051040025
149306450,-0.6203989879235721
149306451,
149306453,0.18510367965925328
149294197,-2.468773133812171
149294198,-0.8630257279575915
149294199,-7.463651848540415
149294201,1.763461255679232
149294202,-7.035153150494793
149294203,-10.699892366122285
149294204,2.851826236745069
149294205,
149294206,2.871169366535007
149299102,
149299104,-2.969315342831692
149299105,0.679582943219728
149299108,-2.7861550794131063
149299109,-2.7857463663980155
149306771,
149306772,-2.6298409667024814
149306773,1.4905030126445808
149306774,0.042605818767860626
149297808,-0.4122208570944679
149297809,-0.4114107603984962
149297810,0.43819694596467684
149297811,0.4135893458912392
149297812,-1.0005419842937613
149297813,
149297814,0.9224561799252058
149297815,-0.1457327951202103
149297817,0.06361498032603663
149299113,0.3940088519678211
149299114,
149299115,-0.28778351087911513
149299116,2.7294904140149416
149299166,-1.2907222138131829
149299167,0.5145675066841306
149299168,0.3091641042796027
149299169,
149299172,-2.56343395276231
149299173,-1.2562856162637814
149299174,-2.174396507767568
149297404,-4.490443768939656
149297405,-2.281720210379973
149297407,-1.4764476396543387
149297408,-3.377053307112135
149297410,-5.191114291074371
149297413,
149307560,-3.9211916535986155
149307561,-4.382208588634995
149307563,
149307566,-2.6911949272494695
149307567,-4.547346829935748
149307569,-5.506501934533013
149292047,-3.110603541133372
149292048,-1.7273903209387242
149292049,-1.2231959809576551
149292051,1.2217168397057208
149292052,-1.6963244802326756
149292053,
149292054,-1.7148576268667455
149292055,-5.333647106897388
149293144,
149293146,-0.6097507356871432
149293148,-1.664450505877582
149293149,-0.8681248367614813
149293151,-1.7375154707919194
149293271,-1.427269027801671
149293272,-1.278182217744316
149293274,0.7576390708022416
149293275,-1.7898823753832573
149293276,0.3059991652348799
149293277,0.4232216439597636
149293278,-0.5538979136066473
149293279,
149293280,-1.8882240915104944
149297463,-1.8900336304760565
149297464,
149297449,-0.24259926144283384
149297450,
149297451,-1.7896350734705138
149297452,-1.4871947642584686
149297453,0.5580701402222914
149297454,0.8982140165871115
149298271,-1.990717059568496
149298272,-1.959703112462556
149298273,-3.324537752750942
149298274,-2.2393786060171976
149298275,-2.2498295896183222
149298276,-2.2829505234611958
149298277,-0.7405754592548703
149298278,-0.0737501020806377
149298279,-1.217227904828107
149298280,
149298483,
149298484,2.436041461561601
149299963,-2.8421437195329418
149299964,2.3875511274985683
149299965,-2.7303127016781445
149299969,
149299970,-3.9646828877486655
149299971,-0.6032852887117883
149299044,1.3180699428565958
149299045,-2.8368634299780524
149299046,
149299047,-1.482854472105629
149299048,-2.1725749516936617
149299049,1.7087422532166556
149299053,-0.04858252043294442
149299994,-4.7152540491164245
149299995,-2.5875690042111046
149299996,-5.230795692701577
149299997,
149299998,-2.595913609204274
149299999,1.0451494942674913
149300000,-5.488788178357936
149300001,-2.273836720780821
149300003,-4.182894913927612
149308612,-5.66556428689654
149308613,-0.999635533882099
149308614,-4.545518453646963
149308615,
149308616,-4.492046891885025
149308617,-0.4570752362657231
149308618,-3.0717209191790857
149308619,-4.450742740116709
149308620,0.600755442111307
149308621,-4.4451569231431165
149293966,
149293967,-1.0353391473797586
149293971,0.6788991536965696
149293972,1.4687511864285625
149294187,-3.4402163573178477
149294188,-5.424948432010822
149294189,-2.654614073745332
149294190,-3.7928469983235367
149294191,-2.7419094482158926
149294192,0.20555004495918539
149294194,-4.528141353885406
149294195,
149294196,-1.7545708593550735
149292122,-0.3334240839612441
149292123,-0.3359719652420772
149292124,-2.3731357552018295
149292127,-2.1852301250103316
149292128,
149292129,-1.5163582314224193
149292130,-1.468494629256682
149292131,-2.434712847114202
149307878,0.6347881523522716
149307879,-1.937530436026396
149307881,
149299471,-0.009714864759018838
149299476,-0.6543538082678424
149299478,-0.6505083987032094
149299479,
149299455,1.403063253070627
149299456,1.4026176368890901
149299460,-1.0952634804133368
149299461,-0.9477875367716138
149299462,-0.9482159319948664
149299463,
149299464,0.0028468877317209262
149297707,
149297708,1.9577005344765013
149297709,0.07700989039903305
149293239,-0.10380631569065102
149293241,0.047068905266427485
149293242,0.07019201052424329
149293243,0.0035635724702540728
149293244,-0.10639150805619213
149293245,-2.003994965380719
149293246,
149293247,0.6156281727572948
149293248,0.6182949459662872
149309585,
149309588,-1.0599976531256914
149309590,-0.5262858937552721
149309591,0.8328628032088545
149309594,-0.618089221878904
149307191,-3.5004458350715737
149307192,-3.4978026650902585
149307194,-0.011954208718524484
149307196,
149307198,-2.1508908988253523
149307199,-4.325792310804363
149307200,-2.1570543117105068
149297946,-0.19940376554509953
149297947,
149306133,-1.861309982251278
149306134,-0.62309629615077
149306135,-2.5283975999095745
149306136,-1.7158605498197588
149306137,-0.2807967656784882
149306138,-1.2609527243963328
149306139,-2.235043369617948
149306140,-2.10429418360507
149306141,
149306142,-3.025532642608873
149307827,1.2468368602577353
149307828,-7.240559331354542
149307829,
149307830,-0.8260884065259759
149307831,-0.821335976257334
149307832,-7.5453836620416475
149307833,0.4785841472316257
149307834,0.478682100985794
149307835,-0.6866053713298532
149307836,-0.22795871730121675
149309720,
149309722,-0.2665247460565183
149293983,2.819818693759231
149293984,0.359025537067339
149293985,-1.0378365031123735
149293986,
149293987,4.441549994015588
149293988,1.5076672890475606
149293989,0.25354170701291423
149293990,0.6239706936400466
149293991,0.6525879302739099
149293992,-3.8991265973559734
149299187,-0.8496410862090329
149299188,
149308382,4.31450257559563
149308383,2.1774111517512535
149308384,3.3022939782756495
149308386,5.112812043024631
149308387,2.8873667257530373
149308388,4.655749853140501
149308389,3.489092658534868
149308390,3.180908176863918
149308391,
149300479,-2.2688534041447923
149300480,-3.6176266034154594
149300481,-1.7236744235736694
149300482,-3.7127752493124433
149300483,-5.35986224661184
149300484,-6.459562039153411
149300485,-2.489903589395311
149300486,
149300487,-3.684923860091317
149300488,-0.7305599916443981
149292317,-0.4714648077500385
149292318,-0.4719192655286122
149292319,
149292320,-2.3366627147641026
149292321,-2.3351441749671125
149292322,-2.253442409628164
149292323,1.9590616146298174
149292324,-0.08519935530374312
149292325,-1.9815523802107151
149292326,-2.212623344997141
149293193,
149293194,-0.16608292449909712
149293195,-0.7051313562597237
149293196,0.5584129427134101
149293197,-0.7376865368644481
149293198,-2.4340625395650832
149293199,-3.267967333566318
149293200,0.23262908771315693
149293201,1.1435157479344653
149293202,1.2125785252929546
149306198,-1.8416964751119735
149306203,-1.9187866804677753
149306204,-0.9407382406029114
149306205,0.4477923059473312
149306206,0.006919300660626959
149306207,
149293249,
149293250,0.2799479547001127
149293251,-1.6292461062525234
149293252,-1.464751443301509
149293253,-0.0012683623174112313
149293256,-0.2922563067625106
149293257,0.6820319253029083
149293258,1.0852047690653066
149293067,0.7116115535261258
149293068,4.91885330234274
149293069,2.468355408550309
149293070,8.251427484646655
149293071,3.0845990841683033
149293072,0.5085592237587662
149293073,-2.383269979424142
149293074,6.903500388544728
149293075,
149293076,1.9086695044105113
149306408,3.2917027606837514
149306409,4.488588272994498
149306411,2.52502158666724
149306412,0.45971579477300395
149306415,1.2316813614271762
149306416,
149306417,5.6602891473765435
149306466,0.8442596240663969
149306467,0.5322681780906873
149306468,-1.169277726184772
149306469,-0.413175353379744
149306471,
149306472,2.23495985154912
149306473,0.14218214938903007
149306475,-0.7229917400261536
149308705,
149308707,-2.200644666858068
149308708,1.0336329427210131
149308710,-8.368828783032072
149308711,-3.820370192731758
149308712,-1.5430779737241807
149308713,-5.444067390022568
149308714,-7.88471661595878
149300176,-0.45052898146880693
149300178,3.775668023475589
149300180,-2.514190397073264
149300181,-0.9608194225375257
149300182,3.0637716205914955
149300183,-0.016371029628459155
149300184,
149300185,-3.4988885332841164
149307100,-1.394667207396644
149307101,-2.0201158154323977
149307102,-1.1424169699884246
149307103,-3.9829673725096946
149307104,-3.4766021169652284
149307105,
149307106,-0.4945349631486877
149307107,-5.520914883543718
149307108,-4.838324667448738
149307109,-2.007337989098538
149299014,
149299015,-0.0035700643699385637
149299016,-4.537455288820269
149299017,-0.6548357237891267
149299018,-1.28585658270989
149299019,-1.145543652935757
149299020,-1.0411177727490042
149299021,-1.1592950300695861
149299022,0.6956703993289395
149299023,-1.0304355716204228
149307842,-1.4590933994122763
149307843,-3.131567978021542
149307844,-1.9869583012584529
149307845,-1.0837058114463836
149307846,-3.193180271381087
149307847,
149307848,-0.004676961884684694
149307849,-3.509470461057859
149307850,-1.0965597197793056
149307851,-5.009701157483136
149299383,0.4919154750327266
149299384,-1.016355213301182
149299385,
149299386,-1.3294410929209448
149299387,0.07532712188265123
149299388,-7.169246741826015
149299389,-4.06763018242367
149299390,-0.587009162562282
149299391,-1.0334514630814908
149299392,-0.7977276469581795
149293919,-4.563790666676013
149293920,-1.0286382567839496
149293921,-4.3443898157972285
149293923,-1.2266191930317945
149293924,
149293925,-0.8066491289641391
149293926,-1.6970854122924663
149293927,-5.046819729458974
149293928,-1.5264329700208492
149306418,
149306419,-0.2143741401257273
149306420,-2.622778025250703
149306421,-2.0711066117530095
149306422,-0.7369276355287582
149306423,0.5054808827563377
149306424,-1.6107902548248276
149306425,-3.1443680151595785
149306426,-2.2467643823674095
149306427,-2.502174620834957
149294207,1.3071336225105838
149294209,1.4174582646154619
149294210,0.10710905734552512
149294211,-1.6051927448172165
149294213,-1.1267395876490909
149294214,
149294215,-2.9546715033552218
149294216,-6.498111959346758
149306607,
149306608,-0.004364814780032589
149306609,-0.513162536849336
149306610,-0.5063274027182061
149306611,-1.063380189898787
149306612,-0.5621706676045264
149307627,-0.6450996822723685
149307628,-0.6520437576308487
149307630,
149307631,-1.453691517108922
149307632,-1.4284837816039255
149307633,0.0011170108517779553
149307634,-1.3427564784154171
149307635,-1.3506144688727968
149307636,-0.9237449849621147
149306506,
149306507,0.00428723421231858
149306508,-2.355918498152011
149306509,-2.3782855989111713
149306510,0.2461035061815764
149306511,-0.821562867087982
149306512,-0.5531679650250716
149306513,-0.556692669281075
149306514,0.18156769944229367
149306515,0.06845589180184675
149294069,-1.7864015607045793
149294071,-2.2310550189998715
149294072,
149294073,1.0160621105849401
149294074,-1.7886031648378768
149294075,-0.2939906062051314
149294076,3.5308168352332565
149294077,7.348909393862101
149293313,3.5973567536451867
149293314,3.3491988814733133
149293315,0.8419091327257036
149293316,-0.7993670533933539
149293317,-1.4133779728393279
149293318,1.1122182530913705
149293319,
149293320,1.5207627085477924
149293321,2.2067180994301054
149293322,0.8665968846042631
149294297,0.0012695328016150143
149294298,
149294299,-2.345093251051793
149294300,-2.336851993224485
149294301,-5.761199821944075
149294302,-12.185794758747022
149294303,-0.3324916687639927
149292405,-1.4718573995103554
149292406,
149292407,-0.001575758359948054
149292408,-0.8856516725087147
149292409,-0.8886744594395708
149292410,0.20050854216256653
149292411,0.19477689113540464
149292412,-1.271913123751844
149292413,2.5116416081458084
149292414,2.5108201554467655
149300287,-1.2796723283986662
149300288,-2.7326140447078195
149300289,-3.1106053559370235
149300290,-0.8523972878789117
149300291,-2.06235847287045
149300292,-0.5058573266198794
149300295,
149300296,-1.6634041879076804
149299430,-2.4367901667629894
149299431,-2.7085901380536086
149299432,
149299433,-1.457980523314319
149299434,-4.0436274613213925
149299435,-7.210446512557297
149299436,-0.23708890449191244
149299437,-1.91887528619921
149299438,1.9062726344001248
149292833,
149292834,1.4847518024217337
149293014,0.10940513822705356
149293015,0.2071041496481385
149293017,-0.2438390132829511
149293018,1.1013006111093269
149293019,1.320941017120088
149293020,1.40679095080894
149293021,
149293022,-1.371104457606073
149293023,-0.20360865993180255
149292616,0.9656907463183018
149292617,2.627139948828159
149292618,-0.5928663293627778
149292619,-1.1125336563106174
149292620,1.2120654172235987
149292621,
149292622,-1.27415876185961
149292623,1.6738292106494441
149292624,2.928119306033693
149292625,-0.1566492209546908
149294174,-1.542918235671074
149294175,0.20914769668531008
149294176,-4.323746654338539
149294177,-4.479166207709685
149294178,-1.3958599297782008
149294179,-0.3436761876733101
149294180,-2.2866674093055437
149294181,-2.2378682894729565
149294182,0.7939512478849977
149294183,
149292522,
149292523,-0.4023016338334173
149292524,-3.313367856177848
149292525,-0.8001068788696557
149292526,-5.952856230456092
149292527,-3.366476624523216
149292528,-0.2663727868592787
149292529,-6.308834712480689
149292530,-6.222537561068634
149292531,-6.376711893628453
149294031,-2.14312831085347
149294032,-1.9830000706218769
149294033,1.0407730627885243
149294034,-3.150132949793253
149294035,-2.1188757760496344
149294036,-3.687381411635137
149294037,
149294038,-3.9030856611448996
149294039,-4.342987467397506
149294040,-3.5089837452960566
149293712,
149293713,-0.0006895417047871888
149298250,-0.12226113403288252
149298251,
149298252,0.13896871849743775
149298254,2.386147952226608
149298255,2.3859253416116815
149298256,2.248918914715901
149298257,2.249114255863944
149298258,-0.08034044880916724
149298259,-0.0863469937541339
149299225,-3.533113060959118
149299228,
149299888,-0.4070620158508771
149299891,
149293417,-0.09197056311992924
149293418,
149293419,0.1431114288701565
149293420,0.00025390286757343006
149293421,3.0338801993150923
149293422,3.0339772512637495
149306496,-4.543465738567374
149306497,-4.5555980894507755
149306498,-4.926738418888963
149306499,-4.8222948538432036
149306500,-1.4101113780901784
149306503,-4.735992496888038
149306504,-1.4381192232914408
149306505,
149308460,-2.3954975629897852
149308463,-2.3923500050900692
149308464,-3.5207349155877203
149308465,0.006547437970610304
149308467,-0.10380662325309231
149308468,-3.521260072805706
149308469,
149307469,
149307470,-0.9874138100150638
149309315,-0.00464370823757676
149309316,
149308543,0.1434020690490243
149308544,-0.2963711438025243
149308545,
149308546,-2.0047919255065167
149308547,-0.06228292277135239
149308548,-1.7944225609598305
149308549,-0.5406115993744081
149308550,0.1440463963047094
149308551,-0.6426357601799424
149292153,0.8536776119189575
149292154,-0.05535524891437493
149292155,-0.05635002277109624
149292156,
149292157,-0.0014656274446069872
149292158,-0.20853934231516114
149292159,-0.6130468952593677
149292160,0.8680603364323982
149292162,1.116370096028219
149299573,-6.776596180202432e-05
149299574,
149307852,
149307854,1.145724250890492
149306630,-3.2481796870806683
149306631,-3.248606795612421
149306633,-2.178816830835764
149306634,
149309242,-3.8865468618652415
149309243,-1.2551737008579948
149309245,
149309247,-5.593633852429264
149309248,-2.738905897474268
149309250,-4.226436941174001
149297361,-3.8453990828347706
149297362,-3.2650054757110745
149297363,-5.886536456116421
149297364,-2.1209158905282592
149297365,0.7776922476822676
149297366,-0.5181020361980266
149297367,2.1678724500104103
149297368,
149297369,1.9115790314828232
149307989,-2.067370090346103
149307990,-4.102765921650464
149307991,-2.0645392942395775
149307994,-0.004663167507053978
149307997,
149298527,0.3483543998915195
149298528,-1.1507236475852665
149298529,-0.1250671838260473
149298530,-0.5342507096941063
149298531,-1.1355145095703278
149298532,0.45530216033961324
149298533,0.45810513163723954
149298534,-0.37422689806015796
149298535,-0.3694636050920792
149298536,
149307549,-0.8378843857415994
149307550,-0.8492429432173942
149307551,
149307555,0.5894765273323195
149307556,0.5860250712563122
149307557,-0.3037419054640189
149307558,0.34076305954370767
149307946,-3.1138873135817704
149307947,-3.118452694264363
149307948,-4.282883186117431
149307949,-4.280342905012006
149307950,-3.8386759635076686
149307951,-3.8329803228752723
149307952,-1.15781215577762
149307953,-1.1676305703743282
149307954,0.003334443041637769
149307955,
149294151,-1.055188126275608
149294152,-2.6910819313272256
149294153,
149298212,-3.816130441817556
149298213,
149299256,0.0684379927990193
149299257,2.9139143867650716
149299258,0.770336934087581
149299259,0.8417725211206744
149299260,-1.7776569933096056
149299261,
149299262,-1.3543858470367667
149308628,0.8629315894996239
149308629,0.8628219623554259
149308630,
149308631,0.008900369871525982
149308635,3.491027194944806
149308636,3.4902731299482213
149306605,-0.0022823806202296737
149306606,
149300014,
149300015,-1.011025235386228
149300017,1.6555338797585648
149299578,-0.7790686173073418
149299579,0.41541878765899654
149299581,
149307956,
149307957,-1.7725985172097545
149300078,-0.2822848638732296
149300079,
149298500,-4.570786607756581
149298502,-4.5644717465264435
149298503,-3.374136616299637
149298504,-4.942274628620414
149298506,-3.3790882919464735
149298507,-9.967146639696761
149298508,-4.942841494619806
149298509,
149299550,-4.884518483363948
149299551,-2.3314043444783223
149299554,-3.430510549549169
149299556,-5.2442004854719215
149299559,
149294021,-3.052282548955361
149294022,-2.3045678139855
149294023,
149294024,-4.711635974449052
149294025,-5.534044625628326
149294027,-2.4183549180648356
149294028,-3.364904570133831
149294029,-2.377472389840875
149294030,-5.600644603943579
149299483,-0.2657451943716751
149299484,-0.2055885919886009
149299485,-0.10959446759341063
149299486,-0.0007220966929253336
149299487,-0.08196820678148242
149299488,
149299489,-0.26567305715786915
149299490,-0.20522215991451276
149299491,0.596118935770221
149299492,0.5987009785957298
149306835,-0.05472652848180459
149306838,-0.003738834990470785
149306839,
149306840,-0.6911339497149545
149306841,-0.6862873902129145
149306842,1.8776589079969046
149306843,0.6330225630907105
149306844,-0.002340446875074065
149292899,0.11391440340875647
149292900,
149292902,-0.5467255185157143
149292903,-0.26494490531279524
149292904,0.5564310921041837
149292905,-2.138594321835498
149292906,0.9778635422145641
149292907,-0.3059019968581538
149292908,-0.09736849205485498
149300559,-0.027728854805900482
149300560,0.28857926664733213
149300561,
149300562,1.2834005529732053
149299761,-0.6682076844165863
149299762,
149308057,0.343083338091386
149308058,
149308059,0.0002173171569346266
149308060,0.3453574827674295
149308061,-4.166855375321298
149308062,-3.9612012900165716
149308063,-3.7213516527667885
149308157,-4.000067394241288
149308158,-0.3550024033487027
149308159,0.0038911327140738194
149308252,-2.0992299980238442
149308253,-2.2420327798731137
149308255,
149308256,-6.511567472825433
149308257,-8.787908863257641
149308258,-0.7029035396628132
149308259,-0.07941636469298885
149308260,-4.516743570796272
149308261,-1.0318743825046113
149299288,-3.447292441046102
149299289,
149299292,-0.6135829563633166
149299293,-2.1428823293259995
149306121,1.4535957537183606
149306122,
149306124,-11.735859177969587
149306125,0.425960196087658
149306126,-2.774621528977576
149306128,1.1657298440785269
149306129,-1.1331337175413694
149306130,1.4080866581205385
149297514,
149297515,-9.141434393795123
149297516,1.8989831272564004
149297517,-6.042710016079582
149297518,-6.221945913472496
149297519,-0.4500706711034468
149297520,1.1563022488971058
149297521,-6.1668887341455445
149297522,-3.9925976646236165
149297523,-7.742213839022639
149307055,-0.6969734626109201
149307058,-2.359868978263698
149307059,-1.9798300604003458
149307061,-0.027630111042135752
149307062,0.23737109731378325
149307063,
149307315,-10.482687334669947
149307316,-9.606204202780276
149307317,-0.43184667306306324
149307318,-11.611198377467616
149307319,
149307320,0.6106700757340491
149297778,-0.7004712440364642
149297779,-0.7037682404519501
149297780,-0.5343786263319146
149297781,-0.554796168734697
149297782,-1.2874325530896442
149297783,
149297784,-1.1765081814216956
149297785,-1.1778535414652538
149297786,-0.22432172439417286
149297787,-0.7862275819461217
149297948,
149297949,-0.0002678886704075012
149297371,0.7128401972601921
149297373,2.3828593696357387
149297374,2.7491827977504215
149297378,
149297379,1.9165283018387882
149297380,4.974348671150736
149292713,3.538011194828073
149292714,0.7714725993384377
149292715,3.0420101346172714
149292716,3.0772503282175308
149292717,
149292718,2.7171100357954856
149292719,0.4431760349750675
149292720,0.08835212275272397
149292721,4.848787710757733
149292722,4.288657371648355
149294138,0.19437870823843184
149294139,0.01583095393462486
149294140,-0.3370720246494159
149294141,
149294142,0.28775348769059406
149294143,1.7103266827869419
149294145,0.3409616526972741
149294147,-0.7461760969410705
149307885,-2.6707849835669633
149307886,-2.574309685024604
149307888,-1.2031557750583408
149307889,-0.7864478704345801
149307890,-1.1764213995171753
149307891,-0.9123820966403396
149307892,
149307211,-1.5533940931994437
149307212,-1.7096824572239555
149307213,-0.2972142754669491
149307214,
149306793,
149306794,0.2549052956780571
149306795,0.5132349894562935
149306796,0.37932038832387605
149306797,-0.8376746363643477
149306798,-0.7272170987878539
149306799,-0.8795090470613829
149306800,-0.8755206305260046
149306801,-0.46820915840089583
149306802,-0.357351364630226
149307121,0.7300578870449401
149307122,1.1475180295620948
149307123,1.4403687468370312
149307126,0.07229102769863704
149307127,2.4585756473387685
149307129,1.6019945292062512
149307130,
149293889,-6.346376096689735
149293890,-3.288459799688031
149293891,-0.5492655227777128
149293892,-1.0125410777027941
149293893,1.4256365202503947
149293894,
149293895,-3.2106538693879028
149293896,-0.7984304150777017
149293897,-1.9276530657207331
149293898,-2.2439477086085393
149293935,-2.5858726905248233
149293936,-3.6789313530708547
149293938,-0.3303645523391303
149293939,-2.1585891297576154
149293940,
149293941,-0.2995356825948896
149293942,-1.6834742496405024
149293943,0.21998461517346968
149293944,-0.4400147989394174
149299393,-0.8176936808436892
149299395,0.4902800613620002
149299397,1.2095588616569444
149299399,
149308242,
149308243,-2.5359594998159523
149308244,-0.5250790539815853
149308246,-0.3826198422677507
149308248,-3.1327378599902715
149308250,-4.818165320824171
149308251,-5.318728066555337
149293343,0.5670370083126528
149293344,0.7322194819590635
149293345,-0.6831224288295914
149293346,-1.8916605149555608
149293347,-0.07591938547351162
149293348,0.15270637849052093
149293349,0.662685273774045
149293350,1.0940457775325996
149293351,-1.3343930948584415
149293352,
149306188,0.6446005508340331
149306190,-2.0125897527765932
149306191,-3.284224737742707
149306192,-4.386297502807442
149306193,0.040762125543704286
149306194,-0.8397922246934879
149306195,-1.4540278736729864
149306196,-2.854597838024497
149306197,
149300598,-1.268466491931136
149300599,
149300600,0.009881290798645637
149300601,-1.45707445332296
149300602,-0.7687287888224859
149300603,-1.162532223858534
149300604,-1.1588099226441244
149300605,-0.31662606451206443
149300606,-1.4642920135804474
149300607,-1.395600280620286
149298521,-2.063454806997168
149298522,
149293026,-0.6281708548968652
149293027,
149293028,0.033147109096120175
149293029,0.5959580841630441
149293030,1.0899063634524992
149293031,1.6618163048752592
149293032,3.4393688008621837
149293033,2.7837714481994595
149293034,4.188960070619686
149293035,0.8613530395326876
149294237,
149294238,0.22068488057809788
149294240,-1.0335157204263155
149294241,-0.0456947964727803
149294242,0.7446067417034143
149294243,-2.464662012973889
149294244,-2.20558556666424
149294245,-0.018892573018540304
149294246,2.2849146328081247
149294102,-0.0729362968578755
149294103,0.020996837903481946
149294104,-2.033347902742122
149294105,1.3201005165909976
149294106,
149294108,2.1239686374663336
149294109,2.0776823767721027
149294110,-1.9429200572632226
149294111,-1.008169740216573
149292645,-1.6609523083608337
149292646,-6.700962879520603
149292647,-5.639201631411424
149292648,-6.693359826018593
149292649,1.5047573115844557
149292650,1.4787576417675155
149292651,-2.3007052622186848
149292652,-6.81269862573032
149292653,-6.829690203877476
149292654,
149298424,
149298425,-4.690158092458816
149298426,-2.3331743057854197
149307331,-1.8928688415693138
149307332,-1.8344448099561754
149307333,
149307334,-1.8342933286723193
149307335,-2.7683953365656677
149307337,-2.8583366545976525
149307338,-0.6327714537892275
149293659,
149293660,1.580501756308763
149293661,0.15977518288207193
149293662,3.398521487756966
149293663,-1.149675575098854
149293664,1.1428962046643392
149293665,0.39269839599876377
149293667,0.6912887696479402
149293668,-0.05346419575460004
149292752,-2.294100733463523
149292753,-1.9668976853004239
149292754,-2.3404636470180264
149292755,0.40157740355154203
149292756,-1.8822439607020556
149292757,-0.9046252359636213
149292758,
149292759,1.021484257763106
149292760,-2.371342274037744
149292761,1.84415878626303
149292539,-0.011579810789385192
149292540,-4.3324980159896995
149292541,-1.1376530709607948
149292542,-1.466976800584547
149292543,-4.825561971964589
149292544,
149292545,-0.5519582226172304
149292546,-3.1638897432544013
149292547,-6.842732476563924
149292548,-1.3295976047117222
149291740,-2.9796041558130826
149291742,-4.179579432533846
149291743,-3.0759957652549725
149291745,-3.435510900085011
149291746,-0.7466602870131975
149291747,
149291748,-6.48861357416158
149291749,-3.0686068600970704
149292772,-1.5677618282926886
149292773,1.500281306460657
149292775,-2.9180464577477423
149292776,-2.4840667959811995
149292777,
149292778,-1.821092571647867
149292779,-1.1201718816889894
149292780,-0.039684285390791274
149292781,-3.4213579607267945
149294314,
149294315,-0.2567348923653867
149294316,0.8700701728147635
149294317,3.5918525667202346
149294318,4.254804488998616
149294319,2.5074756849998323
149294320,3.6174434340873347
149294321,4.942126941900256
149294322,0.8728924709853061
149292559,-0.6413926079502801
149292560,-4.851623884288699
149292561,-4.0376553860162545
149292562,1.0513476503715538
149292563,-0.22927939349730764
149292564,-1.7895343744569203
149292565,1.9328537312386231
149292566,-2.8583644254481726
149292567,-4.966981056874843
149292568,
149300435,
149300436,-5.540736266471509
149300437,-0.08442471646167338
149300438,-0.08373825201993323
149300439,-5.412116252416579
149306876,
149306879,1.3322866306746217
149306880,0.7587526304816663
149306635,
149306637,-0.07074031346843945
149308470,0.6220822661541474
149308471,0.49342914738014043
149308472,-1.8852882082565143
149308473,2.095755745298105
149308474,-0.26354483678619456
149308475,-1.801458208460124
149308476,0.3945906661016545
149308477,
149300310,0.7355562954454125
149300311,-3.53815031339101
149300312,
149309274,-0.06721091773681565
149309276,
149309277,0.08014442500163454
149309279,1.187051859610591
149307537,
149307538,-0.01734404330229644
149309541,-2.207330901388712
149309543,
149309544,-1.994102559510189
149308997,
149308999,-0.002811046083934343
149309728,
149309729,-1.9094598299539705
149309735,-0.0029040491495031517
149309736,
149309737,2.111004323769208
149309738,-2.733468839325475
149307968,
149307969,-0.3402143670792803
149307970,-1.8054789398759539
149307971,-5.141847169558375
149307972,-2.2456653077746864
149307973,-2.231679199800201
149307974,-5.13577079516709
149307977,-1.8541533015421194
149293879,-0.9969053376594132
149293881,0.7571116468760408
149293882,
149293883,-0.006118217236995349
149293884,-1.0019836712168768
149293887,1.9140902100720965
149293888,-2.8387143303833895
149298308,-0.3841253532577742
149298309,-0.9838398386117273
149298310,-3.3296582373525574
149298312,0.1862460640055037
149298313,-5.301109301266836
149298314,-1.2079094671682764
149298315,-2.236648843718731
149298316,
149298317,-1.185507646912038
149309857,
149309858,-1.2855869019246668
149307637,-3.6892847451335617
149307638,-3.6848673803452163
149307640,
149307641,0.0037523743212588556
149307643,-4.230782304521073
149307644,-4.190168288714413
149307645,-0.027121608966220734
149307646,0.056825430081207884
149298956,-0.29090648901723526
149298957,-0.14053816165683486
149298958,-0.14230639727385963
149298959,-0.26220465433074835
149298960,-0.7874052319283571
149298961,0.29350282774638004
149298963,
149298964,0.29890780482415735
149298965,-0.06803095269971493
149298778,-2.449216285235572
149298779,0.0009857974170941475
149298780,
149298781,-4.148517379165753
149298782,-2.4354086510023407
149298783,-1.3960788350415356
149298784,-1.418177933862431
149293281,-1.0753728405348113
149293282,
149306268,-2.3501863719023675
149306269,-2.5047904431098686
149306270,
149306271,-0.0592795227809404
149306272,-4.411965589950896
149306273,-3.9110559872157893
149306274,-5.630311646017503
149306275,-5.983436261894411
149306276,-2.636384204094867
149306277,-2.1135488212700437
149298318,-10.027607600084039
149298319,
149298320,1.8779783668909147
149298321,-6.792508862897677
149298322,-4.586502299914969
149298323,-9.465310022223491
149298324,-0.9283871607912886
149298325,-4.6743755184338625
149298326,-3.4685649641869674
149298327,2.9126772573044093
149308170,-4.9989776068413665
149308171,-4.022735517879125
149308172,-1.376597841613103
149308173,-4.257633121102808
149308174,3.460407829797143
149308175,1.5065672556817242
149308176,
149308177,-1.8765374642296955
149308178,-1.7551216593114205
149308179,0.1104017515296647
149297879,
149297880,0.016284797652529548
149297881,-1.6821740369992941
149297882,-2.118262114334472
149297884,-1.525338414975808
149306957,
149306961,-3.287448147942209
149306962,0.48291576339527253
149306963,0.025055249569197358
149306965,-3.391113843981337
149306966,-1.9505719111065183
149307495,
149307496,-10.612266325261935
149307497,-9.629762293624248
149307499,-5.351612684390783
149307500,0.007895949940809999
149307501,-2.272081391783665
149307503,-3.7503457834321665
149307504,-3.7524890131791544
149292596,5.4413235284920916
149292597,5.122365054931279
149292598,4.905592376373846
149292599,
149292600,1.9094956894289368
149292601,4.5462392840257735
149292602,2.992846123281467
149292603,7.1334939091509995
149292604,-0.9988375449890583
149292605,7.917036224826802
149307804,
149307805,-2.690647251181499
149291905,
149291906,-14.656196836675093
149291907,-23.45762971951774
149291908,-27.523846548288503
149306983,
149306984,-1.3746400539813948
149306987,-4.122900120631677
149306988,-1.4347745267707808
149306989,0.006135468106791109
149306990,-1.4359351929455002
149306991,-4.12358606845288
149306845,
149306846,-0.6378045750442105
149309810,0.2619762197183988
149309811,-1.769847095280845
149309813,-3.312058090488044
149309814,1.1597473162271257
149309815,
149309816,-1.9678927619330082
149309817,0.817045975424719
149309818,-0.12557224837047443
149309819,-1.229681221717449
149299314,0.3652816989237806
149299317,
149299319,-8.67990503336344
149299320,0.0009415846674301065
149299322,-8.670680893507466
149297546,0.10347549036638526
149297549,0.09499520907555592
149297551,
149297552,-0.22642127053596894
149297553,-0.09188710605245731
149291681,2.767363740137476
149291682,
149309491,
149309492,-0.13050985995203135
149309493,-0.11699159968154405
149309494,-1.470834675181223
149309495,-1.4732191774995016
149309496,-1.7975609998187263
149309497,-1.2152259632689066
149309498,0.4047246912617286
149309499,-2.91148068632255
149309500,-3.14294933322288
149297739,0.09513713186800943
149297740,-0.12739038024649219
149297741,
149297743,-0.8631732742414293
149297744,-0.6338432163804448
149307755,-7.90677487824189
149307756,-7.911888691577872
149307757,-7.930341633974848
149307758,0.00597213685662723
149307759,-7.076332325357669
149307760,
149307761,-7.015420767019265
149307762,-6.994895786490218
149307763,-4.344149566063578
149307764,-4.1633958308760555
149307916,-3.670174173968519
149307917,-3.6298014539154337
149307918,-2.77899518666743
149307919,-2.7122028749602975
149307920,0.09024195765027798
149307921,-2.77141747779217
149307922,-2.7097306872546767
149307923,
149307924,0.0015075039384839783
149307925,0.08100704762733812
149309488,
149309489,-0.06830944032029329
149309490,-0.8631236549145864
149292274,-3.43282389722836
149292276,1.5661719596673862
149292277,-3.063902313903526
149292279,-4.137170329592621
149292280,0.16438244531809687
149292281,-0.4577075881968966
149292283,
149294082,-0.28526217444952806
149294083,1.305160075873161
149294084,-1.4368636484517623
149294085,0.19503773235427957
149294086,-1.3208925342992472
149294087,1.4039024583011184
149294088,-0.31464026856170335
149294090,
149294091,-0.2425137143697782
149306967,-2.0406284520127826
149306968,-3.8545878558512996
149306969,-2.5442612223430174
149306970,-4.60871473964044
149306971,-5.074408020497273
149306972,-3.3526033483878095
149306973,-0.3582624986676777
149306974,
149306975,-3.035638672482314
149306976,-1.5460693936201082
149292639,-0.004304101131054949
149292640,2.260217713736708
149292641,2.252319372597526
149292642,
149292644,-0.023376810745929788
149293770,
149293771,-4.155532779364562
149293772,-1.8086093096625229
149292688,-0.12424251438698519
149292690,-2.847025311129471
149292691,0.5128067510077123
149292692,0.6391124816157969
149292693,-0.12543512376252153
149292694,-1.887111083768918
149292696,-0.46034310517482524
149292697,
149291719,-18.460394771518857
149291720,-18.90310443400011
149291722,-18.508813547624467
149291723,-0.1410437456179352
149291724,
149291726,-18.877504307713103
149291727,-20.909904256337988
149291728,-21.483790898061287
149293381,-0.19846619556951595
149293382,-7.667340757502849
149293383,
149309108,
149309109,-3.0724803917780434
149309111,-0.9574806743986244
149309112,1.3179240954279976
149309113,-0.7515614625355056
149309114,-3.7684096682909285
149309115,-4.266953661127076
149309116,-4.023182770767676
149309117,-4.521343221835878
149298994,2.454001252684151
149298996,
149298997,1.2193527608892651
149298998,1.8873351342819902
149299000,0.9661542864873169
149299001,1.2004290918881466
149299002,0.35530032660493305
149299003,-2.318787099584817
149293229,-0.016208915680664404
149293231,1.0046137379531501
149293232,0.9025130570844055
149293233,-1.507485563788265
149293235,-1.8054868247056106
149293236,
149293237,0.4941463918609088
149293238,0.5120047956403937
149292163,-0.021679598910679942
149292164,
149292165,-2.086196005718705
149292167,-0.2107467274028636
149292168,-0.03957597778273225
149292169,0.5769795715211785
149292172,0.7257563169326033
149307131,-3.1372412604339246
149307132,-0.7213561226604384
149307134,-2.3770006429220842
149307135,-1.2442745855391166
149307136,-3.1364454635772887
149307137,
149307138,-2.1592039628707482
149307139,-2.619750275102163
149307140,-3.4622500715981346
149297312,
149297313,0.5951620850314256
149297314,0.594764006109898
149297315,1.819549843374233
149297316,2.0075979245905984
149297317,3.3014258157935465
149297318,1.480738956435637
149297319,1.470815630878782
149297320,2.7246029400123355
149308413,-0.6872602809780375
149308417,-0.9763599044848554
149308418,-0.2754577554597155
149308419,-0.5523745065368715
149308420,-0.5561098178951518
149308421,
149292475,1.5463308286573891
149292476,-1.6103043616765262
149292477,
149307474,-4.427183946489012
149307476,-4.503169864021498
149307477,-4.524959314519314
149307479,-4.5255322939833516
149307481,
149307482,-4.724451786256284
149307483,-0.6204312960401954
149306363,1.9674776403758472
149306364,-2.262255895434066
149306365,-0.256019775940473
149306366,-0.9650984611677984
149306367,0.5764478679109004
149306368,-3.6501927535758796
149306369,
149306370,-1.5645765314782523
149306371,-1.731664990707884
149306372,1.6055920827680836
149291450,0.0006362989230837002
149291451,
149291452,0.10063971223273604
149297625,-6.087247799484736
149297626,-4.260766535034648
149297627,-5.087972433798207
149297628,-5.595024851712388
149297629,-6.157935776032048
149297630,-5.494619745227354
149297631,-6.04795939883374
149297632,-3.4106440841198733
149297633,-4.2672505744548275
149297634,
149297895,-2.9490350224307775
149297896,-0.6656128875964669
149297897,-3.7572439993168985
149297898,-4.148800069312486
149297899,-3.898378362406092
149297900,-3.726054081370833
149297901,1.9572473324240605
149297902,-3.9088531660627837
149297903,1.8224738397645552
149297904,
149291477,
149291478,0.9389678017009473
149291479,1.5094395123935165
149294154,-0.00030175405892407525
149294155,-4.657071316707373
149294156,
149294157,0.0706681272257299
149294158,0.08373406061789979
149294159,-2.791494656319429
149294160,0.6915626806330266
149294161,-2.8514494584009924
149294162,-3.804803625780579
149294163,-3.47232790924069
149308845,0.4900566542710152
149308846,0.22092014774914048
149308847,0.18437100629131464
149308848,-0.17130854387825423
149308849,0.014328074024362536
149308850,0.12208842910008855
149308851,
149308852,-0.4436676799448662
149308853,0.21394118281436647
149308854,0.322479153074994
149306825,
149306826,-1.0988278118575856
149306827,-5.31497653773669
149306828,-1.7195904710048868
149306829,0.04363506209234558
149306830,-3.8510322867521083
149306831,-1.4798056258529115
149306832,-6.765898370639464
149306833,-3.1936565707053575
149306834,-2.7775663489572935
149293473,-11.874144167128577
149293474,-11.019130092633532
149293475,-4.902368895547625
149293476,-8.253739440777167
149293478,-11.203519424489173
149293479,-7.5971838705159485
149293481,
149293482,-2.850178323979435
149291965,-0.09796704563678404
149291966,-0.6735458024502712
149291967,-0.8980292510921866
149291968,-2.462957663795571
149291969,-1.5852190975487928
149291970,
149291971,-2.6111527176877383
149291972,-0.2758131712193648
149291973,-1.9667226280229164
149291974,0.8379309924583218
149291923,-1.1872212597058858
149291924,-1.185739351263064
149291925,-1.4114051649059272
149291926,-1.3738149519349134
149291927,-1.104267378691678
149291928,-0.21685132026085618
149291929,0.9542915606824864
149291930,-1.6186834908341807
149291931,
149291932,2.469977358886899
149292727,1.0536282382720756
149292728,2.5204376684803194
149292729,-0.45480111537587575
149292730,3.57157219961935
149292731,-0.8079136231322899
149292732,2.8877276133949863
149292733,0.6253929142232408
149292734,3.5605736771481347
149292735,
149292736,0.6183785243491791
149291709,0.03292469194138281
149291710,0.2873390766930184
149291711,-0.107685941248028
149291712,-0.15205923232224894
149291713,-0.1697349212388346
149291714,0.1166043187103627
149291715,0.6939507979600306
149291716,-0.2941565839359681
149291717,
149291718,0.15315651168081157
149291594,-0.9243893400619783
149291595,-0.9509921494241667
149291596,
149291597,0.7737972189550959
149291598,-0.9496239969392377
149291599,0.9631904489631822
149291600,1.2070853822417078
149291601,1.2645614653172785
149291602,-1.2802257902420564
149291603,1.9749872778170996
149291660,-4.967312782780937
149291661,-4.979202423972978
149291662,-1.9532212939347033
149291663,
149291640,-0.23821990123123982
149291641,
149291642,-0.25604528296178586
149291643,1.9252650397182407
149291644,0.7760948991455905
149291645,-0.6349171213928457
149291646,-0.23192488854854076
149291647,-0.5996344665089879
149291648,1.4285322838005143
149291649,0.010370241699909855
149293515,-0.5501432216372564
149293516,5.471427685347919
149293517,0.6460524415945201
149293518,3.9647296718157463
149293519,2.3429031345256135
149293520,3.942979235748055
149293521,7.4420146744062095
149293522,3.722036909468443
149293523,
149293524,4.968792488634108
149293909,1.3353814675812714
149293910,
149293911,3.9363472813332976
149293912,-2.463570008720133
149293913,4.131060690081583
149293914,2.2613555167905375
149293915,-0.8084640959813072
149293916,6.299940763336334
149293917,4.63116014750031
149293918,2.699152814766954
149299420,-8.074722034819075
149299421,-6.9141552817723095
149299422,-6.516043462422175
149299423,-6.188337799061088
149299424,-5.479029596664731
149299425,-6.440522887533064
149299426,-4.873173202526516
149299427,-6.798681285761347
149299428,-5.4139206813209455
149299429,
149292376,-7.4914284947466285
149292377,1.3456828238809067
149292378,-6.098515262974047
149292379,-6.1239116990697084
149292380,1.3564632080857564
149292383,-0.9237894318805502
149292384,-0.4084690063911012
149292385,
149293737,
149293738,11.006201255499263
149293739,4.122995453504473
149309595,-2.182804532554549
149309597,
149306325,2.122785054564104
149306326,2.1185685120815734
149306327,0.039919910401482905
149306328,0.03987589048280804
149306329,
149306330,-0.009006125240377527
149306333,-0.3475097719237976
149306334,-0.34443122902703166
149308347,-5.505320192117267
149308348,-4.024553804704446
149308349,-3.9831998382817915
149308350,-3.200306565363171
149308352,-0.7595657451103079
149308353,-2.033484479262775
149308354,
149308355,-2.0042975083887242
149308356,-3.467652725735192
149297414,1.9669093635586492
149297415,1.972446034442683
149297416,3.1240741409311497
149297417,
149297420,3.3668705372000076
149297421,5.08040601676197
149297423,3.3650136107774458
149298929,0.605898155765459
149298930,-0.1319070324035465
149298931,-1.01107998225379
149298932,
149298935,-0.440251772415742
149298805,0.0010435743489143334
149298806,
149298808,0.3809734044672144
149298814,0.3737325510656948
149293776,0.1549686366183778
149293777,0.143991063378194
149293778,-0.6591096615764087
149293779,0.6278882989806647
149293780,0.6096831160274085
149293781,
149293782,1.976980358126335
149293783,0.002954588219691523
149293785,-1.2416030517549386
149306248,
149306249,0.16135606774480493
149306254,1.5386159625840037
149306255,1.5166588324086945
149306256,-1.4464589322482766
149306257,-1.3285917216247185
149293806,1.256063058390673
149293807,1.2516750518961572
149293809,0.46266720948327134
149293810,3.482648282980101
149293811,3.4848894922804092
149293813,0.0055934651654041545
149293814,2.866117002192624
149293815,
149300462,
149300463,-0.5366868381721446
149300465,-0.06734301180830471
149300468,1.893185723958183
149300469,-0.07592710133265257
149300470,-0.5381282181253084
149299560,
149299561,-1.1995573466447524
149291730,-0.024812069790442592
149291732,1.5935470727081373
149291733,
149291736,1.600301701917786
149291738,3.4551671177773073
149291739,3.4559190576516414
149308642,-4.083503602845823
149308644,-5.890711958151478
149308645,-4.192111117062389
149308648,-3.223449884444129
149308649,
149308650,-0.4195404393869069
149308651,-1.6905866338245374
149298523,-2.1259491880871337
149298524,0.4187503233495704
149298525,-1.9684050381103901
149298526,
149298471,
149298472,0.00373538060269496
149306948,-2.3715359258046718
149306949,-1.6309174355832994
149306951,
149306952,-0.8387730101264523
149306953,-1.8355925386560443
149306652,-0.36742520963615666
149306653,-0.005315903802118216
149306654,-0.3656554693497483
149306655,
149293763,
149293764,3.2319600234048167
149298418,
149298419,-0.0007100819634757727
149299721,
149299722,-1.1743464998004232
149299723,0.839479837262116
149299724,0.7591883016315935
149299729,1.3246349863590128
149299730,-2.0462746670614664
149308654,-3.94086464734373
149308655,-3.000456384658481
149308656,
149293973,0.012587175335625034
149293974,
149293976,-0.49965295974094914
149293977,2.285037558512414
149293978,2.299907272403985
149293979,2.1019930443790997
149293980,2.1022692008681787
149293981,1.7122943081636919
149293982,1.6734427983907523
149297957,
149297958,-1.2259492356345731
149299786,-8.588472778165908
149299787,-10.273566201412052
149299788,
149299791,-13.30906191975177
149299793,-13.634890810034051
149299794,-8.378053737991522
149299795,-7.20412103002927
149299585,-0.6533211995559363
149299586,-0.5124950607192602
149299587,-1.800638081433707
149299588,-1.8170686529187918
149299589,0.4936495839780086
149299590,
149299591,-1.9004073626843834
149299592,-0.8154066142284293
149299593,0.6294013378833405
149299594,-3.0007365799254053
149300392,
149300397,-1.5736997395602685
149299894,
149299895,2.60595638790085
149308782,-2.8696128335490982
149308783,
149308789,-0.8264007017984198
149298936,0.11829512591835645
149298937,
149293155,1.0316910110944448
149293156,-2.1246902932579204
149293157,-0.962493764550608
149293158,-2.521874516278551
149293160,
149293161,-2.4389123151191328
149293163,-3.627503239898502
149293164,-0.004852213731339816
149308423,0.1677025661185283
149308424,-2.147716539666071
149308425,
149308426,-1.218367785397163
149308427,-0.6029682633058151
149308428,-2.2332167989706377
149308429,-2.641741643471697
149308430,-0.05388132881799379
149308431,-1.756692467505225
149308432,-2.397672479777011
149307741,2.4535961880816983
149307743,
149307744,0.39795217279599404
149306623,-2.760663732181797
149306624,-2.1276799838724756
149306626,
149306627,0.1298786986791498
149306628,-3.2119037643550783
149306629,-1.0546562975610456
149306914,-0.9189841785372881
149306915,-0.41420034065282785
149306916,
149306918,-0.5959916555977678
149306919,-0.0017182086401028585
149306920,0.32108529218313286
149306921,0.028758112384110746
149306922,-0.8791152909422237
149306923,0.034004854278547825
149309123,5.052024948853614
149309124,2.1835160979003945
149309125,1.3036009234282062
149309126,2.3044461283276405
149309127,2.9163565833158884
149309128,4.596772207871396
149309129,2.093983367943764
149309130,
149309131,5.292464675373935
149309132,1.993694801330065
149308526,-0.7823184558479284
149308528,-4.061071396684042
149308529,-3.8153008843849534
149308531,-2.521203403568677
149308532,-0.060486890220659006
149308534,-0.02776395122680242
149308749,
149308750,-0.17389485683236217
149308751,-0.6707240490196682
149307485,-5.902761860083007
149307486,
149307489,-5.976421006399292
149307490,-1.6363735317542805
149307491,-0.23964571334875018
149307492,-6.703936965595517
149307493,-7.288501061500764
149307494,-7.228729498386372
149308746,0.2525242923709494
149308747,
149308748,-1.7769546185441638
149299562,-5.872671139212628
149299563,
149299565,-0.6697511414031396
149299568,-5.222585292679241
149299569,-0.48514961859586947
149299571,-3.3473828055165313
149306648,-1.0030357553083569
149306649,-0.9413855389162364
149306650,-0.1351113990619517
149306651,
149308327,-2.1385409450079074
149308328,
149308330,-1.7209929177851286
149308331,0.27835222235122004
149308332,-0.9559225715892161
149308334,0.1102003963291196
149308604,
149308622,-9.65735079110135
149308623,2.456388035378694
149308627,-12.151401484988753
149308660,-1.9015457657886259
149308661,-5.630859681207937
149308662,-9.839968389054242
149294092,-1.614832265164594
149294093,-1.6246014095289212
149294094,-1.6148462243648396
149294095,-1.62494987450863
149294096,
149294097,0.03373158359434569
149294098,-2.894381384876695
149294099,-3.363075633924737
149294100,-2.951057059398579
149294101,-3.0061696629525585
149294128,-0.9165744458352378
149294129,-2.7877990271999664
149294130,-2.079873507032758
149294131,-1.0469175986786183
149294132,-1.1795831175644338
149294133,
149294134,-1.175684725862439
149294136,-3.3862426918446573
149294137,-0.586738647444065
149293323,3.6867471061576396
149293324,1.6069685840218284
149293325,1.03429130918893
149293326,1.3562487225406556
149293327,0.9111176593696371
149293328,-0.7473625619220172
149293329,0.09093089301590851
149293330,2.4341450743107487
149293331,
149293332,5.264777479982911
149299324,-0.8404950160491911
149299325,-0.8985733048853266
149299326,-0.9070156332984709
149299327,
149300588,-2.9033361487289397
149300589,-1.3865003717171618
149300590,-1.3464024465093445
149300592,-0.9025139702090712
149300593,-1.2811814742787817
149300594,-1.352320014818659
149300595,-1.315440017428216
149300596,
149300597,-0.7623480000989105
149298068,-6.293128588569559
149298069,-3.796892649316149
149298070,-4.164886014951577
149298071,
149298072,-6.591195151169643
149298073,-6.310319442032494
149298074,-5.329521647356373
149298075,-2.8119052473006576
149298076,2.423872415920698
149298077,-4.887209279296741
149294013,
149294014,-2.0946926187764774
149294016,0.5201677615068903
149294017,-0.06921224232691259
149294019,-0.261412872510121
149294020,-0.5755775844284301
149292337,-2.332283698442154
149292338,-2.55215401992146
149292339,2.6066593927351676
149292340,1.1795828921344054
149292341,0.04799007584513504
149292342,-0.3441554273762506
149292343,-1.3495959131889492
149292344,-2.0726491746962097
149292345,
149292455,-4.474143084497484
149292456,-4.900369371490029
149292457,
149292458,-1.0978110221909674
149292459,-2.365266534952923
149292460,-2.8553352226844027
149292462,-3.3938570276116877
149292463,-4.917724570877283
149292464,-3.872517142034809
149308372,3.4451707364200663
149308374,
149308376,-1.065112637162156
149308378,-1.8162875112779346
149308379,2.2270510337648926
149308380,3.4396481278862296
149308381,3.2485932341745274
149307426,-2.52095132886895
149307427,-2.521666053001188
149307428,
149292665,-0.09972967143920641
149292666,-4.29999152428833
149292667,-0.10503054723200478
149292668,-4.2960133643989025
149292669,-0.00021918884164051633
149292670,-4.669709305695221
149292671,-2.9836278250461135
149292672,
149292673,-4.687257292820291
149292674,-2.9764245208871927
149298631,
149298632,0.22491592157601303
149298634,-0.9257344862767098
149298635,5.055956166770201
149298636,-2.801726354712372
149298637,-0.5613076917632753
149298638,-0.09975242589320032
149298640,-1.0467565867400026
149291683,-0.9795497097791852
149291684,
149300499,-0.680270056751823
149300501,-0.9146756598261874
149300502,-2.293406625338285
149300503,
149300504,-1.7144699628713624
149300505,-1.621967347001231
149300506,0.9115983849719953
149300507,-2.5560119915207338
149300508,-0.8551225303047616
149292823,-0.9728738081121264
149292824,-0.4634311915276612
149292825,-2.91425476061886
149292826,-1.1884067409030195
149292827,-0.48458272044871364
149292828,-5.639922815968589
149292829,-3.5283457350620893
149292830,-3.4763107852212443
149292831,-3.7828447331937127
149292832,
149293796,-0.34535251148388113
149293797,
149293798,-0.35491297054890936
149293799,0.12774587021634431
149293801,-1.248414234605022
149293802,0.8302336533849939
149293803,0.8356308230229956
149293805,0.11919576036618196
149293440,
149293441,0.7287562091495445
149293442,-0.524567468791453
149293444,1.3697439025629876
149293445,4.157412453157356
149293446,0.004309820760674654
149293447,-1.8050869061170758
149293448,3.4023441799392984
149293449,-1.478200527962752
149299222,
149299223,0.002026552848779062
149299918,-0.0030027897630446887
149299920,
149306977,-3.513124110502016
149306978,1.265984769731407
149306979,-2.9576880194205977
149306981,
149306982,-3.6611067787021305
149300613,0.049665177482609124
149300614,
149297818,0.35104764026301893
149297819,2.60854997688827
149297820,
149293826,1.1690425309403452
149293827,0.13308640145145745
149293828,0.0004117299836465804
149293829,1.1854315323306253
149293830,0.8587331719721192
149293831,
149293832,1.156988426902096
149293833,0.24685024152509527
149293834,1.1527141262455416
149293835,0.8021405587246591
149298367,-0.03436777663280566
149298369,-2.52385664926868
149298371,-1.3995471454470874
149298376,
149298919,-1.534002549476897
149298920,-1.5127517682406646
149298921,-1.7439635993982163
149298924,-2.151608028514862
149298925,0.05162257028915462
149298927,
149298928,-1.7545322211140162
149299218,
149299219,-0.3300912416973869
149298048,-1.9134007959474246
149298051,-2.0442210056478416
149298052,-1.1098592365572415
149298053,-0.6654000589399374
149298054,-0.7563674068810684
149298055,-1.2184789197809351
149298056,
149298057,-0.0209756603974256
149298118,
149298121,0.3077738321399863
149298122,-1.1239182476100353
149298123,0.9392939246803707
149292132,0.015201122186574878
149292133,-0.07585106961769128
149292134,0.08543708377700199
149292135,0.3398837184143595
149292136,
149292137,-0.2958682506372199
149292138,0.6021157970651316
149292139,0.45893237589519487
149292140,0.6160127464499823
149292141,0.4488290687763268
149298238,-0.3353558156385361
149298239,
149299493,
149299494,0.6116147247169579
149299495,3.4078151668433065
149299496,4.720310703603047
149299497,-2.02462921070412
149299499,-4.278817853569478
149299055,0.4293541692715621
149299056,0.18601459193479286
149299058,
149308564,0.557050467953907
149308565,
149293219,-0.000222194171389134
149293220,0.25175138173651135
149293222,0.25184901995561404
149293223,
149293226,-0.7710319600736533
149293228,0.7455628831124308
149309050,-0.6492813665581707
149309051,-0.2630869378081684
149309052,-0.6416415470948493
149309053,-0.38488417363225835
149309055,0.3199194446811191
149309056,
149309057,0.21031433233795838
149308504,-6.448550455862247
149308505,-6.437354036970454
149308506,-6.379244523573071
149308507,-1.1171419345199354
149308508,-0.9990329281053363
149308509,-1.2642080169739458
149308510,-3.7700365462063417
149308511,-3.544944426817686
149308512,
149308513,-3.667696602316198
149292606,-2.342227139612447
149292607,-0.8713561486072194
149292608,-1.4513000706326409
149292609,0.17401605877716975
149292610,-1.473370720023155
149292611,
149292613,0.585307506193061
149292614,0.3282381806248793
149292615,-0.04233508214318249
149293303,-1.3737960579495194
149293304,-1.380845677668205
149293305,-0.9709499702374984
149293306,-0.9482451452508798
149293307,
149293308,-0.07575365501715225
149293309,-1.0601213315305031
149293310,-2.794783050363961
149293311,-2.0200263211071245
149293312,-1.9606280665144737
149291436,0.07590340214816393
149291437,
149291438,1.744568875769895
149307776,-2.1413942451568886
149307777,-3.331369448696293
149307778,
149307779,-0.010716404468709584
149307780,-3.4220152528836536
149307781,-3.308741145721953
149307782,-2.460500307127333
149307783,-4.363462274772523
149307784,-2.4287900648343452
149307785,-1.7416526674470347
149293259,0.22759842365427385
149293260,
149293261,-0.22959788037380946
149293262,-0.22954010944191516
149293263,0.6925121043774638
149293264,-0.8128742377476801
149293265,-0.9158570766332277
149293266,-0.47300620114188785
149293267,1.6772648976454283
149293268,1.2311118126448637
149308796,
149308797,-0.4148641293132691
149308798,0.23845833100062208
149308799,0.35337270484420813
149308800,-0.7262235383354465
149308801,-0.6030336993703003
149308802,-0.2598625742423799
149308803,-0.7568798240459103
149308804,0.2517677461394463
149308805,-0.6331857667252301
149309468,-1.6863972002338805
149309469,-2.49195204301396
149309470,
149309471,1.1517737777242019
149309472,-0.6067387928693329
149309474,-1.6399058167231466
149309475,-0.35307412866817955
149309476,-0.014132082163950344
149309477,-2.3216070083265663
149298621,-2.828820254556888
149298622,-0.7900853436042077
149298623,-3.6430243000022315
149298627,-2.6940417741652034
149298628,
149298629,-1.7308442649644924
149299626,
149299627,-0.8762161599046232
149299628,-0.875562868270948
149297566,
149297567,-2.606641763169506
149299936,-1.2646543602068334
149299937,
149299938,1.7645477497504842
149299939,0.5902971346940546
149299943,6.311090057831414
149299944,2.466421118160376
149299945,5.315616326991275
149298357,-0.2429640839231375
149298358,-3.496299889092164
149298359,-0.8851246530785257
149298360,-4.844318948639087
149298361,-3.786616597964498
149298362,-1.2031576204111918
149298363,-0.6236322119962239
149298364,-2.0311615744837876
149298365,
149298366,-1.118571981900681
149307748,-0.05054501574571191
149307750,-0.0288065624354914
149307752,0.5713740258757127
149307753,
149308762,-0.408119694827505
149308763,0.4114913129744764
149308764,-1.016491910457617
149308765,-0.42136189086214415
149308766,0.34011646973674203
149308767,0.35175330651705394
149308768,
149308769,-1.7108811049139234
149308770,-4.204546445453019
149307855,-3.1665396679020237
149307857,-1.4499213971921385
149307859,
149307861,-1.9650302934742019
149307862,0.05190441543562585
149307863,-1.8444893145648855
149307864,-1.7500306959541891
149300226,3.481915558211142
149300227,4.015147416276136
149300228,3.7400061045560165
149300229,
149300230,-0.26755374313154334
149300231,1.7495657055451943
149300232,-4.642738618738235
149300233,-0.004743800145718069
149300234,-1.3435966289204089
149300235,-0.2788993280591967
149299926,-3.219309170819031
149299927,-2.7205519343637263
149299928,-0.4687546766639059
149299929,-0.02485361652693996
149299930,-2.980428445443067
149299931,-4.779198412570395
149299932,-0.4088623850934425
149299933,-2.5289176083621214
149299935,
149291913,-29.04131938078883
149291914,-14.611570918118261
149291915,-13.956526869532361
149291916,-29.32335736149789
149291917,0.3872143444662264
149291918,
149291920,1.3195054856777908
149291921,-41.090632015835396
149291922,-41.003214409776184
149291750,-0.5081573202237131
149291751,-2.642597434007982
149291752,-3.8820584035769947
149291753,0.039450828464204335
149291754,-1.2113425610385278
149291755,-3.9329225040481255
149291756,-3.923974948044499
149291757,
149291758,-3.3709620521381645
149291759,-3.0427155600800013
149300548,-1.029801831900059
149300551,-1.0098162000191877
149300552,0.46506007440819985
149300553,1.021924245453917
149300555,
149300556,0.0014683926330576469
149300196,2.307990546823561
149300198,
149300200,1.756951277475764
149300201,2.0609180833936307
149300202,0.5734944548762257
149300203,-2.7105587542214664
149300204,1.5273079583754736
149300205,0.5647317368256211
149309305,0.8694094650050648
149309306,-0.6087962040937889
149309307,-1.7151739528518686
149309308,-0.8988266829132421
149309309,0.1402776533922765
149309310,0.5848320055693748
149309312,-0.5313523804768465
149309313,-1.453850848511328
149309314,
149300563,-1.0691356660590543
149300564,-0.5325912929135939
149300565,-0.00046561138628931076
149300566,
149300567,-1.527682680595973
149300568,-0.1903273876556284
149300569,-1.543177713361814
149300571,-1.2056704067794612
149300572,-1.887985537128941
149298661,-2.2399999869678027
149298662,
149298663,-2.5702104374972237
149298664,-2.3778116524656525
149298665,-1.8121325588437855
149298666,-2.0957212235795737
149298667,-4.661531525598946
149298668,-5.1408508242057565
149298670,-1.6119690125026125
149309478,0.3200293982690283
149309480,-2.972875852990036
149309481,-0.5835783445830671
149309482,-1.1817719857281404
149309484,0.2676987653089
149309485,-1.0187084897856167
149309486,
149309487,-1.103583989916764
149292576,-2.185106769883987
149292577,-2.2008634454802376
149292578,-1.7252647234909517
149292579,-4.879212768005715
149292580,-2.3182995026639475
149292581,-3.6602252568326463
149292582,-3.6037767375934635
149292583,
149292584,-2.0576280676390297
149292585,-3.453173899432727
149297619,1.2139954366901833
149297621,-1.0427517176724876
149297622,
149297623,-1.9189743059084279
149297356,
149297357,-0.5427381747580569
149297358,1.649908065356314
149297360,2.4916308639079716
149307294,-0.33542234719989494
149307295,-0.31248680396000594
149307296,-1.0047989692239838
149307297,-0.5314320989661852
149307298,-0.5963857376112678
149307299,-0.7653287076296955
149307300,
149307301,-0.8088972670467101
149307302,-0.5595588915103207
149307303,-0.8121622622435627
149293333,-2.961022211358724
149293334,-2.8171363357959933
149293335,
149293336,-2.210136553042659
149293337,-3.3172528664913017
149293338,-3.4474635313487028
149293339,-5.732974347590201
149293341,-0.8998580737576418
149293342,-5.6099808493760435
149294049,0.09911021811566911
149294050,-0.7346788288971879
149294051,-0.7550814269994532
149294052,
149294053,-1.477794245731971
149294054,-0.4060384453699939
149294055,1.6147697752792922
149294056,-0.36343131376290927
149294057,-0.1282966918691173
149294058,-0.8116781275912004
149292327,
149292328,-0.575170739976727
149292329,-1.212266494293118
149292330,-1.2612093054154059
149292331,-1.71168321263562
149292332,-1.0334850542022025
149292333,-1.979437477246904
149292334,-1.5553840398543173
149292335,-1.7419723057130625
149292336,-1.690823596622522
149293046,2.187131899407362
149293047,2.4318410510018538
149293048,
149293049,3.1773390794176066
149293050,3.6437108678357504
149300608,
149300609,-0.7278166128366905
149307348,-3.7510731573411498
149307349,-3.722692590641298
149307350,-3.7612009685912255
149307351,-3.7491241681563494
149307354,-1.8752538376321155
149307355,-1.8801602248614984
149307356,
149307357,0.017283764736074403
149299180,
149299181,-0.9415450562005283
149299182,-0.42980684735547925
149299183,-1.3990647447213682
149298510,0.3331136706757434
149298511,2.578536624375978
149298512,
149307066,-2.737160905058161
149307067,-1.40389609274537
149307068,-1.4002385140647675
149307069,-1.9969752135276906
149307070,-0.008548742391880637
149307071,
149307073,-2.6953713703442475
149307075,-2.004634767417315
149299330,0.028720805279583317
149299332,
149297776,
149297777,-0.00033887824449463366
149306908,
149306909,-0.007003524720751386
149306910,-5.366281544430652
149306911,-5.763350365161145
149300418,-0.00031383246607674664
149300419,
149299575,0.7052842235451919
149299577,
149306339,
149306340,-0.00156592065459904
149306343,-1.247914903167029
149306344,-2.441302007829151
149306348,-2.4405332328534683
149306954,0.25600449120342006
149306955,
149306956,0.25550775240896684
149298537,-1.319114695488011
149298541,-1.9047214343632461
149298542,1.1576603042883065
149298543,
149298545,1.2321941815081061
149297655,0.19114000327614633
149297660,
149297661,0.11323381532751853
149297663,-1.9170789387874407
149297664,-1.7889668264803191
149308525,2.256411482423154
149308530,2.3388530368734166
149308533,2.3523882445613395
149308583,0.024548076858735612
149308590,0.03550320072353941
149308591,-0.36144138044209484
149308593,
149308596,-0.3596668011711728
149308599,-0.004307156722951788
149308723,2.2118981993193785
149298199,-1.7637028202270102
149298200,
149299207,
149299208,-0.1559633296688112
149297665,
149297668,0.03047928121259247
149297670,2.6266175984618485
149297672,2.2435279670977053
149297674,1.558597144329994
149299081,
149299082,0.5434302823773294
149299083,0.32836693857670696
149299084,0.5743947816593717
149299085,0.280153733525232
149299086,0.27241579533541227
149299087,0.544697046908162
149299088,1.3100870791042496
149309177,-0.03407935885314828
149309178,0.2073013225455611
149309180,0.1299398538367882
149309182,-0.005443777421021423
149309183,-0.022387615902630387
149309184,0.21017823351212428
149309185,0.09425260777408084
149309186,
149293846,-3.821757104679582
149293847,1.8125039263684872
149293848,1.813012556735246
149293850,-3.524637373557141
149293852,-1.657432439013514
149293853,
149293854,-0.9313741615958047
149293855,-1.3304392433433625
149309640,-0.37517039514745676
149309641,0.01880827387194728
149309643,-6.094964116860197
149309644,0.2885699131173993
149309645,0.5333977751032251
149309646,0.042147902369237045
149309647,
149309648,-2.832519499354575
149309649,-1.1066726243730898
149298378,-0.36374629221062804
149298379,-2.1382951029863975
149298380,-2.2674762497643783
149298382,-1.4222282800441377
149298383,-2.0821614118195058
149298384,
149298385,0.1330447834319628
149298386,-7.020840730076081
149298387,-1.7965408016864117
149299117,-0.0520687719821602
149299118,
149299121,-0.01550679447771941
149299122,-0.0769073878821942
149299123,-0.02160142504826723
149299124,-0.12305513462789008
149298216,1.1952489506903987
149298217,-0.37339086032832824
149298218,0.06517663778711835
149298219,-0.419078670000971
149298220,2.8705003762696037
149298221,-2.874531411963204
149298222,-0.05187064942188613
149298223,
149298224,1.0901342217808008
149298225,-1.0928707935545674
149299668,-3.6312317131779395
149299669,-2.9964056669418113
149299670,-3.2452725672039904
149299671,-4.295798776742991
149299672,-3.7953441486445527
149299673,-3.040595045438529
149299674,-1.674441619664826
149299675,-2.0060736850648127
149299676,-3.5672456201377116
149299677,
149299680,-1.9054464451664899
149299681,2.63671646923936
149299682,4.596520501463516
149299684,
149298439,-4.504483757503571
149298443,
149298445,-7.094029936514367
149298446,-8.761638850546916
149298447,0.3920835690205333
149298448,-4.693647606604394
149306278,-0.003456997014056107
149306279,
149306280,-1.9975875968049595
149306281,-2.019304996235097
149306282,0.33893187785464995
149306283,-1.109812896558224
149306284,-1.1079325354258414
149306285,-0.9771734041168205
149306286,-0.982880097545209
149306287,-0.42395467646345786
149297885,-3.7767193466714533
149297886,-2.9825922640884657
149297887,-2.8662054439323557
149297888,-4.067929387117001
149297889,-6.441639869095481
149297890,-2.9108834784303315
149297892,-2.3153534757469987
149297893,-6.949467684037217
149297894,
149298825,-0.006925382734081609
149298828,
149298829,-3.5066878284858944
149298830,-3.504845609896293
149298831,-4.866390114443462
149298832,-5.448101313119537
149298833,-6.043035737308216
149298179,-3.0276665445102537
149298180,1.6224639386042092
149298181,3.932464847033799
149298182,-6.182676885784009
149298183,
149298185,0.9070624694349654
149298186,-0.580999628564193
149298187,-3.9623678233168818
149298188,-0.7971525743748025
149308160,-6.750860895899962
149308161,-8.230913923862047
149308162,-9.756484623206156
149308164,
149308165,-5.834554634975525
149308166,-7.713454483323062
149308167,-10.150835785128763
149308168,-6.6879782828300165
149308169,-9.16786558224301
149306288,-2.185003947818167
149306289,-3.9172854662736256
149306290,-3.621302042937323
149306291,-4.043924589813301
149306292,1.3947118801940235
149306293,3.7259629737759496
149306294,2.139239739495757
149306295,-3.3569766523125324
149306296,
149306297,2.539678500187293
149300186,2.1482009955209094
149300187,2.1480685877048984
149300188,1.3897895874006565
149300189,0.0017205195599956369
149300190,0.14487673724732986
149300191,1.8989894858794685
149300192,
149300193,0.110555818056298
149300194,-0.4139523795762159
149300195,-0.4975970758541166
149298388,-1.946803100266436
149298389,-1.9736052805484974
149298390,-3.2733791356435376
149298391,-3.323422367945753
149298392,-2.3778827892815144
149298393,
149298394,-2.211336511544644
149298395,-1.2281598980393227
149298396,-2.4124439448488317
149298397,-3.675315764719457
149297685,0.055799047984436356
149297686,-4.958064802786566
149297688,-3.447897104710556
149297690,-1.101208566791378
149297692,-2.005360010162967
149297693,
149297694,-1.0023640013866242
149299294,-0.253157571689286
149299296,-0.36325163486043266
149299298,
149299299,1.6913609282328252
149299300,0.9732375119357073
149299301,-0.3587833172517776
149299302,1.5242241977512094
149299303,-1.2396830440895599
149307270,-1.9517079589834196
149307274,0.14910690177334374
149307276,-1.9489757259120069
149307278,
149307279,-6.751976500988825
149300206,2.0152405157680846
149300208,-0.007577623660665722
149300210,0.17693937406468763
149300211,1.349193251286465
149300212,-0.324834111670782
149300213,
149300214,-1.0801502620282122
149300215,-1.1402558298960344
149299304,-1.054883050064447
149299306,-3.6810090882888744
149299307,-1.1721287039622723
149299308,-2.874339929713841
149299309,
149299310,-1.3607114040527932
149299311,-2.2943248675979504
149299312,-3.577993463634286
149306613,-4.002805549647448
149306614,-4.050366525867908
149306615,-3.039255091782497
149306616,-3.4499781841871666
149306617,-1.570086018410521
149306618,-2.382124593859306
149306619,-3.0499763735996304
149306620,
149306621,0.047152810534488054
149306622,-1.7056011063802963
149307161,2.262204453509124
149307164,0.9169114400633589
149307166,-4.117157729405719
149307167,-1.4318658991057802
149307168,
149307169,-3.7884045245612725
149307170,-7.878694236562396
149309820,-4.685050914750349
149309821,
149309822,-4.552827255685855
149309823,-2.6508723207279274
149309824,-1.537757862906517
149309825,-3.800937928044874
149309826,-2.0638640472066356
149309827,-1.124945742990377
149309828,-8.217219312724353
149309829,-1.7506989939426774
149293293,3.8770847339449546
149293294,3.3668561074108823
149293295,3.9323503478537702
149293296,1.4702112529003415
149293297,6.041115206228852
149293298,
149293300,0.3156432225139696
149293301,3.258321911366778
149293302,2.0486744174040297
149292347,2.9621405610999716
149292349,-0.5676484466245597
149292351,3.087308398665243
149292352,2.3655370912909177
149292353,2.557252691322873
149292354,
149292355,2.487245319574413
149292356,3.0428665038149347
149292512,-2.4316954841628444
149292513,
149292514,-5.6531190033864505
149292515,-2.9480629829353973
149292516,0.34241897419389034
149292517,0.12049511765206944
149292518,-0.2878465638699197
149292519,-4.797329423190405
149292520,-2.392808650680905
149292521,1.5835332340679997
149300166,0.9450873166473457
149300167,0.7267250959749276
149300168,1.1722820373184106
149300169,-0.19625705826885564
149300170,-0.5120616182785795
149300171,0.131797500150185
149300172,0.3349400610071598
149300173,
149300174,1.8323190910246296
149300175,4.373118921339085
149293619,-5.081838055288813
149293620,
149293621,-15.312441598649002
149293622,-8.381335451406358
149293623,-7.901117764144715
149293624,-12.876245512055561
149293625,-10.904686185158198
149293626,-5.109870593870255
149293627,-13.791570752248049
149293628,-14.831827664976572
149294324,-1.397496483814507
149294325,-2.5367866323648514
149294326,-3.2222855920171583
149294327,3.796013902358993
149294328,
149294329,2.255417528523253
149294330,1.957767083554529
149294331,-5.934753282071199
149294332,0.1987056515712311
149294333,0.3996744598489954
149298032,0.006821846313844304
149298034,-0.45858514507081694
149298035,
149298036,-0.45707863873731114
149308270,
149308279,-0.07228320604917826
149300627,-0.037263814829259445
149300628,
149300629,-0.0038088442427977043
149298970,
149298971,-0.00030576123031522684
149300639,-0.0021544531039268122
149300640,-0.005276197035740893
149300641,
149308521,-4.683222534935776
149308664,-8.09746616638607
149308666,-6.516586285357022
149308669,
149307648,-0.0020041634005920628
149307649,
149308732,
149308733,-0.0015783298249800737
149293786,-0.7114549965120269
149293787,-0.6100222603472556
149293788,-1.3508469448585552
149293789,-1.3912413710058877
149293790,-1.4860537341516682
149293791,-0.1259491347911903
149293792,
149293793,-0.8858366232491642
149293794,2.084701384386154
149300018,2.8228941565544687
149300020,2.484799107920111
149300022,2.4815252599951236
149300023,2.8248252836722827
149300024,-2.259606933671421
149300025,-2.488117606561815
149300026,
149300027,-2.625714044856096
149309620,-0.9202939032997683
149309621,-1.1265217153060547
149309622,-1.107916190124545
149309626,-3.6203875239517664
149309627,
149309628,1.8828233094306022
149306638,-0.6077076599306892
149306639,-2.253464369518422
149306640,-1.9675470469747012
149306641,
149306642,-2.250789445520688
149306643,-0.6037059027789891
149306644,0.03086714853978556
149306645,-1.995130875730947
149300630,0.8678601487863489
149300632,-1.7698286454835852
149300635,-3.899040737022716
149300638,
149309441,
149309442,-2.541142031363311
149292087,-1.3761448570530206
149292088,1.250944038852765
149292089,-0.5973968695250846
149292092,0.31048597595514593
149292093,0.5084595674449588
149292094,
149292095,0.9616843259226755
149298100,
149298101,-0.04810179947457438
149298102,-2.8705529146933237
149298103,-2.8834738895144465
149298104,0.5538400796077549
149298105,0.5582157129991905
149298106,-0.16523027723416162
149298107,-0.10945647695528726
149298108,0.9815528982910442
149298109,1.0033366506758117
149298296,
149298297,-0.19848002382404673
149298298,-0.9002876461171496
149298299,-0.6472892965153818
149298300,-1.04640264960112
149298301,-2.061230658994887
149298302,-1.7186995158713927
149298303,-1.5120034458620921
149298304,-1.960675578565926
149298305,-2.2327795454768875
149308232,-0.08339446347440305
149308233,
149308234,-0.10566330099254184
149308235,-0.0033445310109190274
149308237,-1.3885497940219258
149308239,-1.3769776371076556
149297915,
149297916,-0.8885976921283785
149297919,-3.318561196787872
149297920,-2.8885551505467504
149299711,
149299714,-0.0574937106757929
149299719,1.457051699278658
149298752,-0.3076898691640224
149298753,-0.0018113488325965932
149298754,-0.30770240156819284
149298755,
149298756,1.1364159271472474
149298757,1.136627413626627
149299196,-2.035800046677039
149299197,-2.866938599010652
149299202,0.4719195097068223
149299203,
149299205,-2.820624179130526
149309118,1.4905244841916954
149309119,1.5140367907153234
149309120,0.08153101294475107
149309121,
149309122,0.8738735424733903
149291793,-0.8500250120502457
149291794,-0.8269132362609461
149291795,0.04190841714842364
149291796,1.9631475941896959
149291797,2.8480499266978523
149291798,0.047574761607666716
149291799,-0.41238127188652207
149291800,
149291801,-0.8471821623235964
149309006,1.0231372224019424
149309007,1.0706552067923099
149309009,
149309012,-0.039342336934140576
149309014,-1.4691913978929563
149309015,-1.4515903256009324
149306924,0.027747386842921884
149306925,1.5944035343359637
149306927,1.6987840626249842
149306928,-1.2974321447716157
149306929,0.16932713383286568
149306930,0.2586594602758048
149306932,3.1263829277909174
149306933,
149298329,-7.584979273619922
149298330,-7.6119694394576864
149298331,-9.129456466743036
149298332,-6.325523012284215
149298333,-6.157492740926381
149298334,-6.066549213281814
149298335,0.8846379175668577
149298336,-2.5067278018121115
149298337,-2.687834699096289
149298338,
149300058,-4.241826441984358
149300059,-4.684780580216454
149300060,-4.421919611551971
149300061,-0.19093921660322621
149300062,0.1460357372936869
149300063,
149300064,-1.529297765338697
149300065,-3.3760882256426044
149300066,0.8915870367821412
149300067,-3.78232063789784
149307979,-8.940343603293446
149307980,-8.962570587768575
149307981,
149307982,-0.007002335700939
149307983,-2.4303194194645386
149307984,-0.35665573120080296
149307985,-0.6035489783716272
149307986,-2.429766978998991
149307987,-0.1785099617227459
149307988,-0.6089625951597348
149297645,-1.5781469412924025
149297649,
149297654,-2.6155799482704083
149308966,-1.6629394616694526
149308968,-3.966765043145813
149308969,-0.897475715373588
149308970,-7.714517761981227
149308971,0.4654940682804636
149308973,-1.131130759391965
149308974,
149293004,-1.0347807927502402
149293005,1.9497593961900819
149293006,1.9470572871971044
149293007,2.182903631321068
149293008,0.010799944410145201
149293009,
149293010,2.024703464300039
149293011,2.601737755856412
149293012,-1.0295918744608947
149293013,-1.4081165189824851
149291697,-1.3704252667363725
149291698,-1.370398383600559
149291699,-0.9387209209162783
149291700,-1.5281115131844984
149291701,
149298343,-1.255447256119723
149298344,-0.9630730638769052
149298345,-1.303290025635576
149298346,-1.5226342923570684
149298347,-1.8249488351833065
149298348,-2.5933479615939916
149298349,
149298350,-0.2447390514421386
149298351,-0.6233518287120745
149298352,-0.414538947181299
149297439,-1.8473460192125941
149297441,
149297442,-2.6166245610093526
149297447,-0.20075320443391576
149307657,
149307658,0.23529578713598553
149307659,1.3901062802232893
149307660,0.6512306200173796
149308624,-0.9250379316079247
149308626,
149308638,-5.732940113977122
149308639,-1.9644080314904073
149308640,-0.12334222899488623
149308646,-4.117906281987288
149308647,-1.104716097197894
149308653,-5.277521425854857
149309404,-0.4969751348076432
149309405,
149309408,-4.842565485934246
149309409,-3.3855139497972093
149309410,-2.5425260273040955
149309412,-3.8597570594746013
149306863,-0.9379877593831054
149306864,2.3922981291359235
149306865,
149306866,-0.02937462226427101
149306867,-2.1353456249588305
149306868,-0.9039823225145085
149306869,-1.4713184699244266
149306870,-0.06126096323933439
149306871,-1.8094074292821176
149306872,-0.4567061285790146
149309725,1.3886632765673714
149309726,-3.4963128400120045
149309727,
149299144,-2.060077871994867
149299145,-2.2083193383895185
149299146,-0.9478829769372368
149299147,-1.0058469080428054
149299148,
149299149,-0.12869564655861154
149299150,-0.04358948459195133
149299151,-0.9974667433041873
149299152,-0.037166936930301375
149299153,-0.9489511160650537
149300216,1.036309078925683
149300217,2.918215057503943
149300219,1.7890272633396478
149300221,2.798421490557473
149300222,
149300223,1.0154430088857112
149300224,-0.007850605961550627
149300225,0.9843045724733201
149308752,4.762052643189293
149308753,4.688764020815185
149308755,3.9981378175853024
149308756,6.993327402557341
149308757,8.04211079132773
149308758,3.6568880966896984
149308759,3.675693405244118
149308760,
149308761,4.483608787673077
149299690,0.18859994597708862
149299691,1.4505660936980576
149299692,
149299693,1.1572738795401136
149299694,0.9360902357786216
149299695,0.9380192908053289
149299696,2.747103007654573
149299697,2.1648633493086322
149299698,2.0076879166548025
149299699,2.1544760338075974
149297535,
149297536,-3.723030585450161
149297538,-8.652933399862079
149297539,-5.39709080989919
149297540,-5.090638881526608
149297541,-6.89167387737271
149297542,-5.864350627228269
149297543,-5.830428243989296
149297544,-6.128168995807279
149309091,-1.1694227964452466
149309092,-1.4642016119327366
149309093,-1.489531328325512
149309094,-1.770702744216777
149309095,
149309096,-1.2787093893823709
149309097,-1.685467745434508
149309098,-0.5711909084320013
149309099,-1.4698856120796933
149309100,-2.1399066710072816
149294334,-3.021710432143493
149294335,-4.638203229254884
149294336,-3.2616610876888217
149294337,-4.048644108642463
149294338,1.9226968462745617
149294339,1.4305648850665875
149294340,-2.745011154593101
149294341,-0.35049815843717624
149294342,
149294343,-5.278988183245588
149307593,
149307594,-0.8881960028256728
149307595,0.004655596412980856
149307596,-0.8904839104749627
149307597,0.6560409740659594
149307598,0.23347381053110183
149307599,0.6567650898765862
149307600,0.2330001423958734
149298916,-1.4737376094804553
149298917,-1.5005771455746526
149298918,
149300088,
149300089,-0.0718611234282136
149300090,1.0027146239446658
149300091,-2.021168942162909
149298785,
149298791,-3.300484965228648
149298792,-2.8680700905746583
149298794,-3.136760825805087
149298207,-0.11193738169819056
149298211,
149300004,-2.7962223117951908
149300005,-2.795636652469483
149300010,-1.1075846365009454
149300011,-1.1078872806976392
149300012,
149300013,0.0006028909142798966
149308222,0.35859184793958576
149308224,
149308226,-0.41694956748922607
149308229,-1.0934325444074915
149308230,-6.981637716301911
149308231,-7.281524084418194
149299061,-0.0877337378050953
149299062,-0.13664305652290665
149299066,
149299067,-0.13356459723242153
149299069,-0.42246606973967715
149299070,-0.5576090519295178
149298601,0.0004994321077784747
149298602,
149298603,-3.1394389580127307
149298604,-3.127824880700622
149297556,0.0573736633515356
149297558,-0.09345588932428583
149297559,-0.021329894383001147
149297560,0.0051509425094558026
149297561,0.08496460590165178
149297562,0.12313562004877454
149297563,-0.0014243643834870312
149297564,-2.080563296961822
149297565,
149306228,
149306230,-0.11145782980199215
149306231,-0.7809867615357575
149306234,-0.004210838201629485
149306235,-1.454624801063261
149298459,2.756223921501487
149298460,2.757630567333308
149298461,2.2687411739391052
149298462,2.273114810906719
149298463,
149298464,1.790916518331315
149298465,0.010199823214307457
149298466,1.7804803295521197
149298467,-0.11413425907153396
149298468,-0.11301821331085193
149307308,-5.1991167442969015
149307311,
149307312,-5.24453687314632
149307314,-0.004148983635239745
149306335,3.0463533541321137
149306336,0.30271834170587475
149306337,0.45408391848753205
149306338,
149309650,-1.3282828581005148
149309652,
149309653,-0.9147829139872563
149309654,-0.33304252169791226
149309655,-1.423391495247314
149309657,-2.6592917898384876
149309658,-0.743498176197047
149309659,-3.395938300485465
149307714,-2.18025760741817
149307715,-1.7350346050752279
149307716,-14.131678995686144
149307717,-5.906061468932975
149307718,-10.592407849279283
149307719,-5.678432772869542
149307720,-2.4619343121448765
149307722,
149308206,-0.35242051903338023
149308207,
149308208,-0.270504847957902
149308209,0.08252986503447346
149308210,1.2921050391550892
149308211,1.1830460127506228
149306998,-1.0832252104721434
149307001,-1.559012810202148
149307003,-2.0624948172696946
149307006,
149307007,4.563303104488398
149309147,-0.3925885833784264
149309148,
149309149,-1.3834567154278545
149309150,-1.2203700886914248
149309151,0.42735024425182644
149309152,0.3900747043812913
149309153,-1.9382495861176352
149309154,-1.2157609702251335
149308721,
149308725,0.14998661588813889
149308727,0.40194595549778
149308729,0.5458515149447294
149308730,0.15132013244573272
149308731,0.1572296077308124
149297469,-1.0565401154898666
149297471,-1.3440687979715165
149297472,
149297473,-1.1608535049779363
149297475,-0.30581920485902003
149297476,-2.7826631565895923
149297477,-1.16507781019304
149293856,-2.8232192062263497
149293857,
149293858,-0.003976491335702548
149300236,2.2081072427096444
149300237,2.197955859737135
149300238,0.3341806716652229
149300239,-0.2799075852545627
149300240,
149300241,-0.11131431291610738
149300242,-0.02175582492287731
149300243,-1.4630781916977469
149300244,-1.6237928996451103
149300245,-1.8077341116250807
149291783,-15.913703705718461
149291784,
149291786,-15.010731139686815
149291788,-16.813850150640004
149291789,-19.03351743825718
149291790,-16.779667623920904
149291791,-16.114263719805543
149291792,-16.73789855702036
149308903,-2.9357318006446604
149308905,1.923887885464012
149308906,0.05897219720769442
149308907,-7.22284877502122
149308908,-0.3046257815043987
149308909,1.2535991314192927
149308910,
149308911,-1.6736077552728261
149299134,-1.0461936510680658
149299135,-2.0675901058222266
149299136,-2.3669360707632556
149299137,
149299138,-0.4314483661620905
149299139,-0.7137777465274233
149299141,-2.3036289889639505
149299142,-2.368185785310537
149299143,-1.4555519978144638
149309739,-1.1206819000595445
149309740,-1.2808985604987626
149309741,
149309742,-1.3644655338043776
149309743,-1.7182962537000463
149309744,-2.027161438391431
149309745,0.04983435691936222
149309746,-1.9651225726890758
149309747,-1.1832499787320003
149309748,-1.3261534332716636
149306516,-2.774679323816912
149306517,-13.365094298049854
149306518,-8.267424157779658
149306519,-4.460065088548163
149306520,-4.2342782185540955
149306521,-10.163843171511644
149306522,
149306523,-9.286326294647694
149306524,-7.84161619441889
149306525,-6.121622659433939
149308027,
149308029,-2.1034549759028778
149308030,-0.2349207048332005
149308031,-0.7709664812491042
149308032,-2.361943261685724
149308033,-0.5741683078611004
149308036,-2.502698322562537
149309679,-2.5651871730895834
149309680,-0.49838358285649065
149309681,-0.3531189526770788
149309683,
149309684,-1.2290241865773908
149309685,-0.5471541060437062
149309686,-1.335040454070537
149309687,-1.6343530425194217
149309688,-1.2035650968217055
149309060,-2.299556361675428
149309061,-1.3127025611730971
149309062,-2.0117611172452428
149309063,1.402334471510926
149309064,2.3286390930166476
149309065,-2.0814097761536914
149309066,
149309067,-0.3035311418828428
149309069,3.9969153064434124
149298815,-0.19855713901063066
149298816,
149298817,0.12281282352222522
149298818,0.37137027879418305
149298819,-1.164162288147709
149298820,-1.2194116318596568
149298821,-0.5346347156770062
149298822,-0.20024887724717733
149298823,0.3318405979337493
149298824,-1.43347917817648
149293649,-1.9037189328083741
149293650,4.930718744958085
149293651,
149293652,-4.831305870879419
149293653,-4.965513736389539
149293654,-5.889853624891998
149293655,2.5047206659894528
149293656,-3.6439887689795114
149293657,-0.8155754670749502
149293658,-2.006240111200441
149300573,-0.4226403677128303
149300574,
149300575,-1.4462876111640952
149300576,-6.705841297957235
149293956,1.424890244400892
149293957,-0.38941641839380736
149293958,1.380566063461039
149293959,-0.4209550561570836
149293960,-2.22876889353045
149293961,0.07470910538851427
149293962,-2.2543930541195394
149293963,
149293964,0.4729839017472557
149293965,-2.4379086062704403
149300080,-0.6004321889806086
149300083,
149300086,1.3541312022832663
149299240,0.4195264143287005
149299241,0.27187225801592874
149299242,
149309689,-5.452252060338392
149309690,-2.4381027150547716
149309691,-0.7929345939608403
149309692,-0.4581312902951744
149309693,-3.891854855435515
149309694,
149309695,-3.6989846135801656
149309696,-1.3551870871987752
149309697,-7.535220298279558
149309698,-4.983023344418626
149309831,-2.12022567836639
149309832,-1.1247014897461494
149309833,-0.1332377491874812
149309834,-2.3901440006815626
149309837,-1.2288234061562662
149309839,
149308482,0.05601849761865196
149308483,
149308484,-4.788281368574616
149299229,0.733013499308619
149299231,
149299234,0.9295545430664909
149299236,1.2521855377258895
149299237,0.44837121505604216
149298088,
149298089,-3.970726149644115
149298090,-1.9568059997847698
149298091,-1.2644831741036455
149298094,-0.0021354026551563265
149298095,-2.0321168979944417
149298096,-3.2253262353176666
149291606,1.6482173565194742
149291607,
149291608,1.8848777714987395
149291609,1.8817990547333552
149298240,-0.712333410314983
149298242,1.6595140822097498
149298244,-4.00386206998639
149298245,1.4546928180987244
149298247,-0.09249730616512153
149298248,-0.8888905661765492
149298249,
149297675,-1.092839634173707
149297676,-1.056798827178568
149297677,0.372269549459773
149297678,-0.21517869926757527
149297679,2.554584747839357
149297680,4.3007939714917
149297682,
149297684,1.2652676056979573
149309167,-7.141730076222004
149309168,-7.272900594531407
149309170,-2.0394233621328794
149309171,-4.535485969957236
149309172,-4.720588511572103
149309173,
149309174,-0.799623347556988
149309175,-7.162183706969969
149309176,-0.697139159524923
149306349,-0.8104298039821174
149306350,
149306351,-0.5963349156436948
149306352,-0.5751075962719483
149306353,-2.093481357655264
149306354,-1.4520771939728547
149306355,-1.1398120660009
149306356,-2.64024457393009
149307573,0.6336853729648482
149307574,0.3446930647731534
149307575,-0.7574875353630972
149307576,-0.1868636294885988
149307577,-0.7080340562926182
149307578,
149307579,1.5372558570512211
149307581,-3.382543010574352
149307582,1.1617969461314033
149292782,-1.4736196330036382
149292783,-1.7095898996313537
149292784,-3.09735640618603
149292786,-0.21850309171352222
149292787,-2.8189703347744732
149292788,0.23382005455582622
149292789,-3.391330311516189
149292790,
149292791,0.23199709835771287
149309564,-1.0753949944095638
149309565,-1.2213939088923382
149309566,-0.617550642697708
149309567,-0.3450661836456703
149309568,-3.1728197572561925
149309569,0.2575205752432339
149309571,1.271466558814808
149309572,
149298641,-1.9101318581600655
149298642,-2.0403185483124715
149298645,-0.669455199638068
149298646,-0.6370990914222108
149298647,-2.1540511051608284
149298648,0.01824342623160602
149298649,-2.104438400224473
149298650,
149299977,-0.9875630975340073
149299978,-0.03108488020865252
149299979,-1.9044181755097043
149299980,-1.580505060360423
149299981,-1.1551859489759124
149299983,-0.778786139949915
149299984,0.42447065170017595
149299985,
149299986,0.4221762518857588
149297939,-4.476945071591029
149297940,-4.351109818745412
149297941,
149297942,-0.8719121547509161
149297943,-2.955233665689617
149297944,-0.27041131399448837
149300617,-0.13598536662288652
149300618,
149300619,-0.29578563337138775
149300623,1.4591854963068691
149300624,1.42549910798434
149300626,0.4990483504032941
149299091,-3.5837851198902104
149299092,-3.805628420381728
149299093,-3.2367563911474253
149299094,-4.158958815655586
149299095,-4.558429022337815
149299096,-6.636085879322094
149299097,-4.916948464358125
149299098,-3.532364218730839
149299099,
149299100,2.9869947170254196
149308830,0.7203010992440824
149308833,
149307151,-0.06941317190904783
149307152,-0.049148271237001495
149307154,-0.037079760794412664
149307155,0.1511194522894641
149307156,-1.884479677128688
149307157,-1.6561987645763452
149307159,-1.6593845081998495
149307160,
149299246,-0.9067890910931737
149299247,-0.5132876809443019
149299248,-4.845394794143459
149299249,-9.662857279098802
149299250,-7.844690090190284
149299251,-5.551474096634053
149299252,-3.5551583594632916
149299253,-2.7011522690037566
149299254,
149299255,-5.751999164063903
149308180,
149308181,1.4003100748056045
149308182,-0.3506690802600403
149308183,1.1897932008917662
149308185,-1.2412275971904423
149308188,0.4856026281256014
149308189,1.4791998426738537
149308958,
149308961,0.2671820549461046
149293993,7.652946656146526
149293994,3.2822372933815984
149293995,6.500904289965888
149293996,-0.4469189878844304
149293997,2.4170984752649076
149293998,2.712919514603726
149293999,
149294000,6.966062161853614
149294001,6.375761218454329
149294002,5.233687771598511
149306938,-2.420704505534104
149306939,
149306941,-0.014733247793117243
149306942,0.6002675153150108
149306943,-0.14606247594389288
149306944,0.9083903497440247
149306945,-1.7050192443667243
149306946,0.9351271259429836
149306947,-2.486073977130161
149300516,1.5224292041322087
149300517,0.6228857994981638
149300518,0.43845085422171337
149300519,3.4192743602993687
149300520,-0.11253433823202386
149300521,
149300522,0.9573945564844166
149300523,2.482769414222048
149300524,-1.2098934740554625
149300246,-0.6360588734463306
149300249,-0.6221663505444894
149300251,0.23475799448567614
149300253,0.43461673286250857
149300254,-1.4931155833867251
149300255,
149309213,2.4733049334584507
149309214,-0.030212402262662863
149309215,-2.535299774656181
149309216,1.6156413110058452
149309217,-1.8310814057862217
149309218,-2.2820718397049404
149309219,0.03205047258327909
149309220,
149309221,5.674483422388448
149298581,-3.4347568767030907
149298582,-4.137219758481876
149298583,-0.4584707687511127
149298584,-0.557811212491572
149298585,-0.4025357980121953
149298586,
149298587,0.015975560599997607
149298588,-0.2602525042134971
149298589,-3.4647364692305587
149298590,-0.8465254801380411
149307522,1.1191537734314707
149307523,1.9551074756981635
149307524,-4.620362791944061
149307525,-0.658056525846689
149307526,-0.0007549175723298163
149307527,-1.645490740720028
149307528,-2.4515121147365306
149307529,
149307530,-1.3866404383814128
149307531,0.2758821292421558
149291604,
149291605,3.4924264142825194
149306803,7.31460521406504
149306804,
149306805,5.646449996757738
149306806,6.222185051316615
149306810,1.7612243500298064
149306811,2.701740224849587
149306812,10.153870591333586
149293396,-2.555713657326276
149293397,-2.568983919070817
149293399,-2.2295742196199555
149293400,-2.5333185141036516
149293401,
149293402,0.011375370405641405
149293403,-1.929128317119762
149293404,-0.8526505235278492
149293405,-1.6797913271580498
149293056,-2.109875768226914
149293057,-0.00011586192042045695
149293058,-1.4726880350134195
149293059,-2.362767556944206
149293060,-1.2382700959645376
149293061,0.4401066864241727
149293062,-5.15748475399954
149293063,-1.2804421650967868
149293064,
149293065,-1.9652809824703468
149292183,-1.3988744281495027
149292184,-1.3895414218784996
149292185,
149292186,-0.0022567008193883353
149292187,-1.473741172866366
149292188,-0.5634366349133071
149292189,-1.0651179015235845
149292190,0.0029686456178970033
149292191,-1.1632620872428516
149292192,-0.962733157255923
149291520,
149291521,-0.142837690094483
149291522,-0.27199251602506536
149291523,-0.4274734689771513
149291524,0.4649777469332683
149291525,-0.43286725342244736
149291526,0.5059356216198339
149291527,-0.7093408086993751
149291528,-0.41689354925835076
149291529,-0.46269105862066695
149291484,0.1054802657405709
149291485,-0.8733650110421642
149291486,0.10555691024276115
149291487,-2.403506028498878
149291488,-2.1286315838900975
149291489,-2.2380450018309226
149291490,
149291491,-1.6070237820571869
149291492,-2.63335793219316
149291493,-1.6070633853592575
149293740,-7.822737799469223
149293741,-7.815939266123905
149293742,3.631345690065473
149293743,-8.736741574742382
149293744,-9.269968678676378
149293745,6.66768524535064
149293746,-3.149113049128573
149293747,-3.148997031678846
149293748,
149307999,0.969728135084857
149308000,1.4527002298938427
149308001,1.220540318810997
149308005,1.9573546979751484
149308006,-3.1057812833899447
149308007,
149308008,1.6131024002456016
149306258,
149306259,-0.022467769233688983
149306262,-3.5281731898357407
149306263,-1.9842629359087915
149306265,-1.982733825806438
149306267,-3.529934026354013
149308402,
149308403,-0.0030989752968721973
149298405,-3.204283062764574
149298406,-5.706461660306346
149298409,-1.773446471563176
149298410,0.652667139696387
149298411,-2.752340404529839
149298412,
149298414,-2.703974691777006
149306430,0.8227955609492135
149306431,0.08737468020605732
149306432,
149306433,-0.23996686414662705
149306434,-1.9483639358631173
149306435,-0.16290402602766818
149306436,-1.5822761000275385
149306437,-2.3415699756350605
149306438,0.027450040114931795
149306439,0.13503502553649582
149298339,0.0017951085234049202
149298340,
149298341,-0.6688739590130393
149298342,-0.665644945888371
149298905,2.267767737345771
149298909,1.6441761761502747
149298910,
149298911,0.9211717138370332
149298912,3.6055920736447895
149298913,3.592530243520226
149298914,-0.8258045813895123
149292425,-0.0720597261750413
149292426,0.07771208496768622
149292427,0.18030445679292484
149292428,0.0982491830902319
149292431,3.307301161570095
149292432,2.197335207653495
149292433,
149292434,1.7196823343883665
149298795,-2.21874290530792
149298796,
149298799,-2.379102029105283
149298801,0.5922960328684255
149292937,0.39381770926397763
149292938,0.20018229426255374
149292939,-0.16706223135636122
149292940,
149292941,-0.7576066799264325
149292942,0.36258785666968407
149292943,-1.455074976999228
149292920,-1.1158040513241048
149292921,0.5783170824898534
149292922,-0.11628718999130427
149292923,
149292924,-2.167888598453061
149292925,-0.9512312835307384
149292926,-0.7801648864838739
149292909,-0.7576546988991808
149292910,-1.885475893710236
149292911,-1.8686457535696164
149292912,
149292913,-2.553809141053442
149292914,-2.255171683017352
149292915,-3.35963403127721
149292916,-3.1397136053210133
149292917,-2.341938774714521
149292918,-2.510288799348203
149306298,
149306299,-2.8651687591719366
149308597,
149308598,0.011071714933862609
149308600,0.4581988863855013
149308603,-1.2620315189501614
149308605,0.17491990171540373
149308606,-0.8899481825294284
149308607,-2.367767503809871
149308608,-2.548860068427249
149308582,
149308584,0.8316887123880288
149308585,0.6410431068106837
149308586,1.3094615161652676
149308587,1.4014808296982642
149308588,0.16816102193244653
149308589,0.0039077081073921605
149308592,0.8982703336549998
149308594,0.8030490785948237
149306300,
149306301,-1.5954021490150154
149306302,0.865163535215018
149306303,-1.5175220104786717
149306304,-1.567129126482257
149306305,1.0749548636548099
149306306,-0.20383149658475475
149298611,-3.3843224930977414
149298614,-5.375541785255635
149298616,-3.823556811599161
149298617,
149298619,-1.7995461214582207
149307201,-2.6456230686346416
149307203,-2.816152464798108
149307204,0.2981065251880537
149307205,
149307206,1.0414415985450312
149307207,-5.739417844653289
149307208,0.8359121406364594
149293836,-0.21320010368898723
149293837,-0.14227902818824179
149293838,
149293839,-0.17842599315999852
149293845,3.193203819912446
149300038,
149300039,-0.16321402189549872
149300040,-1.6457627644397803
149300041,-1.7446872969332503
149300042,0.08561081867344456
149300043,-0.16213825340139465
149300044,-1.7858679335207626
149300045,-1.5936984784270294
149300046,-2.892122352241813
149300047,-0.8004930286236345
149308913,0.3267999132987569
149308914,
149308916,-0.9899040697870447
149298591,-4.390875159309477
149298592,-7.317992334215857
149298593,
149298595,-3.5832300290154624
149298596,-6.615509568524015
149298597,-6.742011149973173
149298598,-3.710547214450333
149298599,-7.7148694393943735
149298600,-7.017949691947262
149308683,1.1095716899398838
149308686,3.3876526293340135
149308687,
149292803,-1.268825642696962
149292808,
149292809,-0.007793017923050982
149292810,-2.2986971015869617
149292811,-2.311290108147956
149292812,-3.2239301329766583
149297525,-0.4386084138559525
149297526,0.5930931074164292
149297530,0.2658725536657869
149297531,1.0721153894987694
149297532,
149297534,1.05768027146771
149293183,-3.028201311157794
149293184,-2.333132408555656
149293185,0.1458883846384964
149293186,-2.809635036974086
149293187,-1.8986233435160642
149293188,-2.6321252457057938
149293189,-2.3574006568113575
149293190,-3.194068869562628
149293191,
149293192,-1.1192991045938
149297504,-2.7243966827422383
149297505,-2.3096197636008498
149297506,-2.8892610391304387
149297507,
149297508,-2.689332738972638
149297509,-2.894281904791491
149297510,-1.4121146177595492
149297511,-2.4257644147323347
149297512,-4.600305901877313
149297513,-1.6839416114575982
149298038,-2.2933227720134752
149298041,-4.152662045421309
149298042,
149298046,-0.34674919811498484
149299973,-4.370898286501344
149299974,
149299975,-5.972391052316041
149309855,
149309856,-1.2321705952751647
149300536,-4.10442858617192
149300537,-4.040008318693523
149300538,-2.8237410763075417
149300539,-3.2333762597968416
149300540,-3.338978429988302
149300541,-3.800985437748011
149300542,-7.232985329153664
149300543,-7.114154046364533
149300544,-4.679353740893035
149300545,
149306706,4.59073354290128
149306707,6.334409544622968
149306708,3.0634771437074946
149306709,3.6891594323257095
149306710,0.45854711402262893
149306711,2.9947399547339195
149306712,3.093619695290858
149306713,1.7085069796182637
149306714,
149306715,7.101481360904078
149300382,-3.5928351013990216
149300384,-0.3760942709674282
149300386,-0.20082343021931948
149300387,-2.5345510780914218
149300389,-0.42613399535607144
149300390,-1.9785934254835595
149300391,
149306307,-3.9090801050336097
149306308,-3.919389252301201
149306309,1.6032390296773826
149306310,1.5989764317603914
149306313,-0.008775205745905623
149306314,
149306315,-1.591365891562802
149306316,-1.6147889534656912
149307958,0.3978700068654337
149307959,0.3831210779548351
149307960,-0.001709868397292924
149307961,
149307962,-1.877948701374208
149307963,-2.229195385672196
149307964,-1.5772261910651524
149307965,-1.5778178144698702
149307966,1.2292293380873263
149307967,1.2099175114601577
149308820,2.6792144121216026
149308821,2.557236728612672
149308823,0.07001180775062466
149308824,1.5791976639116996
149308825,2.631826931001484
149308826,0.3485855475140198
149308828,
149308829,0.1279949383044965
149292835,-2.2377237400918943
149292836,-0.7810555346238459
149292837,
149292838,-0.6049684046069501
149292839,5.136140276645236
149292840,-1.6815239137988556
149292841,-0.8665300076506384
149292842,0.1669632923775879
149292843,-1.116481265502287
149292844,-1.1679795600701794
149307611,-0.8335478154796121
149307612,-0.4605537477083175
149307613,-0.2571534621078442
149307614,
149307615,-0.6094501577885367
149307616,-0.37221633318065983
149307617,-0.3253089486281624
149307618,0.2800074200602012
149307619,1.8748995584206085
149307620,1.6821810725204287
149292971,-0.666770855869828
149292972,
149292973,-2.423300365807691
149292974,-0.47011544886075285
149292975,-3.6321053914461032
149292976,-1.1078324189867885
149292977,-3.71505692163511
149292978,-0.6856342974304113
149309018,0.12536908143242442
149309019,1.150904678912326
149309020,1.5647209958197976
149309021,-1.811956744246345
149309022,1.1482918918225806
149309023,2.7528257793099584
149309024,0.6673162855445867
149309025,2.5147648115294743
149309026,
149309027,-12.434386303016169
149307704,-0.5273186270112404
149307705,-0.17392693937345882
149307706,0.37719980716050827
149307707,-0.7974707382460196
149307708,-1.799257927473974
149307709,-1.2271996039709592
149307710,
149307711,-1.1943240192459115
149307712,-1.7209135815352852
149307713,-0.6679599087400732
149297765,1.1143550076741775
149297768,0.5380840211910822
149297772,
149297773,0.8652366844851826
149306357,
149306358,0.23032830357667677
149292702,-2.9640914034704906
149292703,-2.420932352034484
149292705,-0.12772797412344516
149292706,-1.5837128184030433
149292707,
149292708,-3.4613933907071015
149292709,-1.8717918112497642
149292710,-0.5019599402933892
149292711,-0.4199268859208587
149293629,-14.64305877877564
149293630,-15.65949004551453
149293631,-14.165976307097026
149293632,-26.33147245128646
149293633,-25.68010169509364
149293634,
149293635,-20.81358020470418
149293636,-16.5212107971563
149293637,-18.716237740649035
149293638,-20.865374950516298
149299545,-2.6718368936758665
149299546,-3.3392558334623743
149299547,
149299548,-1.4205318680192818
149299549,-2.5843557408532263
149297398,
149297399,-0.5289931685848472
149297400,3.177769524318613
149297401,0.2532452299771393
149297402,1.7729588273548416
149297403,0.5521549774597929
149300028,0.03684256234174654
149300030,0.20412048615759204
149300032,
149300033,0.14340040239000018
149300034,-0.48454767940557986
149300035,-0.25698780321488357
149300037,-0.2979821152371187
149309157,-3.1523193949180666
149309158,-1.8981796765229433
149309159,-0.8556851984894536
149309160,
149309161,-4.838050982295755
149309163,-6.392152294931606
149309166,0.9855736397329338
149307141,0.6941048560635608
149307142,-0.35911146070732247
149307143,0.6893738901523818
149307144,1.319357810205382
149307145,-3.112894507079515
149307146,-1.7644047589500311
149307147,-0.059073565473323875
149307149,-0.9937674357235604
149307150,
149291869,0.29539792684031596
149291870,-0.9583679496033639
149291871,-1.4354010209371992
149291872,
149291873,1.214421843616634
149291874,1.2120276730115478
149291875,-0.5319909472431803
149291876,0.885124191531709
149291877,-0.24744452552388907
149291878,0.30549834083774385
149308047,-4.8098235841751205
149308049,-4.863374719250531
149308050,-3.456052187651018
149308051,-7.887097775622825
149308052,-3.963095430872805
149308053,-4.910765039796113
149308054,-2.6674257428005195
149308055,
149308056,-5.35290529789043
149298547,
149298548,1.019731287012906
149298550,2.5267094361752163
149298551,0.47016832951360943
149298552,1.5915480901362251
149298553,0.9249145349723102
149298554,1.4105439103693964
149298555,2.2399207254415074
149298556,0.15188875396660606
149292927,1.6536450619095149
149292928,1.4522631565844435
149292929,1.507044556328303
149292930,1.5747715518397811
149292931,-0.19534654743684854
149292932,-0.18785140678738088
149292933,0.0106242731689008
149292934,
149292935,1.8483715946626589
149292936,2.002450974897009
149309070,0.6839102692327685
149309071,-0.38510949169764785
149309073,
149309075,-2.463189185440399
149309076,-0.47280976570291955
149309077,-3.7385101949305692
149309078,-2.025289168412513
149309079,-1.4920031402444067
149297798,-0.8481302255373677
149297800,
149297801,-0.766562552675893
149297802,0.5843011452882223
149297803,-0.6047352464460118
149297804,-0.6578041101086001
149297805,-2.0765430014769635
149297806,0.4107205050635301
149297807,-1.3025108113925654
149299439,1.7978670859614567
149299440,-0.6065588612098907
149299441,0.28599963931299044
149299442,2.4981611426787254
149299443,-0.750958763503462
149299444,-0.2153933135513455
149299445,
149299446,-0.2787260515770811
149299448,0.9761171921091432
149291687,-2.596380422301168
149291688,-0.60077349123776
149291689,-2.952411600131043
149291690,-2.5962579908573176
149291691,-2.7088567547255664
149291692,
149291693,-0.7163572504593123
149291694,-2.382104443455555
149291695,-1.2465304126376608
149291696,-3.1431598204418556
149308950,-2.450678227761344
149308952,0.04333077039260047
149308954,-0.34257468859557605
149308956,
149309600,
149309603,0.12339286127279969
149309604,0.301341809371344
149309605,-0.04116254630926086
149309606,0.07231475940271181
149309608,0.37757325004757725
149309609,0.5784534368782062
149309749,-0.5195683816879288
149309751,-3.3412247954356538
149309752,-1.8064683136099156
149309753,-1.5206432319656393
149309754,-0.0642521605304367
149309756,
149309757,-1.442760665320364
149306934,-0.050227292416124225
149306935,
149306936,-0.9174709323136119
149306937,-1.1801006670255365
149291547,0.018090516251767497
149291548,
149300404,-0.007777703070081188
149300405,
149298758,
149298759,-2.9045806326667716
149298761,-1.532021816021583
149298762,-1.6555998091182005
149298763,-1.447685814278536
149298764,0.014285931437207466
149298765,-6.7857967755024475
149298766,-5.502720074574171
149298767,-2.113165542717816
149298651,4.105821024131643
149298652,4.009995875395823
149298653,1.9817654360488675
149298654,1.9967401999428844
149298657,
149298658,2.189187799596084
149298659,2.230370681527461
149298660,0.028912124025751496
149308212,-1.1698500279197184
149308214,0.18146432716957506
149308215,-0.4783503285558375
149308216,
149308217,-0.19676458228510008
149308219,-0.896891339123437
149308220,-1.3077244741185847
149308221,-5.793066136879391
149292204,-2.0357781689683274
149292205,
149292206,0.004240442193729432
149292207,-1.6436529752813382
149292208,-3.275136044316427
149292209,-1.6468277807859812
149292210,-3.2282467804846764
149292211,-1.367860007132975
149292212,-3.6205058141495225
149292213,-2.342417154687918
149291955,-3.968256611229883
149291956,-3.0756752928638917
149291957,-6.589978390491051
149291958,-7.957112494323081
149291959,0.2900014404486697
149291960,-3.4673734692171614
149291961,-3.6111639567408886
149291962,-3.8486961277413485
149291963,0.3338784087015938
149291964,
149291531,
149291532,-0.016089437373203452
149291533,0.5883164281990076
149291534,0.5922464536993175
149299731,-2.60772190834939
149299733,-1.6935940334822988
149299734,-3.756138394000402
149299737,-3.5444548837070897
149299738,-0.6028058009855215
149299739,
149299740,-0.3126663895114348
149307321,-1.006029875645055
149307322,
149307323,0.2805162538924293
149307326,-10.234388097914078
149307329,-2.140777548642035
149300276,-0.728524957733697
149300277,-0.09534828774275184
149300278,-0.16378919431068084
149300279,-0.6702609204247949
149300280,-0.07277473791856437
149300281,
149300282,0.43131212518485995
149300283,0.4862895555100408
149300284,-0.6898671309427584
149300285,-0.0006653192863836921
149297869,
149297870,-4.00163939383911
149297872,-4.53588690457422
149297877,-4.029969485358354
149297878,-0.8871730370082922
149291805,-3.382256729673017
149291808,-3.1093101243492995
149291810,-2.890794200966212
149291811,
149291813,1.486460185010884
149291814,1.5532428425256484
149291825,-2.602044448585957
149291826,-5.506362846568649
149291827,-5.169718272467712
149291830,-5.437775824304339
149291831,1.7252329428632507
149291833,
149291834,-5.154644051711564
149293582,-6.239036540878132
149293583,-5.789759091200395
149293587,0.00011915882782886911
149293588,
149293589,-5.794773670549141
149293590,-6.3004083471618415
149299272,0.004772238741317381
149299273,
149309630,2.869588388011133
149309631,-0.20870216981581535
149309632,-1.9941183313290871
149309633,-2.8681873126945083
149309634,-2.0112795644456796
149309635,
149309636,-1.9010787010670445
149309637,-5.003193015573338
149309638,-2.843859501477062
149309639,1.8768594741369906
149298671,-3.3337610065512138
149298672,
149298673,-5.52106715294336
149298674,-0.6004877529813655
149298675,-4.84998475524948
149298676,-0.9693704708800794
149298677,-3.346711177789089
149298678,-5.024251017971835
149298679,-2.5837658924612725
149298680,-3.562853768932584
149299701,
149299710,0.27409549033645497
149309137,-1.0225642934803432
149309138,-0.7419900918702211
149309139,-1.5705413600178701
149309140,0.5171864458685818
149309141,-0.4339068224893978
149309142,-3.8225186120098726
149309143,
149309144,-3.012435273530457
149309145,-4.332505617484593
149309146,-1.728800834442552
149292959,-0.7828123690873028
149292960,
149292961,-0.8669690045120504
149292962,-2.2307762736469527
149292963,-1.701184542006743
149292964,-1.2595296946709524
149292965,-2.7808084382562726
149292966,-0.6216343953229497
149292967,-2.8147617555246143
149292968,-1.0232046993735224
149300048,-0.4008211083400681
149300049,-0.22964187139399428
149300050,-0.48892107946440433
149300051,-0.1036182642066592
149300052,0.05113112390642982
149300053,0.1848702637714723
149300054,-0.2326724117214951
149300055,
149300056,-0.8966634535648268
149300057,-0.9580743208703097
149293750,-3.881029572888309
149293751,
149292855,-1.5850677136256337
149292856,1.4163631399094214
149292857,1.3883163008122636
149292859,-0.6961134088856085
149292860,1.1684513394214804
149292861,
149292862,1.7254940518561597
149292863,0.420631242269053
149308836,-1.8144539963990667
149308837,-2.207033465430939
149308838,
149308841,1.0165099657264705
149308842,0.063438267514357
149299741,2.7240236791159695
149299743,1.6757826286766893
149299746,0.6344938690351043
149299748,1.6538014084694872
149299749,0.1605261171872634
149299750,
149299898,-2.5981591111934392
149299900,-2.7955128562580747
149299903,-1.1664022540515262
149299904,-0.4056814869425036
149299905,-1.7486960242265095
149299906,-0.210929191442073
149299907,
149299127,0.39198803078249966
149299128,0.29208230423239456
149299131,-0.011452948146484232
149299132,
149291763,-5.111082541215971
149291765,-5.591611342562317
149291768,-5.105378356896246
149291769,
149291771,-3.4374289747008717
149291772,-5.720823850795448
149309806,-0.026818499191806566
149309807,
149309808,-0.7170956853481201
149309809,-0.8564849243737056
149298204,
149298205,-3.1469652654441234
149298473,-0.8289149577880721
149298474,0.2650989459733992
149298476,-2.116040953545607
149298477,
149298478,0.014259373548796361
149298479,-1.3658420514638294
149298480,0.011698206885540685
149298481,-2.662639260337471
149298482,2.2664629493585267
149291665,2.2662094350083635
149291666,2.2619901765394275
149291667,0.05882607370176629
149291669,
149291670,-0.5550733442219666
149291671,-0.558894835107651
149291672,-1.8765309910056658
149291673,-2.4047151743932886
149291674,-0.17827269152456893
149308433,-1.3903323083201258
149308434,-1.8924077486654625
149308435,-0.8857585600620368
149308436,0.7753820410379078
149308437,-2.5794192091462236
149308438,-1.2949069899766315
149308439,0.6391336005947181
149308440,-1.107983906881124
149308441,0.9932170768169399
149308442,
149299040,0.05151153426324129
149299041,-0.43364429477533406
149299042,
149299043,0.8859473483337297
149292845,-0.7072179480339997
149292847,
149292848,-1.4147995010283836
149292849,-0.6396594845935084
149292850,0.278770690023066
149292851,-4.2566256287856845
149292853,-3.776680372941712
149292854,-0.8574620859606199
149307539,-4.207984558921886
149307540,-6.561998601234016
149307543,-1.0339364642884377
149307544,-1.0503299009045506
149307546,
149307547,-1.9282420678004293
149299505,0.2914073320798707
149299509,0.45605336834557875
149299510,0.19936189419991024
149299511,0.43993002518641333
149299513,
149299514,0.39404095640463765
149308893,
149308894,-6.314733722884807
149308895,-1.9407080526025169
149308897,-6.639796959470425
149308899,-3.5515492568217137
149308900,-7.44437590532527
149308901,-0.5771187214948004
149308902,-5.523910725891573
149292949,
149292952,-1.0886408645612846
149292955,0.04713727064316231
149292956,-0.16044457532194656
149292958,-0.054244670654838956
149309610,0.32628260617030946
149309611,-1.8535922034038066
149309612,-1.49943321899255
149309613,
149309614,-5.546907186768621
149309615,-6.607904498111054
149309616,-1.8532369256134587
149309617,-5.915906406522467
149309618,-7.100080452190824
149309619,-2.903351616073479
149309521,-1.2894612745479215
149309522,-0.7586940671288716
149309523,0.6844873566159606
149309524,-1.0028296382305761
149309525,-0.7153469957187717
149309526,0.6800593458215971
149309527,
149309528,0.7312384672653955
149309529,-0.016415874094874994
149309530,0.3810577589057118
149307284,-1.3683590709311062
149307285,0.611322470980376
149307286,-1.2150807484524435
149307287,-1.9540311071094791
149307288,-0.7226848986648378
149307289,0.3245688325119005
149307290,
149307291,-3.1600288538880434
149307292,-3.1268828315861867
149307293,-2.524918942393036
149298281,-0.6375895147799042
149298282,-1.1549023605379034
149298283,-0.9810413684586194
149298284,-1.8948168407842445
149298285,
149298286,0.08158623546731292
149298287,-2.0926698340608993
149298289,0.6582553960893165
149298290,-2.301365305141985
149300445,-0.049850815749980626
149300446,0.06377042602198557
149300447,0.26507486800455027
149300448,
149300449,-0.8335106421966785
149300450,-0.7102311181815821
149300451,-0.46071438579573254
149300452,-2.8364166492584566
149300453,-1.1708136477519986
149300454,-2.6964753299798687
149307171,-1.6289715727477585
149307172,-3.0525482356406073
149307173,
149307174,-2.470610814264951
149307175,-5.024335642059718
149307176,-6.38620136723106
149307177,-1.4099768761020144
149307178,-4.186706499661923
149307179,-4.769965246639906
149291563,-0.4261141440248739
149291564,-0.9200397626710837
149291565,
149291566,0.10463303308497363
149291567,1.9370672508638007
149291568,-1.3233036568028131
149291569,0.6201923616088889
149291570,1.7519245020998762
149291571,1.9956710522274
149291572,1.5307439135660177
149293639,0.222396028174785
149293640,15.043339373598087
149293641,-1.1122022301025254
149293642,-0.10647884002514729
149293643,
149293644,-1.0623783094201826
149293645,8.105338858359573
149293646,3.1746016712829714
149293647,9.663769086017169
149293648,14.418772155095894
149309223,
149309225,0.8692419405117278
149309226,0.417444088473502
149309227,2.0789598660799555
149307694,
149307695,0.0248988637698222
149307696,0.25000853147342905
149307697,1.0787586330434555
149307698,3.4402229205466224
149307699,0.2312117604466346
149307700,3.460939602366569
149307701,1.6223481303070173
149299347,0.08039864738437075
149299348,
149299349,-2.1870323733079893
149299350,-1.4253718382565275
149299988,-4.215567002137618
149299989,
149299993,-4.441549643987734
149300400,-2.419123267760156
149300401,-1.1677543236780537
149300402,-2.1839220032076696
149300403,
149291856,1.9099740032916515
149291857,-2.2621907043743334
149291858,-2.7852576581055217
149291859,-1.6993901995504501
149291860,-2.9051443674035085
149291861,-2.0356728313731622
149291862,
149291863,0.9983020557819628
149291865,-0.15100691215440065
149300526,1.7989506044435615
149300528,-1.1548640134134587
149300529,
149300532,-1.2197331895029038
149300533,1.5722673236323175
149300534,1.5443945303110382
149300535,-3.709177616082428
149309660,-0.4331122255579771
149309661,2.2794566496223183
149309662,-0.9629994954573249
149309663,0.5950872335390329
149309664,1.3476953151762814
149309665,1.949548847375297
149309666,
149309667,4.878541408639165
149309668,-0.053206156946458805
149309669,1.2268463530893143
149307671,
149307672,2.2631400339949295
149297346,-0.816487466275369
149297347,-0.48577438272212703
149297348,0.3088202422216142
149297349,-2.6651769242724157
149297350,-1.1749963551502773
149297351,-1.2762084074402864
149297352,-2.027079743850365
149297353,-2.192435424191558
149297354,
149297355,-1.8373180754989846
149293078,0.42717351891523947
149293079,-0.18942279945785856
149293081,
149293084,-1.4479277825880104
149293085,0.6547952928002658
149293086,2.13072523968782
149293087,1.5344271563257763
149292264,9.12787338947436
149292265,7.3955787390686964
149292266,3.073569712573942
149292267,3.0817624751930737
149292268,6.40156817323583
149292269,3.8666757751578302
149292270,4.18889884649559
149292271,3.2513908778250595
149292272,0.22942207214441623
149292273,
149292478,
149292479,-2.6560469574606316
149292481,-1.188583176885885
149292482,-5.249465503651862
149292483,-3.853215242256425
149292484,-6.796850176390677
149292485,-9.232399578920507
149292486,-10.818435724302418
149292487,-3.6005354122839606
149307180,-8.910659699548546
149307181,-6.374020893188288
149307182,-8.174758136088542
149307183,-3.295175865772137
149307184,
149307185,-6.025958974253399
149307186,-5.450593342639422
149307187,-7.92257071170792
149307188,-9.117388253744934
149307189,-8.209341815550374
149306537,-5.805753113752068
149306538,4.7088387060356
149306539,-7.971119745334036
149306540,
149306541,7.554254034797168
149306542,10.45662975981925
149306543,-1.6123967818331693
149306544,2.8915294632932316
149306545,-2.5299103037665844
149306546,15.698924567366745
149306568,1.7422327710825982
149306569,-6.238462954326181
149306571,
149306572,-2.2288571220699396
149306573,-1.9905171366453942
149306574,3.857161765854684
149306577,-1.9318808253248108
149291975,-1.162473133124637
149291976,-1.8327200703814395
149291977,-4.524264408974998
149291978,-5.918760762875776
149291979,-1.1728376754212402
149291980,
149291981,-0.15431514709870164
149291982,-3.650387923294204
149291983,-5.923639208248323
149299616,-2.152161262003883
149299617,-2.61232806301964
149299618,-1.8586506882898792
149299619,-2.639561365761301
149299620,-2.9919770439222315
149299621,-3.0679011027597918
149299622,-3.928893299592633
149299623,-2.207605507687842
149299624,-2.787699282977968
149299625,
149297716,-0.8210894233793482
149297717,
149297718,-0.2965085913813965
149297719,0.333764079754701
149297720,-0.18780974481111912
149297721,-0.8301221243032728
149297722,1.5617943132172911
149297723,0.568073215465958
149297724,-0.41700481046184734
149297725,1.2041347332404087
149291495,-1.583618795844984
149291496,-1.5869863057420872
149291497,-0.7926730357108909
149291498,-0.5896536432601494
149291499,-0.058131761657733705
149291501,
149291502,0.03458081936970814
149291503,2.7757458802048802
149291505,-0.2466695490349906
149291506,1.416594787711773
149291815,-3.424192039133189
149291816,-3.154573819887581
149291817,-3.25865608335166
149291818,-2.9599241024955774
149291823,
149291824,0.09820223417704455
149293386,-3.086353045819802
149293387,-1.4276620838972534
149293388,0.14099753617254152
149293389,
149293390,1.5426487690699275
149293391,0.23690030110466154
149293392,1.6064918021008303
149293393,-0.2792111339106569
149293395,-2.583866221265808
149298078,-3.3750175507725544
149298079,-1.3856712854191073
149298080,-4.281301451860372
149298081,-4.551805627467388
149298082,-4.098653234279482
149298083,-5.839100277306102
149298084,-1.6338379759793042
149298085,0.16690835764899248
149298086,
149298087,-2.5951619933542247
149300068,-2.6929588942951455
149300069,-1.6909786086152678
149300070,-0.0010662798163565412
149300071,0.8712612554093511
149300072,-3.3852121203158703
149300073,-2.1268789257914023
149300074,-2.6783487543302016
149300075,-1.6807343955490808
149300076,1.1569595602282732
149300077,
149291803,
149291804,1.156116232911785
149291937,-0.6022372101750015
149291938,-0.10491053879434276
149291939,1.5051333830792828
149291940,-0.12690425120802473
149291941,0.7847511696083984
149291942,-1.0736614180521578
149291943,-0.615516498750182
149291944,-2.0506714985761434
149291945,
149291946,0.15694198107051704
149307792,-1.256912230050517
149307793,-1.4402254488712174
149307794,-0.9404116297603764
149307795,-0.9493430823099231
149307796,-0.02815681932892744
149307797,1.953608484178801
149307798,-1.9371093441371556
149307799,2.0421467647356337
149307800,
149307801,-3.8700265937252993
149299908,-0.535716789626357
149299909,-1.3556946000865633
149299910,
149299911,-0.4684057585172168
149299912,-0.7360350532160931
149299913,0.3446534251504456
149299914,0.47245982497113026
149299915,-0.9005829535404617
149299916,-0.9119424869171864
149306763,-7.937797515335134
149306764,-8.921883499272298
149306765,
149306238,0.27165464729629285
149306239,0.09834877179361268
149306240,0.05867632761675079
149306241,
149306242,0.4543263486820579
149306243,0.5470540674121023
149306244,0.08028021952098374
149306245,0.06608177488240186
149306246,0.17744332685801467
149306247,0.7522422860584319
149298228,
149298230,-0.14985252353425715
149298231,-0.08081301733750035
149298232,3.441389250418169
149298233,3.442718789778235
149298235,0.08120367952722174
149298236,0.413263930381627
149298237,2.4640662424586366
149293859,
149293860,-0.49287281127236326
149293861,0.20752551060213875
149293862,0.9394325614635761
149293863,0.1568412202107936
149293864,0.35871093988600933
149293865,-0.5219189755349163
149293866,2.044320252461276
149293867,-0.6104983673042739
149309201,-2.018632550143508
149309202,-2.4984826237453746
149309203,-2.1527360681023
149309204,-2.0949100016052284
149309205,3.3323737988688293
149309206,-2.1714695473117445
149309207,-1.7939160961949199
149309208,-1.7811034463392303
149309209,
149309210,-3.8482135517430294
149298768,-2.395366098886008
149298771,-1.6540583798116373
149298772,-0.33530514326193384
149298773,0.9893678052033792
149298774,-1.0698459544551753
149298775,1.5193992509136294
149298777,
149293714,
149293715,-1.5219186261383584
149293716,0.01781360761015094
149300511,
149300512,-2.213259641753858
149300513,-0.7947787761717962
149300514,-3.7837989481996246
149300515,-1.8391590491743415
149308806,-2.0361709552797365
149308807,1.6626003028409286
149308808,0.13227326948791074
149308809,
149308810,-1.2785267140209768
149308811,-2.2183475279242373
149308812,-0.009217564864471228
149308813,0.2043771647880348
149308814,-0.41896968697047043
149308815,-3.640388007030573
149297905,
149297906,-0.962896163790381
149297913,0.10005851225017004
149297914,-1.8475245918412515
149308772,0.08361011517774841
149308773,1.1197073874524506
149308774,-1.8246866869484677
149308775,-8.119564398534067
149308776,
149308777,0.44354746324790995
149308778,-1.9073745822201147
149308779,-2.5379404329956117
149308780,1.8645128612154167
149308781,-2.3727520555531214
149307583,-5.695704047284153
149307584,-5.920402261428848
149307585,3.96752515687308
149307586,-2.2643996716242896
149307587,-1.4092497137526152
149307588,-3.8179765139296933
149307589,-3.7923490707177336
149307590,
149307591,-5.535354077860546
149307592,-6.62304703093352
149308855,-0.25150191701997926
149308856,-4.3702904967084635
149308857,-3.0719522871367673
149308858,
149308859,-1.107069045272823
149308860,-1.1529582024996188
149308861,-1.4214473546656876
149308862,0.8289848079138551
149308863,-0.214128107712952
149308864,-3.863126471106085
149307739,
149307740,-0.007442619457620481
149308262,
149308264,2.3780591535152844
149308266,0.0635981602553457
149308267,4.574186599204069
149299606,1.5239022544019036
149299607,
149299608,1.7277286310320719
149299609,-0.3381760344692779
149299610,1.6165118154621325
149299611,1.8915144506260688
149299612,0.013560228337517799
149299613,0.09279184797429707
149299614,0.05374371102130482
149299615,-0.0426803856398692
149293727,-6.55132373979427
149293728,-13.919423487409176
149293729,-9.802877492290463
149293730,
149293731,-7.979694317890335
149293732,-7.4422578989617705
149293733,-4.588892944595727
149293734,-15.84067645223081
149293735,-9.865079109916223
149293736,-9.70823747920167
149298058,0.9792239075892297
149298059,-0.7679672330448639
149298060,-1.6507816907117885
149298061,-1.138843435931335
149298062,0.01589503861393382
149298064,-1.0849241459414145
149298065,4.658561848169484
149298066,1.1628748512054088
149298067,
149292813,0.07524748374018486
149292814,2.2583288416589227
149292815,2.5078188711267018
149292816,1.6781728722783953
149292817,-0.31716244184018194
149292818,2.6913357725183715
149292819,
149292820,1.7719105464264686
149292821,2.83811595108385
149292822,-1.0124385294354994
149291650,3.09802933530824
149291651,3.9956705310089546
149291652,-1.3127882644877218
149291653,1.7493073525886587
149291654,0.1533070300106374
149291655,
149291656,2.3354534524693236
149291657,4.646058033520944
149291658,2.3845628092811637
149291659,1.0972372664498948
149298750,
149298751,4.162483150974225
149291610,0.6440753498692402
149291611,0.6429220292007329
149291612,-0.194994768073542
149291613,3.3447054173805526
149291614,
149291615,2.9689980993663028
149291616,3.7836359773749706
149293816,-4.888944264571336
149293817,-4.474383602283069
149293818,-3.281471242780981
149293819,-3.856398881618361
149293820,
149293821,-5.404869945385144
149293822,-1.4200776830510904
149293823,-2.8828193487620126
149293824,-3.9839689047653337
149293825,-5.0080269711816925
149307076,-0.4631793281333074
149307077,-0.6149929600133923
149307078,-0.922267104181234
149307079,0.8796724265556044
149307080,0.12224162115586878
149307081,-0.202889925064607
149307082,
149307083,-0.05192934122597492
149307084,-0.031825622865788716
149307085,0.6741384264735508
149298148,3.044197454690533
149298149,5.4678909587598525
149298150,3.6662551637939487
149298151,5.104039974196112
149298152,
149298153,-4.019212187319042
149298154,3.0505718622740687
149298155,-10.11009786802407
149309191,0.44033259125478175
149309192,-3.331891728724951
149309193,-3.2625574221972933
149309194,-3.2612187739409784
149309195,-0.13590652980915863
149309196,
149309197,1.7700057192910048
149309198,1.6160961927237256
149309199,-2.9132739819374365
149309200,-2.9065461137140804
149293768,
149293769,-0.3344945779441346
149299596,-1.8259151391036923
149299597,
149299598,-1.5603507090017246
149299600,-1.40748615066056
149299601,-0.8902771135522016
149299602,-2.449076954351213
149299603,-6.168921330332552
149299604,-2.822294147348778
149299605,-2.1279647440085085
149297697,1.6084123777881558
149297698,
149297699,6.32727800497878
149297700,4.300601177999653
149298573,
149298574,0.0003314601638635395
149298576,-0.029529710935962017
149298577,-0.0297349512787215
149298579,-1.4721457232800566
149307035,-1.5173697705304932
149307036,-1.5143756443858685
149307038,
149307040,0.007385047264229172
149307041,3.5991785880029212
149307042,1.551535285189697
149308408,-0.8350396202150421
149308410,0.009662825350403637
149308411,
149300455,2.771870948947651
149300456,3.67594541748889
149300457,
149308404,0.42697405114631826
149308406,
149308407,-0.1494436713966949
149299819,-2.3668508346876056
149299820,-3.3321504304356946
149299821,
149299822,-1.3574455974607922
149299823,-0.03699794476815654
149292865,0.3249591349279939
149292866,
149299177,0.33844949759228626
149299178,-0.0006569844869179775
149299179,
149298353,
149298354,-0.0002997321359714533
149306400,-3.975614248216033
149306405,-2.4685486390754647
149306406,
149308923,-0.34521545342859383
149308924,
149298398,
149298399,-0.006364295148600263
149308716,-5.080683338239396
149308718,-0.6064243832605314
149308719,
149308979,-5.254257361691856
149308980,
149308981,-2.8757853251305505
149308982,-0.21153527576436204
149291889,-2.4474730763228667
149291890,
149293353,
149293354,1.604715676965128
149293525,-2.2090821732153927
149293527,1.3271482923805706
149293528,2.405794989544745
149293530,2.669806282260879
149293531,2.4080826480826545
149293532,
149293533,2.669698064730653
149293534,-0.6768614707411871
149306775,
149306776,0.0001962602086398313
149306777,-2.243938354330417
149298130,7.010071551048817
149298131,4.261593553591325
149298132,4.8767888503722645
149298133,
149298134,-0.3707541745181402
149298135,
149298136,-1.341790013309847
149298137,-0.3546766341062835
149298138,-0.12121312182547683
149298139,-2.7369781999034615
149298140,-0.5330427484775555
149298141,-2.3282436804424265
149298142,1.8411672438460158
149298143,2.0589743802652407
149298144,
149298145,0.5585810924586809
149298146,0.5753717066791637
149298147,0.0020630415771307753
149309759,2.8935933887041756
149309764,3.2294821149297235
149309765,1.452797865303694
149309767,0.6689358347198464
149309768,
149300489,-3.19212403496217
149300490,-3.2152980324065794
149300491,-5.565928268997816
149300492,-4.063558446392165
149300493,
149300494,-3.6299637220710324
149300495,-3.372571193428975
149300496,1.2820869883586425
149300497,-6.417618545937216
149300498,-3.434170331854638
149297711,-1.2954422402060395
149297712,
149297713,-1.0556260875447414
149297714,4.915895843790189
149297715,4.5380528430836495
149299765,-3.4881246213135455
149299766,-2.910970486855348
149299771,-2.819309049787904
149299774,
149292979,-3.575499398312587
149292980,-2.6862343040905614
149292981,-2.603709583059839
149292982,-3.62524676584124
149292983,-5.6343235236694795
149292984,-6.02405905375187
149292985,-2.2538360851172285
149292986,
149292987,-4.615226721649066
149292988,-4.88490839035228
149294257,-1.2244837393681678
149294258,-0.9625535360309527
149294259,6.758800489581688
149294260,-0.19075370807496483
149294261,-0.44185185551862105
149294262,
149294263,1.002126249960213
149294264,-1.962391620178039
149294265,-0.9579030100413775
149294266,0.1102796050228676
149298126,0.7336032777292303
149298127,
149298128,3.718886067998625
149298129,3.509766886913141
149308194,-2.0131689663646313
149308195,-1.6536799868442245
149308197,-0.012544903016134867
149308198,0.7216683000905135
149308199,-0.7466793239010627
149308202,0.6376317867438814
149308203,
149306218,
149306219,-2.2319545473597913
149306220,-3.1080055891650176
149306221,-1.183815519504165
149306222,-1.8478294721073354
149306223,-1.0628874178434913
149306224,-0.8306493483160438
149306225,-3.998022295490941
149306226,0.38550203074039047
149306227,-0.395922613393779
149308204,
149308205,0.006003704706728286
149293717,-12.73656985591765
149293718,-13.208745598282576
149293719,-5.112312507031447
149293720,-13.450964934199419
149293721,-5.348663868910307
149293724,-9.403536627736003
149293726,
149293669,-7.233673607771152
149293670,-9.712504670569842
149293671,-10.289263901341656
149293672,-9.563100733685701
149293673,-7.845623027616853
149293674,0.5089137454356205
149293675,
149293676,-2.9409544104379393
149293677,2.022408954703792
149293678,-12.856286630322415
149306692,-7.2074486253354975
149306693,
149306694,-0.0008090195932808353
149306695,0.27039881884532413
149299351,
149299352,0.4282837158212871
149300509,-0.492281235831058
149300510,
149306360,-1.6302685694758665
149306361,1.0755764667831613
149306362,
149308495,-1.4437330248378046
149308496,
149308499,1.0640457387758815
149308500,-1.6613026075941306
149308501,2.2060632484403797
149306778,-4.225444539271653
149306779,
149306780,-0.1959280091208857
149299031,-0.0007316901609861759
149299032,
149299036,-1.970404452606342
149299037,
149297287,1.0810909407780471
149297288,
149291866,
149291867,-0.3707678396555103
149291868,-0.38932295148974916
149299209,-1.537530537978912
149299210,
149299784,
149299785,0.3975604451714263
149297381,
149297383,-0.9541254316869612
149297385,0.36733050830540037
149308448,-2.3770313038765103
149308449,
149299270,2.2891999572891564
149299271,
149298434,0.7507616694652697
149298435,-1.4079609240175586
149298436,
149298437,0.0003519886415475071
149298438,0.21231896088580982
149307096,
149307099,2.8140787041210427
149307025,
149307026,1.5340383788095266
149307416,
149307417,1.1934051973370927
149307418,1.1925267112156028
149309463,0.004383980592356451
149309464,
149309466,0.09548523474723147
149306582,
149306583,0.04548327065918123
149306584,0.5240413827678996
149306585,2.318298297444139
149307505,-2.745349054842487
149307506,
149307471,
149307472,-0.0015242350174000663
149292993,1.8609313191474577
149292994,-0.1810113130069979
149292995,
149292996,1.3446466904539562
149299027,
149299028,-4.473611490134935
149299029,-2.3462331244837884
149299030,-2.3482689929955214
149297310,-2.187017549468944
149297311,
149306393,
149306395,1.1131218608750686
149306397,0.5784405174151601
149306399,0.08105448899467405
149309295,1.6827075429800793
149309297,-3.6531006344004915
149309298,1.6388793769775454
149309299,0.3918828124883049
149309300,-3.071705527490959
149309303,
149299826,-0.04179568758160146
149299827,
149299828,-0.41000315099020535
149299824,-2.1986019437453628
149299825,
149308450,-4.467209880428818
149308452,-1.6143337184331372
149308453,-3.9103595717642
149308454,-1.7565827776436116
149308455,-3.0111671979623473
149308456,
149308458,-2.432836363291557
149308485,-4.496525902164887
149308487,-1.540054386470441
149308488,-2.113554172963493
149308489,-5.554075457283073
149308490,-4.04869821097709
149308491,-2.124856961089719
149308492,
149308494,-3.610625028911958
149292035,-0.24321585869537898
149292037,-0.6922273749448493
149292038,0.1238099854642769
149292039,0.8734490321415933
149292040,3.803157413438555
149292042,
149292043,-0.974485972475037
149293700,
149293701,-4.468460221317514
149291627,-0.0003782422834035515
149291628,
149291995,-0.5063598223539572
149291998,0.5038579749946024
149291999,0.5809452947143114
149292001,-0.001367554549673855
149292004,
149292057,2.0925391091846564
149292058,-2.410070783389614
149292059,-1.0970594762062689
149292060,-0.11194687259285274
149292061,-3.5253393709987364
149292063,2.154143528041189
149292065,
149292066,-1.270443723021188
149306179,-0.10069900786817243
149306180,-2.7050734439058886
149306181,-1.8151357419692715
149306182,
149306184,1.8678300585828822
149306185,-1.3097769705158413
149306186,1.2567392963223227
149306740,-0.10694122916595283
149306741,
149306746,-4.794027519384213
149306753,-0.8162090549817798
149306754,-2.9668306696520936
149306755,
149306756,-2.0406467215790265
149306757,-2.044039764055263
149306759,-1.6687860135858017
149306760,-3.1015301395446997
149306761,-5.277461321183598
149306762,-0.6370826569302768
149309317,-2.8653085249211836
149309320,-0.000441225639280729
149309321,
149309322,-0.14216843881261543
149309323,-0.14217160322451372
149309324,-2.337225585878581
149307766,-3.2549960169564685
149307767,0.24418324700850746
149307768,0.24338026333570895
149307770,-0.5655097065088626
149307771,
149307772,-7.983145764184684
149307773,-4.611142404352776
149307775,-0.6143615245222236
149297254,
149297255,1.784078537601383
149297256,-0.15401173002437574
149309670,-0.1789798341287252
149309671,-1.0894423584952193
149309672,-1.0898388983734293
149309674,-0.00016244514114305275
149309675,
149309676,0.18016780139210198
149291507,-6.213002000522081
149291508,-5.818893298396702
149291509,-4.20119566476729
149291510,-1.9590777963259853
149291511,
149294184,-2.520053295849859
149294185,
149294186,-1.1845557519348908
149291619,
149291620,-0.0036726943646385735
149291621,-1.4857052083404199
149291622,0.5158202440087223
149291623,-0.4169817783696601
149291624,-1.9787507065945533
149291626,3.0903973237560365
149292877,
149292878,0.09401469553213815
149293355,-3.0749350434829212
149293356,-1.0376644444424472
149293357,
149293358,-0.7305934183218405
149293359,3.008292111783772
149293360,3.0080703517692546
149294063,
149294064,-1.8506530126208283
149308917,-0.2872355970617235
149308918,
149308919,1.7069201647297234
149308920,3.5082481679084196
149308921,3.508222905299803
149308922,2.924862082422294
149291773,2.688966563273688
149291774,-2.7985449865272756
149291776,-2.0333267945249602
149291777,-0.9137876705558483
149291778,0.9088722624292842
149291779,-4.16465573341997
149291780,
149291781,17.93988815002119
149291782,-3.7854254814282555
149309549,0.056766972035955376
149309550,1.3783640760869478
149309551,
149293505,-7.317997040403583
149293506,3.3746604299518594
149293507,3.759296524620936
149293508,
149293509,1.0869614972925206
149293511,4.865325656295028
149293512,0.681724114635557
149293513,6.308211839615012
149293514,1.294145685261526
149309101,-1.7077047064370277
149309102,
149309103,1.500446773564562
149309104,0.6580765507393096
149309105,0.3428411924325303
149309106,
149291549,-0.5203576641011232
149291550,-0.22535059316364858
149291551,0.6272270893802592
149291552,
149293203,-1.9467261187375158
149293204,
149293205,0.38855503847187833
149293206,-0.0022331381967575226
149293207,-0.07089655567156683
149293208,1.5286990101400804
149291475,-1.194759113303738
149291476,
149293899,-2.674362821652281
149293900,-2.4954423016394998
149293901,-1.8623012562608778
149293902,-1.985760590305631
149293903,-3.478092027739308
149293904,-1.5955927572431392
149293905,1.4303591284898687
149293906,0.5220212700862561
149293907,
149293908,0.9528310123703818
149306486,0.047724287550741984
149306487,0.047893774295352465
149306488,-2.727083589827491
149306489,-2.7952327332015647
149306490,-2.7168479087729915
149306491,-2.7295471582667292
149306492,0.0014679187151269701
149306493,-5.444184389488649
149306494,-0.694704620931125
149306495,
149294061,-4.177668659034627
149294062,
149292488,-2.53755841623817
149292489,0.28582336176714307
149292490,-1.9017557137625545
149292491,
149293869,1.052723636920426
149293870,-1.0110339876744305
149293871,
149293872,2.879125035906629
149293873,1.3049243988946344
149293874,1.5309272662235855
149293875,3.3600898478135512
149293876,4.011637319913017
149293877,4.550597877515148
149293878,7.987954687797721
149300458,
149300459,-1.8196568524126633
149300460,-8.696509193674203
149300461,-6.089877861099012
149299807,
149299808,-0.041395565694656966
149299809,-1.7534774228220513
149299810,0.5770883841661885
149299811,-1.7532923413175752
149299812,-0.730588810799226
149308337,
149308338,1.7648441005462026
149308339,1.7656721372054456
149298005,-2.9777178661921653
149298009,-2.3343857048386525
149298010,-3.1948128884797953
149298012,
149308290,-0.7503208776818808
149308291,
149299839,-3.315435506308571
149299841,-1.8509998767090607
149299842,-3.7070586460797514
149299843,-2.99614305020798
149299844,-3.910528892740844
149299845,-3.6377422360155904
149299846,-3.228017724513382
149299848,
149307507,-3.976671866839162
149307509,-1.4922084621545366
149307510,0.0037644724841356947
149307511,-1.3038545541741584
149307512,
149307515,-0.2818624689481126
149307233,-7.726344320660752
149307234,-7.716284950961578
149307235,-4.961186647436536
149307236,-4.960915770471745
149307237,-4.311985946172877
149307239,-4.310641320301059
149307240,-7.31668532704701
149307241,-8.686684186319408
149307242,
149309784,
149309785,-0.753121555359415
149309859,-3.4344669748862042
149309860,-2.3105090964387855
149309862,-1.735572586660365
149309863,-2.3096002126232804
149309864,
149307429,3.057394165934129
149307432,-2.040674087706048
149307434,-2.0409693864077445
149307435,-0.848774574660215
149307437,
149307438,-0.8506175908805729
149298495,
149298496,-1.225926546990884
149299190,-0.8064490960362143
149299191,0.005576574409055013
149299192,
149299193,-0.19692233576210327
149299195,-0.19554320424146887
149307384,-1.1959620077167443
149307389,
149307390,-0.7632009275673362
149307391,-0.0017990797212270593
149309016,-0.4939386988330625
149309017,
149292723,-2.3073372487276913
149292724,-2.508351764854318
149292725,-2.228148906559767
149292726,
149299038,
149299039,-1.527756554434477
149297588,-3.0283492184067953
149297589,-0.9022268264213267
149297590,1.3441595819183902
149297593,-1.1333109185409853
149297595,
149306163,
149306164,2.014837804574526
149306165,2.014800250604928
149306166,-1.6008515867385
149307215,
149307216,0.9313180804583521
149292997,-0.5656502977655364
149292998,-1.5762552824508944
149292999,-2.6680012271697464
149293000,-2.7062694236311557
149293001,-0.8533518800256914
149293002,
149293003,-0.02962361429107574
149299034,
149299035,-1.0772744163832242
149298114,-0.5806314237955004
149298115,
149307340,
149307341,-0.0009318628601358014
149307787,-0.45685106777412554
149307789,
149307790,-1.7191267149877532
149307791,-3.120681416205576
149307733,-0.0011368155828606064
149307734,
149307570,
149307572,-1.3034907305539
149307086,-2.2014012313107614
149307087,0.7629821623049313
149307088,-3.4930989358274616
149307089,
149307090,-2.613677706871897
149307091,-0.5579840492741983
149307093,-2.568083314320475
149307094,-1.8763819743034063
149307095,0.5770747352397532
149307217,-1.298241140634163
149307218,-1.1964403655423546
149307219,-1.1960899897955777
149307220,-0.3241434767707041
149307221,0.04384449125575074
149307222,0.3201434950237054
149307223,
149307224,-0.0005939602669418065
149307225,0.24101985432473327
149307226,-1.760981745366733
149307227,-0.7259392911671672
149307228,-0.11754237528102962
149307229,0.16533171102047106
149307230,
149307231,-1.8097786586182991
149307232,-1.675257604910989
149292889,-2.2597079374568523
149292890,-2.070516317000326
149292891,-2.3846947907737217
149292892,-1.78587909264607
149292893,0.4067905451292546
149292894,-2.045227588842863
149292895,-0.15479001772737888
149292896,-0.8016498653677928
149292897,0.488071892759649
149292898,
149299373,-0.5375242311681916
149299374,
149299375,-1.399922783367174
149299376,-1.7082437674706341
149299377,-1.7080813777012622
149299378,-0.028241240015518088
149299380,0.47726016619688494
149299381,0.304823074820888
149299382,0.995190596256748
149299829,-0.9755416889630908
149299830,-1.0192395154019849
149299831,
149299832,-0.017662204953452942
149299833,-1.2133922283716032
149299834,-0.7489671181209303
149299835,-1.6479066791434676
149299836,-0.7890091594153006
149299837,-1.3341703393193285
149299838,-1.337506968858051
149307680,-3.334271603405476
149307681,-0.8231160879677688
149307683,
149307684,-0.5234284783494765
149306169,-2.458341366359985
149306170,-4.588627769630449
149306171,-3.3503527994818505
149306172,-1.176189471477766
149306173,-2.7875906913482744
149306175,-5.223547465918486
149306176,-1.9192779352190357
149306177,
149306178,-3.9237091496986487
149309574,-1.1322063778261953
149309578,-1.864970946729084
149309579,-1.0843857525035983
149309580,-2.2109278985981717
149309582,0.844026604517703
149309583,
149306696,-2.9652257261032275
149306697,-2.169243213715795
149306698,-3.4831736405386806
149306699,-1.7293277091227068
149306700,-4.978934220399211
149306701,-3.057595630096422
149306702,
149306703,0.9811445231145868
149306704,-3.139052483836032
149306705,-2.3923031758281965
149298158,-0.5305382160808776
149298159,-0.8695120680856547
149298160,-1.1170606296793615
149298161,6.7698244034064174
149298162,
149298163,-1.4767029715693276
149298164,1.230423410854872
149298165,-1.518059002949233
149298167,6.5929449868916805
149298168,-1.4079798332418711
149298169,-0.16650111722490735
149298170,-1.970542946831081
149298171,1.1864254314612133
149298172,-0.042270019828698935
149298174,
149298175,-0.7105496848887185
149298176,-0.6536639462979323
149298177,1.8808989954431041
149309402,-7.861259766568775
149309403,
149309840,
149309841,-0.000487437416275327
149309842,0.5435253267046836
149309844,0.5416719032538779
149292867,-0.2514658474530904
149292868,-1.7171219862214144
149292869,-2.091017486392161
149292870,-2.301388352337682
149292871,-0.046521341169267316
149292872,-1.4450545731482265
149292874,-1.3428204058820938
149292875,-1.4125065208272787
149292876,
149297300,0.3785535388683243
149297301,-0.40352087119221736
149297302,-0.0658690440033709
149297303,-2.8969313662528293
149297308,-0.637036768968807
149297309,
149300266,-0.8760516510330376
149300268,-2.0385671641423357
149300269,-1.480667872294248
149300272,
149300273,-1.025985169106633
149300275,-1.768773231107545
149293933,-0.8624634218680569
149293934,
149298558,
149298559,-2.155582748727575
149298560,-2.1074179057914932
149299353,-0.9935153050094243
149299354,-3.2913497902704876
149299355,-0.8232104941801026
149299357,-2.569079239775732
149299358,-2.509573277589226
149299359,
149299360,-0.6829486975838392
149299361,-2.826935084951799
149299362,-4.181111238036635
149291901,-0.8225747107918906
149291902,0.7454145888080674
149291903,
149291904,-1.5140360599596434
149292067,4.543633412602659
149292069,-0.42598070112914854
149292070,
149292073,2.202454738842164
149292075,-4.923537521487887
149292076,-2.429181350543118
149292045,-3.7812037378080845
149292046,
149308688,1.641671221504577
149308689,
149293089,-4.040819286051544
149293090,-2.2757724486737985
149293091,-2.278056013400814
149293092,
149292740,-2.6247168736624715
149292741,-1.2090702470330612
149292742,-0.7876618304280356
149292743,-1.2105966430887705
149292744,
149292015,-3.3931551105988973
149292018,-2.9839474011987335
149292019,-0.7398558224380167
149292021,-3.3494282692362845
149292022,
149291707,0.13074828649397396
149291708,
149291677,
149291678,0.31781043345904436
149297967,0.39968044216394105
149297968,0.19100855871508315
149297969,-0.9087407228014115
149297970,-0.2981196423667427
149297971,0.6766469675824851
149297972,-0.18774692680645444
149297973,0.7489329458209681
149297974,0.44326997954809144
149297975,
149297976,1.040273917295508
149292569,-3.8396137094424176
149292570,-1.3343039144158553
149292571,-1.1720162793033637
149292573,-0.8246807960236424
149292574,
149292575,0.2224446144246457
149292143,0.9954763405260678
149292144,1.0433537513269187
149292145,1.8391050430520863
149292146,-2.074482819747118
149292147,2.7909681508292863
149292148,2.068245614572021
149292149,3.9004885184213833
149292150,1.2504153191726743
149292151,-1.0029535184811778
149292152,
149307894,-4.9839380676199525
149307895,-1.3760967941576894
149307896,-1.3769715685934756
149307897,-2.41685166719445
149307898,-2.417405581984859
149307899,-3.3427253508997765
149307900,-3.3432585064440303
149307901,-0.8207460328580538
149307902,-0.8218630641857985
149307903,
149308443,-3.834681754430285
149308444,
149297341,-1.9908647347290866
149297344,
149297345,-1.7954755876598085
149309349,-1.1541456749673404
149309350,
149298015,0.9755024085414075
149298017,1.1791255801396527
149298019,
149298020,-1.5707919482414425
149298021,-1.3646602297404655
149298023,0.7515815513085382
149299923,-0.22803903711791662
149299924,-0.45471650468441993
149299925,
149297290,0.19069556445552394
149297292,-0.12621434375110496
149297295,2.6007460135546356
149297296,2.600716386270003
149297297,0.7368426723698445
149297298,
149297299,0.7381543423197598
149299751,
149299757,1.4150568264892982
149299274,2.6093110409173
149299275,-0.7793982812174673
149299276,-0.00010941427118904556
149299277,
149297788,
149297789,-0.058812178697699835
149297790,0.22008590871305955
149297791,0.7159785439516071
149297792,1.3765115716996448
149297793,1.7996762039731529
149297794,0.7795091522311566
149297795,-4.159111797136816
149297796,2.0894319768530494
149297797,0.8525052315342379
149308294,-1.1299193267633427
149308295,-0.622997382245444
149308296,-0.8046964633297051
149308297,0.0013064638305451126
149308298,-0.3452068749654984
149308299,-0.7793870328916199
149308300,
149308301,-0.7494773162530493
149308302,0.6643817412716686
149308303,0.6628562889272729
149306383,
149306386,-3.128921694378114
149306387,-2.301487298753223
149306391,-1.2558817223059542
149306392,-1.1189984029115756
149299859,-2.6364606646242663
149299860,-3.563902783641411
149299861,-2.668920546119266
149299862,-3.3477602201991137
149299863,-0.235568511156937
149299864,-0.03316387653104336
149299865,-0.23733791175181196
149299866,
149299867,-3.350673188784128
149299868,-6.1943375211973
149309511,0.38795139657366917
149309513,
149309514,-2.3795904086254076
149309515,0.21118083448409308
149309516,-1.2151142144247196
149309517,-1.5663937160288235
149309518,-0.3035652339302075
149309519,0.14336599404241568
149309520,-1.6557663403955338
149307045,
149307046,2.2910358828780417
149307047,0.24537712678889534
149293423,
149293424,-0.003561297814911768
149293425,-1.4148545855579187
149293427,-1.4157551296551532
149293429,1.7989145109723523
149293702,
149293703,-1.4753526143915678
149293704,2.234487113319915
149293705,-5.467213363708765
149293706,-5.819955365485271
149293707,2.236569127941948
149293708,-5.271147894643832
149293709,-4.159243020349777
149293710,-4.920319472921278
149300420,-1.3195645801036449
149300421,
149300422,-0.6642477926745158
149300423,-1.1840625526439936
149300424,-2.849893385325913
149300425,-3.407126136115906
149300426,-2.126177816297215
149300427,-1.8438850590638225
149300428,-0.7068954634188174
149298261,
149298262,-0.13839149035179688
149297729,-0.7646503217715228
149297730,-4.642360422022108
149297734,
149297736,-1.8882551028792207
149299849,-2.441268348000335
149299850,-3.0786047698930616
149299851,-1.470306212292769
149299852,-2.4193561197511144
149299853,-2.0243550835482864
149299854,-2.950629454368425
149299855,
149299856,-3.2609069355893325
149299857,-2.011780794088594
149299858,0.12420543779518312
149307664,
149307668,0.8322352532699071
149299071,-5.265429549613202
149299072,
149299076,-0.9949303194412664
149306601,2.6158600257822506
149306602,2.6156653041720936
149306603,
149306604,-0.00338504321193156
149307243,1.419232678635641
149307244,1.4222508835090437
149307245,1.425854464682411
149307246,1.4511690904945542
149307247,-0.008570929911796532
149307248,
149307249,1.8884664614862103
149307250,1.8602151917018688
149307251,1.054707049172284
149307252,2.1500001603450674
149309769,
149309770,5.102272382600385
149309771,0.8602231258465549
149309772,-0.6207198246603114
149306853,0.19606103665809327
149306854,-0.3114917562964785
149306855,-0.9574364341668548
149306856,-0.25504617094183735
149306857,0.4311928993496488
149306858,0.03401916317476339
149306859,-1.2957467401570533
149306860,
149306861,1.048556084734206
149306862,1.9425439497199655
149309414,0.47408855703712716
149309415,-4.281211716060549
149309416,-2.1644264021059962
149309417,-2.285763431601878
149309418,-2.6210167880373403
149309419,-3.074726410353065
149309420,
149309421,-3.9313256217454535
149309423,-1.1296959068032297
149306783,-1.75754254720042
149306784,
149306785,-2.0374039185137294
149306786,-4.422395723650665
149306787,-1.7522709052445578
149306788,-3.5912735177619135
149306789,-2.079624486518269
149306790,-1.8879311728726167
149306791,-1.9744809617842893
149306792,-3.726482237206973
149292234,-5.755540615583072
149292235,-2.160073250686267
149292236,-3.41421771850969
149292237,
149292238,-2.7097503211360916
149292239,-1.994009403925709
149292240,1.0573334171407396
149292241,-1.7033926170842832
149292242,-2.951116364501061
149292243,-1.868426892964358
149306847,
149306848,-3.732275340162218
149299946,-1.4210752818028745
149299947,-1.3847277972368026
149299948,-2.131911314069706
149299949,-2.276035511822478
149299950,
149299951,-1.36830868864012
149299952,2.510335833923154
149299955,1.416904205556964
149297987,-6.093785505694882
149297988,-6.199351611278132
149297989,-6.777076057519707
149297990,-7.656387129495954
149297991,-7.4615476089029755
149297992,-7.461659358013208
149297993,-5.900250942936026
149297994,-0.0017695176211418584
149297995,
149297996,-6.027380381367408
149299401,2.3182140361955703
149299402,-2.627013992435593
149299403,3.709354767631936
149299404,
149299406,0.7491414623260653
149299407,-1.8919892322409453
149299408,3.369911658337884
149299409,-0.16629011454898546
149299410,3.8808845568070183
149293463,3.235585898354202
149293464,-5.34785356494524
149293465,-4.229516143094884
149293467,6.389533361327153
149293468,-4.6161251832867265
149293469,-9.79675898947903
149293470,-5.1686513591821495
149293471,-3.10452660661349
149293472,
149308280,-1.1918579842697028
149308281,-0.5775423181972812
149308282,-3.0187307924966547
149308283,-0.20627933867476145
149308284,-1.1372598722597793
149308285,-1.7022420134480782
149308286,-0.5530996240279613
149308287,
149308288,-1.576043948210362
149308289,-1.5355372020763127
149306111,-1.055483308467558
149306113,0.6072052711029272
149306114,0.5921774052634845
149306115,0.580153889406489
149306116,0.6210271472660622
149306117,-0.47198701581598357
149306118,2.3655171953390663
149306119,2.562834462649448
149306120,
149292025,-1.6990120628068013
149292029,-0.4107016233565304
149292030,
149292031,-0.6496842696808329
149292033,0.01816738174409238
149292034,-2.0269978233471875
149292586,-6.443402122685399
149292587,-6.648719933913242
149292588,-3.6384578636718174
149292589,-5.9498467874487915
149292590,-6.872495670729364
149292591,-7.089674252546786
149292592,
149292593,-2.2448984333279043
149292594,1.115249640306729
149292595,-0.4242107502030308
149294112,-4.638549633220965
149294113,-2.397625565271446
149294114,-2.392072620538274
149294115,0.8318973096758109
149294116,
149294117,0.003809777430143768
149292532,-1.2687026989462247
149292533,-0.3544519168315503
149292534,-2.1879790492810685
149292535,-1.2679905072666529
149292536,
149292537,1.6078148696499994
149292538,1.1979977708988692
149307807,-0.5936331305063272
149307808,-0.7141874875091894
149307809,0.046741293606088696
149307810,
149307811,-0.5943549473830094
149307813,2.091143337724393
149307814,-1.5240617629128108
149307815,-6.371800892558656
149307816,-6.157042392335252
149297635,-1.204627189780588
149297636,-2.2283299972155017
149297637,
149297638,-1.432861347337255
149297639,0.15067161319977096
149297640,-1.2477365441140496
149297641,-2.460560614392403
149297642,-2.6618771826107164
149297643,-2.061015547245434
149297644,-0.281151596632494
149308554,-2.118593806353452
149308555,-1.924199204928854
149308556,-0.017826958046041952
149308558,2.2362504424488687
149308559,
149308560,2.1104330426413824
149308561,2.3688990045493323
149308562,1.8407821429784708
149308563,0.2098151644201085
149306456,-0.863506617616963
149306457,-4.0307359150758515
149306458,
149306459,-4.599653163545618
149306460,-10.962376719561227
149306461,-10.133084734850677
149306462,-3.57140862302235
149306463,-5.090493537234252
149306464,-4.005364586202781
149309710,-1.6791208276453986
149309712,-0.8033159792969258
149309713,-1.2013280960482362
149309714,-1.67693462082633
149309715,-2.353856542774743
149309716,
149309717,-2.081500239965976
149309718,-0.5779886041008027
149309719,-0.18596049520728286
149306578,-0.950782855890651
149306579,
149306580,0.43207963821160433
149306581,-0.3521823654449463
149307601,-5.703876111241591
149307602,-5.710019750751389
149307603,-5.212053796695265
149307604,0.0026436914539225143
149307605,-5.16340403687564
149307606,
149307609,-4.416520862411495
149294041,-5.337148782410444
149294042,-2.556572412810099
149294043,
149294044,-2.405253159347125
149299678,
149299679,-1.160129853784241
149299652,-0.5295698598505396
149299653,-0.4886925509606499
149299654,-0.019967312400297033
149299655,-1.3321614620305127
149299656,
149299657,-2.280584501205908
149299658,-2.288963107034874
149299659,-2.6256673083070723
149299660,-2.4256233793277033
149299661,-1.6301670165674977
149309845,-1.5332463203704751
149309846,-1.3100658201212454
149309847,-1.0893944139110516
149309848,-1.170124070000087
149309849,-0.003790657413526688
149309850,-0.6746692005969006
149309851,0.2787726445400729
149309852,-0.1638589478047301
149309853,-0.7484446248591894
149309854,
149309438,
149309439,1.6578750947766174
149307517,-5.242685834976939
149307518,
149307519,-5.242664466339311
149307520,-0.06919733553542873
149307521,-3.074670149211121
149293169,3.6360272178178548
149293170,
149293172,1.1799510525015364
149293173,2.032618691944805
149293174,-0.46746252920638653
149293175,4.809364959343185
149293176,-0.7916897848386952
149300578,0.44432651647406374
149300579,-0.4470004302918795
149300580,-0.15944224278030106
149300581,0.4013984375851294
149300582,0.5723908400977535
149300583,-1.2448189566588326
149300584,0.30089560685311767
149300585,-0.3947602300062414
149300586,
149300587,0.4366672328500556
149297755,-0.6913273148674506
149297756,-0.4582433798255323
149297757,-0.6854748633570864
149297758,-1.272686703296543
149297759,-1.7689937603474775
149297760,-1.897255496029537
149297761,-1.599401839365349
149297762,
149297763,-2.153348473001671
149297764,-2.114298193405361
149307685,6.451344943117096
149307686,
149307687,6.4000574611732794
149307688,7.474243565711745
149307689,8.777271866124671
149307690,10.945747423497341
149307691,5.569453524723492
149307692,10.299498434563471
149307936,-3.1541707338218963
149307937,-2.448284434649043
149307938,-0.4740107071502955
149307939,-3.0147270526037797
149307940,-3.2594707642637104
149307941,-0.6910573676623777
149307942,-0.6922345051410286
149307944,
149307945,-3.2041362943050355
149309265,-0.5453828372481837
149309266,-1.5145126141573542
149309267,0.6155452991988568
149309268,-8.590944676711842e-05
149309269,-1.5527595090267425
149309270,
149309271,2.060873587857685
149309273,-0.11145068930036928
149308690,-6.262835643296285
149308691,-8.079017543476368
149308692,1.9376381555376838
149308693,
149308695,1.4812869860828926
149309332,
149309334,-0.5308700726871765
149309336,-3.9173436036024682
149309337,2.395405007225426
149309338,-1.3347123181119347
149309339,-2.022150871011572
149309340,-1.6335108369177762
149309341,0.1733728577186504
149292793,-0.3420542333557819
149292794,-0.3348745588561428
149292795,-0.20466311326637765
149292797,0.7636392535653442
149292799,0.027371240977203115
149292800,0.029662543007844988
149292801,0.762228888104346
149292802,
149306143,
149306144,0.37145178877527485
149306145,-4.335963163675856
149306146,-1.499927411311873
149306148,-2.46751810306975
149306149,2.033122021857352
149306150,1.9501637056928587
149306151,-0.9817675668568313
149306152,1.883662631702407
149292005,6.023746103342432
149292006,
149292012,5.703444490074503
149292013,1.0874370208292419
149292014,1.0882954015786623
149293376,
149293379,0.8936034272443827
149293380,0.20846042846127233
149307439,-1.4128269441776244
149307440,-1.8431702411323725
149307441,-0.8768183374824647
149307442,0.26106149281574753
149307443,-1.407263697546949
149307444,0.2610883857498849
149307445,1.2958511332163258
149307446,
149307447,1.1877399865958047
149307448,-0.4835761009879991
149307451,-4.466615163769835
149307453,-1.8198698830996074
149307454,
149307455,0.006448412709433526
149307456,-1.8209488870594397
149299813,-4.343646144585875
149299814,
149299815,-0.002082352391795439
149299816,-1.8862441265614507
149299817,-1.8867781582627856
149299818,-2.261597322034902
149297977,0.3854145862185874
149297978,-0.13247583718501232
149297979,-1.9507838172540346
149297980,
149297981,-1.7075265054655802
149297982,-0.8492269861655188
149297983,-1.0114096106674708
149297984,-1.1194577707524331
149297985,-3.023788336815926
149297986,-1.5286428596739938
149294059,-2.757770494936363
149294060,
149292294,-0.14950666449392358
149292295,
149292296,-0.39973669294528946
149294267,-2.749789071210728
149294268,-7.473011141218194
149294269,-11.191553958073882
149294270,
149294271,-8.236237667661044
149294272,-8.860400540396483
149294273,-8.21442429514292
149294274,-0.24465629382552834
149294275,-1.7137457111873005
149294276,4.230333269807659
149308936,-1.5302289103950244
149308937,
149308938,-1.3408301160831257
149309699,-3.3246392966707674
149309700,-3.6047671985535885
149309701,-3.6009550912774273
149309702,-2.013112486163351
149309703,-2.891072994347894
149309704,-3.6944345022454
149309705,
149309706,-2.6774655546349493
149309707,-5.270763359530008
149309708,-2.866767255263426
149309424,-3.2788852388835608
149309426,-3.51333429212967
149309427,-0.8018362151622167
149309428,-1.2158579737335593
149309429,-1.1095352869578576
149309430,-0.1420215983134998
149309431,
149309432,0.10152215740385451
149309433,0.3685949513532538
149307926,-5.183939439538847
149307927,-3.2858273009979797
149307928,-4.2357848404853655
149307929,-1.677866253195191
149307930,-0.625494490177303
149307931,-0.47096575081839376
149307932,-5.686334360630454
149307933,-1.3290404955956632
149307934,
149307935,-8.772237180123753
149299411,
149299412,-1.20165248063131e-05
149299414,0.03830839144035281
149299415,-0.5834140620104904
149299416,-0.5832085931960478
149299418,-0.11591605788157722
149299419,-0.05538878323591234
149299465,0.16192407483742954
149299467,-0.2904453542609531
149299468,-0.29021168925584107
149299469,
149299470,-0.05609957412377753
149292989,-0.3474904659066027
149292990,-1.6536080899802528
149292991,
149292746,-2.7481448995265296
149292747,-3.4204862968354064
149292748,-2.6261317081521796
149292749,
149292750,-0.458911141644883
149292751,-1.2564778395436562
149294007,-1.9228787477724723
149294008,
149294009,-0.5086986395793218
149294010,0.4998513129260971
149294011,1.059802470387197
149294012,-0.9254694851692875
149293125,
149293126,3.107220161598363
149293127,-2.913617425755845
149293128,-0.37222449974098026
149293129,-3.7416999301929508
149293130,-0.08591362851819895
149293131,3.536372217983626
149293132,-2.086945638782794
149293134,-4.080776384976787
149292097,-3.4328161992499524
149292098,-1.347746972832926
149292099,
149292100,-0.8477596801344731
149292101,0.2684226528796714
149294164,-6.911583706599799
149294165,-9.168066323511646
149294166,-5.494641314499603
149294167,0.32750454603775125
149294168,-4.031157954231958
149294169,-6.336409375191792
149294170,-5.807107410487475
149294171,-4.7615350626947475
149294172,-4.697023477922308
149294173,
149291685,-1.2041547672368165
149291686,
149291443,
149291444,-0.479530913535271
149291445,0.07948652982678528
149291446,-0.08408828680283786
149306527,-7.172960474762817
149306528,-4.21741851762431
149306529,-3.8650586485597955
149306530,-2.4501701472482864
149306531,0.3081176089067412
149306532,0.3080583719631136
149306533,-7.359239337899453
149306534,-5.790311675990324
149306535,-0.7256286632286901
149306536,
149293165,
149293166,-1.0994513451153765
149294078,-0.005526003933759682
149294079,-0.6983459733293835
149294080,0.32362134644867413
149294081,
149293456,-0.03942889927680682
149293457,
149293458,-0.038555813857744425
149293459,-0.002174042074880589
149293461,3.0581062284720453
149293462,3.058117488772087
149308566,0.08250909295523456
149308567,-0.4353272589850121
149308568,
149308569,-0.441680721804687
149308571,-0.3618834446852759
149308572,-0.4135065605378827
149293406,-0.003518362020763277
149293407,
149293408,3.061243366485982
149308518,-4.171497896558954
149308519,-7.219357116339559
149308520,
149299539,
149299540,-2.4237125726584168
149299956,0.4748530570959879
149299958,
149299959,0.00011645572356044909
149299960,-0.17109655789756317
149299961,-0.17084397756048375
149300642,
149300643,0.03248480930722053
149298898,-0.005424897211568691
149298899,
149298901,0.9423027508976816
149309733,
149309734,-9.787215545839345
149298156,0.5793639870473015
149298157,
149308987,3.388159906020036
149308988,6.0798494458904315
149308990,
149308991,3.9111741744103767
149308993,-2.1586185460897696
149308995,1.0835568965745495
149298028,-3.2891467196136617
149298031,
149297280,
149297286,0.8708336252991771
149297321,-0.9546018781423413
149297323,-0.35657742473485143
149297324,
149297325,0.6515223664335252
149297327,1.0933748009606177
149297328,1.163142998862753
149297329,0.7238854407743958
149297745,-1.274110654588867
149297746,-0.45341835684456555
149297747,0.9795020051766414
149297748,0.13778821218357962
149297750,1.1483528557361922
149297751,1.9414923680100742
149297752,
149297753,0.6066401313380823
149307726,
149307727,-0.0005733127900100499
149307728,-0.16625402128386213
149307731,-0.7688114105006179
149307732,0.7589294724326834
149306548,-4.60584828074218
149306549,-5.7363263319540465
149306550,-4.644890859888761
149306551,0.807960827635398
149306552,-0.46524973284745386
149306553,-5.2750898262609525
149306554,-6.721851358886624
149306555,
149306556,2.27546218368893
149306557,-7.104664699765948
149291466,
149291467,1.641972737779442
149291468,1.641796786679432
149291469,2.556274413645112
149291470,5.119734326106162
149291471,5.120285763531772
149291472,2.9405825883121315
149291473,2.9416757377955616
149291474,4.063795726144484
149307008,-3.6243440127800888
149307010,-3.6341333706238608
149307011,-3.7108137786169486
149307012,
149307013,-3.1885216152493996
149307014,-5.346411909562132
149307015,-2.1628015923474635
149307016,-2.5147845500331982
149307017,-4.530024021970501
149307865,
149307867,1.3542579105187187
149308306,
149308307,-0.12537872855158838
149308308,-3.6100791213137917
149308309,-1.5811108330044377
149308310,-3.81425227726049
149308311,-2.435145814859766
149308312,-3.2049755822115245
149308314,-2.9092504569045765
149308315,-1.6941933899098238
149309552,-3.608871211910177
149309553,-0.13162461211280885
149309554,-2.6552675876123715
149309555,
149309556,-0.1898479057523872
149309557,0.18541762628704817
149309558,-2.2677429984442483
149309559,-1.0151352295549216
149309561,-2.59988205295069
149298265,-2.0675827366831996
149298266,-0.2577735021879306
149298267,-3.328024237606371
149298268,
149298269,-1.8167603038841875
149299776,
149299777,-0.0018570682238703284
149299781,-3.052980607899741
149300472,
149300473,1.8086489817600828
149300474,0.23970726138887954
149300475,0.688326586181967
149300476,2.873784609888869
149300477,0.6889683127428157
149297578,
149297582,0.007472548220817998
149297583,-1.988522918895626
149297584,0.4561070210582443
149297585,-1.028807631485492
149297586,-1.6062183231875053
149292254,0.3914309006200334
149292255,-2.7395341187313775
149292256,1.304329170036766
149292257,-0.98151093687828
149292258,0.456447524806336
149292259,-3.006073367522262
149292260,
149292261,0.11493791172273404
149292262,-0.5059325027351811
149292263,-2.652271884506902
149308392,-0.15389932462665
149308397,0.37641058156011553
149308398,
149308399,-0.8861150665563926
149308400,-1.3190945209589913
149308401,-0.35504257316156185
149306599,0.19269324020354794
149306600,
149306898,2.824289841797853
149306900,0.9979985125386719
149306901,0.9975581125112392
149306902,-0.002437316429787728
149306903,-0.390413773227241
149306904,0.6290694165445281
149306906,-3.044595919328451
149306907,
149306678,-6.3667119417918485
149306679,-7.224884488085266
149306680,-6.362773279493652
149306681,0.6093651623575767
149306682,
149306683,-4.141567251507112
149306684,-4.138649821564229
149306685,0.8955501487544808
149306686,-1.868653101216907
149306687,0.6103517758481303
149307254,-0.4827317738591077
149307255,-1.3768422883594855
149307256,0.4199381421452699
149307257,-0.10360599128754444
149307258,-0.08816487958073083
149307259,
149298497,-3.6304943829071235
149298498,
149307817,
149307818,-2.7593856610349974
149307822,-2.7598640027521455
149307823,-1.118022190920179
149307825,0.05139616666067326
149307826,-1.1625732667334816
149297494,-0.760519842453995
149297497,-2.7759261125282393
149297498,
149297500,1.787263066961458
149297501,-0.8260289961055065
149297502,-2.378511624476104
149297503,-1.1573422894580432
149292465,-0.5587224301804952
149292467,-0.5074191779479236
149292468,-0.5584760474786492
149292469,0.16393728345769887
149292470,2.30983678752051
149292471,0.6953404274872668
149292472,0.7783303993649895
149292473,1.5005139670224423
149292474,
149299328,-0.08901131496913095
149299329,
149299797,-9.570490024210713
149299798,-1.788851472748064
149299800,-1.790088657919938
149299801,-0.008269469964730547
149299802,-0.0049772751096526235
149299803,0.0074514392803592955
149299804,
149299805,-6.602626611871202
149299806,-6.583543652884643
149292626,-5.718117692792589
149292627,0.982688997150376
149292628,-5.946539395208333
149292629,-5.9429316025405114
149292630,-0.619926395567802
149292631,-4.7301733430658714
149292632,-0.20982839416467414
149292633,0.9866585473939153
149292634,
149292635,-0.20711155133233206
149292435,-1.8741317355337372
149292436,-1.8838367548180273
149292437,-1.3854114392626968
149292438,-0.8536535868047181
149292439,-2.1446327840666513
149292440,-2.1547543806412435
149292441,-1.8403799303775301
149292442,0.35689234621938226
149292443,-1.839338582770317
149292444,
149298449,-3.6888220470846136
149298452,-0.8089702568337422
149298453,-1.7303960701421666
149298454,-4.3429773114501025
149298455,
149298456,1.4038592510185453
149298457,-3.9412273160147464
149298458,-3.0150748931669433
149292224,-0.7309128846840309
149292225,-1.5380097275093476
149292226,-0.6316500529882134
149292227,-0.015508468511853835
149292228,-1.7021687762243545
149292229,2.220410174626167
149292231,0.17897701811052258
149292232,0.17771112140967205
149292233,
149292366,-2.6833365272582625
149292367,-2.0185322227179086
149292368,-0.9858633538178481
149292369,-0.0957428698303886
149292370,-0.40258919788752223
149292371,
149292372,1.5395970297536792
149292373,0.2697740270814961
149292374,2.054145952396823
149292375,-1.1057361237732835
149292357,-0.5643857730195521
149292359,
149292360,0.49901612748800517
149292361,0.8949173454322477
149292362,3.772531259979388
149292364,1.3029818460728109
149292365,0.4079333120877209
149292415,-1.2269049153368314
149292417,-0.49919214500363296
149292418,1.9303236633416248
149292419,-1.6827135131644582
149292420,-0.1825309804340236
149292421,-1.7027487582116692
149292422,-2.5117211140853897
149292423,3.7978222422303816
149292424,
149309080,-0.800507823784983
149309081,-0.15841236824214633
149309082,-2.0733362671325963
149309083,
149309084,0.10247516325350858
149309085,-0.7488062884059445
149309086,-1.8475513684417493
149309087,-1.421267743539346
149309088,1.3989782853926087
149309089,-1.2520732792269058
149297331,1.0392843857753462
149297332,4.1516930623030674
149297333,0.861967955496894
149297335,
149297336,2.3165303999139866
149297337,-0.1083116732673659
149297338,6.874123127264312
149297339,1.9989477403548506
149297340,0.03360483813027315
149299501,-0.0031178313403756874
149299504,
149309258,
149309260,-1.2861361450425477
149309261,-0.53561024933623
149307048,-0.6210333106470571
149307049,
149307050,-0.3948907785818676
149307051,-0.39334484070129605
149307052,-2.556400585016192
149307053,-2.1482097021093622
149307054,-2.6630883874247573
149294003,-0.20434032342812714
149294004,
149294005,1.1006418900109765
149294006,2.886623826090357
149299871,-2.24759150094764
149299872,-2.3283578490649037
149299873,-1.826944085790832
149299874,-2.4913553534113846
149299875,-2.645392196688788
149299876,-0.1347004020099538
149299877,-2.6968162040630737
149299878,
149299879,-2.398262143674586
149299880,-1.4533679777756743
149307018,-0.3738534774449853
149307019,-0.035861167257806414
149307020,
149307021,-0.49562246175546676
149307023,-1.7575950016706514
149307024,0.6854268309622569
149308009,
149308010,3.521534624847341
149308011,-2.3066599931326763
149308012,-3.3033267764716356
149308013,-1.1467093324147442
149308014,-0.8002433408077465
149308015,0.001025974743654956
149308016,-0.9054436453196999
149308017,-3.8725377445793185
149308018,-3.287817882612174
149294045,-4.308200242637424
149294046,-4.260396776681283
149294047,-1.3089717444551894
149294048,
149294148,
149294149,-0.6906162669691724
149294150,-0.34352528146021655
149292969,
149292970,0.9242981557258716
149293135,-0.6950865142266984
149293136,-0.3779488108862026
149293137,
149293139,-1.1446336858334085
149293140,-0.5878884474792088
149293141,-1.8285434536877396
149293142,-1.7349545021599262
149293143,-1.854589924004955
149306815,-0.23199098654106898
149306816,0.08239016303956093
149306817,-0.36462387210213265
149306818,0.06852240037007928
149306820,-3.5892517731695253
149306821,-1.636703866083972
149306822,
149306823,-4.765285750810598
149306824,-1.0402843179484251
149292698,
149292700,1.6907061100268095
149292701,1.2403167758055247
149292737,-2.1144207317647243
149292738,
149292739,-0.10819344591918423
149293036,2.2613166160902836
149293037,-1.645184098945677
149293038,2.4685214179570636
149293039,0.09796996993516416
149293040,0.863051828253731
149293041,2.7189806031319392
149293042,-3.2792888621809766
149293043,
149293044,1.504031143051904
149293045,-3.6110407824582467
149309531,-1.7641256761540944
149309533,-1.3632027063167698
149309534,-4.0207868254695
149309535,
149309536,-0.03535768562711894
149309538,-3.1719880243439746
149309539,-4.968857417626921
149309540,-0.9855005895852003
149298400,-8.857748037971632
149298401,-3.4988310481416036
149298402,
149298403,-5.237395532436494
149298404,-13.003826810965847
149300300,-2.4037868361228334
149300303,-1.2529041141905708
149300305,0.044670114620700474
149300308,
149300309,-1.8298018161271017
149292284,-0.5091852385326803
149292285,0.2899749578897115
149292286,-0.8364595623164206
149292287,-2.080693024051726
149292288,
149292290,-1.7092437160792429
149292291,-2.3211297144202945
149292293,-0.3579956188734741
149292445,0.2496746220906516
149292446,0.13704466470932175
149292447,0.7287514559993156
149292448,-3.1016262538420847
149292449,2.9511455155685553
149292450,3.0144483415155037
149292451,-1.6144612258447069
149292452,-1.9782203414117703
149292453,
149292454,0.15257773088740123
149307358,-3.230350299646183
149307359,-3.230689460822166
149307360,
149307361,-9.299725330258468e-05
149308340,
149308341,0.00015178639085533518
149307378,-1.8661627238352647
149307379,-1.866196394037658
149307382,-0.002079117757835647
149307383,
149293410,0.06828285297498837
149293411,
149293412,-0.00014636432954162615
149293413,0.2611852709564495
149293414,2.624128365973199
149293415,2.625839989269796
149293416,0.2636570163629752
149299185,
149299186,-0.1559240351623199
149298938,-0.7862250905378545
149298939,
149307027,0.48002260504072325
149307028,1.9284908311806674
149307029,-1.723435769040762
149307030,
149309342,
149309346,-3.1492172582093065
149309347,-3.1489336482688266
149307449,
149307450,0.3514913758781608
149294118,-3.267080173710866
149294120,
149294122,2.2569509579609957
149294125,0.21034522258899813
149294126,2.519706718184864
149294127,0.35263431181957117
149299525,-0.12447309651917848
149299528,
149298110,-5.086106267066324
149298111,
149297961,
149297966,0.21281622990492366
149297258,-1.4341289136387871
149297260,
149297262,0.5424343900761937
149306587,
149306588,-2.7673788250274747
149298966,-3.3065702856816888
149298967,-3.3077982018634575
149298968,0.0015206880988287708
149298969,
149308875,-2.4992082140594647
149308877,-1.7327971268909153
149308880,-1.05300234975806
149308881,
149308882,-1.058990335826934
149308883,-1.1954426100103177
149308884,
149308885,-2.4413927346102327
149308886,0.3499569182395703
149308890,0.19054110611153874
149309292,-1.6596974755603888
149309293,0.2571104324663427
149309294,
149292685,-3.1738814061341145
149292686,-2.9317318934610057
149292687,
149293945,-6.1557840031607824
149293946,-6.241164932385381
149293948,
149293949,-5.01792598968219
149293950,-4.874419387910443
149293952,-1.7856062028338968
149293954,-6.3701309297955575
149298415,
149298416,-0.010489869528743867
149298469,
149298470,-0.006068698473512768
149297997,-2.043658929177461
149298001,
149309040,
149309041,2.1174916923882847e-05
149309042,1.527833574738139
149309043,1.5267191680516135
149309044,-1.7140151866886981
149309045,-1.7133732431515512
149299025,-0.17817025855767876
149299026,
149298355,-3.1978865909607483
149298356,
149298485,-1.5567647920643477
149298487,1.0617044817642682
149298488,1.0615652182016007
149298489,-0.05765295755702837
149298491,
149299481,
149299482,-0.007685082600801252
149293051,-0.0005222954584382933
149293052,
149298420,
149298421,0.0025147829571281477
149298422,-5.702761263578772
149298423,-5.710426125448286
149291893,
149291896,0.49571083562479856
149298292,-1.0283215983691676
149298293,1.229422054399521
149298294,
149298295,-2.511888915291962
149309028,-1.8287040374185608
149309029,-3.125919577223357
149309030,-2.7882961655659813
149309031,
149309032,-5.229099430292706
149309033,-4.07741068569635
149309034,-3.026508361253093
149309035,-2.8325296760706635
149309036,-0.8935639937948565
149309037,-1.674573728085278
149306131,-1.914246496490442
149306132,
149309232,0.43051918339511985
149309237,
149309238,0.16636341568894863
149309239,-0.09349376831053746
149294286,2.8635957288050804
149294289,-4.7178052567214195
149294290,1.1159025345691589
149294291,-4.188588246151937
149294292,-2.424874549403114
149294294,-4.10566797399224
149294295,
149293485,-3.48216515001252
149293486,-0.8370763110236226
149293487,-4.165102946147329
149293488,-8.163569849394946
149293489,0.5917942081150045
149293490,-2.9449957628707466
149293491,0.11913498425366242
149293492,-7.9849426994093164
149293493,-0.08879975252648364
149293494,
149300298,2.0949925686047663
149300299,
149299633,
149299635,5.703499896752987
149299637,1.9370908480924527
149299638,-2.6969293673114123
149299639,3.0888456571095446
149300093,-8.594717505309177
149300094,-5.404117256999683
149300095,-5.405691460182254
149300096,-4.3148850425533
149300097,
149300098,-1.9984469022516862
149292399,
149292400,-0.00012850017776599998
149292401,2.4261778249860413
149292402,2.4278534878410483
149292403,4.865786423952585
149306813,-1.2267574269319539
149306814,
149292762,1.8348547674471156
149292766,1.0488045167083868
149292767,
149292768,1.3850564681797461
149292769,0.02366752882900336
149292770,3.6489479124637114
149292771,1.6274066785749888
149299642,-0.6346341721117597
149299643,-1.5276124980134682
149299644,0.16585895830189656
149299645,
149299646,-0.1632251851670503
149307457,-2.0709136953065572
149307459,-2.1015144845818075
149307461,
149307464,-2.101578010823185
149307465,-2.0729411943722056
149307466,-0.0056684537779325694
149307837,0.633539020092666
149307838,
149307841,-0.017525434901401127
149307868,0.02358980082378892
149307869,1.8678883471874919
149307870,-0.04343117055418588
149307871,
149307872,0.21165840849250728
149307873,0.47028381258202856
149307874,0.3326575087969701
149307875,1.7401929379721341
149292655,
149292659,-1.0854393536347686
149292660,-1.0854779314551308
149292661,0.002898583876230987
149292662,0.4217148859214035
149292663,-3.2658530058921826
149306730,-6.808714600360879
149306731,-7.689298759949963
149306732,-6.866042086457632
149306733,-2.8561191467263924
149306734,-9.062439080808296
149306735,-5.715937104036591
149306736,-5.969660816573743
149306737,-8.556349133079074
149306738,
149306739,0.6389798464804102
149306476,-1.2345357775167436
149306477,-1.9051748899851333
149306478,0.21344764572495833
149306479,
149306480,-0.8153160868914426
149306482,2.6298728212685063
149306483,-1.4476981938599494
149306484,1.6343499653413254
149306485,0.25219120302599407
149293284,-3.295733297319302
149293285,-0.8112167605187466
149293286,
149293287,-1.9664692569463256
149293288,-2.569856580311189
149293289,0.24988820737826245
149293290,-2.0407974262082007
149293291,-2.8014445196591637
149293292,-2.740459964478468
149293372,
149293373,-5.114459707318904
149293374,-5.345666256127091
149293375,0.5838101110016647
149297568,0.5197507925803109
149297569,-2.3296609927311067
149297570,-0.5297422820176507
149297571,0.2703205673603861
149297572,
149297573,-2.519375725622126
149297574,0.7159730445656294
149297576,-0.35718461364126597
149297577,-2.1097247512225294
149292112,-2.354553088275054
149292113,-3.0917677838477857
149292114,0.47061003980400073
149292115,-0.9675202049442149
149292116,-3.044987173619816
149292117,-0.973071018502381
149292118,-2.35664339056882
149292119,
149292121,-0.684925548941969
149306373,-1.023937279077927
149306374,-0.8841078937000688
149306375,
149306376,-0.7620088530116575
149306377,-0.19343789909678932
149306378,-1.112839893363681
149306379,0.1604276528768196
149306380,0.2587081818588821
149306381,0.47559326957222936
149306382,-0.6708251597531927
149299278,-2.493605857553007
149299279,-2.8498273480825222
149299280,-2.0943756527287896
149299281,-2.0982936825684746
149299282,0.5819804971615214
149299283,
149299284,-0.00013846586713128772
149299285,0.5785227983933687
149299286,-1.2188051021628912
149299287,-2.9283731261018353
149299333,-0.8844169829402286
149299334,-0.4779350645448659
149299335,
149299336,-1.0214094549113337
149299337,-1.8857879233190467
149299339,-1.7885358684723407
149299340,-0.12215305489875128
149299341,0.3794482664362864
149299342,0.34472990717176444
149308019,
149308020,0.0017940292257456747
149308021,-1.508744440073805
149308022,-0.277804852053837
149308023,-2.4359420620158403
149308024,2.353027137312143
149308025,-2.443750113637684
149308026,2.3455978997565836
149307394,0.806336178241061
149307395,1.451050532514067
149307396,2.9395252610841567
149307397,-0.9436536257377739
149307398,1.7185070908682292
149307399,2.1811934434887164
149307400,1.364461828249155
149307401,
149307402,-0.5485974993789711
149307403,-1.7264995158562044
149291910,
149291911,-14.21263093494981
149291912,-5.931492275001137
149308925,-1.399686122851378
149308926,-1.0863943999558927
149308927,-1.3750137435915093
149308929,-1.4053769269392546
149308930,
149308931,-1.2271374415973924
149308932,-1.4021822232859051
149308933,0.12733295288916224
149308934,0.11957507225341146
149298563,-3.69976037535794
149298564,-1.7708518559155522
149298565,-0.6122943528808094
149298566,-1.4860984578868823
149298567,1.06730736501261
149298568,-2.854879749047413
149298569,-2.5535836580267244
149298570,0.49480844498100396
149298571,1.5537295527041124
149298572,
149309280,
149309282,-0.4009518440898603
149309283,-0.6893188375993304
149309284,-0.23943911175686594
149309285,-1.4085355451716168
149309286,-1.1619131591482699
149309287,-0.8133194244176991
149309288,-1.0493533372177808
149309289,-1.7508705593004663
149291879,-5.043612125308428
149291880,-3.6768804829990245
149291881,-4.72121095905614
149291882,-4.399870007102557
149291883,13.640709748604724
149291884,13.641709606858008
149291887,
149291888,-2.7063279220893133
149293115,0.3150108121113391
149293116,
149293117,1.1348847738015877
149293118,0.5963221826581275
149293119,-0.839392462395196
149293120,-0.28553350198404814
149293121,0.6761510827048625
149293122,-0.862472273980174
149293123,-0.4391761409292343
149293124,0.5440955550721966
149292102,-0.10532224233146792
149292103,0.1698862229740712
149292104,
149292105,-0.10343573361168978
149292106,0.7439826586593767
149292107,-2.033142139954549
149292108,0.09190082670897937
149292109,0.5224262836898532
149292110,1.4638411082541012
149292111,5.317384025016153
149292214,-2.354516110467216
149292215,-1.6236486429759651
149292217,-2.381674078115921
149292218,-3.4080400691781136
149292219,-1.5768096491129597
149292220,-2.362035163459808
149292221,-6.437092695268191
149292222,-6.357058789648121
149292223,
149291453,-1.1985144986975564
149291454,-1.0369302611906823
149291455,
149291456,-0.7042340116543588
149291457,-0.5981252050172436
149291458,-0.3318289651408639
149291459,-0.3833957007920272
149291460,-0.6210355325511081
149291461,-0.8513369893822205
149291462,0.20582880921613533
149291463,-0.7313446938626091
149291464,-0.8748488235838039
149291465,
149291447,0.044432054092409246
149291448,
149292944,0.07835540885088221
149292945,0.3879351795969521
149292946,
149292947,1.4260583665173518
149292948,0.9615092114565238
149292307,-0.31331482169503033
149292308,1.3231939872787848
149292309,0.5615574949578956
149292310,2.4088764034100905
149292311,0.42675322780107194
149292312,-1.0909132439399798
149292313,3.821467378738163
149292314,-1.1795981568408536
149292315,3.9748524180201343
149292316,
149293495,-0.0033595236323833433
149293496,3.3644701640032224
149293497,
149293498,3.3659387348172345
149293499,0.9728924251136846
149293501,2.254498777697677
149293502,4.337699966182868
149293503,4.341378281229083
149293504,3.8362442294359482
149297387,-0.1916881983950942
149297388,-0.08724882592270777
149297389,
149297390,-0.03691498792123671
149297391,-0.03826793452823196
149297392,0.15836540632210916
149297393,-0.07051106349237735
149297394,-0.5348322293420447
149297395,-0.5430298373142435
149297396,-0.3244653515870155
149292549,0.3853020998561334
149292550,1.77825499253791
149292552,-6.059063765240623
149292553,0.60783704218575
149292554,-6.863762576512599
149292555,
149292556,-1.9889992727645733
149292557,0.12063102271478954
149292558,-1.2590972981245017
149292879,0.433179470066932
149292880,-0.11120166817829613
149292881,-0.7044538371614522
149292882,0.6203151182591569
149292883,
149292884,-0.37172826631217504
149292885,0.17954479247879362
149292886,1.645027470641196
149292887,0.8322880600372287
149292888,-1.4418016140443228
149292386,
149292387,-0.01025592351919613
149292388,0.7805821098700108
149292389,-0.3589563052222502
149292391,6.823932593206109
149292392,0.7926714881060093
149292393,6.827048791281129
149306781,
149306782,0.03017572233138588
149308552,-0.00065545746309148
149308553,
149306718,
149306719,-1.6886780397456151
149306890,1.379075301687088
149306891,1.3791130954059412
149306892,0.9702190859978224
149306893,0.7168585699892596
149306894,-0.25412695370922833
149306895,
149306896,-3.060758234305485
149306897,-3.0662340138690674
149293430,0.366167283163378
149293432,
149293433,0.45322019154326654
149293434,1.139085670175099
149293435,0.6153328456314533
149293436,0.615702344131634
149293437,1.138455920597945
149293438,2.787779756020452
149293439,0.30989312257149493
149293361,-1.3640285247628974
149293363,-0.7815349704454349
149293364,-0.19070216469435053
149293365,-4.623927957343582
149293366,-0.39884544973510927
149293367,0.02241289789706613
149293368,
149293369,-0.41040044054243907
149293370,-0.6337255080527662
149297952,
149297953,1.7404680011057891
149298514,
149298515,1.2809771357994038
149308865,-3.0121827686233473
149308866,-2.087236960487644
149308869,
149308871,-2.5693331496672727
149308872,-1.839538455510123
149308873,-2.568434206302456
149308874,-0.07073694120010998
149299268,1.181606830442547
149299269,
149307342,-3.303003158393947
149307343,
149307370,-1.8640949852152175
149307372,-1.8547625307257256
149307374,0.012602732174570974
149307376,
149307266,-2.093464135343396
149307267,2.5216742939506815
149307268,-4.086033115839378
149307269,
149309443,
149309444,-0.006250209549172325
149309445,-1.1310803069902153
149309446,-1.2242663371687588
149309447,-1.4767881572045152
149309449,-0.8677666341557995
149309451,-0.8717196765358786
149308268,-0.3189502720614392
149308269,
149308342,-1.7443005492753691
149308343,
149308344,-0.00038314742572076455
149308816,-0.0006118813913928989
149308817,
149308818,1.2430989962696515
149308819,0.432340101270114
149307653,-3.5929093685339275
149307654,-1.091117565352711
149307655,
149309796,-5.029864837665279
149309797,-2.9687986168100906
149309798,-2.2826755240458123
149309799,-3.985423158593896
149309801,-4.826940153532542
149309803,-4.47066466585926
149309804,-5.125515552547466
149309805,
149306994,-0.2691186494955069
149306996,
149307260,-0.9036508231138998
149307262,
149307263,0.3919598612858577
149307265,-0.045926355923227025
149309677,0.004900474472833594
149309678,
149299543,
149299544,-1.0176336689255248
149298427,1.7236937049496284
149298428,1.5514205335535145
149298429,
149298430,0.0012560771978904484
149298431,-1.5477163182290283
149307362,
149307363,-0.035661617654437094
149307366,-0.45168051547761223
149307368,0.5259588052754118
149299164,0.20951858798893586
149299165,
149298516,-2.777794653871247
149298517,-4.281684839776997
149298518,
149298519,-0.7410140159229357
149308609,
149308610,0.07360324305036414
149308611,-3.107318955502329
149307304,-2.554013183679867
149307305,-2.5677710683129558
149307306,0.0004483867405280506
149307307,
149309453,-1.355947922342807
149309454,0.09199273419634224
149309455,-0.7317919794140839
149309456,0.07670640388367467
149309457,-1.3587428658327623
149309459,
149309460,-0.638343441039444
149309461,-0.7205092496543468
149308535,
149308536,-2.5392272903564006
149308539,-0.0343710327184823
149308540,-0.03656238925249511
149308541,-2.6416904096370146
149308542,1.9237317476017282
149292492,-7.0943030144917
149292494,
149292495,-5.211567457256805
149292498,-7.020705620561188
149292499,-4.302419713428293
149292500,-1.1766430551200244
149292501,-3.121522231291081
149293209,
149293211,-0.23323652390337202
149293212,-0.23431505735563007
149293214,-0.775492558601897
149293215,-2.6751495029447483
149293216,-1.0829277468864547
149293217,0.4870942125245534
149293218,-0.796442314087173
149308573,-1.8240379852141473
149308574,0.004176139684204827
149308575,
149308576,-1.463568407306468
149308577,-0.2656387373589837
149308578,-1.736682417635734
149308579,-1.0731751581272988
149308580,-1.1206195731966204
149308581,-0.825047228646838
149297273,-4.900508563812124
149297274,-2.988517911581468
149297276,-3.2214484709359255
149297277,
149297278,7.753244871328306
149297279,7.85944836166405
149299529,-0.5359285058858276
149299530,-0.9573874724458875
149299531,-1.7838856139849213
149299532,-2.147571329962169
149299533,-0.1832189855127737
149299534,-0.5912854227292783
149299535,
149299536,-0.5229626437726793
149299537,-1.9364591925150307
149299538,-1.7472515244372033
149307419,
149307421,-1.7540741805890354
149307423,-0.969741596018519
149307425,-0.46555633612834413
149299515,0.961513584998329
149299516,0.9591115699705597
149299518,0.0015801995164679283
149299519,2.797766360162541
149299520,2.796776770031272
149299522,
149299523,1.4781480407658023
149299524,1.465031937131073
149308736,
149308740,0.2920847175512904
149308742,-2.2116894418552135
149308743,0.4433958098741755
149308745,-5.34895860165318
149306667,-8.251196987292783
149306668,-2.81528455499428
149306669,-8.383599586597917
149306670,-8.373127067978313
149306671,-4.412694142525583
149306672,-2.284051871837251
149306674,-4.396581942854539
149306675,
149291500,-2.2453268927778085
149291504,-2.6127099174175568
149291512,-4.433983038291274
149291513,-2.0926205745214324
149291514,-2.6776560988169082
149291515,-0.6874251167761631
149291516,-1.1397146205962079
149291517,-0.5938147197699886
149291518,-1.059928111540422
149291519,
149293753,-0.16458506251297322
149293754,0.378221298521229
149293755,
149293756,-0.2705750793259263
149293757,0.04821295800544689
149293758,0.46999072978056233
149294227,-0.5896320732037035
149294228,-0.628573170655653
149294229,-3.3320664480590887
149294230,-3.5974507701495986
149294231,-0.1176256051186284
149294232,
149294233,-2.445197976452566
149294234,-2.649180243007504
149294235,-1.705719235300006
149294236,-1.7423863570237885
149306720,-3.4273052500085974
149306721,-8.149882221100253
149306722,-3.371617831897364
149306723,
149306724,0.25393107073818655
149306725,-4.329859904198095
149306726,-0.5115218715100802
149306727,-4.563978667002445
149306728,-5.149076457914173
149306729,-3.0504530902133133
149293929,
149293930,-2.341715619975581
149293931,1.2948255766024062
149293932,5.54851935754186
149298306,-4.837358465706494
149298307,
149299449,-0.43499204227509836
149299452,
149294217,-1.3024049322592468
149294218,-4.613862431708332
149294219,
149294220,-3.718754772971778
149294221,-5.5721144902823205
149294222,-5.460308189659173
149294223,-1.5444494481041477
149294224,0.40418900940940805
149294225,-0.6487823526040213
149294226,1.4571934019540134
149297950,
149297951,-1.7715687309422776
149308362,
149308363,1.6299978310868255
149308364,0.28022849495031976
149308366,3.1768839336979866
149308367,-0.0035451083298982944
149308369,0.029248456945935697
149308371,1.9735514434095704
149308792,-0.4892597530207752
149308793,
149297424,-0.7689550382833659
149297425,1.9531633679723654
149297426,-1.7014660098494687
149297428,
149297429,-2.3044591395077987
149297431,1.3745881587826716
149297433,-2.5637319720421488
149298940,-2.1121624552990284
149298941,
149298942,-1.7294254804055527
149298943,-3.97344000109328
149298944,-3.7489531068371775
149298945,2.5217525889538877
149298946,-2.266657432395732
149298947,-1.3128033711315368
149298948,-1.816367274422248
149298949,-5.1374243278594065
149309786,-2.597134932718148
149309787,-4.659616721067801
149309788,-3.926513596228872
149309789,-3.255541051004282
149309790,-1.6866111872783693
149309791,-1.471487177025483
149309792,-3.8421981082556114
149309793,
149309794,-6.282475367641364
149309795,-4.353132185161836
149292244,-3.653471150457033
149292245,-2.1651121440145005
149292246,-2.130107664208058
149292247,-3.1286535967149156
149292248,-2.089336528520505
149292249,
149292250,-1.2502879919796683
149292251,-0.7822101886285608
149292252,-2.4467486031098282
149292253,-2.0154182253936916
149291985,-11.009580884763887
149291986,-10.545436575451646
149291987,-0.29556985834259697
149291988,-9.73279856370673
149291989,-1.2391825135823225
149291990,
149291991,-8.799835958004966
149291992,-6.388475780197756
149291993,-2.212028177004791
149291994,-10.69901264961508
149292173,-1.9719518119824908
149292175,-0.27266233043051713
149292176,
149292177,-3.88897534474553
149292178,-3.9316199765834465
149292179,-1.9384062704817424
149292180,-4.498430625781024
149292181,-2.332428371043223
149292182,-2.101681273143237
149307110,-1.3988299628930085
149307111,-2.172982121109236
149307112,-1.9052470827827621
149307113,-0.9886155918752539
149307114,-0.8988092438474053
149307115,0.606852360364285
149307116,-1.5704594411549642
149307117,-0.32176850144983327
149307118,
149307119,-0.7404005476657178
149309501,
149309502,0.19722797172114426
149309506,-1.102769746509269
149309507,-0.5018265322725064
149309508,-0.20366991596734962
149291948,-2.1552860224844506
149291949,-0.022767620064818583
149291950,-0.7591978088602636
149291951,-1.16605707768114
149291952,-0.7299426139233276
149291953,-0.8199204312886206
149291954,
149292194,-2.843494882059314
149292195,-1.4806925489070437
149292196,-1.3020659901029035
149292197,-0.2094721976000109
149292198,-1.444250520654748
149292199,-1.357037737390936
149292200,-1.3845107146990578
149292202,-0.6188560299027266
149292203,
149291536,
149291537,-0.7745002011144759
149291538,-0.23122589753861433
149298974,-0.0008438682756448657
149298975,
149298976,0.386041852668896
149298977,-4.536559375945483
149298978,0.37880678017126
149298979,-0.2160953583021481
149298980,-0.031859589635402585
149298981,-1.1573960751855594
149298982,-2.675350212619655
149298983,-1.1597282651196679
149292675,-0.18511500192019525
149292676,-3.199430486096986
149292677,-0.19504215406846015
149292678,-2.5102578498211017
149292679,-4.383918183643573
149292680,-5.129953258848843
149292681,
149292682,-2.4410381992843497
149292683,0.013850793342982115
149292684,-2.452994012293516
149300406,-3.0813199897780947
149300407,-2.152452706759121
149300408,-2.938689124191569
149300409,-2.7699036343385757
149300410,
149300411,-2.8083428591884
149300412,-4.095652750815063
149300413,-3.184725240206504
149300414,-3.606445570927818
149300415,-3.412981611165293
149309351,
149309352,-0.7345015163693809
149309353,-1.3030761091989795
149309354,-0.6232899717579166
149309355,0.0552849642122375
149309356,-0.8462731644215076
149309357,0.41800995478039127
149309358,1.8004403922692624
149309359,0.5894905981780649
149309360,-4.817460417142524
149309774,-1.730548503744846
149309775,0.15507110122842072
149309776,-0.25420582533904224
149309777,0.16071715496279015
149309778,-0.4371821727873484
149309779,
149309780,-1.357781551626295
149309781,-0.9631635695224872
149309782,-0.285772664627582
149309783,-0.051557840976264924
149297263,
149297265,0.7489542865719088
149297267,3.717663318313015
149297268,2.94480621970434
149297270,4.891329443192575
149297271,1.6248279603588642
149297272,-7.242473380767031
149308317,-1.6836430710165722
149308318,-1.739050502877495
149308319,-1.7405108072586781
149308320,-2.0109666120525116
149308321,-0.5825090040162557
149308322,-0.583697511834746
149308323,
149308324,-0.49255243763281875
149308325,-0.6258619399499334
149308326,-0.6782257361765982
149297455,-1.1665755184002897
149297456,
149297457,-1.4171296267833782
149297458,-5.8452513517607905
149297459,-1.9916735471337574
149306153,-3.137466486476143
149306154,-3.301784435502512
149306155,-5.185469606697971
149306156,-3.650507877676546
149306157,-2.0114789265146484
149306158,1.887949557041189
149306159,-3.634799554044683
149306160,0.9086083218554748
149306161,
149306162,-3.314062596752997
149291845,-0.9618614441582398
149291846,-1.8550953990710344
149291847,-2.280836497549225
149291848,-1.6875076088428544
149291849,-2.089581020655877
149291850,-1.35079640813139
149291851,
149291852,-1.137475382583653
149291853,-1.2294004906563405
149291854,-1.5173216783829133
149293451,-4.211276897905376
149293452,-4.21920149968983
149293453,-3.967791370817696
149293454,-3.9687035623953437
149293455,
149291629,0.8838076819350249
149291630,0.8829419887370591
149291631,0.5259341130661142
149291632,0.5270028035892835
149291633,
149291634,0.42391910188123916
149291635,0.42445030203506917
149291636,0.654484320879817
149291637,0.6576033132039072
149291638,1.420236361061967
149299363,0.2185494483403545
149299364,1.1494820793898555
149299365,1.5357341456019924
149299366,
149299367,-0.27004074600307604
149299368,1.634418269360225
149299369,2.015307674299521
149299370,2.2330967520857143
149299371,0.24314584169360387
149299372,1.4942062863937338
149309133,
149309134,0.103012153732152
149292077,3.9232473082196577
149292078,
149292079,-0.9598097408795638
149292080,0.27769565333071
149292081,1.2319834147160122
149292082,-4.5322419672927765
149292083,-1.6774088418503368
149292084,-0.30393154936172095
149292085,-6.984660424702668
149292086,0.9919142609028029
149306850,0.00018003507503649985
149306851,
149306589,-0.9929998255645653
149306590,
149306591,-1.4270648272525
149306592,-1.0909298733182116
149306593,0.08815938906901799
149306594,-1.5556145325870325
149306595,-0.43427973142395615
149306596,-0.4919116767818359
149306597,-0.36207457444347746
149306598,-1.736051194194106
149307406,
149307407,0.0005445946659534684
149307408,-0.15897479380864077
149307409,0.07685713448783638
149307410,-1.1922958167177669
149307411,0.06760403700111084
149307412,-0.16736914459720076
149307413,0.6274181820672879
149307414,0.1799439903021014
149307415,-0.5271107716071537
149291760,
149291761,-0.6350593946476657
149291762,1.482807513680461
149293105,-1.019142940482797
149293106,-0.4006191965908936
149293107,-0.12533548364243918
149293108,-0.3906340869084506
149293109,
149293110,2.9790720452862187
149293111,-0.28323447396397317
149293112,-0.42912492564320726
149293113,-0.27209747711550225
149293114,-0.47965130756116814
149300256,
149300257,-0.15028705913969986
149300258,-1.5598189012490025
149300259,-1.4578343191057712
149300260,-0.19388759752173712
149300262,-0.6610062091814299
149300263,0.010581089124201526
149300265,-0.5727376512487439
149293167,
149293168,0.09479979330605204
149294065,-0.6280698526437547
149294066,0.9012285990197135
149294067,
149294068,-0.017218725650430144
149293177,
149293178,1.2635613058328161
149306558,-0.8740390628013444
149306559,-0.9828989869840754
149306560,-0.263663470991645
149306561,0.2037437759399694
149306562,-0.6591218080342429
149306563,-1.8075644389310312
149306564,-1.9580974645961362
149306565,-1.9574002427720671
149306566,0.08535812191253456
149306567,
149291933,-3.3258981531794483
149291935,
149294247,-2.4233068507110023
149294248,-2.970115142742152
149294249,-2.434742734253188
149294250,-2.6496684500533547
149294251,-2.982260083863318
149294252,-0.18366523697116044
149294253,-3.0585991764403513
149294254,
149294255,-0.28916184609679263
149294256,-1.5580051679361482
149293545,-6.494061247839568
149293546,-6.081545569739092
149293547,-5.909371720980857
149293548,-5.996811770621548
149293549,-5.297868542374204
149293550,-3.7400169540530896
149293551,-4.670822229366763
149293552,4.368265036976936
149293553,-2.4522379196240536
149293554,
149291675,
149291676,0.0030441826184297582
149306656,-3.156426206735034
149306657,-3.142395857611705
149306658,
149306659,-2.77371566044871
149306660,-3.935646206104348
149306661,-1.7687217593839328
149306662,-1.193882773064395
149306663,0.5842732567372959
149306664,-1.1062314129679383
149306665,0.8204932343065456
149292297,4.365787229642649
149292298,5.1654834899451885
149292299,
149292300,0.46621280828384215
149292301,3.9398831615141603
149292302,2.4143491519913596
149292303,5.666259497330202
149292304,1.9943323593921036
149292306,6.104297461121973
149292502,
149292503,1.2158511813009625
149292504,3.977189674862416
149292505,0.10266346782583469
149292507,5.346292502983189
149292508,-3.2495201798955122
149292509,4.256649943877477
149292510,3.673725233205232
149292511,4.192261166826569
149299664,
149299666,1.8845371440943381
149299667,1.892088998564958
149299647,-0.0034039901644860038
149299648,
149306317,-0.0009666990963097533
149306324,
149307064,
149307065,-1.5530069061364866
149306766,-0.1514814531000539
149306767,
149306768,0.014994238324774756
149300442,
149300443,-1.782952348408969
149298226,-1.3482120872155505
149298227,
149308190,
149308191,1.535153440341702
149308192,1.1230984358767095
149299212,2.0908780245813894
149299213,3.112840884643221
149299214,0.7460098592952651
149299215,-0.1802671984684241
149299216,
149299217,0.7633454315524055
149291897,
149291898,-0.08774661523139216
149291899,-13.396417014753261
149291900,-13.582468932594306
149307621,-0.860778006198931
149307622,-0.8612041264512875
149307623,-0.35675175754634125
149307624,-0.3754001755492631
149307625,0.014783591261981144
149307626,
149297614,
149297616,-0.059789777848889614
149297617,0.4304825554731435
149299782,-0.005366971944154031
149299783,
149299881,-2.6345562844419863
149299882,-2.0491325181731614
149299883,-1.5654874924040154
149299884,-2.6354433951502934
149299885,-1.268283761454935
149299887,
149308514,-3.4305257685692156
149308515,-4.759093771040072
149308516,
149293599,
149293605,5.999933042303951
149294304,
149294305,1.105130530561496
149294311,5.018960129871459
149294312,3.228476674068247
149294313,-1.7832200202243484
149309187,
149309188,-3.6233700521031267
149309190,6.622173636316234
149293689,-11.079424065382455
149293690,-5.568525935890079
149293691,-9.471810932024141
149293692,-13.717966855859117
149293693,-4.703137566562077
149293694,
149293697,0.060743571869465995
149298561,
149298562,-4.6846164896801525
149299869,-2.910588243419495
149299870,
149308670,-11.990221748439012
149308671,-11.102788777330133
149308672,-4.778493974655461
149308674,-6.470754774154983
149308675,
149308698,-14.663452564862382
149308701,
149308940,-7.40202187965312
149308941,
149308945,4.9999046223670405
149309325,-1.2079656665887508
149309327,
149309328,-1.122207766421357e-05
149309251,-9.540243588719363
149309253,0.5946314604331064
149309257,
149294277,
149294283,7.351477639116752
149293608,-6.707980852036371
149293610,-13.696033382080145
149293611,-16.876819819035063
149293612,-15.120728227125937
149293613,
149293614,-13.69592101685987
149293615,-10.654130251173342
149293616,-19.374591093207982
149293617,1.163727889303118
149293679,-4.085471055006337
149293680,-16.562350675945595
149293681,11.018052895804658
149293682,-11.91537040772846
149293685,
149293687,-20.321289691016887
149293688,2.0209018635404163
