,Bond,Angle,Dihedral,Improper
149300610,0.01700583435186961,2.168036837262811,0.6194746466137062,0.2652063799612297
149307738,0.02732949732133032,1.8063346975551071,10.269707211854346,3.1400657324514825
149308037,0.021520418680539315,1.588113688014142,7.431693975008976,4.832918812873811
149308038,0.021531587584092345,1.6072419598316192,7.565046201302226,4.803436443462348
149308039,0.02380004070420936,2.1243079002082546,8.77278656456608,3.219429833890365
149308040,0.020506419061050395,2.3692770076218563,19.671082637662195,4.379536189125287
149308042,0.023399587894467395,1.9931880191414286,14.415046610968218,4.876149253632844
149308043,0.023387703961209583,1.9637187337991022,14.058066073509082,4.763847429891247
149308044,0.020508818499257273,2.349866899209269,19.63279997470323,4.227214947268373
149308046,0.023797139627488573,2.1177994653658985,8.801465381691811,3.2990809449323217
149306873,0.01066485182369433,1.7049945209154111,1.35196070890885,0.8602096231613752
149306874,0.012705550184731906,1.3130706850695018,1.3757084255203866,0.8913393749295011
149307532,0.014519385453927192,2.1827141049305268,19.137062507095536,0.8276182260121395
149307533,0.014694446417773366,2.1611089545340527,17.84010599460399,0.8657212529365599
149307534,0.018532218742704172,2.34557681786811,8.427276866623975,0.3409021578887247
149307535,0.018491640452244773,2.3487055833684973,8.364021074930024,0.34484294806940535
149307536,0.01859508798336292,2.359937965280539,8.99019031643111,0.36188268365929277
149306849,0.009754288518492495,1.323071157035834,6.67325235127512,0.1293823003593308
149307786,0.014082593630603395,2.4187843022303284,10.681851080524142,2.9328275149917182
149297695,0.015849553666601627,1.1644830887375437,4.625257768262996,4.006792893244059
149307280,0.012480699335937057,1.8819274548927676,11.897200538679916,2.095382723744973
149307281,0.012463486021598994,1.8650832493983018,11.81153763560704,2.106060661169217
149307282,0.01193867755616475,2.1340601915239983,11.776526837523607,1.8215218881770925
149307283,0.011918003299376399,2.1177310990886875,11.391189818687794,1.7828636155088995
149293094,0.009180816427400222,1.6349818820546795,5.4822427504290285,1.220825640311775
149293095,0.009277206664075159,1.5802573461503098,8.787904791886708,1.324305414567455
149293096,0.009660294969014323,1.568912264495178,7.515530635751554,1.3565781992363293
149293097,0.008317565419394313,1.7023829367836194,5.8804779293770295,1.0944537532713374
149293098,0.007928552549538235,1.893726569754425,8.735789914056909,0.6298359088119624
149293099,0.009216950181613712,1.5277983488088946,8.556623483934374,1.4721166427566128
149293100,0.009436792629201085,1.5343929516283175,6.585877675286466,1.3046509331659188
149293102,0.008930175684552998,1.6139203986512063,3.083759348781818,1.3420825681958557
149292396,0.014950076999674076,2.2143108080651093,16.20652628214138,3.89832425451945
149292397,0.014424654776737286,2.276991002915872,11.917359086307316,2.2095805627622225
149292398,0.015153149812552844,1.9282615404941097,18.802743137899956,2.522305284553531
149299154,0.017404937008095783,2.337408052798365,4.737980027007268,1.5839339962763128
149299155,0.016902723167123487,2.431728068829274,6.801170368585224,1.2610339849295085
149299157,0.016822398592347933,2.425906026626352,6.892460927561763,1.264127155814908
149299158,0.01757387543558974,2.205960750999805,5.950015250115839,1.9156035368396416
149299160,0.017392038162904924,2.333014476530413,4.804482796458553,1.5794548524211902
149299162,0.01754366560696113,2.203741386115044,5.930462210011943,1.9255148965343936
149297935,0.007611814483232592,1.8174051353512244,1.7040104633346966,0.10616916868629676
149297936,0.007707933623051842,1.8956909127055335,1.695079431619443,0.11638978665782244
149297937,0.007754834575355226,2.204933684578027,1.8223977797662487,0.08466683835619523
149297938,0.007490412621714024,2.128063276164919,1.787008489255568,0.12270021288795345
149297925,0.010175963131747115,1.9993598990085477,2.1400696397834955,1.4880438512287975
149297926,0.009981877621441348,1.9816588087649796,3.026048065539502,1.3614688653171692
149297927,0.010318541183547539,1.9692746003315733,2.3097110596429493,1.270291083573409
149297929,0.009299756651465301,2.0596070539965132,2.6119124044452917,1.410082333744269
149297930,0.009552568358510512,1.9453656438132376,2.1083615475663473,1.3026749239467346
149297931,0.00892349003974671,2.029454492138435,2.344488981527014,1.3977428150138946
149297932,0.010043157902029675,2.045301242359466,2.3530530127873357,1.1229325537925237
149297933,0.009232826677575075,2.0304201686521575,3.1635396411060612,1.3715942474717195
149297934,0.01009760713298371,2.0188628708055316,4.236375071262328,0.8827301246133267
149306208,0.01960488794673003,3.3747341318740944,11.517476242390345,2.7147157911803763
149306209,0.01906002905097082,3.283844252293814,9.921074402907859,2.284001525935151
149306211,0.017657675174193144,3.0051511474870582,13.589477008408567,0.7719582995550942
149306212,0.017839096089077466,3.1123558555265647,11.566708827837434,1.3814152974567862
149306213,0.01921963988315878,3.311488337251987,11.883106180942493,2.213723900828471
149306215,0.01938379342684492,3.2829915527459805,13.057896873592838,2.244240866076061
149306216,0.019217027530088117,3.3127548023448576,11.739698327723177,2.1860773227558656
149306217,0.019111165866656496,3.2918261631654877,9.87212162568804,2.290833522940492
149297435,0.010293832105156397,1.3529359391345688,10.413184118156325,2.2317365174197716
149297436,0.010286681715097591,1.4374287236373249,9.966530448850508,2.3404400888304058
149297705,0.009737032830405022,1.6573732167081314,12.279157846629381,2.0388399558851846
149297706,0.010286670394478496,1.6039394534591775,10.32878005028388,3.0219758923181863
149297604,0.010069712804124378,1.5337790283795718,12.051362810950828,1.9034369096614716
149297606,0.009394834909874967,1.501016053701515,4.187914124567369,1.855481942055375
149297607,0.009390961607364315,1.5089324200447427,3.3487234716124243,1.8171151781233024
149297608,0.009496177481536743,1.4352592761358494,4.465473642158863,1.8924803753797579
149297609,0.009516213782501134,1.4549873718113848,3.4427651596310755,1.7826633749274352
149297611,0.010151923498062935,1.4512724495866456,12.352913043560553,2.1302505235504454
149297612,0.00881614319009725,1.7841809162989668,18.17018671102092,4.81304777997531
149297613,0.009297295876659914,1.7378258945856486,17.28122708257646,3.8515847692419753
149297598,0.012867170510204336,1.3565516635180124,11.800222194337278,2.9790811852209833
149297599,0.013004961997659945,1.4492045278597494,12.048652557526658,3.107951023219934
149297437,0.011465939482715399,1.9510804889439117,8.558846497946622,2.3001330488729512
149297438,0.011265577260955867,1.9177927133250108,8.097107539433264,2.1221028268317403
149298951,0.013571258596854386,1.8824998427184567,9.993686698171793,1.466038494716322
149298953,0.013456948005220692,2.446295411132678,7.805998173429283,1.4544481401030769
149298954,0.013963979263966279,2.4066761775334897,8.339445997053952,0.3706069429316528
149298955,0.01454844131244265,2.4389051568317726,21.468004904035094,2.2145250199598974
149297600,0.00988298232562154,1.6922925235132782,17.014716164308354,4.748697963735818
149297601,0.010020932818435772,1.7785526549252297,17.73220018192071,5.126342785927218
149297602,0.011129790195142729,1.857357170268745,8.912933579934387,4.3249442116218075
149297603,0.01129952424545924,1.829026520484383,8.505292484618383,4.082379099881082
149300133,0.014093546551670678,2.3479711395336156,3.5654329533259315,1.7008808585193347
149306450,0.011511007574271289,1.6525416674631308,14.195781915699346,1.295039504819101
149306451,0.011577736127965772,1.5447069745930533,14.119544997572095,1.2978244218873027
149306453,0.011798826044171583,1.5355828733641192,13.72770059036757,1.0066082639015144
149294197,0.014381713539350565,2.356368839631776,8.475697337891246,0.8136966392261666
149294198,0.014675843091452897,2.451685009785786,5.118653243802469,1.001347659154343
149294199,0.013856684585629418,2.6115066774995728,17.320859857895684,0.7677964541173716
149294201,0.01384064994458184,2.3675977654461553,6.971582232413545,0.9533376560446596
149294202,0.014706277132729251,2.3254402477680594,19.14074334027156,0.8082805839824765
149294203,0.013474924784834983,2.4179003952709484,18.22761245967692,1.9742686492491621
149294204,0.013715922954759806,2.6466354313982707,6.525589704356328,1.627854715562622
149294205,0.013527438901975684,2.5257110517893264,6.058579243711235,0.8879686819394771
149294206,0.013652023905960304,2.6355580412635864,6.2260540251769525,1.6101483656154876
149297834,0.02587444722890858,1.9237447381842652,6.149045393333055,1.4718550634713115
149297834,0.02576765036960816,2.0433392579543357,65.20855619179737,8.90106522946911
149297836,0.027174722357545058,2.270944092675784,78.63659550554301,8.96780014586652
149297836,0.026977331604741337,2.334686611190243,61.63321912067687,1.8639410612762777
149297839,0.02648816889009321,2.3507381603763053,68.61155699014863,5.18382316296238
149297839,0.027274671791347578,2.5881930370932573,55.24849518771576,5.269036909361329
149299102,0.013623680392140309,2.4865328880876074,23.244160126161677,6.946456050439969
149299104,0.016061487853054165,2.020697556371119,22.9338672952962,6.690779878957521
149299105,0.013635949581260976,2.3925594030907833,23.088041106566497,6.5819269728170475
149299108,0.01517726617705773,2.0454718356499444,23.630796748934504,7.521619924882589
149299109,0.015194333687234034,2.046462965595855,23.426262144103365,7.561624209828035
149306689,0.009337690223613105,1.2277712171436428,6.727642795267351,0.10760763355187498
149306771,0.03032078129235839,1.719742398986417,11.191643007984048,1.4224385517595706
149306772,0.028083259052770315,2.522349262807483,21.81832394972512,2.5413180383846856
149306773,0.02630684251398732,2.05760891099409,5.841824455214108,1.6910904813686336
149306774,0.029567918024492917,1.8704919058105336,14.19314630544559,2.0977419107574584
149300557,0.012578883679249156,1.6561887666703616,15.544889304786215,1.9300486161021029
149297808,0.018330190231519064,1.8890046707442516,4.347448572002025,2.199901291379277
149297809,0.018252013455315633,1.8863257135808367,4.225469820068509,2.1905024943367315
149297810,0.017700024338912674,1.7745381877538238,3.8268890466398444,2.3618780452634986
149297811,0.017525085362108,1.7979882724312835,4.494054728436626,3.1025639069324304
149297812,0.02010071068086095,1.8505982942206916,7.4827333292015155,2.436490173347234
149297813,0.021047541092231222,2.501185840597465,15.694594353609569,8.678233749034176
149297814,0.020604863979052552,2.188204822795195,6.060456183061631,3.0355775779037564
149297815,0.018028228142646596,2.0433481410576544,6.952083498080171,4.244274446556156
149297817,0.021824776237088315,2.0905825872263204,9.871265109533878,4.088631813392761
149299763,0.011582666279505178,1.038777456269623,8.238982682051825,0.9145894153544998
149299113,0.017057856616693328,2.557783444995519,13.19178299945225,4.898980372978422
149299114,0.015485892580687286,2.374112979401627,8.68478847786286,1.520435237091473
149299115,0.016734340719302052,2.4670952146366045,14.318470321300603,5.445511279736354
149299116,0.016684767292502737,2.177940904943032,9.941518091137802,2.9110511037842683
149299166,0.016398349581070493,2.3825797054981632,16.549346061205842,1.2806292735385814
149299167,0.013319764064512829,2.41503727013096,17.05218759653097,1.1522506543930524
149299168,0.014665886043197162,2.3703669352315466,14.824521354427626,0.5967864349697702
149299169,0.01424339521899436,2.4392911975550335,10.73375583738371,0.6756782515013867
149299172,0.01622509585169499,2.4186687380970224,17.171758305055718,0.369076432508378
149299173,0.015849083040646673,2.3961863538339356,24.695037611371617,0.8491084484151024
149299174,0.012878300543479514,2.3991113264358037,18.071945725114215,0.5540007325211533
149297404,0.015478960647780097,2.4949661680363415,4.784552315142213,2.1695007927228818
149297405,0.013518346184837328,2.5672615426405003,4.080742771661885,1.8498525905450958
149297407,0.015158474448011881,2.5727960840995068,5.939108826536155,1.3325092488578072
149297408,0.013269740248495407,2.679448903837955,4.036604124911567,1.4470510374186822
149297410,0.014049301798059143,2.8187891997646974,5.799563377257535,1.4580082737984468
149297413,0.013158556204984177,2.6798942593747097,2.60692978642825,2.5424139140078457
149307560,0.017648973114690582,2.151877176875202,9.807504058053839,1.349795583069515
149307561,0.01769366651182428,2.5158554060639307,18.23948344823978,0.6476558624205179
149307563,0.019272711828777316,2.5278882698665823,1.6598770013220705,0.5763609542926234
149307566,0.01755559363988733,2.2469658274929283,7.599951031699776,1.5818493550850046
149307567,0.017020190191957812,2.7961441820021458,19.491504960173124,2.589586255715815
149307569,0.017364755005450806,2.3895294161769343,6.685181447137611,2.052453987721223
149300313,0.020556872551379033,2.1079101872146278,13.081927426361956,1.2295811921069038
149292047,0.018144276075354043,3.5115550818516073,9.335980739052712,1.0619753492442088
149292048,0.015888212970424056,3.5903260383557423,11.456634427149712,1.7522972041866358
149292049,0.017681202763916565,3.5574765011946052,8.276378857291984,0.9169766352764552
149292051,0.016964847595152828,3.715088309649405,6.646556559937703,0.9527988328537731
149292052,0.01762509839984524,3.518298232465591,10.78152255764366,1.213139473523424
149292053,0.015808463232820362,3.615392031739726,10.676292927080732,1.335232199126931
149292054,0.016206295169554182,3.4287440952813855,11.112076448894209,1.6542873120411765
149292055,0.017049448981430057,3.4110611618064293,7.9253304517159755,0.6440293129061908
149293144,0.011280811967677922,2.0385012184397993,5.020516658101651,0.5024856715800974
149293146,0.01088109662784154,2.2124011235605634,7.645985016661985,0.7048253138945784
149293148,0.011622336503591141,2.067343099252749,7.157772937667324,1.3205186705824146
149293149,0.010471227038203234,2.0638618562462434,4.7462760807220805,0.889178760307433
149293151,0.009872716848762194,2.449578974815084,13.478833237728415,1.2316096468359379
149293271,0.012281929239488601,2.260346656279757,14.594935841940952,0.4424406885096624
149293272,0.012703362172295035,1.7649912124497342,2.475170560230875,0.33722231022879434
149293274,0.011385533438917588,2.098166391891534,4.355539948174738,0.6361426044277669
149293275,0.012818367012520163,1.789798118744995,3.6503733889942813,0.37173048165075273
149293276,0.01372522978868903,2.0648802851596524,9.57716682407025,1.7820587912882841
149293277,0.011363559329114481,2.120526564023435,4.83482008370157,0.2216676665732614
149293278,0.015434805567841074,2.549135690904453,18.4649301890622,1.1751775290002051
149293279,0.01178194299035169,1.879281173779958,5.330630592710793,0.9254282267068423
149293280,0.015977351254385107,2.5295372000590803,17.842887178006674,0.9857816879161685
149297463,0.02388980603348895,2.073035761519547,20.41333506291282,0.871403363957306
149297464,0.02389608069166887,2.0924998349367367,17.168621169233948,0.395435386545522
149297449,0.01231217800817995,1.937820673343804,8.256866992003063,1.8579378691781467
149297450,0.012492819761985274,1.9204877580044792,7.5835475702919215,1.7192979232358838
149297451,0.011677722184592267,1.8329638788532572,13.692914854281844,0.9431374253042148
149297452,0.011747837644703598,1.812986001123623,17.690404843624965,0.810415588063792
149297453,0.011676387303042818,1.6104932642848344,8.982351675507978,1.1629322275239022
149297454,0.011097993447033863,1.5799572374733482,7.7138364656586305,0.9605738620505261
149298271,0.010296211247088351,2.061423379912307,4.166702440476476,2.2554128050414355
149298272,0.010367536926668105,2.0743723240826157,4.564251672969494,2.21768590167139
149298273,0.011150892256964164,2.145412380819084,4.593002567034489,2.102440312263708
149298274,0.011091924359298726,2.1161984952201114,2.9446599031075134,1.9993522885120307
149298275,0.011184161939858021,1.868881649182877,6.464991917314514,2.0420635846188318
149298276,0.01124104729722945,1.869885298574325,6.128291653663856,2.048624336611832
149298277,0.011107043827989162,1.7475694836325402,4.937840150097116,2.0604956340967133
149298278,0.010978701184162982,1.767919190186613,6.310691555416962,2.0719049379617562
149298279,0.00967727214234383,2.382017955710579,16.58336831982534,2.3826362067707856
149298280,0.011458639633952664,1.802090102353078,5.834175389631208,1.9374126133428318
149300145,0.010435856931487663,1.7176404174130029,2.66286510980948,1.6270535928890275
149300145,0.011395752001249057,1.8733113482027224,37.44085023601781,1.7853882971308188
149300146,0.012182521774161693,2.1275951695847053,67.29787450549364,1.81095806776439
149300146,0.011675179257894639,2.602385151189707,76.25712997404781,13.483528973839068
149300148,0.013255367492760548,1.7901306719306944,44.64144602266859,18.157485411268205
149300148,0.013877797461620838,2.012950071064129,65.39732614323607,16.851092357404813
149300149,0.011861267637143773,2.1585584818780728,60.19194308273489,16.471676431031142
149298483,0.014348110009965009,2.0606700732083496,24.015837933326413,6.304106246717157
149298484,0.014125670387144537,2.0525575306653128,19.893304572693513,5.2853821516634945
149299963,0.01766366038605547,3.5866847599058196,7.904472439335147,1.5599247911273322
149299964,0.017276470146150014,3.65018187041817,9.666072802405642,1.6702457621981415
149299965,0.019240980777753686,3.6047419323825274,14.279671584138352,2.0783413470989913
149299969,0.01810787991061656,3.6681192278542394,32.623074419926866,2.72466442421927
149299970,0.019418588834615128,3.5619617343220056,15.433769556285204,2.020920691870037
149299971,0.019902828547483348,3.621347138166881,7.989972240878458,1.5428316626698764
149299044,0.01874825764008187,3.4172140288506334,15.419507108855024,0.9643169194151839
149299045,0.019062183607075445,3.5825877678147773,20.441047882264552,1.8774525808118125
149299046,0.01429908238866856,3.108278718268894,18.57106954521525,1.1315985615558488
149299047,0.01907539826949913,3.5033110612292817,21.401768942706973,0.8521951498765128
149299048,0.019006305935878123,3.571161448751235,14.782544445838989,0.5771138139789525
149299049,0.01756634718200372,3.4361683543164934,27.066473848846407,0.7358834810533946
149299053,0.014202995058295377,3.079756039090914,15.629459411753073,0.8689554317232715
149299994,0.01986419990437314,3.5414572019961934,7.256727554091301,2.557240999723655
149299995,0.017051410568708538,3.6399297930659578,21.051741482007966,4.456308867098155
149299996,0.019386170681353065,3.559869638751989,7.742816362854415,2.2443888415305215
149299997,0.017650693533728844,3.553883752588638,9.973780054157478,2.9033809690307644
149299998,0.01628907406675218,3.3765078096142203,8.73541269990672,1.752634154389289
149299999,0.01659503777420407,3.5595901716506053,9.377850002360681,2.508950054645704
149300000,0.01840267600551017,3.5984565556003445,21.575821820256806,3.546998571622541
149300001,0.018539584063200557,3.6093020917935084,7.974773431457524,2.1571372314912156
149300003,0.01715616421807884,3.5475846000833693,7.783454692955521,2.1467124438506713
149308612,0.019304123550680834,2.6601994438831515,6.555226425496344,3.018887953947326
149308613,0.018657639210333664,2.727318359116767,6.667499467229573,3.0841505176250923
149308614,0.019669824744174207,2.659243549525114,5.640265304567755,2.733500926606254
149308615,0.019093196449347337,2.780351652450882,7.190296648661694,3.805374053116587
149308616,0.020007445453168723,2.648555824476325,7.0437383189290825,3.0967621704351442
149308617,0.018485378979886384,2.8282508894575225,5.974681008898291,3.257072552633753
149308618,0.018962019790876777,2.763128176800181,8.526485250169168,3.372227454588218
149308619,0.020354414254970653,2.628996969011572,4.913030218361097,2.9080404032980454
149308620,0.019313272283320533,2.8400617807905695,5.356196797809102,2.99202428415703
149308621,0.0189514686199012,2.91098701690878,23.547360904819644,3.6868941579953947
149293966,0.012629842634118009,1.8985322005373073,6.549061714773825,0.3181514589317375
149293967,0.013429981710610455,1.9656325111131994,4.860042530847729,0.38277799148662106
149293971,0.01338445273079333,2.083271322075425,4.602504071142408,0.31779637432488955
149293972,0.0124418201896832,2.2083236068502217,2.72323109498543,0.12210761651956883
149294187,0.011739126406760747,2.106812961523077,7.065382951243344,0.3635451172723298
149294188,0.01085516458690054,2.447569360496383,8.924859538657198,0.34200139606439595
149294189,0.012180396067025865,2.2433418989718916,6.377612504459134,0.40573659629637754
149294190,0.01268601263364929,1.8630263519145882,6.582195369925306,0.29430878073937994
149294191,0.011634671527205986,1.9773912736812367,3.3395485486510834,0.336057427961969
149294192,0.011938306534408982,2.6486154660228727,7.6930028044219165,0.608629452082686
149294194,0.01256327188388124,2.5589108107297447,14.54361516549386,0.26107120979496024
149294195,0.01180340161909723,2.360641392449982,4.533731530223791,0.3133081423121162
149294196,0.011333881363150219,2.0239289973781323,5.6313826194645875,0.20259343923729844
149292122,0.014540104705541167,1.9354320321387182,2.9672030423005253,0.3166238863346835
149292123,0.014576953713988832,1.9257253923106041,2.9290322440828827,0.3330353418956572
149292124,0.01488304122756502,2.0781011676265058,5.835875486597834,0.43712098848674613
149292127,0.014450022277708799,2.46158196199086,2.630319378114855,0.20856239735592572
149292128,0.013902128473367872,2.075265188993349,2.445460521489216,0.32762449901856344
149292129,0.013436733299616714,2.373312168701506,4.803302532500694,0.39125815537954395
149292130,0.013418751706675206,2.380189004992382,4.161833716454505,0.35798475629906706
149292131,0.0152378938630618,2.0690698993966006,5.574342576630609,0.40227738692757875
149307878,0.012748432958670255,1.5671546847462228,5.098129849862236,0.024156976471046122
149307879,0.013826769198347678,1.7296753968020029,9.951341076723107,0.8871532772348254
149307881,0.01404162231964358,1.6514955307536876,5.225539695803341,1.8260050069788454
149299471,0.022512179282430076,2.3410324528115907,8.314518490218296,2.3943965646245564
149299476,0.02310615986157156,2.2382353705570592,15.699827838641164,2.972027866214089
149299478,0.023057333283424252,2.2356361479628357,15.096121211751463,2.9281519658116384
149299479,0.022621748306336835,2.356671242758851,8.010097369201636,2.4449136623281955
149299455,0.028372848447387924,1.7905912313672818,4.2581724925481685,2.0580775617937466
149299456,0.028363856221422856,1.7907664663446754,4.076233454635309,2.045096235156804
149299460,0.028157231834956598,1.8243998828419534,3.7597984768361177,2.1517580035298036
149299461,0.02855156966801606,1.8423278702340804,3.7345155353034793,2.293719313646112
149299462,0.02855235364369157,1.8421902049330512,3.7565556276348735,2.2915004758601736
149299463,0.028948281649648244,1.7900035525748943,4.98082976947313,1.9139125594923347
149299464,0.02896001443780262,1.7946285992918651,4.892990353078272,1.9142666038726672
149297707,0.015780158651050362,1.9806192697354648,2.87356753564848,1.5069101520051589
149297708,0.01572151545347206,1.8622133683683797,5.161388782946168,1.724937308914843
149297709,0.015009546471354112,2.012325942085032,2.834847991525246,2.132447300959846
149293239,0.010496670662384381,1.7877259706999205,4.859371778998299,1.2677946701751497
149293241,0.010457963523990832,1.8031988486303339,4.24872402942005,1.3567157902028364
149293242,0.010807081258931662,1.784779578351916,5.604522139499309,1.2796566003237153
149293243,0.010620839627012421,1.7940805831939795,4.726678216172443,1.333314259085409
149293244,0.01051833739164425,1.790522680240839,4.962260346414118,1.3400790636694435
149293245,0.009701062925476234,2.090096419039181,11.622606709312784,1.0032623671137997
149293246,0.010605077035643246,1.7870440397606564,5.124758264966653,1.3408300541391236
149293247,0.010220010803485502,2.0678452632587176,14.420621537896658,0.6181834439736991
149293248,0.010150344358476504,2.0645517193430503,16.085587464820783,0.8649419426209695
149309585,0.01818501808918838,2.7534920527520224,6.8706905350904295,1.126785449124471
149309588,0.01883447219901558,2.96566581200087,7.170081473194895,1.0705396920720929
149309590,0.018649425979889115,2.891384147095965,10.63999069952148,0.6245493989013113
149309591,0.018317790511297134,2.7653590895321165,7.8875679624289035,1.131830644050846
149309594,0.018119820772600038,2.8654333432536645,6.789942657205537,1.2137233736162982
149307191,0.01729395746743082,1.6854301085576389,6.000594667937265,0.3708469520131495
149307192,0.01727101751067506,1.6907786253979984,5.985647590120018,0.44150239276329395
149307194,0.018958960676181556,1.805054813321728,10.581247620514919,0.3933226933244297
149307196,0.01893566170300988,1.8032800976513645,10.425867845003726,0.21203806108101944
149307198,0.017962679450649867,1.8608696884946718,10.919521021911887,1.7420934990119132
149307199,0.020725733007818218,1.6345779320237686,3.7378914363597993,1.0862383024416653
149307200,0.01796140494579661,1.8570614967291321,11.179078801810032,1.7273258138864385
149297946,0.012349566897036146,2.2652628632753578,7.414555970861303,4.373541560680589
149297947,0.01212008269248174,2.2803142268688816,8.438107775067843,4.949733751585341
149306133,0.006679287246742131,1.844609001399494,6.9604365188139,11.613178738160526
149306134,0.006595455263102748,1.8372128907419625,6.9250992950998835,11.645729351608384
149306135,0.006794530175228423,1.8598811930458374,7.202132312050291,12.169220249028138
149306136,0.006638149488913195,1.8455569974157588,7.431036505964152,12.541751973806129
149306137,0.006253218757286944,1.8830396081401222,7.240465290718501,11.835193678511095
149306138,0.006768715348817021,1.8542740297852107,7.1375632495911026,12.053865023116957
149306139,0.007815434191757772,1.5829172965568057,7.076064598784493,11.419842364208922
149306140,0.006902193054641916,1.8270039873189232,7.461848682862423,11.976645597867916
149306141,0.005953930728135689,1.9140590406192715,8.148385231008673,12.33341193236764
149306142,0.00719081030212088,1.6397471364275775,8.95690405486046,14.576319399092892
149307827,0.013621485983889087,3.0228748918255848,5.919978797487932,1.8233836403893031
149307828,0.013660478572717842,2.7661640053154297,31.765494778983673,6.854080137651062
149307829,0.014090302465213842,2.995248995431104,9.90622701580158,3.0925121230146333
149307830,0.0131786188677991,2.969604794324935,12.789581902126143,4.047444097012439
149307831,0.013224252859638446,2.9717928732037318,12.785612234237929,4.115951800370611
149307832,0.013983961696997376,2.793033812627958,33.16386147351638,7.55185294892379
149307833,0.013696516053353685,2.9085085747143715,11.428241832464273,3.7481055577129103
149307834,0.013745463640500206,2.9116966157411963,11.470775761634608,3.7697819081364123
149307835,0.013159214290038686,2.970537906015319,7.932959272674724,1.8933254228389282
149307836,0.013461939699366177,3.000284195854425,9.048739305949974,2.43048750200421
149300373,0.018570740989503096,2.604119852290565,15.436579975150199,3.1944039770483377
149300373,0.019074964962881493,2.538411905292944,25.256520650633057,2.969075346144539
149297483,0.018034538873029637,3.2866001621103167,12.17302663387308,10.431754004133891
149309720,0.013379547281156616,1.934316569832123,5.424118829953756,1.4145976872734072
149309722,0.013327027586493134,1.9157485590273473,5.857836016746407,1.5679703156692264
149293983,0.017469137092979703,2.667466100871631,9.62021472126246,1.4694955511729924
149293984,0.017516229727042674,2.5939118303426687,5.54130429040755,1.026025966429009
149293985,0.01653473926375114,2.533708857454388,3.8229017502503426,1.3195267393049783
149293986,0.01572398863581578,2.497015401864665,6.457315867249286,1.6614179286077257
149293987,0.017407007789931744,2.6716747344211886,6.0578819377362345,1.3336925446164694
149293988,0.015326782637536673,2.730815490065373,5.790665311569602,1.6260081006191458
149293989,0.016809595889604005,2.709933231525097,4.9404515370766795,1.1995452010475953
149293990,0.01547641185275935,2.5209690828841653,5.932883535307122,1.5203627717098112
149293991,0.01313540327254463,2.3781543022973435,5.717965942203269,1.3578403023713437
149293992,0.016936695356928946,2.4735610467676863,6.25579417539218,1.151497977046312
149299187,0.01792709644954893,1.1865073957961272,3.8994429209386223,1.9596692472352644
149299188,0.019582813100088973,1.1641252941293696,7.692417078592693,3.4279491982098476
149308382,0.019589063157503084,2.6390472166779357,16.368368476868394,6.766307501477489
149308383,0.017175731230862887,2.7255374561031624,29.65327829371654,9.081401588402462
149308384,0.01947807193857604,2.6344788154094245,15.869098467929549,7.662405172471106
149308386,0.019294236240256765,2.6143421612348945,14.539285123177338,7.3297464975589675
149308387,0.019271116038608316,2.510570683400162,13.201572102067573,2.242897399314727
149308388,0.019310178369576218,2.496758714500354,8.22694529934936,2.6506712059444175
149308389,0.01952787917216867,2.6037206192266584,11.975156281027102,7.464706671509558
149308390,0.019413010734612976,2.48727602863758,7.6061581325990435,2.2467115630590873
149308391,0.017818849159772266,2.6624689268580606,24.4371412491227,2.4609637870387377
149300479,0.0194924894117745,3.7640019138357377,22.777867997366236,16.227527109027108
149300480,0.018865129723272037,3.704387338695895,24.023338062072714,21.733145931390695
149300481,0.0198185104637863,3.9578603409639994,25.214757889601167,16.341313895982907
149300482,0.019094175263938206,3.634294469572468,25.568521317099584,22.317016895508043
149300483,0.018788164755115893,3.7741208182528765,21.905438641571255,16.547173042137548
149300484,0.018496529602000072,3.651314572034893,24.026956069550078,22.174593902619407
149300485,0.019383713761216646,3.790448614488575,22.02408396469526,16.423733322666354
149300486,0.019526649476358852,4.018762222215818,27.03225669336209,19.880766704890913
149300487,0.019090779009275825,3.693397463471817,24.63559043211229,21.920770670257596
149300488,0.020696493800253766,4.117614647069029,30.793172549543588,19.640664803817145
149292317,0.015210402436877976,1.7044505150130147,5.650446345257719,2.070495339816061
149292318,0.015191749917160649,1.7012485347457869,5.502352927623691,2.053969083715711
149292319,0.014691238602565567,1.837497666764484,2.42766017169139,0.8463909725428351
149292320,0.013391452892338175,2.1741722155267054,11.461771179604957,2.011578145541423
149292321,0.013418797289391738,2.176785205131645,11.546055531837037,2.001111645159285
149292322,0.012984799016951829,1.5398667300535855,5.5940533211850525,5.475958118216276
149292323,0.013210955384128758,2.4413151001357036,8.165699112933142,4.553008716070265
149292324,0.014518251961689542,1.7497185469940053,2.795812982644612,1.551597788138621
149292325,0.01590030989063368,2.0808033849379775,4.08016825504735,1.5193154643112279
149292326,0.013065724759059061,1.5175203810366371,5.032558879626295,4.683961570209018
149293193,0.012377209901122056,2.1181793548900396,5.38898689382887,8.036991432528978
149293194,0.012358364417566792,2.078187118276364,8.988238311101723,14.64770222764704
149293195,0.011389360615445265,2.4516483899289647,13.855456067511108,8.341385546272813
149293196,0.011580732475768398,2.246035987769622,9.762604774543973,14.43420056365575
149293197,0.011920671577484498,2.162706370026353,5.109471757445139,7.647149853581499
149293198,0.011569773075006418,2.4527870694940677,14.287479259182723,7.6484315451402525
149293199,0.010554388846479646,2.591333307895552,9.121469704176306,7.409546047162082
149293200,0.012553164478672751,2.260331751645248,9.745004007154103,14.23339625471285
149293201,0.011842253594254412,2.2693323666479226,5.464942031236962,7.616314266527962
149293202,0.01149249662002871,2.8066559992263125,8.167945375387834,8.699543973609057
149306198,0.015904125640179827,2.693180430244168,10.56714873117719,14.924608364778745
149306203,0.015982947432354122,2.6844445722912393,10.738472533515626,15.28066079826636
149306204,0.01600561395913806,2.7091892770770185,11.871734570675503,15.093191520187128
149306205,0.016219368412390387,2.8259126114385107,8.11567888170866,5.605115520023931
149306206,0.01653327742729535,2.8411485103983116,11.390762903026948,15.201446751249403
149306207,0.016509873876980684,2.8375183557906176,11.240329637306482,15.07010662796929
149293249,0.021838815305550267,1.9534974885049163,5.1246178135649245,2.2782842827447203
149293250,0.02179487488560952,1.9380801960133058,4.949755242896612,2.304901063666028
149293251,0.022007646874642278,2.1696332252922863,8.060899214428815,2.3455869072472426
149293252,0.021926185167845405,2.1900447833266514,8.707057317865003,2.4853918438190092
149293253,0.02179932457240297,1.9508162870076204,5.143269009014792,2.284875396552925
149293256,0.02131925422590839,2.24276411353636,10.1712076742211,2.3949663061234463
149293257,0.02128202025946946,2.1343493916299274,4.657537566086058,2.338171506842128
149293258,0.021574711633287558,2.077533831080985,4.491805085905072,2.309365676095891
149309830,0.012826532183734356,1.019027973962655,1.2086293484841057,0.16003005800689643
149293067,0.02262446366049016,2.263520259648616,5.661399776442789,0.8408596811391689
149293068,0.020868355339891228,2.455183238346366,3.768431335742386,2.1652886189795892
149293069,0.019929039110463308,2.7601012321014253,16.534970997471564,6.382245867276748
149293070,0.022428701383266185,2.353822268004522,13.884043925945639,11.049994417328932
149293071,0.02229066312490212,2.4120011028680235,5.060443225713125,1.705175199037204
149293072,0.020135556590596213,2.6781992879194108,11.374909065186486,3.92776513643541
149293073,0.02032482333741613,2.682038610863247,7.025043016138876,4.309638877962338
149293074,0.022651561739614842,2.212635688423675,8.549793891445267,9.466461778132652
149293075,0.020529680189814426,2.6220339147423033,7.028667872168801,5.522410081840865
149293076,0.022545477656535196,2.361705529058584,7.307517820396587,1.4766418977625502
149306408,0.015779742049977792,2.4107136363788744,12.452121992380704,4.537261834618458
149306409,0.015316393619514859,2.470806018615629,6.996129798974889,3.4289608444011708
149306411,0.01575435108893176,2.4553965136119165,7.891359123246004,3.9366884404063853
149306412,0.015083379382478586,2.2654279990639425,6.228356113087888,2.5533133967800166
149306415,0.014814211104356559,2.3235326297440615,10.638291269311495,2.3844559769637867
149306416,0.015925807167129265,2.4529425059743253,10.815447708494156,2.4715214152006446
149306417,0.015847184312962184,2.4970759346624885,8.55051000674021,3.9996211271749824
149306466,0.014413371193400411,2.2909029978047535,14.35962387425207,6.6129521263283815
149306467,0.013839791949456315,2.316071161190322,16.640114744044748,7.757075647001499
149306468,0.014170085443619454,2.337734392243179,18.27985816196687,7.018272134251183
149306469,0.015191673819291408,2.3527625021406267,13.965332349080178,5.808674194350221
149306471,0.015402492793704006,2.312915909629128,7.112770435097802,1.6499146372822446
149306472,0.015965005627692534,2.3273801990504612,12.768346022710924,2.286115000747601
149306473,0.014411453016500016,2.3469489606117593,8.558172439052269,5.958207389355498
149306475,0.014888318142264444,2.3474545940701823,10.301407256256354,1.734244290577152
149308705,0.016384745764012398,2.606860635634499,11.259713117214444,7.612986282887239
149308707,0.016450102204723573,2.6135129371013166,10.28525120476475,7.653754534375536
149308708,0.018528790883767444,2.4381654001756745,13.916525796843215,6.5245141086732925
149308710,0.0162708077447576,2.574652662790271,22.60756321450246,10.834967319572188
149308711,0.017761559162522,2.7155467102843027,25.922441246539524,8.0041062788421
149308712,0.016046526756364605,2.74564813682969,15.974567402695683,9.380566251529343
149308713,0.018008856167519047,2.700225347441422,24.619208941226997,8.328050005110672
149308714,0.015631509048016003,2.5873426217202615,21.278854057224088,11.258404670046103
149300176,0.021541538783026965,2.0400457393224314,8.507499123420192,3.299743929791626
149300178,0.0216353054490601,2.0885218824373553,10.785760407060696,3.232888540510959
149300180,0.02102488462761136,2.0692501880903174,6.975344182618674,3.0979545996092828
149300181,0.021153973023392513,2.0181195326743504,3.7137479801932565,3.0609019359410015
149300182,0.021276093779883428,2.0842841503793896,3.8988913421377838,2.9462100506214792
149300183,0.02450038258513234,1.9063775244318177,8.13458402879943,2.643040458962563
149300184,0.024429952727976788,1.9003462635104846,8.083982987299386,2.5905046375227
149300185,0.018771579486441047,1.9025460967831145,4.013121969643059,2.5821062452254138
149307100,0.01593859651974669,2.3196547055535306,9.736244476641694,1.558378135881095
149307101,0.015811223917986325,2.047585203973189,27.666152029253247,0.6513622378307186
149307102,0.016523041010834835,1.9333439501334144,16.04749957984673,3.2752844064147464
149307103,0.015483793278812032,2.43145032705523,17.51631745638326,0.697038329018914
149307104,0.01608998199025211,1.9912743598751557,9.851887690320686,1.1600100756023684
149307105,0.01643497294721113,2.54745327199898,21.821267658765148,5.743122429777226
149307106,0.016122428119176673,2.584860103760266,20.440132803463804,1.8208877494274849
149307107,0.015682512220691912,2.079358829964476,16.305964252079356,2.411456830637968
149307108,0.01636352090728041,2.407636335802305,18.733707534894467,5.536705563310408
149307109,0.01619055310660678,2.026057687662775,12.413560591627158,1.285169585798144
149299014,0.015675222261081454,1.7683212826306465,3.1441324982333225,4.236568884155916
149299015,0.015699268078141745,1.7691586646593447,3.2054703700895852,4.3665477412957285
149299016,0.012615188743469535,1.8340555958923825,5.089194383333127,5.282728401637931
149299017,0.017116921579801235,1.8274810320651058,4.660432363470193,5.739907175660639
149299018,0.015247593571202494,1.7471869406337688,4.938252412304354,6.177825876707846
149299019,0.01695607368718537,1.9336717774376917,5.101551311733093,6.819717759959178
149299020,0.015272887433008068,1.7378486505483908,4.937141002933523,6.182651255358394
149299021,0.016955907038364984,1.927411557075853,5.365271108876789,7.206119137083279
149299022,0.016821261897824066,1.8634803254117163,4.36922806851736,5.826664414904868
149299023,0.01706739032427228,1.8423266844946486,5.897069499820772,7.715736992619542
149307842,0.01632816137032124,3.3086575175759276,10.3620326697847,0.8365901246699755
149307843,0.015554878787415365,3.431558254050051,14.596509572730978,1.5152621028476736
149307844,0.01524970549164047,3.544823825566988,14.002051425636042,2.5437440501817674
149307845,0.01538594529487184,3.600052414933144,14.023506841319914,3.004314417175185
149307846,0.015571151714684246,3.4502645310214723,14.242901318563497,1.6190118532943865
149307847,0.01560073977060733,3.3306842362329356,7.001072135133818,1.4655245985971879
149307848,0.015597821166649553,3.3600139482715314,7.424900451372113,1.6072768577076544
149307849,0.015729649818161495,3.2686403196342075,13.39473052564737,2.40556322933907
149307850,0.015545337751820583,3.571245466514878,13.824836288596247,3.018186901039672
149307851,0.015500829067286939,3.2439876755540857,11.256511039119143,0.6923891461153342
149299383,0.01961699945660396,2.379842783724831,10.879705933369717,4.281156595264329
149299384,0.019183741560798218,2.3921627367695275,6.7165338481261845,4.38484148162981
149299385,0.019185894624088706,2.606350730997461,7.553599530088659,5.573209574219024
149299386,0.019115659852217814,2.4389073105466235,7.701824220693106,4.200505549549378
149299387,0.01954652571034501,2.3627122086204,10.152133887663295,3.8905821112401244
149299388,0.01856511847847963,2.5164378895238015,41.56744575889554,4.462311272769156
149299389,0.01921730378434121,2.634355222951095,9.43539377261093,4.224912445768901
149299390,0.017923496537045697,2.6945157361233303,12.157905377931177,4.791465494818182
149299391,0.018702916852464474,2.4709932926084255,9.814885671502502,5.6862991459554095
149299392,0.018508299539427984,2.7107454319678523,9.202690259781246,4.176670411763734
149298520,0.021006512694194793,2.7257015944858796,5.714710201317892,7.442962855437407
149293919,0.008795518503920114,2.6129194071427784,12.416735699564168,5.907695477663951
149293920,0.0074360751037191135,2.682628664507555,10.10881812797097,3.668427430219027
149293921,0.00848880065104495,2.4808365856479297,8.492936682654008,3.6458509117904976
149293923,0.008168688714943879,2.383293543387009,11.15606489895651,4.13207204963131
149293924,0.008398491643392864,2.823500062843147,11.779665047027807,4.484150670237319
149293925,0.008751881108371119,2.581323915906397,9.453636840754424,3.5210733281258206
149293926,0.008903857942059439,3.4159957768089044,53.5162840668558,4.229986940570326
149293927,0.008102829822064941,2.535991200045409,9.221914115374686,4.835556777017508
149293928,0.006706763457979015,2.615547180304705,11.087018807204597,4.468553755224056
149306418,0.009431490850621019,1.978608118175248,4.562658290840156,2.345187588261216
149306419,0.008728371215613994,1.9498221274617233,12.96040434897465,12.906438232769073
149306420,0.0087328073643727,1.9314537126801774,13.031086717945598,11.364767383031637
149306421,0.009148032807947163,1.945929289569572,12.652676627254277,10.949447396043958
149306422,0.009157710691256505,2.036855783431021,9.870453501347562,3.9207641902188146
149306423,0.00929520951319858,2.0573029081306453,12.663594434624832,10.005743897807125
149306424,0.008897142347305393,1.913057422404771,10.72321044611859,3.012854292345511
149306425,0.009176840999704854,1.8631945398755938,8.080916017737056,4.212817727286585
149306426,0.009030859146236926,1.9756052554356953,11.67957524848772,12.243676028670224
149306427,0.008865082197537741,1.918856019130156,9.633419416140617,12.03957102820954
149294207,0.010510578425478262,2.3134870935111196,7.008306804359023,1.7143336826661828
149294209,0.01011741154063927,2.323793545384552,8.192466009741763,2.7838980849515376
149294210,0.011005717922482616,1.9918761190756693,14.445655119002316,2.3559928628604583
149294211,0.010085410428812013,2.0431267573360947,10.783819184054448,3.395853210155613
149294213,0.01101314359643007,2.0195376495172654,8.088952882328131,2.279913668452862
149294214,0.011107023368374044,1.9700526392901092,9.38418907494388,2.272364062236364
149294215,0.010311814959947702,1.899863880564175,7.818862368646366,2.232382671150615
149294216,0.011706351974662825,2.120734090006236,16.236658396906904,1.3437871998358568
149306607,0.026304350349394337,1.8089876652009187,8.108378251264583,2.5246936052897206
149306608,0.026323666641730397,1.8190136375416583,7.856759135105115,2.391531646544028
149306609,0.026460830496038958,1.845345043215589,4.994792274266054,1.2555561565375934
149306610,0.026479729041453782,1.8338196612835718,5.018492430141153,1.2341736534474703
149306611,0.025174543651331652,2.1284670461492112,23.285606066763158,12.131662099694799
149306612,0.026785092568498814,1.9735071340991208,6.465478203930646,1.8770532752859883
149307627,0.026413791600292058,2.0228571026262556,5.210710949497019,1.4503863025240276
149307628,0.02637324236749889,2.037313655810424,4.9822166616130215,1.3094628856099428
149307630,0.024768244678147096,1.9035492236575549,7.46673982238272,1.4574922233434837
149307631,0.025110623446393636,1.9309116592469278,2.490034641688294,0.5421924142901678
149307632,0.025145877578591425,1.9214447384417723,2.8055754725583864,0.5214586731395272
149307633,0.024751280980625255,1.8976185956467966,7.401410208108837,1.341370656802487
149307634,0.02469851715109395,1.9588472851374057,10.941013238211337,2.7781917738174378
149307635,0.024695724348380233,1.9620914954712192,10.933547787030898,2.8274729293342964
149307636,0.024727696496657875,1.9387384775049268,10.569284034028827,1.9055689548179227
149306506,0.027104886996276844,2.1701584216875194,5.74400404953937,1.4340094590165173
149306507,0.02707731277560187,2.1740124748042047,5.757088624474315,1.4586494425065601
149306508,0.0264846067351604,2.202599221214703,6.228748529143481,2.269133518241104
149306509,0.026447838327227854,2.2168919655651003,6.05630752232082,2.3315024905550024
149306510,0.026812728146092174,2.162039615070617,4.518975771419755,1.2315410312039288
149306511,0.026586540895515872,2.1827995103589135,9.077892187419328,1.680584200789863
149306512,0.026756239525221142,2.1501282133092485,4.822288111953473,1.5950712259024358
149306513,0.026766126701631983,2.1551118757253804,5.056380964522821,1.749970264570801
149306514,0.025559646798450002,2.0161233818949555,12.451678742975567,4.523505878460943
149306515,0.02559110936957657,2.0025599244738883,13.703213444317955,4.92571367089695
149300314,0.05929268135562318,4.6445087986522875,22.050914831672213,4.3390982881561
149300314,0.05698406804774344,4.766369169744212,54.25019410394888,4.787461861035555
149300315,0.05692381454208679,4.437590953594972,53.31309450478423,4.674148280439601
149300315,0.055471523017034195,4.799346854713799,59.920175336026,5.119014678862341
149300316,0.0642362511973547,6.046482034454214,63.357493093588616,20.82746828653433
149300316,0.06126036301092152,5.989369346580758,60.17975411178406,17.54917617835249
149294069,0.012574701790261307,1.875967402729178,15.552574160593048,2.9316849113691696
149294071,0.008677309462781682,1.3186508514163542,11.136493560303899,1.6743651140315694
149294072,0.011768689498946636,1.976582435218251,11.396251291215233,2.4516903031752073
149294073,0.011898671940246082,1.8144784605877171,20.052040369246207,2.307778239884295
149294074,0.012578492235953061,1.8799112324534206,15.554148189198065,2.920579535141534
149294075,0.01280699329977994,2.1057757674733373,27.837591809691684,5.907870194598755
149294076,0.008694368292096874,1.6447855758831469,15.658441242872067,3.954148339838912
149294077,0.012734170041392974,2.3331510022525346,24.841361603922245,3.438233531438681
149293313,0.013706996811205402,2.633229027124343,12.896861058317857,10.873683352888015
149293314,0.012215033886010574,2.533999216357163,9.338924199595454,1.5379721747231325
149293315,0.015637007756672212,2.491627210165517,6.694692982622217,2.3547182482217406
149293316,0.017449635699218986,2.4922935259413013,6.846895780133609,2.297566146882909
149293317,0.015302156649790243,2.617861545596875,25.598465515873173,20.015008825545017
149293318,0.013992573161654543,2.903535188937186,8.495892663572008,1.2471683510114844
149293319,0.016078764170155604,2.1558687689314775,5.849522403999245,0.9477552682234981
149293320,0.01580225716635098,2.5824354447506854,7.710578070461268,1.0334806286896565
149293321,0.014139703912322167,2.407018105093754,9.612661591308642,5.894611510240148
149293322,0.015666961253260055,2.649499161316162,5.777582687039668,1.7806607016782305
149294297,0.02870327780864178,2.142463921861069,6.1772869710747385,
149294298,0.028759580083189396,2.1168188617386225,5.917205640814848,
149294299,0.026465580524024188,2.1419506927829413,3.669010300537252,
149294300,0.026521270633906947,2.1489268027332846,3.6232895426986746,
149294301,0.023781117616573363,2.307620560335118,7.1911063654554335,
149294302,0.023747436789444198,2.5678685011051137,11.53250911904178,
149294303,0.022647835881557925,2.5291778800206113,3.8572908403134667,
149292405,0.023603606673814333,1.8318174170638948,15.740058365444634,4.388561348207201
149292406,0.02305907690046576,1.8578120234405437,15.334118374775933,4.136232129715059
149292407,0.023091724455434528,1.8538869314223474,15.287679687270046,4.161389477370741
149292408,0.021978219766233594,1.5972848951359582,16.643884254277506,3.0405860622486482
149292409,0.021865665782826556,1.5964659647904764,16.695067699087552,3.0613186446829674
149292410,0.022421293877921408,1.689537559040633,16.512671646202815,3.5683495703814585
149292411,0.022467689694174783,1.6882566505152108,16.716566985051404,3.5757246204157975
149292412,0.022486840077489665,1.7971877175859479,16.487309386579902,3.627585609352482
149292413,0.021590379532043055,1.9182891445920165,17.486465055010505,3.787723491839648
149292414,0.0215428051368937,1.9245131516902634,17.64876986719987,3.7352295386820527
149293154,0.008574685452432796,1.0427916577253709,1.1331074953798443,
149300287,0.015658467728524084,2.3984737391691886,10.179794790305833,2.034877643156692
149300288,0.016286934618526584,2.4070795495920865,10.245502633517916,1.647961528249712
149300289,0.016222962626318463,2.411059183277546,9.493055136612195,1.7657876057805857
149300290,0.015661175223314765,2.4753298062321782,10.826311254451609,2.1540970510655137
149300291,0.015503337694289179,2.3356176243728695,9.727834697835748,2.458823336534073
149300292,0.01652597439046559,2.531744242660251,13.338405101552528,2.758228509414435
149300295,0.016364506636612732,2.561869051586003,10.525148144669538,2.199948155254874
149300296,0.01678674456016043,2.527607281677635,10.581666381877925,1.7438831441060985
149299430,0.02160322291960726,1.63676504088587,8.871576468908799,23.30807938794126
149299431,0.025032956140866213,2.0244319007092724,17.487994366428367,4.889060352873347
149299432,0.020615045023605092,1.8334411664776813,6.690546812382444,7.074722606951497
149299433,0.021806388425994427,1.7022614840607395,9.088014097546118,23.090212761337817
149299434,0.02197163199532224,1.7520671865527784,9.136098467770907,23.280536466402882
149299435,0.024890337427529455,1.9127253302524918,14.925077413096268,3.9684740888227883
149299436,0.021706694507982092,1.7171855243789365,10.382010967033576,23.262119887017423
149299437,0.022824920555998003,1.7277565236797914,4.272526936564001,5.153995880196451
149299438,0.02260084416284634,1.7435388884841292,5.654336046383354,5.014651797449332
149292833,0.009556910101904638,2.0585667319446097,7.908965400062854,1.2037673999336205
149292834,0.010108671761757816,2.1329586586483016,9.5516528363884,0.6548019827368003
149291483,0.014663832871071706,1.8608241856500671,5.960249616678957,3.3612417205292497
149293014,0.005070076310309565,0.977688365155202,1.58437446853987,
149293015,0.004826266796872106,1.0081431572622221,1.2590750525206662,
149293017,0.0065862334147452515,1.1510319494904808,5.949938419055377,
149293018,0.00522167991705864,0.9944388426702224,2.3546039514886825,
149293019,0.005532655632785323,0.9559403496408979,3.4844999054500576,
149293020,0.005322530061956646,0.9060668503464822,2.1827028523722087,
149293021,0.006874753220090597,1.1065618643958341,5.405595333819454,
149293022,0.006895136137127858,1.1157402323754835,3.4190165814528743,
149293023,0.00504844954455767,0.8686228808038874,2.1425568747631285,
149292616,0.01097581309588373,1.9620409877631098,12.924458916690716,12.25435352382438
149292617,0.010486822787614078,1.8685237552641607,10.359175715941992,12.873261347124059
149292618,0.013130162660351415,2.1314619968801707,5.9411038858989444,1.7950977744615433
149292619,0.013378125701305907,2.1382438651961873,4.846228332066668,1.5830377668873845
149292620,0.01050953494385905,1.9121840001843788,10.8283294852084,13.615905526037443
149292621,0.010346081031318476,1.5023950795631345,5.239056241772195,3.807103996974507
149292622,0.013096904085850293,2.141623843123629,5.075482557817974,1.60745727025135
149292623,0.008570580493828832,1.5286832073923415,3.7411537487397015,3.4667171499860343
149292624,0.010671342742806856,1.5955173677401853,6.36957878078628,3.5384593271209166
149292625,0.012174293086683741,2.1276516847744236,5.582456516899991,1.0184488119076955
149294174,0.010683572040429412,1.901943556759431,6.8904094477660225,0.5900312617917587
149294175,0.010883355054509231,1.610800630891771,6.787249018450423,0.8224005115051033
149294176,0.010735531467792535,1.784405503021983,12.670445290236952,1.1429156021758011
149294177,0.011108878649745217,1.505237341140404,10.734239799202125,1.6629516413048353
149294178,0.011028825973899412,1.5309424615537601,5.777341794203918,0.7671927741567005
149294179,0.01093846351338707,1.8964265679362509,5.095969794633024,0.749744491961853
149294180,0.010834603511689772,1.5423802717019262,11.174734293966509,1.4179194644063868
149294181,0.010595747601397316,1.9030901201726866,13.125756167909623,0.7478509783972691
149294182,0.01121796474409325,1.8362359638080654,5.469764606230071,0.5523564259695307
149294183,0.01122560080828513,1.53429247319533,4.046087249484712,0.8648001502752843
149292522,0.01412183324490607,2.1794830209651375,10.238142951284415,1.0187279161500629
149292523,0.013149186571225841,2.469600913916248,10.875548382262494,1.6888278394240108
149292524,0.014285698861415478,1.9952587173182654,9.05268172455216,1.4781663729575834
149292525,0.014605810327024417,2.00061721929746,4.894883115944225,0.871200990448907
149292526,0.014963123465660366,1.9582985536524269,6.482910874933103,1.1610588196842238
149292527,0.01498541559722169,2.1341329990664186,19.595479620259415,1.8077667903009447
149292528,0.013227361761929358,2.1601408986847614,9.821692261366719,4.862549108679895
149292529,0.01366443393434726,2.064032312143528,12.568938877809419,6.942389566423821
149292530,0.013887611735437426,2.2896122390379223,10.310956004971871,2.422252416699413
149292531,0.012922707212245773,2.538326491742373,17.280794288688526,7.574779300054485
149294031,0.01114819345002832,2.124653475795244,16.28624646497221,5.322290761012675
149294032,0.013178868772939197,2.402138041757061,24.18013824137235,5.957633463208378
149294033,0.01082860695733242,2.1113130147287307,17.094028065650942,6.536292495424208
149294034,0.01128545700636815,2.2712399793429454,18.38617159349286,5.938900036199036
149294035,0.01134264863928583,2.352954444918864,24.964764229695938,5.447043585889868
149294036,0.01103449035643693,2.348794303409783,24.70544203748518,6.376625910322628
149294037,0.01197776363483514,2.595880211574096,41.60286925838074,6.652505263549357
149294038,0.012279082346171625,2.637936072327678,28.650181901320675,8.015374749488956
149294039,0.010495678657491663,2.3499877050425297,21.69778741445019,6.982938144834469
149294040,0.011250692553590123,2.037009201602797,19.84799912988226,5.640668979937562
149293712,0.054994357620363844,4.548430944280397,14.363930477637174,
149293713,0.05501439826857623,4.545921507911805,14.378835491628271,
149298250,0.03379191785605764,4.827194054790803,15.578051092640493,1.7428319770417122
149298251,0.03432137588405171,4.811509878154177,14.808645600204137,2.1112398126988716
149298252,0.03445947412372438,4.838030552530657,15.32343048191276,2.129152464948252
149298254,0.03337255638530499,4.547244930116341,2.7954705892263827,1.736413496049527
149298255,0.03337349548741863,4.541981841728417,2.7763314009093465,1.7359720485810215
149298256,0.03333133977921233,4.539625824499172,2.8329729456117474,1.7015520839627565
149298257,0.033346493673592055,4.538508525846474,2.8240570585756393,1.7030012957830711
149298258,0.03397158092327077,4.8212635404224145,15.601236535917003,1.6761554550214641
149298259,0.033992263878940145,4.860639916019665,16.969501873072794,1.6430001125172593
149298904,0.013176233533748635,2.1499865442260906,40.18317887323905,0.0027554615574497607
149299225,0.01406747383839903,2.1815990731643735,14.095500702399166,0.3382223528294794
149299228,0.016394629977137542,1.961324752090933,39.10142623249664,0.00466693238474703
149307559,0.02145034744937792,2.281592001916271,3.8794725676185617,1.8042525996196814
149299888,0.012701857554201524,1.7464838205674207,0.14788222105113363,0.00591968823110507
149299891,0.013926630983283606,1.7326763321911762,39.965275105633594,0.006976616919252172
149293417,0.015205809959210708,2.859848438842829,9.755090773766483,0.4918366487461443
149293418,0.015021417283945522,2.8880182648906523,10.939126530041182,0.5322842248581229
149293419,0.015416320802142194,2.68210827997604,3.3571685680923835,0.3753725933756839
149293420,0.015062948398362997,2.889367734597569,10.637854021311785,0.5293093603927642
149293421,0.015587117920911334,2.5068217028723367,0.9862864773786568,0.3896205867855519
149293422,0.015583747791878365,2.5103429293680253,1.0177733282250447,0.40514477057467085
149299892,0.013890514751674504,2.4396948736062707,0.019108667770581015,0.0007167280875895764
149307484,0.013117123315235698,1.8997108613508806,8.635582459679448,1.3343130338837825
149306496,0.016720192981856303,2.131670395624746,3.7921530604650435,1.2292507624486984
149306497,0.016878845180812424,2.127287781362178,5.0605378914645796,1.1870780951771216
149306498,0.01615590116290978,3.428772381480528,31.375119950864153,1.0071283812865321
149306499,0.01599904186387374,3.340290247614739,33.05531934737645,1.0814365990849009
149306500,0.01801677179473452,2.366317341625171,7.787045138775641,1.3805314798508836
149306503,0.018315354855246945,1.8861374528408434,32.25208348605031,1.3517695633293352
149306504,0.01804720538355827,2.3978553856830986,6.110550461385245,1.090751424132388
149306505,0.012596626029230147,4.100423787143453,14.376103821742339,1.024477049548685
149308460,0.02585740594174827,2.604028417941352,18.06507836485588,1.1138131215536395
149308463,0.025865380650609164,2.6115394623864163,18.01435705778139,1.03579799267267
149308464,0.023333201935801493,2.4453886219812735,19.10404092168352,1.0901077250889784
149308465,0.02806960435215478,2.761403715149353,22.0674481812025,3.8062084207221405
149308467,0.028279751426612897,2.8904904128381887,20.833781989679135,2.939700524868119
149308468,0.02330023520440394,2.4601061614992767,19.088507559398966,0.9555611298062131
149308469,0.02811393422868259,2.74321984524655,22.0792457686689,3.68044904357482
149307469,0.017421571700687078,2.6374149687621027,9.566229526051062,2.1263174344231572
149307470,0.017335508164800145,2.6332134541342316,14.677698603555783,1.7669949502535942
149306443,0.014807222815412057,0.9804591332613156,0.00016132475515298224,4.9089248682758844e-05
149309315,0.014430472989866805,1.0911982909652413,4.7959261393993255,0.6995277142184587
149309316,0.014418161692140392,1.0816088411581029,4.34465331969118,0.6959129995884643
149308543,0.011579298690898106,2.0581250446045356,6.578922532357956,1.9700741691517014
149308544,0.011580237484719235,2.0597569018383983,6.791724408332194,2.216177667117129
149308545,0.011845218573776588,2.1130936985586897,7.619482779580916,2.221771289845392
149308546,0.013488201987773259,2.0976428144512935,6.951312480063101,2.4539973405241913
149308547,0.011627951298272321,2.1267198224618444,7.1296317938971985,2.3050432499628055
149308548,0.014249403419775982,2.1403524733150863,5.670540568890645,2.9289718227224713
149308549,0.012105825205532168,2.1678877619719237,5.667522350240088,2.3474797991203116
149308550,0.011552145166472499,2.0629167216826865,6.559363477890976,1.9470302356327214
149308551,0.012031533413911185,2.152543848835017,7.087256548202965,2.505611597031804
149292153,0.017015142535927036,2.221926007707285,8.604341696329293,1.0199371766073921
149292154,0.01569347224655918,2.0057813742041253,5.593526963787314,0.3606291515958543
149292155,0.015680517563460068,2.0019268447482306,5.620364607271131,0.3504182064464392
149292156,0.016381619934631105,1.951245001011895,5.6134076506998,0.662566859777392
149292157,0.01637990965764659,1.9413348126910488,5.33381186541881,0.6577958120710288
149292158,0.015627217438365468,2.0876446515660816,18.66731770018219,1.113801154279959
149292159,0.016998180988505782,2.039501367791586,23.68730055527159,0.5336493133474272
149292160,0.017261301215085807,2.071505089529895,4.5255696224348485,0.6405489328228466
149292162,0.015343140848342698,2.205489449496287,6.147077096149134,0.4345641470038189
149299573,0.013295251907284455,1.6536268208018812,11.649408071286521,2.5471329343044373
149299574,0.013301466695845863,1.6603523146590533,11.773365320445608,2.5567620393484716
149307852,0.01523141024964477,2.386365648196492,11.516468471335415,1.24684858339887
149307854,0.016609153556539094,2.1213363221877044,12.866124814604444,1.0541560978200835
149297851,0.01785206640488635,2.0371223764796857,5.838301350789077,0.9765063756331697
149297851,0.017796880934257606,2.0864535713697356,49.035138640988265,7.362423477327143
149297852,0.01812361104641989,2.177283613464611,53.99877963087746,2.0438717673716416
149297852,0.01804518247608115,2.192063139807013,70.93463702074038,6.668921436953886
149298716,0.022742645257851166,2.907863858691485,7.796844360855181,5.7507451699916
149298716,0.02276041534819726,2.9208793624698353,10.332617979709145,5.3003768136829015
149298717,0.02021047206645786,2.395578938929797,38.86632541686205,9.371216141293054
149298717,0.02038317513820252,2.61657172556022,59.188480912524824,9.809763026698883
149298718,0.02286960602387885,3.077082151841212,55.955989410447394,11.438202414378297
149298718,0.022803307337379678,3.081481129590457,41.48403213138169,4.7537880807596355
149298720,0.022522360797135946,3.1384988924048534,36.495216654032426,10.552955644346605
149307802,0.013691483660216011,1.792565575362237,3.9535906304947206,1.7659602321216272
149306630,0.01743507620786173,2.4819512584631327,15.222928205427152,4.896459366587217
149306631,0.017488887691947435,2.4913525866678334,15.117639502077887,4.886172291297117
149306633,0.01743360063311386,2.6507449180560307,11.206468673889653,5.707666732329609
149306634,0.01652906379748781,2.6888593697162664,7.677524325044119,5.221605259853331
149299080,0.01626924745048477,2.367186692637676,2.298656990896144,1.2833708271106647
149309242,0.02370715905707223,2.546368579148096,13.778789072016822,2.4829636592197097
149309243,0.026768803682641458,2.0549980543817763,18.89700545153704,2.8403775709831947
149309245,0.02682889279506163,2.02027826070038,22.06019678112864,2.915997624241071
149309247,0.022755598205866447,2.1424432260680604,11.557402842914307,2.2006400475862535
149309248,0.027788663227225237,1.7882562320205364,14.50240179897132,1.7887520246387538
149309250,0.02481673349626633,2.2491496535505,14.61605592964649,1.4163608640882963
149297361,0.01235232662489938,2.126658785506444,12.170766185253314,1.4934092980991909
149297362,0.012876591929614108,2.142694967302278,18.250862385896617,2.1390382611046967
149297363,0.012455489248115672,2.388554010709791,15.272965054802924,1.5351311568464008
149297364,0.011809653271816545,2.135214692685579,17.807407929395882,1.5100608573378105
149297365,0.012020752287465837,1.9575199596142319,4.921098707156911,1.0202583277140738
149297366,0.011761359406153575,1.9561585621888549,4.1802299290038345,0.6464401042014838
149297367,0.012259092977504507,1.9943130261671043,10.49190585787341,2.580940967318149
149297368,0.011888234638275695,1.9521317208259614,4.026777971882709,0.9768387248904773
149297369,0.011754397251678157,1.9628584061685508,5.473773639506969,0.7126154360014021
149309709,0.01535502036800392,2.70640985806699,32.747545344868044,3.4188351574013667
149298206,0.013741692529518729,1.8123914875849079,2.5366029371133916,0.3085171785353228
149307746,0.02800283669817153,1.9459244608239576,6.2555736538775175,1.5925013069144651
149307989,0.01886142656904631,2.8000338709682726,10.038245328695746,5.711724932773264
149307990,0.01582008245065258,2.387586474655568,0.5885283208288923,0.015324184590506038
149307991,0.018827668511575725,2.799676674003139,9.876483404043121,5.783175917722791
149307994,0.015101070499162168,2.8591647888100327,16.41836228811717,6.242067917148378
149307997,0.015157903218836482,2.872068737757572,16.590983350042883,6.309071487088399
149298527,0.023609815081658502,3.553740517790372,12.104829754635524,3.907905738312574
149298528,0.02492685577131357,3.3819327412798397,24.840740510556582,7.6032242206311915
149298529,0.02608623161486939,3.2206235411756943,12.480048986306779,4.760793483042753
149298530,0.026025528751858557,3.2567495949717284,16.94346552713673,4.847665106178881
149298531,0.02432285313646477,3.3832786297908237,26.31307288204649,8.963507693983946
149298532,0.02310912699734102,3.377959558725937,29.394629223352357,7.650054059912041
149298533,0.023138248905053938,3.360510068659341,28.70726089240556,7.376865135551173
149298534,0.02367418155685193,3.419252076326284,24.30393252465144,7.842659791584941
149298535,0.02361688200849277,3.4303798643732724,23.966977151203604,7.65889702872488
149298536,0.02379569427769659,3.0993454892126837,23.44379438246449,4.836438575439934
149307549,0.013261607860290354,1.4260105167572443,14.524233132645533,1.081115994268442
149307550,0.013419975973605378,1.436286846467147,14.682956229715451,1.0112336350854754
149307551,0.013719286844943333,1.409135648662625,13.5509365221861,1.0001325510028385
149307555,0.013199212818922485,1.4113637472722578,14.437548310972135,1.2020381531689086
149307556,0.013133067807995575,1.4446656052393367,15.877138134119129,1.2805716897620307
149307557,0.012778650740510744,1.4575250951486054,15.54018507311028,1.3779606677731586
149307558,0.01319974798047919,1.4335015579375083,15.623045262000614,1.347542214802353
149306586,0.010399324662930162,1.237386584026813,2.4955415214898857,1.7288094445732483
149307946,0.015539867032408049,2.7986820569569226,4.8170576828788985,3.413376959398992
149307947,0.015571004686867411,2.8035198713715053,4.857413838576189,3.406038833747095
149307948,0.01628932277893455,2.924908840114279,7.446335344081523,3.0219921503143508
149307949,0.01628991801163471,2.926036967653561,6.981839220716278,3.0636389471976115
149307950,0.014284822557740317,3.024699309056695,16.267417582173458,3.6374483710843344
149307951,0.014215421558120372,3.0097939691914473,15.288104128954423,3.6700621887928757
149307952,0.0150254323119554,3.061313342715297,12.119046379278196,3.1344353047398124
149307953,0.015018578322611893,3.0506387565975714,11.546456051862844,3.1662483565935133
149307954,0.016693029392313576,3.1131682233052,5.227171851517254,2.803679156274906
149307955,0.016677945297029262,3.11670685486129,5.346669383075903,2.801714802489829
149294151,0.012303353919518704,2.3652189220171316,3.3846147711950265,2.403374440359772
149294152,0.013414891436064195,2.4569586995376596,4.12886236455625,2.987157243014979
149294153,0.01585265885075829,2.0584062409572885,7.500103296257721,2.100368930870584
149298212,0.014718468606388518,2.0965021511059336,3.2162943705956653,0.005566894039366405
149298213,0.013383320122510964,2.3965490532975977,3.010349301717514,0.0045096802431350775
149299256,0.016564133328212622,2.2574465456700885,19.74527822855679,1.8308225143787538
149299257,0.013389181205488591,2.2671429381695827,30.997433127114288,1.0446720741575488
149299258,0.013922574603279258,2.203558952551393,29.408624566150287,0.8666140923537642
149299259,0.015610740660566325,2.2592966826116743,34.96581072339097,1.3687030318630447
149299260,0.016720835371641866,2.400846533766243,27.619995934924923,1.2642848649965786
149299261,0.013086296110354867,2.1507031879088387,20.65235671548341,0.5595850552593205
149299262,0.015342993086544651,2.24166688626723,28.867210925574646,0.4638651036047812
149307724,0.01977526899700034,2.163305924976158,10.468926667964789,1.9048275843698852
149308628,0.019838959636962132,2.0688235706944598,4.234001802359241,2.7219380718218233
149308629,0.01982932749138023,2.0671698500507083,4.233883580943627,2.7238493309227287
149308630,0.01934034688180698,1.6751838653983628,9.355296708771668,1.3884256266358597
149308631,0.01931572888885478,1.6713813422847654,9.418021216718891,1.4073314263467838
149308635,0.020168778055498687,1.9265479935458005,2.9967205320399737,1.614623142590202
149308636,0.02021277517548386,1.9263920095806732,3.0161396804775293,1.616467151971354
149306605,0.0187155271306943,1.7370199268388042,7.78300235160426,1.3768507170252198
149306606,0.018673527722353887,1.721864792170548,7.60052271408982,1.2913013551388244
149300014,0.017550310591914142,2.194275774945037,5.660779553071752,2.115090005595235
149300015,0.01681648302430611,2.254288102930094,3.687874820010036,1.4683851019002276
149300017,0.01821428152877356,2.1275807654725933,11.585965097937292,1.6321905893927953
149299578,0.011146779307803311,1.54028246553223,3.42632370213018,1.1625735124614127
149299579,0.011324263428096597,1.4150471412376524,3.360103383598404,0.926688629975236
149299581,0.011179886341291495,1.3946869827075663,3.7156309012761954,1.347694032866635
149307956,0.016056152398271687,1.952463507038197,5.500591613502483,2.0832545068139248
149307957,0.015155702730468396,2.3426744679974605,17.166441702975582,2.542560803398295
149300078,0.01421993158013339,2.835384563421012,11.790880805878786,1.4615613418317766
149300079,0.014471746683295374,2.82130783495363,12.286568541763922,1.4246074823611725
149298500,0.016075567158976848,2.392360081035668,6.954831240849323,3.8641266126405203
149298502,0.01607146554753856,2.385791582196722,6.705173860704731,3.774061122838179
149298503,0.015546638637255505,2.358299704984226,4.005205891298982,3.1662784153872514
149298504,0.016643385065151884,2.284189167731709,5.878129741005892,2.497997335202054
149298506,0.015572612859042947,2.373178876393354,4.2836756743531925,3.232624842973938
149298507,0.015949395357187375,2.458006086988976,29.226701956548467,15.073988039878518
149298508,0.01665187188362663,2.2891446261972863,5.923415260838305,2.515954199707839
149298509,0.01158742585003013,2.5258679276311766,5.167425593079141,4.5845842621506785
149299550,0.012600484158279175,2.2266722630397555,4.380136156178162,2.711806228077619
149299551,0.010518592137817919,2.3175140632383266,3.86661325610938,2.7958194145475663
149299554,0.010163821283648329,2.447861119952943,4.352735127699524,3.393365309011406
149299556,0.011323002023981324,2.5649807318590065,7.528802305243584,3.2580318982359437
149299559,0.010146733506611301,2.3832388636853445,2.57192593718441,2.492407417692067
149294021,0.016890071491682746,3.1024396666084533,11.084610726884087,1.5229038945615736
149294022,0.017588322839981945,3.120631497386118,16.208522787359925,1.982446831721296
149294023,0.01648030812834599,2.997292339818647,8.601118005177884,2.349473428854195
149294024,0.017768727904037523,3.1036795481669355,18.45732411081787,1.7309604749946645
149294025,0.016437695032250975,3.146294732803739,18.800562314547875,1.7149362156825536
149294027,0.016981437743482115,3.1168191148898075,6.973903052647074,1.4694731920592743
149294028,0.017396694504054178,3.1321028124363774,5.384838393788866,1.7541604254409102
149294029,0.01568155416714587,3.029485065290418,5.975852666772769,2.8054793109245644
149294030,0.017353977908269442,3.1929843315600412,8.46344542794486,1.3734864843965278
149299483,0.02319388139644661,1.805336786174913,4.140233245487404,2.4917617598856365
149299484,0.023182582108683483,1.8020435239545591,3.8458050298837145,2.3351240898133536
149299485,0.023132571159893048,1.7851750414452454,3.578200393496458,2.2028652167392107
149299486,0.023103626646929193,1.787966304933019,3.1816752342140195,2.1873743182905696
149299487,0.02315894884505065,1.7908792127534594,3.381480153893674,2.2481077172831725
149299488,0.02305186468555343,1.7828401589137939,3.1592509623828033,2.1888056963196774
149299489,0.02318818002518877,1.8013567847801983,4.106938208824161,2.4857898606293944
149299490,0.02315224457924701,1.8020683010116574,3.8418024391979384,2.347385524988146
149299491,0.030005181611158175,2.445996444301684,16.713382467405797,4.124096699057505
149299492,0.030080736943149253,2.440181294487585,16.202649298473588,4.212269672930867
149306835,0.010038920020356074,1.907293616299232,1.6728907983433452,0.6109615449112682
149306838,0.010104142259914364,1.901438437973037,1.865297315722624,0.6410317524694534
149306839,0.009637522544779262,1.96786578890862,4.617736060868356,0.771660776312722
149306840,0.009796566914877057,1.978694112594107,5.364817941525938,0.676673813848092
149306841,0.009791093671136833,1.9716662888073697,5.442503913046504,0.7469898473523161
149306842,0.009619040999170278,2.1567102906649747,2.9499129978996033,0.7997935306982362
149306843,0.01132458919884081,1.9629949453652888,7.442714948720915,0.15777952070068815
149306844,0.009635231326557529,1.9662867001868787,4.665249165732169,0.7076191859806491
149292899,0.008420445565225409,1.8097079568102505,2.860489005180198,0.46962866058735053
149292900,0.008842234924591661,2.2286209854659855,4.274998070341873,0.43575874014271665
149292902,0.009323217407493102,1.7819923422450599,5.829567679221032,1.4049360206703159
149292903,0.008516059681133415,1.9201531102820109,7.161481864924056,1.0193797877230846
149292904,0.009209104035354278,1.912293512459037,2.243476913667703,0.5309021244910823
149292905,0.009037350001498226,1.5879881404466845,3.927202531394551,0.7734749494377026
149292906,0.00889271833104448,2.0370957766056605,3.951468100728088,1.654949597356326
149292907,0.00810973936195618,1.8718668324660446,4.869099440289958,0.4120606208662744
149292908,0.009359017240177922,1.9321073674348677,4.588568987657443,1.1325592798442545
149300559,0.01809900274935057,1.8758725767252695,5.658206866120918,5.3239754584029715
149300560,0.017789908508557026,1.8570905205271613,4.296498748442974,4.363992416548363
149300561,0.01798101209833037,1.8658249304888683,5.289830860753204,4.629963189733155
149300562,0.017599391922264895,1.7718031117373603,6.5832706001504,2.6633474226870857
149299761,0.009438310996738709,1.117870463150199,2.0080888672674835,1.4401782208786706
149299762,0.01073625980465192,1.16964648140631,1.4307422783905845,0.890083167261949
149308057,0.017906871030030365,2.1352576322031567,8.391950107674221,7.565279416973113
149308058,0.017807872912335137,2.144320004467887,8.493375956419362,7.628494300333097
149308059,0.017780127266221427,2.15520510059862,8.6974808561973,7.77059022184031
149308060,0.01788043153469041,2.1438821198201237,8.750107856124488,7.830121215675627
149308061,0.016993767224176334,2.184467125337576,18.9985457440947,8.524342075659973
149308062,0.017103620663079022,2.174118517958033,20.23674504397666,9.015470836495624
149308063,0.01659840202533309,2.381169445712407,15.898858168398373,8.776951997017285
149308157,0.016757203813919885,2.4523394321472294,18.203762011810518,11.3502450120566
149308158,0.017855955325633808,2.2264378382112056,9.995707699518567,7.7251190585862215
149308159,0.017960049395326836,2.221575037418863,10.233738304893473,7.488860679932708
149308252,0.024463110776278014,1.7589560720914719,10.585546880163701,3.990280106762935
149308253,0.024507696925437507,1.7324140356185702,9.948495717537467,4.873166250465898
149308255,0.024990388414623844,1.7366456961176286,7.5047901757344375,3.7342165082082377
149308256,0.020979489332950848,2.0415287661334762,7.155296440262216,4.119697014505805
149308257,0.021273462451191282,2.061892465536072,7.961404990895118,5.582338828427694
149308258,0.024598887989895457,1.6627940452611283,8.034480619943162,4.418589603187132
149308259,0.024823757771973144,1.7562954795106405,7.311747548706635,4.0877588168134835
149308260,0.021847951121372798,1.782057433468152,6.4490027197036115,2.5409214078911155
149308261,0.021337890798769396,2.1158875003729696,11.004626275313717,4.860852036617071
149299288,0.01623831151836913,1.420162937342969,4.16157031031893,2.977273228366974
149299289,0.015887662889534054,1.6499438887614566,4.066685953535693,3.3993623747296398
149299292,0.013762543485635086,2.095990823995098,11.538619543541897,5.919012964208883
149299293,0.014287479160776407,2.3415739626355165,13.945143605580341,7.670594458671922
149306121,0.0161573554958181,2.535511795072056,6.159129577132559,2.11100092029073
149306122,0.017175349820395636,2.4515246001480366,6.743536923377784,2.098592104124753
149306124,0.01701591541723619,2.835538231823565,36.30036378872369,3.447648906085711
149306125,0.015103665069545646,2.6301595279035044,4.787734973024219,1.709646680844587
149306126,0.015693417238764832,2.61429050876288,7.07928119662086,1.3907274068843773
149306128,0.01681199448883284,2.4817861678196,6.273709747397692,2.003711733887042
149306129,0.016504145985775657,2.6574240136753806,6.451199071141904,1.3819261665691942
149306130,0.016117942940173262,2.667950068505499,4.275965213575127,1.5224369167257772
149297514,0.017165995745056485,3.005062801418248,5.503688705888536,1.0806765553288817
149297515,0.01704597772168009,3.4453603341211743,12.843132493159983,5.865951529814332
149297516,0.015592913171862037,3.057571497669134,4.141052249710105,1.1565663294392752
149297517,0.01549670834759886,3.440008749001974,8.366665080604344,4.9354926389500715
149297518,0.016969159121821304,3.264439119300725,7.147044162209835,6.077523344904087
149297519,0.01560532218944046,3.142307973572875,6.3753891236361735,1.0425372506094113
149297520,0.015513286418412433,3.077575468173966,5.207854560542032,1.2941445147118258
149297521,0.015326078049277967,3.498388002574864,12.320473882091495,6.3910427744158635
149297522,0.015374479101384318,3.319115429629746,6.847047073872112,6.315348670893927
149297523,0.015573085638719052,3.5252630360539086,13.18916491404585,6.609392763086092
149307055,0.019257794978113276,1.8132730535102415,8.335171875751305,1.1456773946517014
149307058,0.016305380466645553,1.3899637405324394,11.505510553283226,1.6772752009920882
149307059,0.01576443426194598,1.4856943997201648,5.2360281723472415,1.5042027461117051
149307061,0.014170124426013586,1.2429654649948099,8.93726374116273,1.759621498268049
149307062,0.013998402494522595,1.2171266485237628,8.553249615430154,1.8150627052652724
149307063,0.017493986148381244,1.8784265534924551,4.528504653626108,1.400226021669864
149307315,0.014396782753838516,1.613083428480197,30.40383724963369,1.4546005617741682
149307316,0.014902291124729988,1.6377860371792263,31.25097925493076,1.337486094810974
149307317,0.015769813945598433,1.7897713388104983,6.27103069944959,2.1227184724027484
149307318,0.013352240546812964,1.8149150373761263,27.99484424635537,2.070349812945018
149307319,0.015449527877157358,1.7718289845641597,1.6380953782392247,1.1434882310541008
149307320,0.015393211478593393,2.002957915468028,5.4252169074504195,2.0300858398181845
149297778,0.016588223711327333,2.840875090809152,3.934421505330556,3.4388437012590285
149297779,0.016528557443571398,2.834958450227347,4.121045255262849,3.589159337460639
149297780,0.016508966712926516,2.8066522027543503,2.9636735022242378,2.729838047914089
149297781,0.016536515063176584,2.813447392618885,2.8526601954417274,2.6571500045772054
149297782,0.016619348906795294,2.812837339914725,3.793863753640127,3.4364551644825627
149297783,0.016570919028365647,2.8260105365677193,2.6580272820746527,2.252330471995632
149297784,0.016457850118601593,2.7790154453217335,3.51410576269257,3.2096259855820297
149297785,0.016597597216121956,2.7817187061674864,3.5648090533187147,3.093055566992394
149297786,0.01667167285284038,2.839801303934074,2.825506941167528,1.95731571092134
149297787,0.016698521383338546,2.7298783037618977,2.6224833368200553,2.484617068255709
149297948,0.013364774573669467,2.264934098605997,3.7828839507189866,2.651587729439947
149297949,0.013363557709675788,2.2703102352941347,3.8387959717428455,2.6865375547191928
149297371,0.013070498659544422,1.9889529548929548,6.891041293551411,2.160241994681492
149297373,0.012211358411552251,1.8933912942124287,4.747831706156057,3.177313799564368
149297374,0.011959697011312241,1.8963815626548899,4.865019034251981,2.238161978205314
149297378,0.013882113288565635,1.9621820229670655,20.460626752563492,9.401532744509003
149297379,0.013150122056902549,1.8309931923235527,6.687712897717018,2.8774796144112225
149297380,0.012308950568620282,2.1267525465890107,8.670359535151176,2.116834042479141
149292713,0.016951381530856076,2.9094460097709676,8.308152979390835,2.232614748047862
149292714,0.01699695359004986,2.8239732058521896,5.878007456118991,2.7480745363445576
149292715,0.01573752742923922,2.811379324732565,6.762081144197484,2.246720591167454
149292716,0.015445437763538251,3.036699178390651,5.451846819546854,1.7128432238113547
149292717,0.015798080451099993,2.736000046274298,4.463200979804188,2.219085739629193
149292718,0.014456851033477304,2.76010469857976,5.6762149784727525,1.5129310581430124
149292719,0.0147917920213907,2.7650377648197657,5.737548198520688,2.7318674990275924
149292720,0.015588118462785376,3.0827792453915106,13.452360314624126,1.484460290869453
149292721,0.015267927824110605,3.0903920216085923,3.755660199432567,1.959317312983968
149292722,0.014370398594231965,2.9660646517609544,4.658145643816652,1.8460528067662365
149294138,0.017567241235633062,2.215956716900759,6.535383817272131,0.6667084496465845
149294139,0.01646734765563879,2.297379679840971,5.401037097169304,1.716201009855295
149294140,0.01844969096488259,2.2136709938924732,4.154047349920119,0.9872539633350994
149294141,0.016841320600469622,2.3440584128866964,5.585613362820839,2.268509067803113
149294142,0.017802700344421434,2.2311077749545993,10.20862203717931,1.2007619452200708
149294143,0.017007639194457132,2.1220355735233785,5.771127025352279,0.8349588154913024
149294145,0.017443832771533545,2.129558757139521,5.039541084823784,0.8763981967198909
149294147,0.018038092588542647,2.011600908439511,4.781911602183959,0.8364484900661083
149293179,0.014369734024869948,1.441388006281977,9.861883421065317,3.7403071653931734
149307885,0.013227893283952902,1.7630066266215396,10.453763429414904,1.5581745192941958
149307886,0.013296113589732558,1.765648000694921,11.593925443292203,2.0922131625411367
149307888,0.013397713036106049,1.6119413393352,8.053561705344078,1.0623144812150254
149307889,0.013220114714945518,1.43152671674716,10.151753553602683,1.4804361109092126
149307890,0.01356260357996543,1.6200721541876022,7.598454778223493,1.4803447310223827
149307891,0.013160059178979965,1.4862057847053214,17.346959063068887,1.7486546184187393
149307892,0.01387249319806269,1.538050783700799,3.2193152099818607,1.7953007409209303
149307211,0.01504522183438443,1.5428268861126193,1.9353788823431124,0.9315195190051946
149307212,0.01505564067357045,1.5670886039499559,1.8949630747733759,0.8237546334751902
149307213,0.013800771522058358,1.3463277376176168,2.117338184655824,0.09834771397800199
149307214,0.014439740728795045,1.9194398007827844,1.9176132730665545,0.049914712832557974
149306793,0.013395150935940929,1.8166636626666492,2.998547879775569,3.7907110725921114
149306794,0.013066507456657201,1.8525103589096006,3.4884346697869386,5.171122297364034
149306795,0.012938301265550182,1.915591730112387,4.981830329350982,6.323293584004315
149306796,0.013160861865272716,1.8737759013840933,4.6464450284527405,5.524591864551259
149306797,0.012900277289221903,1.8681618176951602,3.1142925757363855,2.8158724379508575
149306798,0.013002207460617025,1.880999788657276,5.173845902183841,6.733358801314567
149306799,0.012782600265857964,1.8903703962626075,3.1904176531834794,3.8228392453059996
149306800,0.012785920525293005,1.8714117237915489,2.8267684750716384,3.179727235502099
149306801,0.013194392595378702,1.8519301809341069,4.986178146321326,5.450110473205944
149306802,0.01301308029519716,1.869636545947549,4.967100772588481,6.227542391339503
149300378,0.027790806840818853,2.4926953384978554,15.951596771952481,2.768682038803464
149300378,0.027809538122756734,2.449067613207082,64.52786442478845,3.0129287406541074
149307121,0.017833164788469708,2.678294954714795,32.12619132420289,7.54245399768286
149307122,0.01754807746325615,2.6840073646101437,30.024454331456436,7.613033766287068
149307123,0.016345719768114424,2.3466481798827803,11.867062042251746,4.055436252206524
149307126,0.01630757267775761,2.385235631729399,13.487082298343164,2.0247316625433642
149307127,0.01548133572089899,2.4274028886213173,11.355993862916666,2.594963688043266
149307129,0.016283938305758926,2.4550087484310237,9.003113641574348,3.23725223212668
149307130,0.016819540016659543,2.4236805824822736,21.922584813053916,4.5725671508418815
149293889,0.010340106763917648,2.512938266706132,35.582711592467604,8.517378291269686
149293890,0.009798431106499812,2.5829883250538526,19.33116713029406,9.67560295277569
149293891,0.011300394153882856,2.4691091308025124,16.51639145169828,8.513052946173353
149293892,0.010429928901823867,2.5405855573642313,23.331196036329406,9.030574645727294
149293893,0.010669083684926669,2.954519481396341,21.76024277617146,12.198611148977523
149293894,0.009641014137960664,2.375456942999611,9.53851537369382,7.757955803061449
149293895,0.01067237083029234,2.3354924018052103,23.992736779944277,9.037100500448963
149293896,0.009880110214472666,2.356160230224528,7.8974906946310846,6.238319615779127
149293897,0.010443781245664144,2.5947164588937217,20.512919145822362,10.350443364692701
149293898,0.010850823378488712,2.6858615813682167,26.55970205482355,8.32927028841653
149293935,0.010494487020527878,2.242513229173465,18.965329955933118,6.5990814146004215
149293936,0.010736313141422692,2.2929161365339565,13.981521789747264,7.782380081372246
149293938,0.009731339259226039,2.439340596932469,15.76117153700225,4.973159589912875
149293939,0.011063863363378383,2.3497940029172075,10.840880843139436,7.8883973715385425
149293940,0.009821201306923275,2.595651822169316,14.919746527233352,9.86511635833811
149293941,0.01085027520429397,2.399136220941944,14.300720661135701,7.52533439355779
149293942,0.010542474472705895,2.729182298883483,26.932259228777767,10.443794058974817
149293943,0.009317760270766293,2.619551326400522,16.12739389915209,5.99626198032953
149293944,0.010814435291091391,2.768100964008978,20.871877511384604,8.836983342034427
149299393,0.020662039847350572,2.498951051392939,11.503537735341032,3.1976665662072747
149299395,0.020692703564728566,2.476292274004927,7.811877600025679,3.4173454318460577
149299397,0.020931473888172167,2.53395344731818,9.028482297788607,3.2225058725160802
149299399,0.020492358338873324,2.4269140332145125,6.413218448718506,3.7974328849651973
149308242,0.029150199444067597,2.5291410159009358,8.44193225040622,4.737178308602751
149308243,0.029208727423538982,2.2622395991132085,5.930943769878245,4.489026383525825
149308244,0.029877478248340767,2.477286548314326,7.730556921765545,3.8626238499327306
149308246,0.029284408696721664,2.8945481904389387,20.61486272960466,11.972582143434884
149308248,0.02846633719972778,2.467154910457608,5.640606301526279,4.699109457616968
149308250,0.030196438723605022,2.3383365697821494,7.901947804011121,4.200401297125111
149308251,0.029841793975982116,2.5113336084751365,9.396848715927957,4.327709312259882
149293343,0.011608071573372753,2.0553385478680855,7.086108800309179,1.8024151103163084
149293344,0.01169947263564956,2.0468649613195633,9.529367942977514,3.536705730147598
149293345,0.015814040755401187,1.9540451378734838,8.698884857551247,1.7205986193451706
149293346,0.012268971925007281,1.9576012342504834,11.846981594673142,1.336851060644291
149293347,0.01305589648997519,1.6034658483464133,5.045399293882249,1.354884232497457
149293348,0.013100901688228674,1.5903903567685593,5.482161961966935,1.358311842536901
149293349,0.012637063240346602,1.838080791853298,5.686362171641741,1.2824321026971068
149293350,0.012558804616266829,1.8780927433596668,5.793851939399131,1.246821076465504
149293351,0.015240937826889886,1.8041153576489621,7.48633917575353,2.243555681313356
149293352,0.013148962736293254,1.5924860351039243,5.068486382464718,1.4104033724739933
149306188,0.014243841698507452,2.507090240908189,9.941764512173668,6.280143230878921
149306190,0.014280980221254637,2.4819596071960577,12.881273265271899,8.269448031020369
149306191,0.01561249190960273,2.4240601110985893,20.845768492946963,8.832896273648808
149306192,0.013655393924915604,2.407790141951719,8.235261244575456,2.3610166999893045
149306193,0.01375375206404855,2.490375667187538,15.46125175276836,8.109855787796066
149306194,0.014140457710794578,2.477932267783205,17.109576370866748,8.35977569274015
149306195,0.01422208900083304,2.4844696001445152,14.451662426967442,7.923078317408484
149306196,0.014527819292778906,2.458555413938732,14.939288544303732,8.3376189078725
149306197,0.015393434212837833,2.4599667392553743,6.942950910349526,2.4147347308524454
149300598,0.01037028257681256,1.8828968243638045,3.0757765571692897,1.1037259678658475
149300599,0.010135381483363065,1.9113384619144222,8.601147250789394,4.54989071855731
149300600,0.010151199415138487,1.925135239610319,8.004044166603242,4.32830889742239
149300601,0.010255013022637937,1.9567799322351092,4.222596201164164,1.8753382379907366
149300602,0.010019030889801281,1.9483966431367454,3.594616616397143,2.270303493114818
149300603,0.010546189437981402,1.9777294586304965,5.006607927059311,2.0371720011665175
149300604,0.010524161672538912,1.980472320657016,4.809277947564938,2.04409039977785
149300605,0.010142259628182663,1.917296348863718,7.947330718770091,4.360017596452132
149300606,0.010531740260736036,1.943928594587231,4.944842973044643,1.6031405221699417
149300607,0.010636272712118427,1.9640616672099875,5.3934702569958315,1.6918267460156713
149298521,0.013386117536487187,1.9203962011618143,5.326396113911734,7.9400939488381255
149298522,0.014015103207206807,1.9382818319548643,6.519432407847634,7.4507870929056494
149293026,0.0068164433680798645,1.8323491424547742,6.281148439210968,3.123903056336012
149293027,0.006904036761068575,1.950989056271088,6.839151753523971,1.844525606555913
149293028,0.006864743199663092,1.6553955761178487,9.159266170044349,3.3038626496301284
149293029,0.006134423196459001,2.085377367912695,6.0323392635521795,4.845939350456324
149293030,0.006790902980685282,1.8066655569784438,6.957709012000181,1.6073795252162326
149293031,0.006785510149930589,2.0234179127010234,10.47250682783476,5.82976319387257
149293032,0.006305873998194582,1.9777536451220987,11.700262311682014,5.161901853747762
149293033,0.005994719865571879,1.8693981379306024,8.712193249580825,6.0546902992455545
149293034,0.007565278739344503,2.3959462047666564,15.450079684505395,0.8603874338701214
149293035,0.007705377958976893,1.949634437482476,6.425594541649829,1.9923993535660802
149294237,0.016098959010238428,2.066147705813698,6.544488835738,1.9744177894774317
149294238,0.015686068034533124,2.089490690651848,13.095628698511645,2.0004550691575798
149294240,0.017025391218025227,1.9231890477927795,9.679671819502936,0.4352399887138447
149294241,0.015706051236049873,1.7584182269840865,10.170476152498088,2.2222683723531755
149294242,0.01474653900970975,1.8247665387320242,11.681490235121048,0.2639598743208815
149294243,0.014734659701134639,1.922929794299265,5.219148319149066,2.3214142009117973
149294244,0.01379761215428601,1.6577145328215184,6.595306777279998,1.1765257521226613
149294245,0.01625421946342571,2.072189763888787,6.3661372173789195,1.9712197556714848
149294246,0.016072227006551608,2.212656320281444,4.326643843096604,1.7999468287794378
149294102,0.015117208967138342,2.1328103916420855,5.119059911385061,3.061740540796876
149294103,0.014995883037562174,2.1362562564902494,4.1166943277878305,4.691483568528038
149294104,0.015793579135173007,2.11406650687825,3.0899840150267934,1.6159251074061574
149294105,0.014858087515046213,2.116797616176395,4.397156444072993,4.4583945479246765
149294106,0.01595879541983221,2.2566205007884412,7.574685388087586,2.331856034245654
149294108,0.015582823085618442,2.217426484061601,4.611406599963914,3.4545134394176134
149294109,0.01919829712933479,2.235297976869301,7.141623784076342,4.085727705354416
149294110,0.015724328493667727,2.099253361542998,4.163255943956534,3.1316117009393
149294111,0.014584073124130285,2.1561301143460545,13.628709144796286,11.384520071359539
149292645,0.029958552567085742,2.6864199462396656,19.219497030050096,16.528398526945068
149292646,0.03178699136451952,2.127071303774128,15.679672392652886,8.235573898330918
149292647,0.03140601388182999,2.207663144738123,16.21718947925901,8.230161824377076
149292648,0.03181706433354054,2.1078020076068413,15.52468746739665,8.06468588619545
149292649,0.029219544057093573,2.429867842613408,17.868012737841745,15.76477384340926
149292650,0.02898134368215075,2.4817001381972643,17.795307039422447,16.222310762339742
149292651,0.030028106971703408,2.9579102667920036,18.063394117857673,15.748382798680128
149292652,0.031576301506611636,2.6109019945610883,15.419999197083124,8.988177652257276
149292653,0.03177171740270977,2.632980659015705,15.51873918387727,9.187109253971263
149292654,0.029511593771429114,2.934277870367478,16.501312793674618,12.18344693371738
149298424,0.0071964939427809176,1.9050156623781318,11.37142672951841,18.013846525124972
149298425,0.004361251792915931,2.160777586276897,11.034852041599638,16.35887919090031
149298426,0.00598488909985462,2.031379016326324,11.098822542799827,17.198679136111373
149307331,0.01172279150892102,1.53255747368315,9.76991953691258,3.2077673458011238
149307332,0.010647732276911742,1.439106448016259,2.7593747129924275,1.5280971006144821
149307333,0.011776170900033814,1.5411002619160974,2.1479632738172434,0.974043830934647
149307334,0.010654986022714205,1.4309073952972924,2.772046594290875,1.551842491958594
149307335,0.010504230650828594,1.4311306174239236,2.135215844289489,1.1791116606580412
149307337,0.010524912676002954,1.4306734560344079,2.3414571691218753,1.0759877914007454
149307338,0.012103999835827313,1.6961523430233094,3.2595174751376597,1.0759830698360675
149293659,0.05623953707462076,2.3213276529550186,6.11071022401124,3.368798228664824
149293660,0.056312603165507714,2.3663065227258255,7.1415035290156625,3.4725216764366245
149293661,0.05654223537662717,2.100747890101331,8.426517985302208,0.6727958811592133
149293662,0.056156331175168606,2.1644779081847934,6.4804744478898115,2.330114225024554
149293663,0.05621755255811945,2.083481899465746,3.8046848331015735,0.3011867155315667
149293664,0.05539012307585925,2.1672098373982527,11.447831738793884,0.9238346183055435
149293665,0.05631009056306796,2.3481121313934907,6.5286151872688984,3.418548376787712
149293667,0.05636124136234577,2.20404274875839,6.650108034774988,1.676149267283045
149293668,0.05503236421984515,2.4386233344288395,5.645504369422985,0.2413585611467121
149292752,0.006937965182351235,1.1965434274976108,3.748503095702048,
149292753,0.006925920053012594,1.1196660742073181,4.873641179529397,
149292754,0.007148823205328418,1.2435250178072241,4.221979546463797,
149292755,0.006498561944079078,1.4509746311229816,5.455679109474507,
149292756,0.007054278860761518,1.1534610469458235,5.4802355885550424,
149292757,0.0061914713387550896,1.4478868737477806,2.4322542117175248,
149292758,0.006457525692175283,1.4695079383352125,2.590951395794151,
149292759,0.006151658118288645,1.4899396345346574,4.9687221046055114,
149292760,0.00667290072864432,1.4064209511691266,2.5254422974722877,
149292761,0.006616556531562257,1.469650278691737,10.008953790442025,
149292539,0.014304286729772808,2.3484667907365684,4.380422632169444,2.5014159685892476
149292540,0.012580938928439733,2.1292482803041533,6.143014838650554,4.095292018701327
149292541,0.013350048285493986,2.118443835518102,6.781037899800587,1.4407430646239086
149292542,0.012797573660096206,2.4063145017882364,19.210853145498795,8.305193622107069
149292543,0.015209456786993597,2.3686168417481968,5.5782243416727155,1.3815002520051753
149292544,0.01410944099566389,2.2501042773709368,7.331058644737807,6.46530675110939
149292545,0.0128957401006328,2.426686324729482,5.465046587188146,3.735032740042875
149292546,0.015268060503218116,2.5888764730415343,9.050526947127056,6.293669436856569
149292547,0.014816165784046731,2.479909719498956,6.5626488609813105,1.4891319703431654
149292548,0.014585895799049677,2.6456751256255258,9.573350865392307,3.1095628837469205
149291740,0.008480378161397892,1.1915386409177948,10.662697952815181,2.2321968420316143
149291742,0.010515845271363683,1.3678180512408726,9.144572615170224,2.001719057159566
149291743,0.00871364835760749,1.2923691128017338,8.192645339576952,2.0772966117323137
149291745,0.01079477486132808,1.383425057767782,11.229136769454612,1.9939931840805847
149291746,0.00931007953419536,1.3523650066429374,6.477119413764605,2.399257560257352
149291747,0.008896750362066753,1.449613924542801,4.550648508338246,3.235209367353861
149291748,0.01116123107961911,1.3317382891371212,9.957961745765722,1.981750548708314
149291749,0.0103699515046653,1.475157275341073,6.801494345940989,2.3817334110860875
149292772,0.009389789364442255,1.4344582348928918,4.512045928820435,2.343712802722317
149292773,0.009623772285559253,1.3885556159726857,3.5173011014583278,2.0170487728160764
149292775,0.009498400753440096,1.3981429049081957,5.393902378389654,2.361943171362164
149292776,0.011088421396016603,1.5606699265273554,7.556839858747611,1.029294720367442
149292777,0.009671366259248559,1.3678505877289122,4.122512213427749,2.0687633020961083
149292778,0.0096058537733685,1.4969410323117869,4.2925607179151255,1.9190306018426702
149292779,0.011611480566633315,1.5447822850123476,4.464400509557318,1.125616674637994
149292780,0.010045193127406917,1.4613154187552821,4.411911164202867,1.2435481738426548
149292781,0.011536267708766455,1.4270460067638298,13.55525700133568,1.0523563914425222
149294314,0.030986853671089856,1.7193859314202136,9.54109699535911,
149294315,0.03013494952790593,1.9568475137462058,7.404565457355184,
149294316,0.0287542738219379,1.7851928787686964,9.354677428168662,
149294317,0.023792200641649414,2.152580851789768,6.957415340965488,
149294318,0.02681642937772994,1.994012586014164,10.198579064755142,
149294319,0.02649441086712636,2.144121304516791,7.571829347589594,
149294320,0.026973220350771793,1.8548055280189635,9.762354660179207,
149294321,0.02708594271992579,1.8197513278095228,7.011728928774073,
149294322,0.026300123812745737,1.8255581478395249,6.776397262219478,
149292559,0.011028562165681799,1.9799265146524405,7.5602501252829395,1.5799526503348342
149292560,0.010965712385024336,1.7770218152425952,13.568352637321045,2.3532023781228375
149292561,0.011439116639906922,1.9545409583894218,11.067848413057526,3.889596032447432
149292562,0.011624519532155554,1.7988150774956766,6.995649524584663,3.550774946942241
149292563,0.011351971175917153,2.022481699623535,9.089449138763074,3.8919809445172735
149292564,0.010678038638109871,2.055587478228757,6.710459787305033,1.3278783240221401
149292565,0.011537103518931028,2.040004092777386,12.204262905419265,3.2441450251819077
149292566,0.010997913911844508,1.7991421869672117,10.05707378240932,0.38607939695050425
149292567,0.01188547962517257,1.7518401619610857,10.495236254535659,3.529654695657786
149292568,0.010969874553300963,1.7932397054055362,16.095123605821456,2.892520196200778
149300087,0.022569584750496863,3.2401664542323716,0.03253023086989954,0.021760455981717167
149299632,0.030401050274473176,2.753958403300701,0.021277955830324404,0.012565108013541932
149300435,0.019791944255090958,2.4379883665191637,8.766265301014066,1.0924815265893122
149300436,0.017317814100277,3.401999308686479,21.026884603756905,4.0045213839272975
149300437,0.020013531800935354,3.506858572156679,22.5465570997007,1.2157001954405597
149300438,0.01999257508714582,3.507172676740125,22.4850066455425,1.2351054548057556
149300439,0.014895276826071337,2.9800509685555,6.600310624205408,2.8830603368147956
149299244,0.013970223342415388,1.3316138392497845,37.53107333357455,4.6399260753556734e-05
149299921,0.01260271300363394,1.3114012261274477,37.51871086083202,4.068889336592756e-05
149308304,0.018543178699901422,1.8220459600416674,26.241023143680305,0.0006416004435112939
149306876,0.017605383611700824,2.050385639666505,0.0453482259353787,0.031198423457329694
149306879,0.015530946321708072,1.9173701067273543,4.5607753829769955,0.8456491806382851
149306880,0.015154704002680887,2.3205718473091745,4.396168780622121,0.6943872763043379
149299211,0.01351117070282847,1.343940764086429,0.26218059268734545,0.006078587609166215
149299239,0.014862423100122037,1.4780254979776566,39.61490834747313,0.004094916498474225
149306635,0.018315697315297103,1.8031917092282497,6.632674771673529,0.40579692764608244
149306637,0.017796375239415213,1.2728494006605493,3.3811571195998544,0.637337239439722
149308470,0.021041463297070025,2.029264233353208,10.516461401622623,1.4292229556667948
149308471,0.020899758104138258,2.173423249188934,8.46213152551576,0.9679846205055327
149308472,0.02160417253116232,2.5391853225427172,17.45667937840538,1.2851560983955497
149308473,0.022542729347016798,2.146025545952972,7.882135580159291,1.0229598880525688
149308474,0.020126293907488647,1.846992698175481,8.216936116339491,1.737622366959977
149308475,0.021134390996548978,1.9264842555161095,27.387910570840486,1.4043744773700952
149308476,0.022967706371850572,1.9585900677895047,12.500038596104792,1.2242860637701667
149308477,0.019633060236601496,2.4521781851010997,11.76535407200215,1.3700505810305634
149297955,0.011909525225262986,2.28783108332202,6.50765385864461,5.51699889841031
149299054,0.014256751493040688,1.9803334396428096,0.003647151866638746,0.001395347555663879
149300310,0.024341982673740496,2.6499637363085315,7.518071059680108,1.6165797937535082
149300311,0.025179818284878,2.5871247194163156,12.807263726711772,1.8853042431402511
149300312,0.02474696411277974,2.648441152529585,11.69523851446929,2.756757744147685
149309274,0.030565465395325425,2.33528017727333,7.494278296530978,2.727332228680003
149309276,0.02593560040114196,3.6256991384292796,22.994970556047893,7.3433316758440075
149309277,0.024746508259195575,3.0688904253322877,16.133347314622817,6.933636320074545
149309279,0.028104526041312385,3.0705088818729913,17.547781002942337,7.716168602759113
149307737,0.021973505760291532,2.750662415127442,4.072120867466043,1.1970437695013763
149307537,0.020468498283105978,1.6753627506995095,4.647082234698017,0.26456856473050466
149307538,0.020443880491190627,1.6496387753633073,4.256571644564982,0.2880371632134924
149309541,0.019787861153866756,1.604713642571276,19.134529998879096,1.1551391268834208
149309543,0.015625347990388724,1.580427876573015,6.093470756232815,1.084668876360182
149309544,0.012146612185048493,1.7037166893239577,10.944177419984936,1.2547034856612067
149299101,0.011371493327884664,1.6431600923403644,0.0032302677904488012,0.0017896082692033678
149308997,0.0323620820252605,1.85234263466581,7.690027931061216,2.718963724166929
149308999,0.032411361468490926,1.8656373892610703,7.973171469193723,2.7368268112672913
149297954,0.013347868489705882,2.2948958915948077,1.5154689328797482,0.7722822461427977
149309728,0.024513582617133545,2.26111639022768,1.0073487262354925,0.00938793653461734
149309729,0.02253294543414493,2.1374881904527867,1.2497273788742114,0.005360155439592687
149309735,0.022130882371963465,2.3257943086361523,6.650438585183447,0.9870603155567235
149309736,0.022138975773652668,2.3229762619295964,6.529685141707559,1.018737159371411
149309737,0.023514026431241616,2.430956892617508,1.831512379823771,0.014916585382111856
149309738,0.020937298086345927,2.335513975502948,1.4491608234962157,0.0084122762422258
149307968,0.015733716549738447,2.385507455427054,10.803103512462714,2.738827106755771
149307969,0.015332810482229352,2.3781337971496335,15.987258094371253,2.0722261622752396
149307970,0.015459264123686553,2.2090256392201235,11.581022095380971,2.544793515064971
149307971,0.015027423023009027,1.9853706589891582,10.809631102756066,4.07675685973547
149307972,0.015873615895549524,2.2081628342372066,3.9631606073894567,2.502043527698763
149307973,0.01582768529290661,2.2060330036220575,3.768975370677856,2.457417489991138
149307974,0.014959576201403278,1.9881283137411467,10.806543450260532,3.9893139607583463
149307977,0.01423766817241539,2.4842695142514124,1.5527715579217078,0.9364990567606739
149293879,0.010815342521244721,2.4049028476296086,13.805331432748236,5.866419131420078
149293881,0.010260967194195775,2.4591585988054723,3.6608649531124766,2.261421865083819
149293882,0.010572690605151758,2.3141857830968777,5.621124932151364,4.021288090956211
149293883,0.010583620457690245,2.3154767871945037,5.5200238142191616,3.9070580764170355
149293884,0.010814325856593685,2.396550932255382,13.988926727397736,5.870370146010314
149293887,0.010656122885268593,2.522145272311822,7.370442745699653,4.031231263121283
149293888,0.01090211604128877,2.470618280573206,12.448734293583218,6.2139788979893185
149298308,0.01414012431005889,1.994428687931882,3.766459147479862,2.783978626109232
149298309,0.01295943051418053,2.4047712436292237,13.446899952801516,6.708636121737481
149298310,0.01362986665973762,2.0741663099730814,28.672806740570564,1.868444382646466
149298312,0.013733849091328895,2.1468951605165105,4.757272661379233,2.8701480122525824
149298313,0.01236239299314968,2.3614655339812,36.16022199709412,5.298754653362423
149298314,0.01469946101847688,2.1479597471632483,7.053755743819058,4.125546099200171
149298315,0.012919112378883437,2.4420330901620027,11.925981594554568,6.028373990362532
149298316,0.014638569691347738,2.01345589106538,11.04885697718787,1.3191274847259453
149298317,0.013649311418864102,2.1888375929818817,16.25300015631743,3.1469853354605863
149299685,0.015885168445799677,1.7055915017546386,3.9239644102201314,1.460476861988397
149309857,0.009978820295594585,1.921294625999822,5.670881130815835,0.5059969084957191
149309858,0.010258231100342258,1.8988017235703043,8.883845260689796,0.48771617111953197
149307745,0.024812779291499484,1.737047961478573,7.593310924723746,1.30296093320774
149307637,0.021951108527316347,2.032884419313163,3.2169878361424247,0.32264386479657614
149307638,0.021955805497030457,2.0386671977257773,3.2660641114419,0.3614303409122951
149307640,0.018767785618257385,2.070829827227389,3.2814250360952175,0.2556988005288068
149307641,0.01875784819563269,2.0679638230248183,3.283240887745779,0.3405476452111968
149307643,0.02038818467540938,1.9641611035586457,3.023825667097025,1.3672178772942303
149307644,0.020376963227949286,1.956918798708813,3.223771095666359,1.334608191088561
149307645,0.018828466873422513,2.0821112603305436,3.212112286483431,0.23614644914657834
149307646,0.018765082771618233,2.0778164745379435,3.6695477491917807,0.25762978847623164
149298956,0.021175507223675838,2.582336108719245,6.814729457912877,2.691043427700635
149298957,0.02102675393356883,2.523461070271478,5.870281740588399,2.449081338112431
149298958,0.021141905555483214,2.5322722901044195,6.251674496362679,2.4381172089354695
149298959,0.02120780222069848,2.5495794179911844,5.9284501292064045,2.660318622516246
149298960,0.021017780707927005,2.5262148317852797,22.073311569862927,2.6399187804731996
149298961,0.02177007789931607,2.6753203137742996,11.556745160684347,3.6089102155941952
149298963,0.02133294148686489,2.5870914133766214,6.435004137370358,2.5681214383442965
149298964,0.02110375317723524,2.515915122034582,4.646982938382339,1.9970736823877973
149298965,0.021229825170159575,2.5788973388346195,5.781756935691213,2.4188079597469403
149298778,0.023965202949875718,2.1588012106464705,22.020192226590964,1.8617044566603664
149298779,0.024904154281123022,2.1327083652485888,19.209270231151937,4.130195989454419
149298780,0.024824735759648827,2.13022101348828,19.026542650769347,4.220010051718107
149298781,0.021373080213588278,2.419455672112502,18.089318643697148,4.16095726437404
149298782,0.020047245231391324,2.2519388874611854,7.470254194325055,2.5309238273620123
149298783,0.02139489681508468,2.4253163445939534,28.6162655715663,4.085092934748357
149298784,0.021380283571619366,2.4140826576329033,28.13102060291051,4.088968292291581
149293281,0.030531076108750436,2.149181032984081,13.78285271457575,2.8584942333344787
149293282,0.030553838662108583,2.06264914469224,6.405677449042213,2.6086768001342473
149306268,0.012474106061679834,1.8920055494242665,0.22583926912974261,0.004326290669930339
149306269,0.012091597980300463,1.8817732599032957,0.20525588882348533,0.004512901707980038
149306270,0.010734861755960338,1.9978089793281035,2.590263086842417,0.6189035047650492
149306271,0.010771971725541835,2.007459616896177,2.9219087137336386,0.5387379271131391
149306272,0.012746048977863734,2.2530012413817273,0.8926455309599367,0.13960733681383
149306273,0.01012296832445629,2.226510471543883,1.2497934978494103,0.3709397279422554
149306274,0.013555388515465961,1.9475976190478073,0.19352353747492743,0.009321800178275344
149306275,0.013620326623880007,1.9443390599467658,0.2162811711357058,0.011996157467553722
149306276,0.010951621614356392,2.3440005185981487,4.8686798084204055,0.19449715415032504
149306277,0.010904364315239853,2.3660089100794837,4.835874405706374,0.15257910220797782
149298318,0.011260888137508666,2.4328946394337874,28.310935479037006,5.90630878279388
149298319,0.013424644370095752,2.299698291920227,14.293096610401356,4.563962926787782
149298320,0.013625805610949077,2.247985146582476,9.128315604471924,1.6795939479811584
149298321,0.013405370717765023,2.4129061887627463,28.51756430083094,5.9461446612785025
149298322,0.011294688469588844,2.295658126579909,16.728971885874884,2.10551724140881
149298323,0.011224323793651916,2.377823503879758,28.81890451698194,6.013879208498251
149298324,0.012365235347428607,2.2577906000074464,8.505217994012506,2.867535618840064
149298325,0.013062641688965048,2.2747991510795944,12.275877464735219,1.7606504501987683
149298326,0.013876422491026448,2.1033217045749293,25.229404220885215,6.5028312421978445
149298327,0.013958926507248825,2.108817867658774,7.2840012560613525,4.228526060955836
149308170,0.02074192810462326,2.2320453615838955,8.157389004504994,6.298217371672112
149308171,0.020343818973095146,2.3424103621317593,9.227628539326098,6.955265025983175
149308172,0.020558913218407658,2.2818577011817305,13.396458309334923,9.094107958296032
149308173,0.020678042148899494,2.4254523959505874,19.577844280956786,9.550236022263556
149308174,0.02051022061259843,2.357158710676249,7.909959036393972,5.059199122790773
149308175,0.02081872157775748,2.1526001216624477,15.045839822628848,2.6747773781993884
149308176,0.021344243159575966,2.3831123368981095,13.56900962777589,3.999929666888104
149308177,0.021240459491704028,2.2941701406136725,8.669486679620015,4.295872098586817
149308178,0.021248143754562337,2.2880098381237994,8.229393026314126,3.985972734241938
149308179,0.02133698988958066,2.3977446180119153,11.791131813299604,4.216419924321523
149297696,0.014557826663335082,1.5211332712661614,14.024644190334552,8.986325517603593
149297879,0.014519953743046887,1.6869522064920557,5.5341363957473595,1.2372674294880182
149297880,0.014429999497239946,1.6709280533422601,5.8581711641310505,1.2575551003129626
149297881,0.014576043121758387,1.9437268921056732,7.832125684055831,1.5239734439379764
149297882,0.014532899701195373,1.90119841700946,5.2013382232689995,2.469566678667931
149297884,0.013499607130144248,2.116803995473192,5.3022528841091585,1.2686749224948883
149306957,0.014842611085021324,2.596877688748417,6.302935620071086,2.0785122254436414
149306961,0.014796117965209774,2.396758948780143,4.824680664042832,1.7743101555459297
149306962,0.014766358757202721,2.41461036663874,7.07426440381086,2.6715792769750673
149306963,0.015542973952877145,2.3614316148850727,6.497207806049617,1.7351734446923837
149306965,0.014760045287314002,2.2840789539953263,3.3803518064263853,1.957860197349483
149306966,0.014256213498232598,2.4709401629553605,3.272190678453389,1.5185828041735103
149307495,0.020668731435630826,1.904080125388552,8.273523438791985,3.2810237245202725
149307496,0.017074668310156336,1.6342716016466783,32.082367850872814,7.113195478680006
149307497,0.01695562886846192,1.6885542828720328,29.19329344221231,7.247032749836235
149307499,0.018641218886217403,1.6523201997803796,0.550316957904198,0.0009688308605730906
149307500,0.02071545828678007,1.9090363412118105,8.43958226258256,3.390825611851559
149307501,0.018885862831607248,1.938074750807134,12.548650541033895,2.9879569220928173
149307503,0.019007156075744353,1.7545733191539759,8.749670336758637,3.2867783125720345
149307504,0.01896148140486706,1.7471711731101949,8.535391435398381,3.2516780788269224
149292596,0.01848927647883726,1.9280889378610644,7.108363469577687,0.867344876747754
149292597,0.01873787076905874,1.820725141039429,6.405260283096244,0.9416002993512135
149292598,0.018503180807840944,2.0738888462533906,4.846380872237552,1.1671069901698223
149292599,0.0205331430732048,1.9044318149949118,9.644964694006358,0.8793236173302487
149292600,0.021925202848710263,1.5865230874664866,2.8310520612528784,0.5694758932123761
149292601,0.018745549181200725,1.8963575878187644,5.09866702059796,1.773849236129675
149292602,0.018944519357678328,1.987130699226831,10.61234335071111,1.208706733907557
149292603,0.018872144303967123,1.796931597530057,9.850685999378314,2.678895261219255
149292604,0.01892199197938988,2.0648297161736777,23.77807139770432,2.9402899232290673
149292605,0.020364209085487552,1.6011688691932926,4.0760616484678565,1.5025438694153785
149309212,0.03390682674804356,2.1371872944674286,7.649496966959505,4.901027356444367
149297956,0.013261361106119075,2.048447267815108,7.610257737518305,4.11705655612115
149307804,0.012365764219002835,1.6485236886786352,7.756994292906736,1.965801087311266
149307805,0.011870077432124737,1.8961694620989313,10.273693971314376,2.0444677951835044
149291905,0.0192729064505845,3.003306677918142,5.972930416395653,2.393806734124643
149291906,0.01991757954866043,3.1404778492504715,28.286518821459303,3.428682640889405
149291907,0.018943680548320126,3.1160489918646967,26.46223715439198,2.5429062839997036
149291908,0.01924370467933808,3.0570561206556346,26.15672145342787,2.0187027625913943
149306983,0.014780153651514529,2.4748011955476015,9.818442932424844,0.5298380232622328
149306984,0.013916749782975748,1.9972568139282882,7.946871404708942,1.1981776473156256
149306987,0.013772142712229507,1.6484988446949105,7.04094100880759,0.6566743169184189
149306988,0.013855165798448088,2.005864498492523,7.744802458128325,1.1156080848565288
149306989,0.014687391240917783,2.4693302794474574,9.72642702886328,0.5437242353430419
149306990,0.013829443258970087,2.0097203350054063,7.772721642261491,1.083829270290201
149306991,0.013686500481411748,1.6265871570822097,6.850176239767468,0.6773085655799865
149306845,0.008982815212440879,1.3626010453909443,8.805319612104528,1.4727733698969145
149306846,0.01017806304671722,1.2675330071829924,15.399349824436388,2.2121181958401115
149309810,0.019188297228585414,2.7883348115140585,7.385269521359378,4.517922795014173
149309811,0.018819673581910723,2.810451315504397,12.038355080076172,12.553102852420718
149309813,0.018227361968162038,2.850556402786298,10.05194854165321,5.721679801927651
149309814,0.018816795608502173,2.8031829316995402,6.061075364005187,3.6272954314076076
149309815,0.01910194743638497,2.780568138710464,6.286392734122892,4.3097208265343605
149309816,0.018457223290607276,2.8436121491490813,10.13505724970362,5.2335395376677
149309817,0.018568207930864982,2.8738930957467104,11.329012195777564,4.915426355071223
149309818,0.01894434294217851,2.7379651834718097,7.634619703261466,3.4289188347505672
149309819,0.018275699311638676,2.8693581695418127,16.68851370110814,5.216254254137346
149297828,0.024527665490708058,2.0536753203008877,27.56536582536085,5.326633213838377
149297828,0.02449620202471467,2.0673248353290408,70.64566955610461,7.829311609914388
149297829,0.023906680633288855,1.894755612338447,61.94719389496658,4.164637221108238
149297829,0.023932692215013686,1.9951652062381817,73.22285215419718,4.048014439014212
149297830,0.02345916648303551,2.1411371205896863,71.65139052106144,6.149517070689607
149297830,0.023472450718444376,2.0304509877457284,64.63688348790134,6.20664414304985
149299314,0.015658588400936122,1.5862500399353048,4.484789441016996,2.987308854302803
149299317,0.0141801707599104,1.3264600593253917,10.571839415947819,1.885525546504233
149299319,0.01621173161668435,1.3948917790541737,41.44298054928378,2.887814635867899
149299320,0.014150923749492877,1.321323571096426,10.515875053131769,1.9036250599229187
149299322,0.01622652286581747,1.4082351767538288,41.2219888576424,2.7443019125171153
149297546,0.010398950150689335,1.6953667257514262,8.773543529218392,4.552126802682468
149297549,0.010431179008895466,1.6884941317875615,8.439077580204918,4.558041914539431
149297551,0.010529393604235238,1.73539688197139,8.064257471964918,4.546794940640743
149297552,0.010523490329159554,1.682354044729905,8.124635848597034,4.519846200091407
149297553,0.010558816034956332,1.7234609109207046,8.053720179712439,4.265735064438025
149291681,0.01412424937496856,1.1184675056113076,1.4257308672890452,1.0454386858385716
149291682,0.013873459169495901,1.1190953638745198,1.39831754238757,0.0010265541415109916
149309491,0.0198090249035355,1.9167793401032662,12.321620278336505,0.7896161362403235
149309492,0.019739216953382866,1.8989094598415406,12.051779915492139,0.9215625226009004
149309493,0.01977761216005063,1.8908659798104015,13.121727016834107,0.7516211718198209
149309494,0.019122830502764757,2.0375907533629722,13.23464180339135,1.1178350467418372
149309495,0.01903938834459612,1.9930085694495627,13.621815912719054,1.5895197629644282
149309496,0.018760583490847187,1.9952014719773845,12.887084676925895,0.7694793782261413
149309497,0.019037918717757313,2.0049606345227717,13.404419842672697,0.12970194483756273
149309498,0.019310732319745463,1.9062887729598104,11.880997798454546,0.8770109190763266
149309499,0.017568836105961525,2.0718035426802204,12.045004410729549,1.0585697967148888
149309500,0.01836643020864483,2.1103689552103826,13.25956615551754,0.18559863308919877
149297739,0.013956339261749271,1.562927868266344,25.840677219999826,5.77227944669191
149297740,0.01318091209719322,1.5561900421282897,19.115320645050648,2.442455676804888
149297741,0.013303663749990004,1.5661074916486621,32.90944111823088,2.450790943839935
149297743,0.014021220118350637,1.790255423000601,16.838064305271335,6.635240094355557
149297744,0.013996683466854802,1.7935897010954234,36.47542953516254,6.332957638648071
149307755,0.015977597283369702,2.985958632600349,4.144110963089355,4.557704862979175
149307756,0.015831396765576433,2.9909817499709326,4.031023493695669,4.546453647981671
149307757,0.01577861448446221,2.985861678917344,4.007103241567451,4.499682638861741
149307758,0.015106340395399823,3.189607895706514,5.531218852550856,3.7399013816261406
149307759,0.015960725139073543,3.0029874031354935,6.50669376627133,4.316793725672244
149307760,0.015120317963361022,3.195310630631273,5.595784470725967,3.780320604960301
149307761,0.015993304860208144,3.002904364815492,5.358306044262277,4.196835005268749
149307762,0.015955583163278515,3.006245551565135,5.4424435861619305,4.204365432749663
149307763,0.01607602884902156,3.0696073614917956,5.126930323554297,4.223528623096105
149307764,0.016031659088351687,3.07708785311949,4.774970651358865,4.2404069714873485
149307916,0.01586531973963067,2.984224706847383,4.1394149010494825,4.549550752026255
149307917,0.015795450588938793,2.976862535938945,4.079002221312406,4.419519791876666
149307918,0.01605813598253649,2.996004365201622,5.537357206385319,4.209298139977003
149307919,0.015938660176557703,3.001718982823545,5.900185358105182,4.311402990687212
149307920,0.016032536737376632,3.0727382293920504,4.712898778833412,4.3445439445095015
149307921,0.016104705631435384,2.9886529071806223,5.392868338570023,4.227914066921219
149307922,0.01592744575124643,2.997247148648497,5.867453924669494,4.302470110036528
149307923,0.01601805013437494,3.058514382110083,4.678241083715192,4.286760513212798
149307924,0.015983134962814765,3.066066460504975,4.760036682109588,4.333258544612336
149307925,0.016058658625937187,3.0650604338575613,4.604254193684544,4.266904919417063
149309488,0.010106337001116843,1.1647569801144029,7.352235815311607,1.7764885325867086
149309489,0.010228823244052181,1.1570464463286416,6.911801495737068,0.27729303849160425
149309490,0.008379915050916124,1.3288177954849902,12.599935550570548,2.3226047280657873
149292274,0.013484721466314572,2.551771225988604,18.22701127019431,1.9997701067554456
149292276,0.010628689414966473,2.0356929356502595,9.040573519158736,5.79987681124296
149292277,0.011723435813111966,2.35982788912133,8.546094269604504,1.803987476568142
149292279,0.011695878054888616,2.2617952454711765,6.928715625273549,1.3553744110744415
149292280,0.01123033757590439,2.43471166969493,8.288724478142035,1.7630495831734103
149292281,0.012863522708697873,2.448880606968457,7.8918253551548725,1.4834442567637365
149292283,0.0099708204829627,1.905999568473951,5.4733856494452455,2.12469000334676
149294082,0.011674365082780438,2.0078610313369025,9.847430676233863,1.7795180406279265
149294083,0.011949934116729259,2.081297482617113,5.778569876949377,2.393914725978123
149294084,0.01662777939726557,2.3575641127859632,15.646667153378614,1.65526239284048
149294085,0.013913453631975117,2.012019659699965,4.879168777516034,1.989711357030376
149294086,0.014145312879694486,1.757863942447196,7.981476592563679,1.113689740279616
149294087,0.01600404164432085,2.077639975603131,8.712783410174424,1.447394580921568
149294088,0.01593656006231717,2.1549167761489025,9.922294306477658,2.0172951028874153
149294090,0.013056403777710153,1.769057795553543,7.359753392038762,1.5691238606784605
149294091,0.012040886543769825,1.7928627282063987,11.291939344828313,8.411406073836758
149306967,0.016212234755069027,3.0027430806203816,16.025007633858607,8.138818149407593
149306968,0.016268439222414173,2.979566944526288,11.029782630814548,9.372622472138278
149306969,0.015595380873483212,3.06608936720672,13.86020539398926,9.278676314726278
149306970,0.015929736389307926,3.018376981416443,12.793317137729785,9.765796230083872
149306971,0.014877152334169946,3.030600782140073,14.05580165598703,9.34656458840283
149306972,0.017814048193865256,3.0082138319397367,9.60797919799684,9.367807282168636
149306973,0.01634947581209504,2.9545852105149666,7.7967545138155,8.278793353268771
149306974,0.01671751867847984,3.01154383781422,8.117384949594188,9.032535871425932
149306975,0.015460716349356795,2.9355795296635927,14.405898175363031,9.037906104123474
149306976,0.015620124118868607,3.1453643425553577,17.67327817504493,12.702388680396375
149292639,0.01346175655107771,2.9223728622418053,7.497036705042536,1.7767202964683106
149292640,0.015209297192608504,3.439497587716614,10.81162686046115,12.9748055089722
149292641,0.015234549733814357,3.440509993776202,10.897253876828033,13.012918323254118
149292642,0.013426674895420394,2.9348341887268674,7.532475639034377,1.802820012491791
149292644,0.013282750603232012,2.9460999867748043,15.402320397933167,4.280981833121289
149293770,0.009700085008977635,1.6052778116030797,1.660630019913236,1.781415490012473
149293771,0.007823196873789986,1.7395662058731007,4.181349120047987,1.7591747997359486
149293772,0.008622044353567304,1.9531388765325632,11.88949178628345,1.7338739796775045
149292688,0.00736741896473004,1.4445028909279756,8.797580389479245,1.1615789982145548
149292690,0.007553244949184752,1.3504639912215313,2.18873594135544,1.5175360277809393
149292691,0.007896206383937442,1.1918968887095587,5.085989840414612,1.5614334411446287
149292692,0.00789132681528559,1.1995111222803052,4.503807285121186,1.242020967504203
149292693,0.007663088149894825,1.4400943885429243,8.604511470684626,1.5705970141504402
149292694,0.007947022754128275,1.3214436378030818,7.656003025684015,1.4871419794549077
149292696,0.0077165781944859135,1.4104520383532744,5.144993736866059,1.3466992578659929
149292697,0.007658856758892333,1.2477601303059715,5.338150195708092,1.562359186734312
149291719,0.008411216372590185,2.1289342893983245,10.232355823251021,1.4339418580600336
149291720,0.008244249713398636,2.167767359859285,10.334394455719199,1.337638560401035
149291722,0.007798829656675078,2.2698611514000184,8.37796361443132,1.2749073559635096
149291723,0.00781015387375257,1.965806099563388,8.262462228078117,1.2726623724436616
149291724,0.007703585322153623,1.9870376056842782,8.34648682470087,1.0323467092116179
149291726,0.00832354850876072,2.4326305304661284,10.106455792135971,1.5175089258575332
149291727,0.011520987917599973,2.364995052276287,10.266059072140587,1.0489084165594267
149291728,0.01165672169475491,2.3053228641933696,13.237619118359042,1.0677527068372386
149293381,0.012949919871458913,1.800625121057631,4.376417510422487,
149293382,0.011226486498642364,1.802372028095761,2.949915859454312,
149293383,0.013374461258825016,1.6439067868288322,3.7692658456807004,
149309108,0.013674376011424346,1.9921823735594906,7.178016782842016,0.8528385273032999
149309109,0.01437435682923591,2.3217779428052343,11.003755095241708,1.3074763198918684
149309111,0.013139229359628404,1.9120681766483416,5.723013848452289,0.795648356117825
149309112,0.015224907298725571,2.154855184812861,5.936704985549375,2.1265555555612212
149309113,0.013300536973243281,2.0033326195454277,9.538155243214957,0.8944287139648023
149309114,0.013986739394020769,1.8976824750808021,12.874941442773725,1.0382534411370747
149309115,0.01282121693282928,2.107384143646345,8.74023000417434,1.0727469548812008
149309116,0.013603583649754688,1.7078836147358158,13.172480557389548,0.8218800366554206
149309117,0.013516931773556956,1.9975902453373982,14.578845149093677,0.4266997263619911
149298994,0.015484424806610678,2.3178652788834424,13.457719866956468,2.2468100567439477
149298996,0.015720419449357516,2.3935008158093,11.65899122690772,4.514844762373487
149298997,0.015421304496117809,2.405510686169273,14.57097278827561,5.011726045187428
149298998,0.014949569224813284,2.2587408072024973,13.208452395970257,5.848652715630188
149299000,0.017126026301584902,2.1873576503327867,7.952741483082682,3.151810452315309
149299001,0.01562892548190074,2.302549706064495,18.13612352312207,2.7385690125956192
149299002,0.014950003999697871,2.3171803956827626,16.856018954427718,3.3770929575981206
149299003,0.01247480446616193,2.324470029344129,14.851663304864523,5.11470350741455
149293229,0.014737045328145671,1.8990027736487292,11.129231364878414,3.160069039916406
149293231,0.012557142771455162,1.853780378475713,9.741253002552684,2.1444421418588084
149293232,0.012311660233611686,2.015800414394223,2.932799706656419,0.9846062348713243
149293233,0.012936983118918749,2.1660755648105163,10.321809418297004,2.994163747304342
149293235,0.013182077078818747,2.1729291000602817,11.00230152428346,3.036602022844518
149293236,0.014728760469541847,1.9003670669094828,11.449432524417126,3.082032566514999
149293237,0.011893489798768486,1.8209508114701836,2.7195935044985924,0.4896982305522936
149293238,0.011972714002700165,1.8092044215000818,2.482907452850307,0.21756189558895775
149292163,0.01636518363579829,1.764479018770125,9.545673371498925,2.4225560007382128
149292164,0.01640494110968148,1.7601485832225099,9.700538876258907,2.4205499783139057
149292165,0.01463587663891081,2.089269496017375,9.733109296966658,2.225621453228174
149292167,0.017145566702051036,1.8380200125494737,10.913528250269353,3.242656833222586
149292168,0.014199254383084638,2.050616328629163,10.60510542291513,2.3579494116919313
149292169,0.016439931066459933,1.7796084635696914,9.626904429296058,2.931294605496592
149292172,0.016417106402822696,1.7620773693026923,9.98316149684319,2.197744777085592
149307131,0.010021097169047758,1.8892002902281964,4.484370381857122,2.649893121312133
149307132,0.009292400718258917,1.857522956548701,12.865759260943404,10.942710787734987
149307134,0.009804977849864407,1.88116773754507,10.429246334987972,10.606955894824287
149307135,0.009741532076492905,1.930782956688224,8.843354859763647,3.221789647179947
149307136,0.009500922915554226,1.8365703347736113,11.923002594001655,10.100246651170135
149307137,0.009459018237574827,1.8615893489731894,11.855431628095424,11.35141849818138
149307138,0.009767704343449497,1.8391169638376608,11.019251801844218,10.380973806781041
149307139,0.009696733423502052,1.9034231877490808,10.803956624949102,10.39189610383124
149307140,0.00966050383111297,1.8029354545642482,5.589464790126589,2.7347150475397424
149297312,0.00966765968291007,1.2227037268960705,5.409844291502393,5.306160785628074
149297313,0.009057936300220603,1.3069838400650498,7.963266269717866,6.299325819298345
149297314,0.00904280953223084,1.3066627832758602,7.965233363673336,6.324712471704599
149297315,0.009044724941296123,1.3915084509689444,12.8351506879897,3.9150621285820693
149297316,0.008697784600041262,1.4151067352790965,7.321688713440637,2.9893824542087963
149297317,0.009194045037057534,1.4368510780228154,4.029697607331402,3.803699573845693
149297318,0.010241523046348037,1.3824213722456633,5.3098045969996805,4.50875305003944
149297319,0.010229279855344406,1.3994137336730736,5.622817108665671,4.635807120941031
149297320,0.009183722111114014,1.5132660970680156,4.456231574163908,6.106191332819963
149308413,0.012658158988264154,1.751766541229949,15.906227129407025,2.645627547266247
149308417,0.013350698160866394,1.731479637761428,8.258495269883632,4.134923574842143
149308418,0.012957886984328279,1.7186965988496252,12.954478767349963,2.421785434466178
149308419,0.013231860522292754,1.6163136100734776,4.012901323672551,2.2216265258750387
149308420,0.013472603779904767,1.6145865868997673,7.358005490435501,3.737559624903607
149308421,0.012658436556567117,1.6723281081617498,6.119637071961127,4.39823080797242
149292636,0.033616939352609385,2.01317402507974,3.369655941857356,2.882905686618424
149292475,0.010118986529214504,1.6915343378288337,4.962152239838611,6.512198468754746
149292476,0.011304194287296789,1.758232483395834,5.480633169785837,1.5133276900559223
149292477,0.008369891965753893,1.3093528430745585,3.449183070498469,5.326910503146964
149307474,0.01608832557091162,1.7179729568798496,1.0175711601757627,0.0019468239279571246
149307476,0.016398172742713893,1.7783847517269802,1.2882113111416076,0.1214839627796327
149307477,0.016716862301040022,1.849743545456702,1.5373577841219772,0.25101205173545793
149307479,0.016708472783636522,1.8494033657792064,1.5403725852961772,0.24326425379049382
149307481,0.015168546921716116,1.7848074720573421,8.936240766406526,2.0714419683157073
149307482,0.015176223378518969,1.5381197032714622,1.0369003336174247,0.00504726535533735
149307483,0.015460717015561289,1.7283761147062373,8.777065752099848,0.8591983164538993
149306363,0.017013450158341045,2.985364219831041,16.954214951501065,4.396482153178118
149306364,0.019328973993058066,2.877962538731574,12.06904281661554,6.996569874836605
149306365,0.016808704734676334,2.646822526293156,10.322136325207294,1.5681127436435778
149306366,0.019121868925806397,2.956028761747936,9.064779360717376,2.4457342921471157
149306367,0.016588054469540855,3.053835497043973,13.836307390734442,2.451199639566059
149306368,0.017883910558649855,2.9780111982030473,12.185114155085754,5.948260176437785
149306369,0.017558039026631892,2.681827805625562,10.310936378175882,2.515783126847002
149306370,0.018134122056996674,2.9188023661777645,17.11810666660123,8.932993353429632
149306371,0.017064946359929063,2.9808130837099225,17.795956228216163,5.90641080927988
149306372,0.017010482190095055,2.9821055418667766,15.65173312571672,3.25196453340663
149291450,0.005225459462593898,1.0969507922764763,2.5539630096093973,3.1384650016697773
149291451,0.005137095411122735,1.09591554817023,2.5661537680687987,3.1231415148417367
149291452,0.006841940833587636,0.8860699240560004,1.7394590995738326,3.1480257161447724
149297625,0.008577560050676567,1.6034126538559985,6.728631272108894,4.848909978908984
149297626,0.008061590770095769,1.5064022347843977,3.1873761504374554,2.366362884262566
149297627,0.008497402761598934,1.6039388801438794,2.745436328861272,3.204191846434897
149297628,0.008230705601105327,1.6293649238778087,11.313412804764651,2.942627808021433
149297629,0.008547928970411591,1.6264733057044263,7.385355476218734,3.981117559715434
149297630,0.008293918850207459,1.6404001490319697,10.60970341983672,2.7022830183800814
149297631,0.0084364428333372,1.6087531306787437,7.552508707701337,4.061424744591617
149297632,0.008617882977916458,1.5190672241267806,4.535668806147509,1.931455187988671
149297633,0.008074396263594437,1.5091318436928978,3.1861361420348318,2.372826694700683
149297634,0.009601071904387358,2.077903153087218,12.16764163794819,1.9937300110037928
149297895,0.008456124456552801,1.7392684496296265,2.574209485127331,2.5872048821592304
149297896,0.008790228912982053,1.9321673107155495,8.68678773630738,3.784367855945273
149297897,0.008387704592423382,1.7113903134917279,2.8859634716467673,2.491363476326581
149297898,0.008343212924178962,1.739920008901709,2.460724645755643,2.469404471601083
149297899,0.00855264273005634,1.7618132849194854,3.3367770589943393,2.1679096602108223
149297900,0.008527151402509996,1.71693353841822,2.46421390345662,2.7072347740127087
149297901,0.009052919807731343,1.9156667715958668,3.0750247681992118,3.8981376077650935
149297902,0.008434145842847204,1.7946342425579882,2.068516915632228,2.3993684483837057
149297903,0.008211615399997409,1.9454097659348566,3.447394196188269,4.569088055991328
149297904,0.009356548597622583,1.9246671732333818,6.6823063900619655,4.1961295053726575
149291477,0.011545563155521816,1.6871216748631694,3.630959538933214,4.782885672729563
149291478,0.011565308987110456,1.7496578506761704,2.850820651930267,4.361728667731638
149291479,0.012777711450899652,1.7237022350046554,5.815763172444146,5.205586922524675
149294154,0.016283568399033502,2.8758209698683377,14.251544965360656,3.767748464475735
149294155,0.01532137831200663,2.484720496612699,8.409621201311557,3.2628873604210753
149294156,0.016436600524758732,2.876901468311409,14.561474967190923,3.928134973349289
149294157,0.01614828532515652,2.7616449321759426,12.836995841339581,1.4037044727299621
149294158,0.01608786043915071,2.7630242269946796,13.02008973299629,1.36944855125175
149294159,0.014745411696188735,2.5774789531675397,9.731322145629608,1.1720153900557866
149294160,0.014857773934069755,2.5831699995262567,8.867971140054639,2.3081052626403116
149294161,0.014849583258502027,2.582089291531765,8.933798561321943,1.0186649029381045
149294162,0.015626422914698814,2.6275938571090802,10.301082300704412,3.205762547070587
149294163,0.01630245132369374,2.562423669055086,9.039893013222839,1.6028790522482936
149308845,0.011969457970820503,1.5629790897489397,16.08447765517625,
149308846,0.01217258790895883,1.6305100197111637,15.634226804030215,
149308847,0.012041841489852984,1.4969817847108655,15.529443759169153,
149308848,0.01211880257578553,1.5180623409765683,16.168747251813908,
149308849,0.011987407250674351,1.47496388563131,15.862927341024067,
149308850,0.012079554939604534,1.5435277650036243,16.187597319822274,
149308851,0.012289439282174307,1.6073909233797368,16.698189532006065,
149308852,0.012221218891327823,1.5667982977021258,15.983308977377032,
149308853,0.012066797330671121,1.4871314929551505,15.711633325782103,
149308854,0.012238182171489222,1.6245931712781012,15.640462235597376,
149306825,0.012283699611950895,2.1342316108336017,3.2272720034989995,
149306826,0.01301268938663725,2.0544823962269514,4.0178218912667125,
149306827,0.011749948564371912,1.921133165598669,4.461569561234628,
149306828,0.013620762814938674,2.0436807546026587,3.6452870529852377,
149306829,0.012824907931975401,2.1047181070086753,4.131402255557692,
149306830,0.01165356259195404,1.869455834119669,3.9143755243923923,
149306831,0.013211450488108482,1.9826355681485972,7.4997276432725055,
149306832,0.012285733906317573,2.035232406788914,5.715955864071975,
149306833,0.012161367550122192,1.8620837750279053,6.267897985113549,
149306834,0.01313270852315452,2.0887374910276746,6.403158189241768,
149293473,0.0326931866904915,2.569664532017942,8.416794585818222,0.41937210684032755
149293474,0.03178666890585278,3.026246290799142,8.68077084818788,0.7410027138052612
149293475,0.03200567637200309,3.4166545563222854,14.330889209187946,2.9400162600585413
149293476,0.03127176402597171,3.20748966155224,8.936336471447223,0.2943739618742821
149293478,0.03183160509665478,3.0749468166715634,13.596335923714603,0.5850253929861305
149293479,0.02995273251404678,3.7252853547141296,9.899664088073589,0.7473635962581603
149293481,0.03075580870523366,3.3039180900523535,6.122198679221238,0.7882146816696689
149293482,0.03161284899387919,3.2706132955542064,12.033056308045404,0.27136092483311425
149291965,0.006113286537801893,0.8926292623640691,13.217743272801846,0.3356005962771815
149291966,0.005990006213740874,0.8397652004643109,14.942869709446613,0.01890711850260656
149291967,0.006251967904512078,1.1672472529528448,16.43271150402176,2.107616913033686
149291968,0.006192370789497008,1.1413074803933998,15.36136591579384,2.001276037463076
149291969,0.006166432424692446,1.1696944288508382,15.163920168777137,2.4468213684637328
149291970,0.005863305029092417,1.0443672226681282,16.27361931785678,1.1896850303618665
149291971,0.0060407913420374715,0.9552913802367757,14.220765501389936,0.036730506709454054
149291972,0.00635214549494573,1.0769000376539748,11.888389874771663,0.4704595868184024
149291973,0.006079963473512624,0.902279221474414,14.8417903214151,0.04497492928648239
149291974,0.006119386228812966,0.951793198345918,12.849278551576154,0.7865330352153622
149291923,0.006042213574531037,0.9113246280168612,14.07261725269346,0.016046534998204104
149291924,0.006207144126075303,0.9805148208016179,13.46018537432753,0.15991717195025562
149291925,0.006389738911472357,0.9968464728910917,11.829693787233971,0.30166372852568574
149291926,0.006488511029204484,1.2441574358527347,14.021004993902197,2.3979350367938634
149291927,0.006325516667059657,1.014397493280822,14.097140418481775,0.14120637921254459
149291928,0.006461428225719542,1.2997936311888136,13.83146181775911,2.1971642486966814
149291929,0.006348967090403891,1.1159921938810047,18.327187910036265,0.8093982515118857
149291930,0.006341951098301836,1.1898224683037288,14.012056990619437,2.1452480982349407
149291931,0.006380440360516979,1.0021303042618372,17.27564700381272,0.5836405129775847
149291932,0.006595829736646847,1.056195651996219,13.91026195261946,0.6645646351007144
149292727,0.007221161533630761,1.0116413312995083,6.540347139656508,
149292728,0.006660129464018611,1.2812516417958468,2.6697002959528384,
149292729,0.006881022635040201,1.2486534786612664,3.133391494480145,
149292730,0.007008839312713258,1.3885947981812636,4.7874083222744295,
149292731,0.007045923297165188,1.3641519283574504,1.6067442295456926,
149292732,0.007046829909765506,1.358713922929636,2.5417244411082764,
149292733,0.007245898750601906,1.157435099973759,3.1551042360011388,
149292734,0.006984835371626557,1.3839973624669866,4.530609877376577,
149292735,0.00778802722346746,1.3334094170462998,13.948384193624989,
149292736,0.007241558297946998,1.1550281415873123,3.0868783146301433,
149291709,0.004875365376287001,1.128523626678596,1.6906009826843478,1.715107237631482
149291710,0.004857949323403714,1.0748346630677412,1.1049341834651814,1.5315142869696567
149291711,0.004983482886381778,1.1275392464842864,1.3767175514545316,1.621382431446033
149291712,0.004641639502635382,1.1136122549265737,1.9491241062632072,1.7721050806571317
149291713,0.004849023311551922,1.1243968946776843,2.0418856095015046,1.7058854480887573
149291714,0.0051022858230214095,1.2015602262574707,2.27861175699587,2.0810369599685092
149291715,0.005135005544542351,1.3290719590184679,2.818034370972071,2.4222063224967036
149291716,0.005024627184898308,1.1497695977979698,1.9728699231089417,1.9981254676419629
149291717,0.004786911305673699,1.0423065480523561,1.6383291656971946,1.6864583914017246
149291718,0.004645456893726131,1.0864753519905608,2.7490977879433514,1.9771688476255604
149291594,0.0040736698010204325,0.9024060135962532,2.6464630204337496,
149291595,0.004430534475362212,0.975747569311838,1.8571149767946014,
149291596,0.004784448003713055,0.9982410928778372,2.0780384051277463,
149291597,0.004550774887477959,0.9479877032484646,10.54511173188758,
149291598,0.0044510482026091916,0.9773899377720997,1.9507460382394832,
149291599,0.00436762457080757,0.9350723539294213,3.0580211971829,
149291600,0.0044444211820095034,0.9537252338367052,2.295143672865277,
149291601,0.004573173851680793,0.9114128309375957,3.1681660064565835,
149291602,0.004607394726782847,0.8662449104262395,1.456202439393139,
149291603,0.004713973422661446,0.9270793142638798,2.4090800107689785,
149291535,0.0029386676688275865,1.2546573811007122,3.1291742173145756,1.1734942249183677
149291660,0.010336339150512892,1.0388183211634778,3.692840946427315,
149291661,0.01044625357355075,1.0278887697524617,3.3829674956737095,
149291662,0.01134624052534483,1.04120197522437,3.161232019406469,
149291663,0.011303092939606952,1.024744803820596,2.403666578938167,
149291640,0.01123090151702176,0.8873931182776373,2.0120124020034154,
149291641,0.01134404961948971,0.9384991057829729,1.9645288335016395,
149291642,0.011305043821992935,0.9379702523436345,1.926878090876967,
149291643,0.011311619221015186,0.933479257777369,1.4972301522338198,
149291644,0.011148651955773038,0.918734631715345,2.362372841201982,
149291645,0.011271807286494384,0.8610254996526044,1.2640036371216108,
149291646,0.011117280871858672,0.904496105591851,2.7653404703277102,
149291647,0.011383761216777541,0.7598328739885299,1.4773148546016464,
149291648,0.011125660225189347,0.9024963287220624,1.1952819474721614,
149291649,0.011307652953719513,0.8226454940934557,2.817100218546507,
149293515,0.030633682015312278,1.7651670147412424,10.190277933166158,
149293516,0.02407030757623853,2.0304689168319072,2.649426269883518,
149293517,0.029619472985223987,1.7372034012687445,7.817054716760666,
149293518,0.026788879834047364,1.816803176611061,4.838590762194649,
149293519,0.025307878112569016,2.0302099323103984,5.341209661289928,
149293520,0.026778159035515486,2.1566639855026275,9.414473822893092,
149293521,0.02602082815922985,2.1510352047095296,3.380191826279113,
149293522,0.025712592687903768,1.961504954456212,6.491803356176128,
149293523,0.030678632623110158,1.7723475690299146,11.01769667990029,
149293524,0.027165427561472624,1.9713661482419362,6.09292314146192,
149293909,0.015395945876466397,2.4057179507449282,17.64708667280197,23.595605888985165
149293910,0.016909401491025763,2.1706205747283716,16.186221204756713,24.256048291199047
149293911,0.015520631122219219,2.748998329687712,18.174353485713272,32.30646161523001
149293912,0.016057529728675347,2.828357863401076,31.459366737942826,40.723979715317206
149293913,0.01619321453971524,2.3205170506319126,8.841257871711942,20.568575170532245
149293914,0.017151351547978907,2.395294412085056,12.812245399659078,23.148527242207866
149293915,0.018267666327277915,2.23419373555256,11.564778131324369,2.2414833235957725
149293916,0.01643663282456807,2.644067924924567,15.412113704492736,27.169478244183722
149293917,0.017168506197150553,2.813989952422722,18.109475072910577,28.810464784431833
149293918,0.01740825205860981,2.445220785423246,12.50120467517555,23.512146476527025
149299420,0.018050302968413184,2.1110827382304027,8.257243503650676,17.683845093424583
149299421,0.01822354703301324,2.075124387860138,8.27271415017052,17.71998878348937
149299422,0.018292321729785004,2.1424636148509766,3.666235990275969,4.399413458835706
149299423,0.018119932700817888,2.155079116613183,9.821538499454073,17.811266343970647
149299424,0.018430759736821328,2.1071252904030535,3.70758567439758,4.36995285919529
149299425,0.01849158499788235,2.1345740584077317,3.74684731951634,4.404692792393673
149299426,0.018436441106509296,2.0712178629171274,3.809199152431324,4.307673391698362
149299427,0.018218884167225956,2.082316329339699,8.3049734830193,17.78245258777612
149299428,0.01853812457170225,2.1059075284249205,3.8676142712859614,4.364262862731764
149299429,0.017938172414466724,2.1492587855791188,8.86933891271272,18.3280777164027
149292376,0.04106311575529437,3.7209438800547328,20.278955248737496,6.82584661010183
149292377,0.04015428502358351,3.275180835413108,7.4648783774259915,3.742951414080312
149292378,0.04062859854038542,2.666742325925055,8.579882855450808,2.0794474505808664
149292379,0.04081721813707314,2.6814509001224636,8.159325644300448,2.506003401328052
149292380,0.04018407164801207,3.270796184289178,7.197126080668476,3.632387581355563
149292383,0.03946064000472288,3.352705757892617,13.088403600012887,4.448233343554718
149292384,0.039339431844467844,2.9066391974270283,8.637770711896442,3.2165014267307477
149292385,0.03812639905837366,2.723753192650904,22.324803357594416,3.337523968312614
149293737,0.04768060762409912,3.561250469567384,7.2463815865911165,
149293738,0.047309580591266144,4.956660420589831,19.989976923926733,
149293739,0.04769345454961779,3.859991011104134,7.411506572770718,
149309595,0.022192486396120426,2.6212549822954476,17.519660184073924,12.469330959143635
149309597,0.02313493723119762,2.703058512455257,12.612762979734693,4.467068132985545
149306325,0.0065109820956403735,1.8173400849219252,7.983426358146386,0.38738268057343506
149306326,0.0064892674264275885,1.8050323913119684,7.813018857391514,0.35483599814102884
149306327,0.006950652763568531,1.9889136988324638,1.6054597907843882,0.7713453755686451
149306328,0.006955360457972413,1.9884218910822744,1.6057186713020317,0.7715774351683302
149306329,0.006469502557754919,1.7712722711413584,10.18665935711769,0.5204118659573121
149306330,0.006404674187137232,1.7817885672530336,10.45355428646476,0.4761254050192399
149306333,0.006443480743172509,2.1208461089366852,15.099645459162529,0.4197921956380879
149306334,0.0064062301972498785,2.1282472558386076,15.188781424250395,0.3856733866032984
149308347,0.026399591053179048,1.7824629480594512,40.31048550842907,0.05824464096848434
149308348,0.02582145604355765,2.0510731691532085,52.270426989339285,0.1107721900689801
149308349,0.025708584720728966,2.0584841677777095,34.2576232626992,0.17690468358101624
149308350,0.026361654852904814,2.027541487209073,41.489472126617684,0.06278715891085063
149308352,0.02502189599447731,2.3052915524998907,18.439859439137585,1.8557512097013844
149308353,0.025595323571668722,2.229638085619016,30.431174063547914,0.07683150325223646
149308354,0.02516851327932017,2.371723202888419,11.717804566596092,1.7279688811691858
149308355,0.025681766444393794,2.222862524323363,28.284768105112025,0.04847434839543911
149308356,0.026356931932126564,1.9644779106093198,45.13698503145087,0.09637816150894064
149297414,0.012775216999393477,3.092619746348018,6.962377888079396,0.3591508182927113
149297415,0.012767444520581444,3.078545753099698,7.099712422029549,0.36480044551265817
149297416,0.013249425964955788,3.020556954637675,9.142381030941698,0.37485192233368114
149297417,0.012225605455747976,3.1991195143540567,8.252931197327447,0.5882243557431819
149297420,0.012410939139135635,3.3990480816433206,9.327610552342946,0.492030114894149
149297421,0.014012833937830906,3.1850072724838534,6.914346745385246,0.2693473508101423
149297423,0.012469023935724917,3.400901608982627,9.065508000290334,0.46079595277697555
149299686,0.013341104720257527,1.6739511304840549,18.019343969771935,0.8785158769164352
149298929,0.020128130472891442,1.7885957174162788,0.047878066445125884,0.009404625837148782
149298930,0.020188236612176953,1.8529005882689968,0.050902665845044825,0.014072351524382968
149298931,0.020437851987657032,1.642065015617592,0.06466590097989201,0.015396694225586888
149298932,0.020412304980057347,1.5892822552543753,0.02727625899254143,0.004402184061981156
149298935,0.0202008086525085,1.8306272385889966,0.018304763828917957,0.0024223880284680167
149298805,0.022520286102336938,1.8990209559852156,2.6720485438366572,2.3835010141161606
149298806,0.022495553959734488,1.8996753982484353,2.6673392708327324,2.3835184442642525
149298808,0.02316188422362692,1.8782132053251541,1.6621348092036665,1.276316931578525
149298814,0.023240754952082675,1.8732501058292559,1.7225102721097114,1.3493886389959553
149298203,0.013220167945686064,2.6335082402641232,13.500825576796762,1.5782547001351415
149293776,0.013863000696139181,1.8410174994759358,3.174864510910402,0.45216278347730343
149293777,0.01385922330589645,1.8516871707235019,3.2641679010831317,0.45558305761978823
149293778,0.013078028561162592,2.1224404107618207,9.472743071730777,0.4734146201949429
149293779,0.013575942673399859,2.087514866036672,7.1002988465009915,0.4456593843106025
149293780,0.01345511010782065,2.1198765910290125,7.4370883381906285,0.4716553035127181
149293781,0.01403712461343039,2.159622683525909,2.286920105486767,0.5129695257649965
149293782,0.012423359678090816,2.3785616570892283,8.460965609801795,0.5583794955661726
149293783,0.01404476978860619,2.14927344762507,2.255473234576595,0.5176569077517986
149293785,0.013249971223397094,1.8788094477642647,5.802769940651471,0.5072865947925634
149306248,0.016396330166580597,2.397230642572,5.81006988287088,0.7881334523937545
149306249,0.015867640349309604,2.4553058157589387,6.823781692244761,1.8389243066692242
149306254,0.016125775063289903,2.478801732189045,9.981295388717058,1.2894982944202935
149306255,0.01603308158498972,2.5027319579596594,10.106805510523923,1.2892252880426767
149306256,0.017413534642241393,2.4243342664774863,4.780487992327289,1.253094136937207
149306257,0.017489708079418166,2.425671322615857,2.6491082567206368,0.9539988149892971
149293806,0.011395234685278123,2.340074303148123,3.434535222483158,0.40377671299598766
149293807,0.011386516657124743,2.3417679401501665,3.5309730163867528,0.41417478786709955
149293809,0.010485800090448685,2.456660384951853,2.7092223076006183,0.4393069208624923
149293810,0.010984916362826338,2.5769780390382073,2.4465608207416287,0.29469228798016145
149293811,0.010966015527396667,2.576036485269566,2.4158663698604417,0.30645208942505836
149293813,0.011731740249694006,2.343384846045633,2.378650389960379,0.43589073664383343
149293814,0.011351553817737312,2.293117282628453,3.059733576326031,0.3410273414566712
149293815,0.01172470703830379,2.339688906889492,2.448952918397606,0.44056368086380615
149300462,0.02416246097860138,2.9892172898893543,3.8059633945074287,1.3463235795081159
149300463,0.024086791372794212,2.917834431913914,7.971575153776319,1.9209474463634426
149300465,0.023554465096131252,2.9891058957611514,3.6431716801560396,1.7578134309281876
149300468,0.023707295336401583,2.968004013287614,6.866314250173172,3.806756967860073
149300469,0.02372591619867565,2.9923098966049357,3.6395448841874254,1.624818704895715
149300470,0.024078891777806467,2.9169249786352913,7.973297890582949,1.9215183950488173
149299560,0.017898096023365197,3.173532344130091,5.318833405939326,3.312992057965675
149299561,0.01733990734430369,3.151432676037811,5.056679747608741,3.38786054776593
149291730,0.01934951902186589,2.213119227757699,6.4473496835325115,2.01941887692817
149291732,0.01833106292537925,2.1740645146366595,2.866272588783612,0.9344721234299211
149291733,0.01939718717012109,2.211297670793658,6.080340348896889,1.8375385785854448
149291736,0.018344188210135844,2.1752032204988607,2.6603970447383136,0.9309335926914747
149291738,0.018632232713107325,2.2265959432852935,4.526613781664169,1.6883834087402818
149291739,0.01859845716900297,2.226299138667322,4.538800413851409,1.676782653425288
149308642,0.011679598601954439,2.5641303020357618,7.17359026541442,2.2772172007196794
149308644,0.011474943707822875,2.46792939710969,3.551659938240101,2.1797078568155723
149308645,0.01051732532374616,2.785671213338564,5.937909900400513,2.230996493657344
149308648,0.013562148848889935,2.5401092496935043,2.883210324584745,1.617797812275268
149308649,0.014336150481273579,2.6985838837968963,4.481180369814362,1.8095778762796968
149308650,0.011697322141949573,2.588653186694106,9.49803648369282,1.819880738012577
149308651,0.013420704075104244,2.670096749280878,2.407118288454299,1.4803276508522372
149307736,0.020293466702913824,2.575833249974202,4.1180335438795455,1.3894121150990313
149298523,0.02272998332456482,2.84878202201256,20.038907137093293,8.637325884836795
149298524,0.020923537045821942,3.1812388090706594,15.965256516932763,7.538057740397373
149298525,0.02098382409447289,2.6290504203529768,21.64446037223157,9.865260408609958
149298526,0.02191239185700677,2.791342601605445,16.050814354245073,6.5376095930279465
149298471,0.01760185395613943,3.9675836001212454,11.80764473465666,6.446950067756797
149298472,0.01764222313007497,3.9631238899001313,11.869690246717918,6.434078200494089
149298877,0.01963120160580259,2.8641347868381906,13.983632469106213,7.3793495229116415
149298877,0.019851578810982835,2.795710940680128,36.038106662710604,8.356742560828355
149298878,0.021002261269889647,2.7721059750580106,53.64523392283848,7.14863158266947
149298878,0.02201890072609663,2.9819539283043555,44.37677240564346,9.937531127536216
149298879,0.021464557549259668,3.3568580448914482,40.77475065311305,9.971761766988688
149298879,0.021308577038858398,3.1147628391796847,45.11986433353578,5.4679561509896555
149298880,0.02039989952225764,3.2338837903760234,41.53602002936878,6.5844827648777065
149298880,0.020333229125759328,3.0897979968819,37.67368423019081,6.210258594038765
149300381,0.016822514180946904,2.278598769402818,12.510145310489616,3.763064142852266
149306948,0.01115582110967411,1.7279370735724298,23.34999194477211,1.3313693028409674
149306949,0.012016742315519208,1.4855286212526586,16.658990446559287,1.2210369755111317
149306951,0.01278749166713701,1.8918661232030989,16.366439329770294,1.128979341207596
149306952,0.01294716861480388,1.501867998643398,17.415875794152168,1.7295136764024015
149306953,0.012861894073515269,1.7025882868785833,13.509003513763185,1.1937348628544935
149306652,0.017239123602102568,1.2392188492469842,5.41069631830297,0.8303714553414527
149306653,0.017703768507718196,1.222086132958425,10.993958534517866,0.7826128075264868
149306654,0.017287519377558874,1.2165085212529334,5.028140102496047,0.8981452227117819
149306655,0.017717180090893795,1.235035704787932,10.74674332811014,0.840931022159241
149293763,0.009133668991001017,1.887695495000984,0.8100244310664098,0.7769355040964472
149293764,0.009546040898316054,1.960770907475572,19.593941942765312,2.106599131777523
149298418,0.01059518811954667,2.1003021846304217,8.048788178644664,4.045393020267279
149298419,0.010575995766117927,2.094464783231696,8.234804551938884,3.975532703884558
149299721,0.01846115418302112,3.0841273179551,12.044651673123612,5.005559550837985
149299722,0.020163006583445102,3.5986364519553007,20.09405937013899,11.20257712188558
149299723,0.01977620567188953,3.356094659196415,9.158715561141063,5.172045049983057
149299724,0.019877314114374114,3.2252237668071615,7.634518634268105,4.876311370878756
149299729,0.019027654159796546,3.302825864615271,8.563430766599213,5.838577157179934
149299730,0.019185546264972944,3.2898523493335987,16.302402066401818,13.605679528020596
149308654,0.018383988108148765,1.5864167290110731,11.030774396282954,1.637446700328859
149308655,0.011663370278392383,2.0868860858228775,8.355266430481274,4.0932458850585265
149308656,0.01617892484845932,1.649805920205799,2.6377530070066624,1.9046490324468708
149293973,0.010415478542216496,1.7632977845936995,3.903103471071567,0.4995304547307222
149293974,0.010396022952931884,1.761040733062286,4.095566253334984,0.51203638995884
149293976,0.00948886493134673,1.9607106915974324,2.223025886537576,0.49698066397471746
149293977,0.009455300934951255,2.0626035688873645,4.896697697698275,0.34057810362462326
149293978,0.009537347126417744,2.050886389882527,4.3228794010339815,0.34120259463067154
149293979,0.010259059127936341,1.6326800372654866,3.0370364482442684,0.35593071491420747
149293980,0.010261262062657624,1.6327028159467838,3.035367674013188,0.35638647001674173
149293981,0.009875471966622397,1.995707901140718,12.527489713844876,0.707564107173095
149293982,0.009922951514629819,2.034027889651133,14.3642374128747,0.698176721896573
149297957,0.009586407052390817,2.680071304444193,8.293315300808823,2.3861390160276534
149297958,0.009542799322008438,2.6203542030441613,7.805102403664572,2.075674559602824
149306526,0.02085719947590351,2.715269146564518,8.799133527616744,2.3611707724488515
149299786,0.013539805845838495,2.646633273734183,17.588162608374642,5.948532620466205
149299787,0.010672734076615502,2.689646980373112,26.146172721970693,4.257389982058359
149299788,0.012694373804105832,2.749326526795907,11.512017052879125,3.5143042697445446
149299791,0.009687042969311667,2.8926488811405333,35.28330357439082,9.766035367740058
149299793,0.011367279604680376,2.4536906702049444,32.13131821119865,4.66829773799769
149299794,0.013728500007250203,2.578319871161418,20.886052889091467,6.314612470019028
149299795,0.01570163378782164,2.856371641072542,11.81280445586062,1.6780379171412287
149307904,0.025514981941556734,2.5051409598607552,5.662522506460533,0.23793670593738983
149299585,0.011310156365435423,1.61582839185019,5.133339968974577,1.8355201026698142
149299586,0.011151065607302703,1.5490500358406216,8.68420802825617,1.697364318700092
149299587,0.011222629586367406,1.547634438729291,9.492218222249157,1.760453150560853
149299588,0.011341369222465725,1.5626204449784629,9.943358653562294,1.7590712178870176
149299589,0.011331868192657005,1.5856301366800423,4.498678958866526,1.7134392268234677
149299590,0.013085985952921469,1.615907608525985,10.102002362941187,2.3653063862834487
149299591,0.011541110740594605,1.535846790297369,10.252002470214835,2.3038684885784257
149299592,0.011919842479335129,1.8773715061085474,10.22302962278506,2.4969381911791917
149299593,0.011426991687417107,1.5856776714272869,4.6153863196159675,1.5820550154972604
149299594,0.01100896122983955,1.5811400202937265,32.072566572777994,1.84387294054056
149300392,0.01390705902329796,2.1873679138312148,3.741035919817484,0.6628079363507153
149300397,0.013830756580752949,2.2063269359206075,6.158523791616892,1.0604464986677515
149299894,0.013018834419447489,1.2408064453607996,8.17019479115259,0.32711660790308067
149299895,0.013905675464906562,1.090883982698417,1.888491296630923,0.20911908740124036
149308782,0.018557977759463,2.2798773352095534,11.611606872048647,5.630838411234887
149308783,0.019874100633263912,2.379894148300138,11.725516740447725,8.783634953832921
149308789,0.01841138906842908,1.9760880726145469,19.12578932642436,9.323145451962771
149298936,0.010605090608240534,1.8721725547452697,10.82026638058172,3.1187019087717736
149298937,0.010375848995947594,1.8632975128407903,11.452005209957033,3.326952505124144
149292919,0.011952742896985988,2.041095538515555,4.595725797658979,2.8520163569765646
149293155,0.02175786576635141,2.0474524347872096,3.8682751737994105,0.8619404163686042
149293156,0.020135439628391434,1.8750540130887612,5.099768862378692,1.7078076395469943
149293157,0.02355140428232377,2.006640547993175,4.706267580931787,1.906193771578439
149293158,0.018522095057778125,1.6304198446405296,2.755022212872561,0.4408491543268925
149293160,0.0233499362097906,2.082005164137845,3.774771134411821,1.604755864396953
149293161,0.021601539469112554,2.0267082565452985,3.6724225964181003,2.136014538891915
149293163,0.01999915787509775,1.4669012349873276,3.867780160994771,1.3641972359368992
149293164,0.02089258897359897,2.124790213078284,7.56589526003073,1.2882930740977478
149298215,0.015783946838937156,2.2933448062319286,5.116719323492763,0.8971430097516995
149308423,0.014266832841910205,1.9235007937808284,13.817525113293017,1.9732450917088076
149308424,0.012111433885156026,1.803158657261314,14.739351207719741,3.15579926668309
149308425,0.014046034256564779,1.9579328811992343,17.809846767191264,2.6039487702462827
149308426,0.01349933118241796,2.0791070884471345,10.838150733993574,2.736573905172912
149308427,0.012642989400873477,1.8042054069124616,15.395688887111337,1.5072327776249075
149308428,0.01457058674551426,1.92882903774596,10.121432763971582,2.668862633087407
149308429,0.014636923508559406,1.7988105637554153,10.66562895006903,1.5965411416843844
149308430,0.012696690206603783,1.8600242981143555,9.97787733216829,2.9390428511713083
149308431,0.01429997369107094,2.020921520335518,15.7504106087613,3.8247883004845558
149308432,0.014185395332723087,1.7172019985476044,14.45105719352421,7.250638566414682
149307741,0.024079948524189758,2.5857825393844536,13.269033490226022,7.20961826368032
149307743,0.023713878426772646,2.1603629926927526,5.347037650170428,1.7134315968775495
149307744,0.02512668497205488,2.462955373529426,10.625197081174836,3.547343927093147
149306623,0.015131125016777814,2.550909451976338,9.699804644891815,4.852203162652301
149306624,0.015029075219108753,2.261873343505146,6.172381146483857,4.602949505746244
149306626,0.01782131022266991,2.0490873075595135,7.762099242836472,1.8850723521708364
149306627,0.018429762305972756,2.1042551771600784,9.127140576941722,4.194286716507917
149306628,0.014882019374862195,2.620413397470428,25.982104433305548,5.620924298632315
149306629,0.013418281742369288,2.6991958826577025,36.53423108240558,7.830321725649258
149306914,0.013663387570041437,2.5647251272956075,8.470977643107746,2.2371255374167847
149306915,0.013606338180403655,2.4474849847603193,3.0876607467191097,1.924344906292641
149306916,0.014078300379276211,2.643576057006214,5.734440290766081,2.7934681567728337
149306918,0.013709670243487368,2.571168114275004,6.415200884166234,2.3503513766092903
149306919,0.014374364396391087,2.5706589752607143,5.992598273032404,1.9335109550311687
149306920,0.01425227658175425,2.469262695717821,5.955384793120537,2.035080824431301
149306921,0.013993480996111595,2.597235754990619,5.053863494890239,2.9400486896659004
149306922,0.013923916383201302,2.679470025748986,8.294614933452088,2.153954070328239
149306923,0.01393514842995379,2.59975479916693,5.756013812791994,2.979507495077484
149309123,0.014775815111768016,1.6787736826384054,10.785207618252462,1.5801565022609638
149309124,0.013363156191085872,1.9614418591569465,7.8934857453850835,0.6244769321525534
149309125,0.014483133979973363,1.54169218560339,10.560221235059192,0.8920663591861695
149309126,0.01548829991104096,1.8762648865764322,13.214538594888024,1.4918154020753545
149309127,0.016532593297559846,1.6810062286240084,23.10717858443479,0.9463116217624812
149309128,0.014963578001032804,1.751417983805646,10.399506205648708,1.1943199404311893
149309129,0.013917211142834425,1.6802469723515867,15.39168278285826,1.2311079516819228
149309130,0.01293260042897722,1.9064659807053268,9.696709209423986,1.335868447783551
149309131,0.015133982352652668,1.9601980748120593,8.4215502406931,2.394763108917738
149309132,0.0138772386003149,1.7767665281014253,9.445869236835703,1.392864971875655
149308526,0.031412333055198804,2.21533748953376,12.382122308740783,1.1722950159944951
149308528,0.030622530571842017,2.0278868322522254,20.41924244742782,1.0314574877295275
149308529,0.030596261696482607,2.095008641543066,19.88990224255283,1.0981853512162238
149308531,0.03110212897535394,2.333305589310335,19.41873392934989,1.0914185431068375
149308532,0.031431259386135856,2.15492001037903,14.68999247211788,2.3493635343985964
149308534,0.03152934094068608,2.1051114265007644,14.40672851922707,1.8000516242509697
149308749,0.030926181841886512,2.1300085340628785,13.291315168968378,1.120936523997867
149308750,0.03122457605466061,2.1482843377929655,13.87646833371966,1.1010368589998403
149308751,0.031103004463363875,2.234021554963859,11.525304997125604,1.0881425147980683
149307485,0.01772344411495457,1.7208670490343185,6.969774468730863,0.959843286478935
149307486,0.019581565658640398,2.055940384554591,5.0458200318251825,0.7504214553911133
149307489,0.01768009643251574,1.7585156776417332,8.587249115997238,0.8938369719184731
149307490,0.019126849401085017,2.1215589698204087,11.533474992023665,0.9374255824806964
149307491,0.019548828773179646,2.0524882986885324,4.5113932110579995,0.7816833842049246
149307492,0.019304007170594363,1.924514638376622,5.592985219385648,0.960141899357877
149307493,0.01789032038418638,1.6634774795181169,18.285553189486457,4.595681479772405
149307494,0.017809891006522197,1.6580693435993514,17.873057025629997,4.405422115619157
149308746,0.01659081366205063,1.7295780266886487,8.308588690647813,0.4883517253958941
149308747,0.01149513713022421,2.076595632297988,10.171585938260597,0.6178836891727724
149308748,0.01201006630902388,1.781965151448804,3.7184141466999265,0.8811781616176071
149299562,0.017517984688882413,2.9854073747929264,9.367759885194943,1.9938518421416656
149299563,0.0134719902124153,3.26003270541855,17.818712470226522,1.8736124197696842
149299565,0.014365523869217684,3.065164851444622,23.944105382256367,1.9153430442351156
149299568,0.013091457801626176,2.9607739422021386,9.000930897901569,1.2470208849662725
149299569,0.015749429474947417,3.2273280839430334,11.578632972248247,2.082543052240809
149299571,0.01591355036944428,2.980114378212935,9.663924873099196,1.9407153797411882
149306648,0.017161999081815475,1.4810729415000843,2.0502885900909305,1.1926319335860172
149306649,0.01688366756406088,1.5607594663103908,2.2653842311616956,1.1345459427895805
149306650,0.017459903180719313,1.4756860170708455,2.2398154372898214,1.239622655211162
149306651,0.017256225007871058,1.5086716736691994,2.3580547969855967,1.2297997681688544
149308327,0.021440286624137165,1.4613166034001233,16.620372900317907,0.03853919966914159
149308328,0.02029674038384757,1.5878470961672264,7.062946207607431,1.8719963835698994
149308330,0.02167834125801265,1.4895759686170096,11.153361222738377,2.7897269028751785
149308331,0.020172549933895986,1.4859986957861695,8.654267462790592,0.19064470396973426
149308332,0.020953298819394277,1.4490401641220263,13.469089080160714,2.573910795466468
149308334,0.020847134822530422,1.359006148147251,13.077004359586809,2.6258700533237835
149308604,0.01434402346098699,2.031598427505194,8.13184096801719,2.9252796817975844
149308622,0.013711499656881126,2.097136021517031,8.095813604555845,4.576696358638311
149308623,0.012923072385292951,2.5611840572040268,10.11366669180672,7.161359864712639
149308627,0.014163364818837761,2.13743994077779,5.559313164228828,4.750354940671258
149308660,0.014595689617709483,2.0771239266271744,6.033286443627451,3.386800980945729
149308661,0.013654219802492836,2.028625239436909,5.176620791717251,4.063092807999925
149308662,0.014056397661818324,1.9731374704197409,5.831776722156491,3.763530386693404
149294092,0.014785734050013639,2.554758741581106,8.001028042125942,1.3227189071073608
149294093,0.014807919658805152,2.5288748578688365,8.628938633642173,1.3352838979659754
149294094,0.014728455663325165,2.5543030580490496,8.110864151462584,1.201958578776514
149294095,0.014809012172426233,2.529183215835789,8.44505657527198,1.4443951181612387
149294096,0.015359460337719266,2.4693086171322016,3.7682826566641014,2.5975723656606604
149294097,0.015315066209580482,2.4590086027379803,3.7496193956438755,2.609861964739383
149294098,0.015366236659879006,2.1542411451361194,9.35950671702082,1.8395105707357575
149294099,0.015606161346362814,2.1385684113174217,10.83998505657227,2.046687597343761
149294100,0.01556813336448679,2.1338290132178988,10.31998933384398,2.0561000006907846
149294101,0.015601672559005776,2.1474607992873946,11.00098264860028,1.969802328833024
149294128,0.009985688207439015,1.8505632432023476,4.5143688796702115,1.7689668048693805
149294129,0.011760087480132707,1.4450337413830294,3.815675146480011,0.41725650240297896
149294130,0.011871451190664276,1.6462678641470294,9.656185837370876,1.581577487696934
149294131,0.010723034470937852,1.7148236954563205,3.9812172149622795,0.6400144732880018
149294132,0.009571995539393065,1.8444696455102987,11.48927888017917,3.9391721635193133
149294133,0.009693022446716515,1.5780310451182586,5.009001519077883,0.6824950427937871
149294134,0.013272654845361652,2.101807390416323,3.8377383742324467,1.0128854315679476
149294136,0.011282986488771048,1.445889657326898,4.140911725314701,0.8486858123474137
149294137,0.009822419430378575,1.819527715531722,3.7610319998339548,0.3349352831068787
149293323,0.011684105018286817,2.016021321532305,6.380953013473558,2.9333328080037004
149293324,0.013735804316322563,1.8344746634837288,8.365157098693079,1.4018470601420452
149293325,0.013349677560705507,1.7050056865389107,7.8912787451768205,1.1457037122897697
149293326,0.01366403745930171,2.097325835770274,11.098246588500814,3.2534451498960033
149293327,0.012391107219361258,1.7610721964948257,9.954687115152574,1.751472462381696
149293328,0.012726468616577741,1.605911941585738,3.056832560679137,1.5034262161834997
149293329,0.01127857149660504,1.781085478978095,8.114678570542777,2.1147120785908973
149293330,0.0115587093178559,1.8469887150810913,4.033630006673744,1.4954238051608222
149293331,0.01357726772549328,1.6630293788362902,9.575289891456476,1.2834948457088866
149293332,0.014782160589950768,1.9768072572821946,5.3209669940829025,1.6290316330859684
149299324,0.007713062402811802,1.3405950103677038,22.760011655227927,
149299325,0.007521706687061982,1.34505394031657,24.04647539039552,
149299326,0.007515041929116275,1.3337731618080055,23.725794304241457,
149299327,0.007653097616811317,1.2489939410310227,19.516420572410812,
149300588,0.010877892576272705,1.835488432371968,6.4677475858761815,3.216963467095532
149300589,0.011395175574895609,2.0064285810892653,3.0400794000634397,0.5104105106915875
149300590,0.011313188061116258,1.9947299824682192,3.196883535482165,0.4503003468417891
149300592,0.010818468233671776,2.028627523519324,9.21777583374243,1.6290370047933849
149300593,0.01142508752271995,1.9326821257569389,7.870357240669795,3.3856956716434596
149300594,0.011315894613489001,2.0026674875260864,3.2685760111520867,0.4647469749527138
149300595,0.01077698758303389,2.1251242866631435,5.31869573174356,0.6253561852821414
149300596,0.011647630269629498,1.9185530671200228,3.3234454507362328,0.9611248398200595
149300597,0.011740137752050987,1.9263029975464379,6.58833430076467,0.9923118283144955
149298068,0.01753552470162967,1.8866586862888082,10.774936583284708,1.341504812439288
149298069,0.018871493329824646,2.0470336854489917,8.869870894840961,4.12883519524916
149298070,0.017833300532593455,2.040982565988049,7.047866777210603,1.8230039525590438
149298071,0.01882514920970663,2.0664772093232697,10.12128584321158,5.552459560763301
149298072,0.017602090564670055,1.9275775363366312,11.750113860133869,1.478443312849683
149298073,0.018439649084313527,2.14151551227167,15.43395803512428,5.288343887604622
149298074,0.017529682790986656,1.9146308483250913,7.674524388426347,1.2792376972237405
149298075,0.018739257971900902,2.11134312066934,6.147371859618031,2.3342353283239246
149298076,0.018382408046444632,2.017512139159011,3.942275701395922,2.5495245746800435
149298077,0.018238102097763564,2.004259011169276,19.144926627989605,12.649916820273813
149294013,0.010379135153293993,1.9632089801405719,7.44383172280618,8.19976499573663
149294014,0.010839914018994798,1.9296240157524693,5.8018777996295725,8.940619267902877
149294016,0.010188626797197745,1.7806757611340267,4.433976467129079,7.7326103051159
149294017,0.009756312653621074,2.0439831249119833,6.410142806064381,8.325870650639244
149294019,0.010359625811560866,2.1831448711818284,4.797611713549592,7.988351125761157
149294020,0.010704983386020186,1.982694545217253,7.60819082707169,14.407344211859684
149292337,0.01387742098459345,2.32971734190938,6.668332820516687,1.3341965611044946
149292338,0.014125250512316705,2.3922787324581205,10.0805068910668,1.4689307699337588
149292339,0.013329391589309098,1.7630299095598132,8.274855388916164,2.984010573227826
149292340,0.011332550628738253,2.042339165014973,5.823526942759747,1.9976275731331188
149292341,0.010956468439359242,2.195371194126605,5.457683265120994,1.7049201333882473
149292342,0.010847322308048767,2.247378620394769,6.288193859405772,1.4871880398679829
149292343,0.01203308533617059,1.7488211493445036,4.369620404187467,1.5811134866789938
149292344,0.01397937249832185,2.3236906249743976,5.786129530474528,1.3395977055289991
149292345,0.011660020910291955,1.6401675503173203,4.536773176035562,1.1858227547599354
149292455,0.015414946836663104,2.403186746253726,5.334510705516317,1.4913980657029438
149292456,0.015337911490765944,2.414348889670577,7.028793673642646,1.3881849705124165
149292457,0.014922824941329207,1.9042867063310422,7.202459408303375,2.952423741717658
149292458,0.013497551936414935,2.1557951207101853,5.137574438977396,1.6095943248365236
149292459,0.012873002420887604,2.279535086943666,4.691764543633676,1.822009035554539
149292460,0.012804786771620594,2.3307377927857735,6.092986490792688,1.7014739124445986
149292462,0.015717168503763132,2.335588467462091,11.027670551282958,1.3985822094172824
149292463,0.0152762196455628,2.434593744053272,5.596199733865701,1.3834192293054905
149292464,0.015448539759917241,2.2882319825649478,10.305339058189634,1.652051259676825
149308372,0.012021152066679525,2.026040995129425,6.498413575251857,7.030545010487753
149308374,0.013691782418784071,2.1489509022217215,15.114555026743254,9.611877642051665
149308376,0.011340906133892896,1.9639169967907453,10.172143648800773,6.7722591607682405
149308378,0.011369393944811344,1.849945202357533,10.700233111225748,3.4281732036660277
149308379,0.010773562535396734,2.1438483286743626,7.199749627230687,4.634597012950594
149308380,0.01032904691847232,2.009033100307269,11.104219291731797,9.08599216494654
149308381,0.010674156126559118,2.0928459557277646,4.944048402973535,2.6936975181767187
149307426,0.018267792282841352,1.3578794381326191,2.580370112011259,1.5982505785328793
149307427,0.018293689871968447,1.3628173379786463,2.62604713780693,1.660931328438271
149307428,0.016990304485501238,1.3559534060028586,1.6831420874355452,1.6575161972039196
149292665,0.02583462116214015,2.625888124660771,15.655888413630066,4.325941472412481
149292666,0.026674474862968332,2.548168919645949,14.642932712535224,4.071312180013168
149292667,0.025886226417439914,2.6208183164411007,15.650184776871875,4.323824715363425
149292668,0.02670982029819035,2.550122282853252,14.582965219785768,4.086705899199863
149292669,0.02607057938565909,3.0163814995757514,16.376653640097132,6.160182218313275
149292670,0.025980172397663384,2.634009540050208,14.989005917220224,3.3605273751460567
149292671,0.025251357530031993,3.3150041102499603,17.418438372132677,6.9665723112454065
149292672,0.026095141427629424,3.0155120961971025,16.34586276845945,6.10662628741636
149292673,0.025998295137348824,2.6396565115058626,15.123921586017474,3.389022831865495
149292674,0.025250945898095938,3.311661124686994,17.479153052726183,6.888497478431226
149298631,0.024810618309300075,2.0065701439629606,13.546372481070604,8.127311000588692
149298632,0.025693374455804073,2.1139132813541752,15.025786724551905,9.307120917855764
149298634,0.022993405189955782,1.8019371538880642,7.386062616738225,9.589834245031545
149298635,0.023575883211526916,1.807980671868682,6.7055407878931765,9.361513388738862
149298636,0.025154980335358113,2.0796637879870983,24.82402164794499,12.691999368254384
149298637,0.022840211110539,1.8027292714914704,6.381309433957063,9.182771715699028
149298638,0.02329417072680881,2.067741262670761,20.783963844496736,9.975200446726342
149298640,0.02532283028664095,2.1629028834344814,10.44814786193075,10.508465160403404
149291683,0.009679838632413095,1.1129550206428807,2.4936398202585184,1.5303377867506405
149291684,0.009598651028667254,1.1565238830875648,2.8235846079973133,1.6004925698504846
149300499,0.016298444963962887,1.959739262555334,21.1452464815575,3.794542008662666
149300501,0.01827933722157437,1.8305180874813671,18.93715079617134,4.315917499162416
149300502,0.01667568249305605,1.7569465525274977,16.26684634194676,3.289402803864098
149300503,0.019790400989945008,1.8261376920011954,19.022946889244917,4.421186910931223
149300504,0.018932636590176598,1.8735250074369574,20.796896347944983,6.015191075302165
149300505,0.016709517313987985,1.8434309422455593,18.512629687600874,3.5143719899217736
149300506,0.017030228532776647,1.6488413798214732,18.684868680338287,4.235636250684378
149300507,0.01943101694340081,1.9262370096722663,17.781166930693306,5.057098912669009
149300508,0.01948157752785407,1.9390718008371364,16.776993201495415,5.279390290149176
149292823,0.02665810184672572,1.7698063529372798,4.465689940769069,
149292824,0.027243901422762687,1.7114876112248332,8.141830972448526,
149292825,0.024428284221218326,1.77307987469718,5.642083587909304,
149292826,0.024305452803534328,1.7876898463142248,3.9885283604840436,
149292827,0.02702491092331911,1.718954364961697,8.28879907161103,
149292828,0.027581305744857686,1.5746049170293162,10.24620411239479,
149292829,0.029602080890418138,1.6118893201910829,12.795560407870521,
149292830,0.02941686146026908,1.6058835217284404,12.43408565514407,
149292831,0.025541723963829574,1.7106451249272727,6.932509071462496,
149292832,0.026930420087319586,1.7412332158286314,4.663645564309933,
149293796,0.009614443597342365,1.9093904581298933,8.843054786422176,0.6861585154288297
149293797,0.009552935528255311,1.658918375677734,3.460079405184634,0.6341515472467617
149293798,0.009542746683597456,1.9043143262961335,8.795833410287484,0.6858455385323263
149293799,0.010573084979265719,1.4610045729695067,10.343820797897411,0.30264129099385484
149293801,0.00865658383674813,1.6761793228200281,2.263735252576174,0.37178096760332546
149293802,0.010273250894640098,1.4468452909011171,4.1914363104208725,0.4454191690725256
149293803,0.010269301715555861,1.4435552252827795,3.9817083176672248,0.452233872006798
149293805,0.010618526667965445,1.4583420170113484,10.142864188128835,0.29684589775246595
149299184,0.017824485120967876,1.729872878638949,0.019774215715786317,0.008051980478691627
149293440,0.01391457797206363,1.833384418439771,3.6293060687860255,0.4902147330279487
149293441,0.014274401492708573,1.8447443121313005,2.1167567879295253,0.8109291056001273
149293442,0.013596209857909403,1.7635228095976136,1.6588526589205017,0.35500807670363355
149293444,0.014885063890580143,1.6146700406724703,5.5961996799578575,0.5250036406418059
149293445,0.014593482933154652,1.9661023786435918,5.928586216334248,0.722056775099146
149293446,0.013925694097090578,1.828239816765326,3.6633288728535276,0.50057446507077
149293447,0.014279282784961225,1.8326471680806011,22.09457603279195,0.9277407732022644
149293448,0.014248461393458738,1.8002248156616087,3.1564142001730873,0.44172087696161216
149293449,0.013908577600412336,1.7975647335382248,21.184475638663432,0.9233585860417941
149299222,0.01295086920411723,1.5951751160582859,26.777529452342126,0.7707618690212873
149299223,0.01303813673728921,1.573307987997236,26.612191754093647,0.7886366739602924
149299918,0.012497684320717087,1.9795713716632197,29.20432648262405,0.9227293983410491
149299920,0.012579768260530488,1.9773024031504105,29.154420681875024,0.953633448595069
149306977,0.014389632526770106,2.225816912045671,15.521997044519214,0.7992042615899321
149306978,0.01482683226682455,2.368070146068433,11.703217346151005,0.9344684363704077
149306979,0.014563340631238689,2.315697483617421,20.487520934580758,0.6398664406541831
149306981,0.015421030865294736,2.1937777634809987,17.736845885348373,0.6691538362710984
149306982,0.015021256538854518,2.3133206141869715,20.19712474792511,0.8738965534119905
149300613,0.010850323511168084,2.307849325167171,0.004823421646397349,0.0007976226653311086
149300614,0.010742560591381825,2.2911686207255184,0.00988365556983345,0.0021322203672225815
149297818,0.02322935463618434,2.564766047505358,0.5458928528614148,0.001341043098243474
149297819,0.02269718441222223,2.5682227670382116,0.55901335927926,0.0013917288790284248
149297820,0.022329974045153692,2.5229484197324235,0.4940116089171741,0.009549071720327292
149293826,0.013301497853026274,2.025893739932984,7.5783222116512725,0.48932558838457657
149293827,0.01280996241880723,1.9284913627898392,4.1424397521337255,0.695984611457072
149293828,0.012909174192383892,1.7102992699105826,5.581737480611904,0.7208822223016793
149293829,0.013343695206518258,2.0122317760951196,7.606403338291619,0.5160078878436621
149293830,0.013654448718666203,1.8340840321558656,4.324232439862707,0.43845959480085045
149293831,0.012930605381669708,1.722339169508742,5.515661278861689,0.6975755931010919
149293832,0.01353304091754487,1.723743436429066,2.758507408830819,0.4590027132830985
149293833,0.013667041825654765,2.140517970166543,4.426880196391294,0.5810311142719081
149293834,0.013514390715621655,1.7225761602007872,2.876494515328764,0.452971590897473
149293835,0.013616352424318457,1.8670892143339555,4.692156971550707,0.4805591033731272
149298367,0.022015801218039577,2.5110063844014343,16.454089065198655,5.0946132217492375
149298369,0.02356761808912541,2.2380812524222535,16.547813367172072,3.792995871202548
149298371,0.027797198938271893,3.3502883288069607,0.13554687078577168,0.08605482561412305
149298376,0.02202718734217595,2.501727628548525,15.644579057995626,5.040250331216819
149298919,0.011199535649408798,2.0240612039654073,16.23195278287735,2.890507603937442
149298920,0.011021305126211061,2.034161758872467,15.637617819022397,2.7771959069729037
149298921,0.011092374699419828,1.9929496544578011,17.927914120980326,3.0197790829424305
149298924,0.01052446782382429,2.0306610506924536,17.34919783058401,2.9276436600505646
149298925,0.009322303673726136,2.2192596363116537,1.6246177780346287,0.7908803085685722
149298927,0.009302599881936085,2.171203731847802,1.6783821063781843,0.8707640813109572
149298928,0.011001856418512503,2.035439571734489,15.979690798530454,2.868854825634498
149298867,0.019253190705896435,2.7727580207949,15.808355462294342,9.545602325786795
149298867,0.018936777910529428,2.9460298632048993,38.1313448561577,10.43634122143066
149298868,0.019241046827277036,3.004053133571623,57.53244244642668,9.515053950703571
149298868,0.019312159838161376,2.879489237974814,60.442753955038356,4.842988170564779
149298869,0.019650355648902152,2.4580377637614057,68.8241356596881,12.198912073154677
149298869,0.018129666469607852,2.853417155794216,16.821168089632984,5.408556265241735
149298870,0.018077800074061887,3.0018422062313093,66.96890673090759,8.795310642176158
149298870,0.019257462430104715,3.1873286371936698,67.74155195364234,10.67301510758882
149306889,0.009604509397903567,1.0769117291322157,0.41036413041364217,0.25649240484655805
149299218,0.013487690919819434,1.6239066553282346,30.09691692837506,0.0013075158769147144
149299219,0.013401514600319636,1.6824509151368159,30.05288818962689,0.0008208661606713676
149298048,0.01469775666375994,2.4996411059231463,6.7567655686993735,3.9653278949721877
149298051,0.014729386070828921,2.5166011818522187,6.476368303928841,3.2047911736740935
149298052,0.015363727900018023,2.865951612329256,6.8584076658960225,3.104302266297512
149298053,0.015376045557953667,2.840375972439861,5.752395334851765,2.3831849532734832
149298054,0.015415705253533666,2.8469899694686847,6.829164625537007,2.6368588319881456
149298055,0.015454375030043597,2.8535045575571525,8.262733597932279,2.8414467908553838
149298056,0.015252118671697934,2.515062126189083,15.307684881482288,9.27291545326116
149298057,0.015247643213144178,2.510704174929603,15.686191414149883,9.7488655837366
149298118,0.011678529690284784,1.6765638984277653,10.080557549143917,0.6335734767501896
149298121,0.00943186158868873,1.9638595133717687,8.167185730602506,0.9698702406844922
149298122,0.010526281644928906,1.7995600849767623,1.2579948784975343,0.7536325139226092
149298123,0.009724523233072272,1.833193459367887,2.254168025006172,0.5579860683906235
149292132,0.01248439436576053,2.1069990312500013,7.953808446542199,0.5688484264765328
149292133,0.011968211173820069,2.4596917594040284,11.165765061221292,0.339810987157975
149292134,0.012693013932291945,2.299451286511865,5.844695207973874,0.2560201643180478
149292135,0.012495068680777205,2.111978799037116,11.524501130862342,0.5500495061490156
149292136,0.011787217232775048,2.4476524624442266,10.407131937690385,0.3206112632862442
149292137,0.012435022703794789,2.290901928440056,6.279584190873048,0.308159074537327
149292138,0.012433789696717538,2.2082836185116554,4.61430196172343,0.321645836390112
149292139,0.012539032903619858,2.150296803616825,3.962386196744543,0.352486992673863
149292140,0.012485002392866073,2.2065701704676672,4.464969376518258,0.31623721186632603
149292141,0.012519952537049683,2.152842624129302,4.050408256897786,0.3752344751170793
149298238,0.02329691936841738,3.7087879223139053,7.500134487829634,4.413087390802794
149298239,0.024199385596727983,3.7865395587771506,6.493113268541865,4.419173201852457
149299493,0.024103524919998703,2.7077075637684334,3.039205982435147,1.6445979162149449
149299494,0.022715429164096503,2.7913616613112566,3.5900279503773986,2.5790763627189093
149299495,0.023816746171281447,2.4414944918934123,9.000543635880543,10.058425885844496
149299496,0.02411039796082369,2.4606020903077748,4.195211990262312,1.959372487890517
149299497,0.023941306143054168,3.322081864412329,18.306165110969832,11.045725582050846
149299499,0.023457934116565014,2.7727662314223798,25.452254976808426,1.362613085520192
149299055,0.015063198102624393,3.5207351590804437,6.583872953707134,4.294948937468776
149299056,0.014953379501525465,3.528370176486864,6.762837912518238,4.362468513530543
149299058,0.01498364865739051,3.507015701680893,6.646638390966362,4.242167272519001
149308564,0.011536712392756613,1.2604474999346615,1.0230231721044496,0.2303526068753569
149308565,0.011885581030919277,1.130280656902823,1.1682947270555135,0.28372511507359743
149293219,0.012438939383865262,2.0241924102721796,2.8347327533644027,0.14317854566104674
149293220,0.012182689437104257,2.0380138896802094,2.990002590229703,0.1295652742002001
149293222,0.012175671008343337,2.0394031089589224,3.0146544605869074,0.13000472696628737
149293223,0.012430913540359887,2.0176015133690015,2.8667553037614577,0.14351728361148544
149293226,0.01158586533776391,2.269227466178188,4.7125783163643264,0.45588510648042807
149293228,0.011481382771751189,2.1805863997262835,4.439250389243034,0.35017598941800915
149309050,0.015202056729252462,2.164206957372166,10.056230402849405,3.7280523696214116
149309051,0.015181823234727337,2.101521611314155,9.09969815705332,3.126408968736624
149309052,0.015471273793456152,2.1566988786575747,10.565935030703525,3.5695283357359955
149309053,0.015547647412567896,2.1717785889426504,10.458325746776067,3.3465058412745687
149309055,0.01808214054628361,1.9020625986964614,6.722468565139115,2.871425931255255
149309056,0.018171404025259418,1.9977451606850725,7.281788115922585,3.3676752431821475
149309057,0.0182411846183031,1.8979339260721224,6.566502509936529,2.7588048306278807
149308504,0.01868605040684978,2.601760519708088,14.549737883916805,3.6054970045791648
149308505,0.01853585732521214,2.6034927481900967,14.613576384992884,3.419862364438879
149308506,0.01857173486330108,2.595702230584049,14.736259548290587,3.6560828884298426
149308507,0.02206807419424948,2.589642639892699,12.848654194152937,2.4887179625062226
149308508,0.022013875743334747,2.584279831231356,13.091386337924748,2.499694612599973
149308509,0.022158276653746267,2.514675701645874,13.636207876283152,3.6346498908336633
149308510,0.020588221000523235,2.6013784968963094,15.696752280677712,3.718018198979441
149308511,0.020509965314248653,2.6388480486489394,15.695701060062246,3.822539284246081
149308512,0.021817474026792915,2.6443178261485696,13.87989523032681,2.92311132349952
149308513,0.02026795309463415,2.5970272433626413,13.925320387704803,3.1777025731153117
149300546,0.012446155903150758,2.04009431171478,19.163869255072733,3.064128263540106
149292606,0.021503807199606224,3.1122798890208614,15.948000633322971,2.524921884255285
149292607,0.018696410540302584,2.446658111659954,13.303566352431075,2.156296182246811
149292608,0.021454308983767604,3.0532115010520413,11.43344426461037,2.4546790743432836
149292609,0.01744277727337728,2.2958430302026556,3.7071008546340565,1.0941410594157988
149292610,0.017108119234409313,2.6482926713283326,10.439723575473938,2.3152432357353656
149292611,0.017499259161340576,2.46847762734276,12.467488527561475,2.1074214742781345
149292613,0.017228043019566437,2.662456086600282,12.211228006356015,2.382233701279175
149292614,0.017054532697022118,2.362299021466724,7.123039753554461,3.4774773617817973
149292615,0.0214765263790084,3.1810488992316026,9.07833071547508,2.6848103541184587
149293303,0.0180320823348791,2.6124788802991077,7.701038879475734,0.8656856292276853
149293304,0.01809248644648552,2.6022654147068267,7.263146207652929,0.8723677699515826
149293305,0.017451059964217763,2.7040415208228867,9.331686721482596,1.001470706668953
149293306,0.017386131499709963,2.6898705131836116,8.819407570941355,0.9481140882866478
149293307,0.016341387414197394,2.3910351090209727,5.643289908291635,1.9616231931531487
149293308,0.016559670381046398,2.3802771950225448,6.357559623664222,3.076832999422768
149293309,0.018300971477537245,2.1381957163200584,5.7173860219464885,0.7418996634749256
149293310,0.018001314425929085,2.271132198376047,18.805419629997044,3.0921730074817084
149293311,0.01872045563951976,2.2875727575384475,12.263088653713037,1.7063886743386547
149293312,0.01824836247358015,2.1875674935700657,6.003844746166835,1.1850108143169449
149291436,0.008767786612375077,1.4545949105850304,4.33756347825996,1.3159858306508223
149291437,0.008965503328255468,1.4230721813222296,2.965509509307074,1.3187519761564144
149291438,0.009308761358548317,1.564462769010498,5.3203912785090175,1.4150862689377879
149307776,0.013536279015526476,1.893562379564521,6.267412553930085,2.231064786368781
149307777,0.014153525127712145,1.8802553415456547,3.5484528031636904,1.9740078227007303
149307778,0.014687920246500834,2.037540400514531,11.383609254732711,1.976697044697802
149307779,0.014670445002536019,2.0367019019161154,11.15667502551129,1.98805028451821
149307780,0.0119142666408602,2.029869774675168,5.762740735041769,2.648601099014911
149307781,0.011878863696796848,2.0476199508546897,5.595861149733654,2.785207137514222
149307782,0.013126178425329729,1.8602613484653838,5.295745452063814,2.28291986569496
149307783,0.012183679335267898,1.9938560082303234,5.931935827313221,3.270403158813974
149307784,0.01502130166638586,2.0328214358072967,4.529938841226065,1.4057392823072605
149307785,0.013307236344263352,1.854537403044828,10.134003384976713,2.4817567417388107
149293259,0.025980939200396205,2.304899696768625,3.2371757697805146,0.47416729985810974
149293260,0.02547405400517136,2.424105587361643,8.619170849884837,0.5081626071023012
149293261,0.024908654103663684,2.4319343042424224,5.012602859434871,0.8193395869354043
149293262,0.024824738514073453,2.4300761265125437,4.939471681700607,0.7943563118977872
149293263,0.02664824868134374,2.3676292400281485,4.170940825289483,0.7058875595562938
149293264,0.025612170885025275,2.612027000894256,3.844417687569323,0.6819591934307672
149293265,0.025679031427914525,2.1637201387795266,2.6079935777813366,0.6783121311479594
149293266,0.025123275065259874,2.2791721473217477,7.681722969702791,0.40155054045791644
149293267,0.02622376347760858,2.413127332559322,4.268614553769506,0.704424711877086
149293268,0.02625989140693542,2.181137143503221,3.1258116189003484,0.6563848885018354
149308796,0.019775670842380074,1.774903779960863,3.817916900067911,1.5644136991266115
149308797,0.021017852311845,1.9277361146893273,4.151979380059009,0.8545459077609292
149308798,0.022222711258369502,1.7354011461404557,3.441661637035254,1.4198197817262634
149308799,0.02311473888992271,1.7377987656907066,4.123038944414518,0.65510528959214
149308800,0.02084494215665063,1.766890394523127,3.912698396254321,1.4123852385158062
149308801,0.02263743422917375,1.915722542791507,3.2157752348314226,1.1867015988908312
149308802,0.02074042050030548,2.058890875669642,3.854217301327338,1.2680964765569227
149308803,0.02153706897478564,1.75845429291056,5.3534247622516355,0.9047610685706824
149308804,0.025120777851953408,1.7816312358730988,8.114384479888797,0.3988422184620935
149308805,0.022704250058645,1.9211881847866017,3.316197568307226,1.2158749270959857
149309468,0.012640743823290354,2.258454494810115,22.894043400189318,2.1147187458386867
149309469,0.011029781146982397,2.279656209487271,8.0496910008526,5.312549037469626
149309470,0.012882275054296307,2.3698537586169186,5.583562224258111,1.3551774061945392
149309471,0.012669374666559017,2.49852082905735,18.066228114812475,4.36336507542661
149309472,0.012760306367394258,2.2878533047946696,11.88796416066716,0.9932489301536421
149309474,0.012035837629015458,2.1870651900914257,6.019479342257383,1.2851844880674073
149309475,0.013441101898603649,2.3737974692265684,4.89934197829891,1.2302479726145519
149309476,0.012095794607030173,2.2171013255815804,4.930607331484284,2.0703465736646325
149309477,0.012022722483165025,1.9378246615683234,3.5049186054827848,1.5003555729509013
149308637,0.020320894539509013,1.7191140479095435,4.915761921704894,2.5858225163475166
149298621,0.01772085882580038,2.079233292423346,21.169464236938,7.114000485766313
149298622,0.018067257595764833,2.028006096795838,16.647900474008388,5.630309367001021
149298623,0.017736626407565348,2.265148806376816,31.7082045972906,10.265220742179903
149298627,0.01686628227336971,2.284803115503414,21.832329705662428,10.329849670554125
149298628,0.01846925774115953,2.1182291607515538,25.94810436039566,8.387643762903604
149298629,0.017484490592379706,1.875732815275336,7.958452676748401,4.505770221249624
149299626,0.011399664090564948,1.1096399601991682,1.230712577760129,1.0139729879645392
149299627,0.011006048623390588,1.019752380630569,1.0274152051774323,0.5109908428288215
149299628,0.011008234524262342,1.022590760204757,1.0308764994552404,0.5481077564889857
149297566,0.015415261381501639,2.605955214502152,8.129206955768868,6.719749053553233
149297567,0.013903657089644627,2.4467574918882784,12.105866437227741,7.092463063966039
149299936,0.010896511138299118,1.8868849227123834,7.477955686924254,1.9550866112404819
149299937,0.010233525654971841,1.930508617457351,7.832890349401292,1.771633210376127
149299938,0.0106050480507378,1.86212122716852,3.3103007612565163,1.871233120724654
149299939,0.01211190500974764,2.069344593518914,6.284232861265164,1.2633190180185685
149299943,0.010181844219300783,2.0671979455323592,6.8678416846203545,1.215209350684839
149299944,0.010673195865601939,1.968577174229056,7.710148018898833,1.372816798868296
149299945,0.011613818769102967,1.9480934630091118,3.3057276057553624,0.990077826282376
149298357,0.014688856173198189,1.9983295233521432,4.154275669975298,3.0941667932668624
149298358,0.013862700200517492,2.0853054575258314,26.866927926533204,3.5852858552857123
149298359,0.013893546730076813,2.3274745890230117,12.231942673879068,6.335734176312293
149298360,0.012880182515108553,2.106658385837003,36.05128021028643,6.35993266040817
149298361,0.013630708548840397,2.005974773730515,31.71671399915647,4.28440134966616
149298362,0.015289319425422032,2.1676300812136997,6.732519909783156,4.452977859420901
149298363,0.013624040727133873,2.1725537713439214,11.016236264790574,2.2371834335884464
149298364,0.013895277167079539,2.364279236375482,11.74786520547384,6.194172901931755
149298365,0.015159786848798639,2.0338254926637953,8.208610817799503,2.040740847734302
149298366,0.015536130455695879,1.96363921967382,7.251265979194141,2.5102215539809283
149307748,0.024913514016837682,2.4312548755638064,9.159918448631982,2.7993544932867658
149307750,0.022266010396414918,2.1679052120605995,5.7265761740197565,1.7444353365372158
149307752,0.023597564674797785,2.5453550980221453,9.79363321913695,2.698404606365676
149307753,0.023599457731340694,2.1738180344587215,5.167527077488308,1.7752504272244423
149307747,0.022044781672931092,2.6241664421100435,14.199363949527445,2.049769155010633
149308762,0.012175776609588402,1.5609009279320103,7.339982695912083,2.039665484031537
149308763,0.012426438376144353,1.4863184591567533,17.306077484085755,1.646362177268924
149308764,0.011673551337689856,1.4965433671322126,6.175159708855742,2.6544773386367693
149308765,0.011835207533360299,1.4468418321343501,6.924446310414614,1.81402191808258
149308766,0.013981553448132475,1.4335650711542798,3.80241318668038,2.170947781960741
149308767,0.01243973437327929,1.5046087382429985,7.330859747163492,2.7910448499667875
149308768,0.013676107006319055,1.5411835979837771,7.001849172942345,1.9965403840155043
149308769,0.012568833438032617,1.617304169942502,10.189690866317193,1.9455847467402925
149308770,0.011507070934237843,1.4822655715058954,7.844913446715104,2.475538908738905
149307855,0.014646158781148423,2.469751121494129,27.71190235904245,1.62271008821478
149307857,0.01744956005833496,2.623703852114394,12.062358250625444,0.881572321642483
149307859,0.017273479483850548,2.5041993134203198,5.3324037290646515,0.7987709736527445
149307861,0.014411305399312508,2.544280203462012,7.073840693938235,0.9115245369808634
149307862,0.014418947323142549,2.4907532869462057,6.236139317095396,1.0030520482919092
149307863,0.0185655587366926,2.649729933057497,9.609395086747686,1.0432628417365628
149307864,0.014075026746177624,2.4667020244406825,5.303289606808788,0.46420455037686387
149300226,0.016155599331074303,1.8089004831002267,7.582841325181847,5.307406938834048
149300227,0.017223440992755884,1.9926782589134788,15.77191816382948,10.00502574656542
149300228,0.01617393512685252,1.7977623599033514,8.297506739284346,5.217238645295123
149300229,0.016087402180726854,1.85531676296103,8.393422824270523,5.982055618545431
149300230,0.01707706463008832,1.8667870996324287,9.773592268182568,4.4101124894727874
149300231,0.015657138931134008,1.866747545371723,3.9840937562612178,3.146440224516626
149300232,0.01532497856665422,2.113934825856055,12.856330851273647,6.834176390488589
149300233,0.01609280244554975,1.8534880720640141,8.203255170915416,6.066531162670816
149300234,0.016012105374854077,1.8840494794883407,5.759548394717781,3.4206278398082155
149300235,0.017087082909668656,1.8717162239922993,9.90284476035918,4.463262369526656
149297728,0.011458315613471206,1.9758049696051452,3.7541380642626145,1.490437707318303
149293054,0.009764195007043551,1.9174530824356135,4.021980923757431,0.002013697934703364
149299926,0.015509949271630019,2.382927255432756,4.219011407347814,2.4769161038957543
149299927,0.016212816512536598,2.5230955053338557,6.412786791005459,2.15187417598813
149299928,0.014946297346841534,2.566237196344503,5.006273078114887,2.0551010855694174
149299929,0.01616563541992963,2.5698048189634415,5.770259884779279,2.1041672056198273
149299930,0.01602978229996782,2.499278612400176,6.972528879935161,2.0940907656029193
149299931,0.015748923692578447,2.4952349606623905,5.784367606540632,2.2091978803449157
149299932,0.014659538800979343,2.55569169486591,7.3287412048251195,1.9753390522381231
149299933,0.014498570419739787,2.5280907568979565,4.741546577753291,1.9837137494971526
149299935,0.015296822645589923,2.571552404727666,5.918980419800448,1.8719449670284447
149291913,0.012404055272062012,2.2450570089008326,28.315625007031482,1.9886656899533053
149291914,0.012064382340579743,2.185675169580045,6.059365820936877,2.0903408387623945
149291915,0.01229238744540987,2.179455149001871,5.725742391539095,2.1177650808424464
149291916,0.012174561594237434,2.3139355381703064,29.077746630781036,1.904225712787062
149291917,0.009862523555806836,2.0182460027115594,28.78063689072798,1.8016724013783973
149291918,0.009679245766372569,2.0976489661242708,28.584817690854386,1.772899772242079
149291920,0.009737968603154588,2.026926567340462,28.58391433607469,1.7706888576826796
149291921,0.014030137776036677,2.328127201217837,2.6759673087452356,2.020817564269027
149291922,0.013858696508556189,2.325198543044416,2.6585567461749626,2.0186538478459513
149291750,0.010319370809357192,1.9110095395871736,9.29764420216954,1.700549408839284
149291751,0.010018947254692177,1.8325362847531286,9.111722624402946,1.3767057809525043
149291752,0.009423462792362631,1.8867842635732441,13.530140965431391,1.8810384619358285
149291753,0.010317801854039556,1.8543370174882496,12.972412080459923,1.4566432925939783
149291754,0.010671292066036855,1.9297863190291382,13.10804391164235,1.5622344293267671
149291755,0.009871333166343347,1.826488947834606,7.2352533854646035,1.718110453029212
149291756,0.009675799052875474,1.9230621829362737,6.217722212469486,1.5211496314235413
149291757,0.010481682201538983,2.051492928458899,16.959344552667694,1.155419013763373
149291758,0.009486125193001113,1.8995620526124217,19.950374036877683,1.3381458557026193
149291759,0.011190501018958268,1.7612260478985018,6.1115380834118,1.333900368514312
149300548,0.01068381003783001,1.975658993662115,7.801199666202674,2.868163097821183
149300551,0.010744648606243417,1.9827694588273514,7.506049389912956,2.8990108858229964
149300552,0.010889186421311103,2.1734653876656678,9.107119523401048,3.551968364850088
149300553,0.010910576600252431,2.162041669648621,4.33020750761079,3.367439086509743
149300555,0.010401177748918447,2.1854613568721657,3.9195302627594564,2.931571015444615
149300556,0.010382102619726982,2.179454611118835,3.8294391658014173,2.8757046017125343
149300196,0.016700986946712893,1.775774468378338,14.974520524325737,4.741235684053819
149300198,0.014930704491240872,1.8607549046623366,5.0645514475474975,2.8514759773119267
149300200,0.016276537528487255,1.7852383791221391,4.37156753602893,2.964125658982433
149300201,0.01669830795389232,1.7359082166180093,13.77999984194346,3.815600027981082
149300202,0.01599279584435847,1.759851598113973,9.279354705855276,2.968820141996241
149300203,0.01591087186647114,1.88522232284712,13.389426245480111,2.8542261506748132
149300204,0.0161507436165568,1.7259751040437543,10.274902945085937,3.0999339525454306
149300205,0.012920001943702863,1.620141163003609,9.299460686865151,3.1317317786284677
149309305,0.006729224602357702,1.6366544962923815,5.581710372419731,0.7895273370426127
149309306,0.007862802317587132,1.2078859900312666,2.5392511954189687,0.684318753183575
149309307,0.007080847180189936,1.2766569286736305,4.302170717725034,1.0805744605482834
149309308,0.008062099157695218,1.393387046619479,4.0522081809167885,1.4866373595109834
149309309,0.0077690612476387835,1.4264866535823455,4.446956507697664,1.1029635260087822
149309310,0.006847055415559311,1.399003309148534,6.620946375329735,1.0926801492548974
149309312,0.007757451217933167,1.335639267441929,3.718272376920849,1.3925764264577518
149309313,0.006743817745052824,1.1611534079986856,4.04564146665176,1.2169005237219912
149309314,0.007498526618212295,1.115884786088865,2.1443381702412028,0.7109886162445901
149300563,0.018054433873688203,1.6132378700838963,15.380844700296588,13.892505145693267
149300564,0.018397279088980006,1.5986625993903387,13.92355405420483,13.988071232195331
149300565,0.01920820975145106,1.3138938861800658,5.721328762270831,1.8263279606305236
149300566,0.01914583997095755,1.3158399896408421,5.646445549183855,1.7303265443544782
149300567,0.018368044255457985,1.6968250729783667,15.400565718114112,14.648106843660479
149300568,0.01992049283732658,1.535730061567552,7.6804354598903375,1.244396455925141
149300569,0.018383294859824335,1.7202614369384888,15.555827092171587,14.649554898568017
149300571,0.01969871560968978,1.5680454840522202,7.9613188518493345,1.1929488967438693
149300572,0.020206197258757264,1.5358934001464544,7.08470729956991,1.0726238801798913
149298661,0.016639011176187928,2.082899454676412,14.51065245583224,12.348376997203012
149298662,0.016743470960438177,2.009888999827349,15.02584901022653,11.475655569382827
149298663,0.01656478745699419,1.8372417111158517,12.48622783685628,8.99313456316593
149298664,0.0165997319814989,1.867973082531588,12.714534338583709,8.969528275525052
149298665,0.016803248029889854,1.8977492734352188,12.340727802833895,10.425706496359318
149298666,0.016776554172063907,1.8675194595375262,13.024231133810607,10.041767929365223
149298667,0.01601243927265552,1.838577913962445,14.993409793567173,6.564590735402904
149298668,0.016190029918648943,2.08403600024214,19.597903497166588,9.247205451625193
149298670,0.015014492730791614,2.0378513137013448,16.85481961863598,10.229411128889835
149309478,0.020785683445138304,2.353024124505269,3.538987727734392,0.8099949293305424
149309480,0.021568476991629643,2.3056779331598576,7.144271058205472,2.1279048186684792
149309481,0.020987261411026446,2.368101717921414,2.884635779028663,0.681964671783618
149309482,0.02148077687574174,2.2326056632663223,6.459773071407287,3.8895695660541496
149309484,0.021208424496787958,2.3043420554684757,4.53423367222181,2.145813651116093
149309485,0.020893647939422874,2.3917008433438243,5.286742076182143,2.7726983519612296
149309486,0.02100528669548878,2.3550466544206308,2.6335467643277557,1.7474223225009624
149309487,0.02040778519848644,2.2190146122263994,9.390582293097637,5.258781289342221
149292576,0.013021309576255281,1.4471866770748096,4.127604256992967,2.3152427621596217
149292577,0.013046494687361358,1.4339369858887594,4.009888306126453,2.1931050183015035
149292578,0.012873091498404331,1.8279365856178689,6.350979129601594,2.2084793536277365
149292579,0.011600517941765117,1.9823409358682502,10.02397846894306,6.2423268325591525
149292580,0.013131391542227915,1.5927634536750799,7.092194466577224,2.375872328653042
149292581,0.011633225484294392,1.8704945019261046,12.397488123352911,3.928103362507178
149292582,0.011941073607108712,1.709950697925692,4.844958321000695,3.185934801215509
149292583,0.012131876745082724,1.830146870487211,6.716070619430704,3.5535987690910305
149292584,0.01329886134071885,1.6168359060420538,8.400501264505635,2.925423638713204
149292585,0.011876036070363482,1.8261821399746476,8.086507587577822,2.4243492824837265
149297619,0.012150504754991784,1.6189187640456772,8.527389348618806,7.573543916101889
149297621,0.01031281404973915,1.544105887959961,8.667731002356538,3.9242593647728863
149297622,0.011817192626814344,1.580454050630183,7.499761655508998,2.775420653975813
149297623,0.01123516226647146,1.5217168378594894,5.920806333918035,4.169960433370779
149297356,0.012459783303784023,1.5391276314245803,10.039806552833532,5.546754216708137
149297357,0.012060532531509576,1.8790786209009334,19.14501508445867,4.438186721991115
149297358,0.010909226778351731,1.556662711682168,8.099137504956454,2.3346812149618557
149297360,0.012087138244316072,1.5639045854106783,8.17710790786785,10.004805067303549
149307294,0.008898662964537214,1.3801350838742263,1.8398402992156435,1.4686066519985925
149307295,0.00915206921348932,1.4427903057222902,2.3843792032744218,0.646909541946032
149307296,0.009033658961368377,1.3443342677587384,1.872353783953293,0.8661655665730242
149307297,0.009019029493142913,1.3259585062020425,1.947417101452057,0.9269601653990833
149307298,0.00904086313081448,1.3742878750192011,2.194099754544918,1.0013316342011938
149307299,0.009050898597336167,1.296451792257837,2.1276439371152414,0.753738486035973
149307300,0.00912035124306087,1.4189725236813584,2.251360079893216,2.472452127494556
149307301,0.009196288792917017,1.3917967360973305,3.006309016763982,0.595657109649164
149307302,0.00900090950351637,1.3256126386913816,2.264666585786658,0.011363467755717978
149307303,0.0091380717128669,1.3798702635967453,2.038380179672267,2.339778621341797
149293333,0.014048346663921817,2.331504573348134,6.587945115338809,3.744582006697867
149293334,0.014042354609404638,2.6801676980269096,11.395588438488947,4.568873373458078
149293335,0.013705443783925114,2.7737857075017898,12.96011838416439,5.824347770925055
149293336,0.013555822468863684,2.6061177957364405,6.441813399110621,2.359747389396455
149293337,0.01468476924293307,2.4251062254824767,5.767709705575813,1.8953515929190095
149293338,0.013940103678423405,2.478930148334501,8.43402564209143,0.9459692346641405
149293339,0.014038229877107407,2.4532916123885915,8.855281548596551,1.5484039397520315
149293341,0.014048034895739924,2.4117253075517384,7.598101196751983,2.562623101733834
149293342,0.01432986145913584,2.5468187563991975,7.047045594891206,1.7276327872051422
149294049,0.010109091239731601,1.3765947782212982,12.908189319430862,10.069718443431377
149294050,0.007255982500064631,1.4409249340845418,7.490666990341842,2.309190602696284
149294051,0.007308795785224738,1.4543959640861828,6.97835611777281,2.2998279162786828
149294052,0.009047106936502196,1.3445000454556264,17.244840130765958,16.6932275454478
149294053,0.010904864125325547,1.3381841886927746,13.57091004064915,3.84502870814552
149294054,0.0105388857235019,1.3086361279994205,11.42371869041443,6.0964401505399515
149294055,0.007185834151293317,1.6055821345658037,10.783297511454878,2.794429508088702
149294056,0.009985827695383236,1.3763998136174698,14.233244450140644,11.163040550248098
149294057,0.010373530683973729,1.2912343673800026,11.114023856989679,5.737222912320512
149294058,0.0074450009730539024,1.4468224431511492,14.19530489900596,2.411284942193298
149292327,0.01708692599666897,2.1253294672838656,4.886353441787992,1.358379936655035
149292328,0.016996325470501717,2.1883986013078793,6.030837134432568,1.6239383828078204
149292329,0.017102148006006037,2.170316895820452,4.755871637936251,1.831994687506578
149292330,0.016908135849761818,2.1401005318413246,5.054511174351416,2.3188679500896394
149292331,0.017050484605716662,2.167799856246194,4.884194656724099,1.8863521749873335
149292332,0.01706122489683958,2.156368549908407,6.177746123302412,1.9848246928594375
149292333,0.0171461349948805,2.146385530447293,4.804425668989712,1.7919801825442072
149292334,0.01680390293290542,1.961956524523748,3.762001034663772,1.3507844707477066
149292335,0.016968038539748737,1.9568130001807875,3.8093435581823867,1.308608508234922
149292336,0.016694004099853735,1.9239771052429246,4.5951590874061035,1.5249297609990813
149293046,0.006483451880130722,1.3229315412517868,3.5492520357150292,6.016690106803843
149293047,0.006617369203695007,1.3085188984925125,3.6903873210722193,7.210096003559958
149293048,0.006872020075279149,1.0687779653942344,2.716545258490152,1.5198812830498765
149293049,0.007393791265681883,1.282885903121072,4.938501391727164,8.726936105513776
149293050,0.007892597466795596,1.4037524384484978,3.524266401862738,5.786091172062899
149300608,0.011226339735106441,2.3471214811366057,9.19770850898664,1.2457169722612933
149300609,0.010481160967222142,2.3313487308190934,6.828244683512132,0.41746161451317226
149307348,0.013229045837740394,1.0108389817893861,1.0799609951774958,0.6908550287478005
149307349,0.013165359488641589,1.0086569283191307,1.0470858434684571,0.6939903013615395
149307350,0.013278364400751424,1.015331455989323,1.20360304130059,0.6971338700162393
149307351,0.013162805738876423,1.0039955792609043,1.0610952431467657,0.6953835157942444
149307354,0.013688342690164204,1.813367068678889,0.8310618959337678,0.5498734390826713
149307355,0.013733584691355135,1.8257506378039725,1.011503057959868,0.5856985153891904
149307356,0.014207954243010471,2.37117473052327,0.6093141891792682,0.38408949475236787
149307357,0.014163870962802177,2.3748851760187106,0.6914017316252022,0.42074364768881073
149299180,0.015469839102531982,1.9235673027212337,0.6158993486944788,0.002444001421908222
149299181,0.015451306991572695,1.9981051862030423,0.614491356909118,0.007342881396229051
149299182,0.01594431252775328,1.6042610497036174,2.226492487646503,0.30487763184507194
149299183,0.016454723221382302,1.5686685041534805,4.0144111762015005,0.6941215634663992
149297727,0.013978376649816186,2.2313205604608264,16.37759145855301,3.3345769953411266
149298510,0.022714292738981262,2.3355045236473138,28.810729040589234,0.00128823599169371
149298511,0.022586683170615927,2.337353093486909,0.558636009978682,0.0016488113992730504
149298512,0.02226627468713911,2.3125368185406625,28.7728999912309,0.008089694590002855
149307066,0.01849228252590389,2.2946285506532673,6.8302696771977995,2.626541242698988
149307067,0.018308314723418723,2.3101792877693037,4.1674748055704764,2.0303945221516515
149307068,0.018274888883168472,2.3241548429731855,4.225880968298959,2.0679174975574894
149307069,0.022590690605783947,2.0465238418120273,4.535161416891899,1.4462088642547977
149307070,0.02166119083852885,1.8967160090127075,3.5766241984677927,1.0314024629113745
149307071,0.021635194692021267,1.8995914980124162,3.734656811667134,1.0418375852242563
149307073,0.018377329715235237,2.302922792176872,6.448547322518367,2.775260131318219
149307075,0.022545518535727532,2.034922668135385,4.433823272343286,1.4282067546658705
149299330,0.012157693477558143,3.055577049226649,30.328044397936218,1.1840901098148984
149299332,0.012132857265583734,3.044818345626892,28.253160341072125,1.1529331538727683
149297776,0.014901979850732007,2.535009584437447,3.057627722009881,2.188708730130271
149297777,0.014897180279984178,2.53698603072386,3.0755284077270177,2.1923230285498847
149306908,0.008410648329728614,1.590896465766533,5.607684937468937,0.7814603609094706
149306909,0.008441037784511754,1.598499601083672,5.650993269599213,0.7688373646920429
149306910,0.007585612216580128,1.0753488374115283,4.494186829469808,1.5784573305802612
149306911,0.008951721875244298,1.4480109493236686,2.3225661780822464,1.2324735106498257
149300418,0.014165284720072672,2.493688106272461,7.668991817200435,3.620861968503836
149300419,0.014123317793216336,2.508683774266514,8.230153117906365,3.582496827353069
149299575,0.014037651954886883,2.637421691564172,5.503401201707198,3.647123390306253
149299577,0.015132468819748947,2.6754696842584074,4.285789543388669,2.9650932396627607
149306339,0.009753932991385009,1.8722291013681451,0.5864028608460635,0.3014321251631974
149306340,0.009643992700387327,1.8707043906365524,0.592565192779585,0.2962230419398259
149306343,0.009824239059858414,1.9035800906122196,0.4761909072600116,0.26780233842781725
149306344,0.009794183271729002,2.2064616643126196,0.5962232667588384,0.28271001001882895
149306348,0.009803804966967831,2.2078822690682296,0.5971115957497761,0.2832677424582362
149297701,0.013519843160642694,1.304152833123055,1.4475100377234718,0.814398209667362
149306954,0.012496016728885314,1.5524863643228601,4.635952228422461,1.2390417809234475
149306955,0.012502264926636829,1.6267687253379322,6.797499557010249,1.6058259468073763
149306956,0.012502725901214538,1.548128978958766,4.454933300499249,1.1681343477159705
149298537,0.020952614644137533,2.538234132791403,15.584726978921989,9.51601969863965
149298541,0.01994766579481341,2.4058247448962065,20.241321760981712,10.213665635780266
149298542,0.019808631725046103,2.660527045357925,12.546867253817998,5.720950619935255
149298543,0.019891912544693004,2.490219587928359,17.72136463567155,7.124402204756118
149298545,0.02002202558345847,3.3188569092767577,19.240912511141545,7.369972310576088
149298736,0.016148123125125338,2.524102982179661,10.901452339853023,6.940578113428787
149298736,0.01609609103098746,2.5449237703725975,35.681721520932115,13.035372810499071
149298737,0.017476028354901075,2.282518386616907,29.668704896298458,10.746871152073693
149298737,0.01702516234122661,2.2115865754716153,45.241559272300265,13.966737637612763
149298739,0.01505086782606641,2.924607024547066,52.57534797972089,10.247376475517607
149298739,0.015224916969190509,2.8436036645493736,50.41093641490219,13.136007291145757
149298740,0.01581684681764569,2.2890811024831277,42.05226291692651,11.564548014822691
149298740,0.015823891628118644,2.321718480872191,39.124315368534965,9.99809899375744
149297655,0.016759297922629465,2.606930115224156,7.753280136482266,3.1275814266071102
149297660,0.01713977184114661,2.554801979378044,7.70804342105223,3.242781415953862
149297661,0.018022775694392566,2.758699928274704,9.204994077706996,3.576943823967105
149297663,0.015992241088108993,2.5340111163949404,27.27376441011193,3.817631833505581
149297664,0.015663884948548316,2.7368846473653146,8.87973852238654,3.101556631266719
149308525,0.022521700023657384,1.9014848097486714,5.725801734146006,1.364381500668042
149308530,0.02281732064002692,1.9201269939769128,4.970600879027631,1.2936251186090073
149308533,0.022948575684644233,1.9198774850021576,5.093244517210876,1.3173489615999725
149308583,0.023122087880671584,1.759013710754368,4.5771847573925655,1.4098976470300584
149308590,0.02312824445471718,1.7602966941909142,4.761389213310287,1.5734052941103462
149308591,0.025631479045111098,1.766008968066336,5.300892777086717,1.6588830356638113
149308593,0.02564646372334903,1.7512754932208259,6.959413687352427,1.6369615331573077
149308596,0.025531923731751727,1.7502736538582726,4.5830510313856445,1.6329883366543692
149308599,0.025846124187198033,1.7566102058343804,6.463771057413155,1.592108097004581
149308723,0.022719562851344483,1.9110390190490247,5.869186344818811,1.4071383094205563
149299344,0.012271185302952113,2.1022127314077057,30.33031721828029,1.0530320202161803
149298199,0.01677287368817857,1.817571349125894,3.453544840063766,0.0015495509738631308
149298200,0.016395801772096277,1.947177640627113,3.4369148699637138,0.008551281864289
149299207,0.01663568218894681,1.8910963731760337,10.299503456184201,4.133989549558102
149299208,0.016584230109066296,1.863508513097912,11.055054221927824,8.544771280145703
149297665,0.018563838362978775,2.7482417883518653,6.254475853484396,4.844455397714891
149297668,0.01832545103395052,2.5185892207631677,6.123584917317086,4.365910407867944
149297670,0.0181883338372884,2.8599493278097823,12.482444541174477,4.676820362450742
149297672,0.01708142892708567,2.796536544969755,9.636568435694722,4.243990310567893
149297674,0.018584558697768854,2.792364463551244,7.354727899643813,5.563603265521202
149299081,0.01705492400271587,2.407660098295377,10.507555294809285,2.00701960242431
149299082,0.017383761478340393,2.390069864653577,3.464603809012305,1.5756013722844338
149299083,0.016808935504804983,2.4192831588697405,11.195155064029706,1.599814910784057
149299084,0.01716648212819709,2.4800326865161604,10.291799215245485,2.0925272936301247
149299085,0.016851344355895807,2.422248561382351,10.838951699076253,1.6831183483909913
149299086,0.01683247893390446,2.409865081005399,10.697421971596242,1.6641842993790388
149299087,0.017372279234099827,2.391126607019681,3.4707986621789453,1.5640721334181655
149299088,0.01673106298423635,2.507308941530718,12.384178263172629,2.072537500509965
149298838,0.025285689829478417,3.192263360991428,17.82250738092188,7.243083080251412
149298838,0.024350436997617388,3.4063877465533245,27.628586321268656,7.759067273813132
149298841,0.028107254371621978,3.0837161225570213,48.104614481691414,10.885614861458679
149298841,0.028021680390947056,3.1231246122148395,30.149910518028065,5.536856385614977
149298842,0.02650973773965381,3.3425376475469823,53.4595406743032,12.665176656269404
149309177,0.020614622642350283,3.018806971875767,20.407961448036133,11.76889310094075
149309178,0.020484975574753005,2.999341906083386,20.717584973725426,12.004425757605317
149309180,0.02043641037418023,3.011067341698458,21.410221131966097,12.021080227832137
149309182,0.020582597350966368,2.99798310751247,20.939525575744916,11.765418431459363
149309183,0.020708516051097515,3.014392668470987,20.25831873109896,11.738907647397513
149309184,0.02068704231427556,3.016798470409171,20.685770342684787,11.995892673806363
149309185,0.02055783971078536,3.0146567748866464,21.119322616768663,11.983197336657534
149309186,0.02069591096367811,3.0083057839900444,20.99177816697352,11.822559848534171
149293846,0.014071388136517496,2.1021383785726004,9.667936923308663,0.7503456076071008
149293847,0.014804468970949124,2.0518006608765615,6.669142159134855,0.7910711380247126
149293848,0.014810555462280115,2.0590457164384457,6.76271984415351,0.7792232461554458
149293850,0.014072591590611444,2.1161041954014568,7.987180784634203,0.7891541352616402
149293852,0.014379310802201119,2.028169465107853,6.045397343714101,0.5508162955552974
149293853,0.013915987126550367,2.2240438925763746,15.733999257653075,1.8923608443240665
149293854,0.01471901580972943,1.9094457853146638,6.723769371590127,0.7833173487611256
149293855,0.01499322341599732,2.1893452831047218,8.78239392217044,0.6769738323557282
149309640,0.012061326173870277,2.198372579580942,11.582514785048094,3.3799752824225515
149309641,0.013696110935123565,1.946654930706004,8.222936894201977,2.0582719319422287
149309643,0.010694194582968075,1.7918054123942373,24.264740752985198,8.42663245797503
149309644,0.013966956784579609,2.1267443483954556,9.027429280929397,3.4500522392581674
149309645,0.010867856185489052,2.064433286621527,8.417406302627175,7.663426289550982
149309646,0.012569494074161493,1.8916247372920592,4.031908150542395,1.4236976316262664
149309647,0.011800741128751378,1.921809507086673,5.626880970729858,1.1599350430244046
149309648,0.009971975516974098,2.0507788224625987,5.230283623620079,2.0403579138253094
149309649,0.011105196219259136,2.1451472829064206,9.889220334049954,3.0069036623874603
149298378,0.009594538872659023,1.529517489264904,8.751697133221645,3.1049011594684317
149298379,0.008189706120237242,1.4390763704109193,36.38439093962515,6.68990638731108
149298380,0.00965112664011062,1.4289884892130025,19.670486604554092,3.6838780767706427
149298382,0.009494310970608669,1.5734356522612307,20.535638530365866,5.8374077995365905
149298383,0.010482199334319752,1.3526851456108193,17.99135804306389,2.021847126801403
149298384,0.009280660716496365,1.4160755826504976,15.870283288555825,2.3728131931517846
149298385,0.0076090979109542005,1.5939072413947462,16.29977929767095,3.5151818795435337
149298386,0.008111778976844257,1.3108857511112755,33.51196954094211,5.438890000635186
149298387,0.009597412606245807,1.3373554225384385,15.782442118559555,2.8684601001596115
149299117,0.015426939405084534,2.1254848048982917,4.636266664835974,2.4043162426607183
149299118,0.01535176943895275,2.1163369257488194,4.6345511625842954,2.419406207819434
149299121,0.0156341253867759,2.1243697385601648,4.785903854515056,2.56323443012989
149299122,0.015439382711928547,2.135820869160068,6.411780808344026,2.3178726786903283
149299123,0.015643070914267896,2.1321080126543537,6.303403883755968,2.3601738191168016
149299124,0.015576258879870162,2.1127176821377045,4.264573672337954,2.327840500096695
149298216,0.020144496923746057,3.559915893616516,9.111999931923881,3.4699939909045088
149298217,0.020694880910374525,3.8052688634132097,20.492359159133045,4.551423273805177
149298218,0.020605719831289972,3.503359048095772,7.605711033366585,3.4088182300136087
149298219,0.020179562330870305,3.486669229665386,7.683221937216741,3.651014385028654
149298220,0.01941888196437268,3.4588321761879937,5.33711549430731,2.2765199573113475
149298221,0.020394086893167473,3.354335911688009,19.93825574584142,11.586519576169826
149298222,0.022244605095190332,3.570046145749825,5.039442864920433,2.224250620581732
149298223,0.02100317298062314,3.6556939661988186,7.769919141629281,3.480163136250343
149298224,0.02164737967258261,3.549391650280764,6.668761461001302,4.293700907385574
149298225,0.018466740611955152,3.330369844360767,11.06906210273962,7.812754445076116
149298847,0.017827852967355954,2.9277503785426457,16.40874064090998,5.193606892171183
149298847,0.017911273897893477,2.857676998151552,43.20449511185942,10.92072180082194
149298848,0.01759122651189131,2.8708967256858466,25.73265937589508,5.4242492723561355
149298848,0.016873461338514115,2.619963195756661,37.72463628036559,10.067135130477975
149298849,0.0167991712915233,2.6328759676756066,37.31891893406008,10.420239132451213
149298849,0.01651718916579053,2.6065157896496696,36.85586142995992,10.423336107808561
149298697,0.017567395794423315,2.748655833952299,31.477520458333,10.841983074099877
149298697,0.017093337832943492,2.754253932760962,37.85646914881167,14.525059782636134
149298699,0.01649328553651911,2.33897230657116,40.48123579665666,11.252086605289566
149298699,0.017595275669497017,2.1707754067016296,45.5955966667345,14.264897428195605
149298701,0.016601843363123595,3.1822792078150623,32.47799940813639,14.628418355551016
149298701,0.016855083102641985,3.2723538687982576,55.36156706510962,12.636020413600432
149298702,0.016476741255758858,2.3745951490762667,41.56649677884802,10.747300010035888
149307883,0.013446272899452483,2.1761486245752235,3.836568393408876,0.671657445648315
149299668,0.015553242227040256,1.599126446673311,8.740195488544744,0.7746278544490027
149299669,0.015240937399004945,1.638763336502609,11.204133310387338,0.9138069139939573
149299670,0.015150939648531807,1.6918551666659383,9.629981422603903,1.018462176298833
149299671,0.015309070444611519,1.6154558893742517,9.246179065011372,0.9444072080166794
149299672,0.015595216182077208,1.633697105556179,5.098697075717158,0.6504753371622508
149299673,0.014796417153038038,1.7259453823985076,13.013525994891562,0.9670973621333602
149299674,0.014954543702873406,1.864582066075951,11.290469623432994,0.8121824566815592
149299675,0.015152166216597523,1.7036323768406392,12.117075145041781,0.6974895927481388
149299676,0.01512976594021189,1.659442525636364,12.33354967831488,0.9903436315539573
149299677,0.015023567631928228,1.7059006836266966,6.609228022286874,1.783180144641393
149299680,0.01950149109876469,3.427965041177414,24.761365986490095,4.717268371086722
149299681,0.01901726175951714,3.193854993510661,17.07581975254171,3.19108017957957
149299682,0.019025405186315573,3.3093630846194717,16.135316090351996,3.3623693171460314
149299684,0.019436534757769443,3.372522198686925,15.841364803932713,6.600043976414725
149298439,0.018450343678714,2.456752247050624,23.861491914420554,15.530273539172304
149298443,0.017538425098406172,2.5350458708292325,22.42657030843001,15.467736026884745
149298445,0.01946188763887552,2.380672795545721,29.42222513992729,20.12975300620713
149298446,0.018901398415196703,2.0253162248555183,31.27047531066552,18.999425814612046
149298447,0.016704089993979526,2.5557526386384843,12.864370502196918,9.794234576095386
149298448,0.019013972796577343,2.5545717848981733,27.42931011547873,20.85402733248287
149306278,0.011972258104824617,1.7479153486017827,12.623829558558219,2.1318158975560006
149306279,0.011948289411645194,1.758161449095858,12.906093211020574,2.1089726379538964
149306280,0.010935236102487733,1.6142488238500186,12.570751099817373,1.275326735017083
149306281,0.011012915992748475,1.6197477119819434,13.012308962064953,1.2847103870068373
149306282,0.012444976559101867,1.8199914455995296,6.128340584574093,1.1524176620100595
149306283,0.011703190564166601,1.6456443436022934,13.008648831000544,2.1214348413889397
149306284,0.011698079972879744,1.6178444476516591,15.784267092582375,2.133823767675208
149306285,0.010965433670188394,1.6127905783961558,8.330684106763188,1.254035992732544
149306286,0.010958189650649647,1.6207727320711383,8.036922647390112,1.216487676324007
149306287,0.01270294433770247,1.8587813310187629,4.302891196708869,1.1768010791023675
149297885,0.01510467459346607,2.2248898993460258,9.837467097456813,2.351560797469624
149297886,0.015214843863989646,2.4517525562477993,10.320028060729058,2.660238102061478
149297887,0.014141594002286494,2.2184295276320265,11.143968723273861,11.648394482516927
149297888,0.01491733185331188,2.309674219555585,10.02932074479494,2.1703808079970495
149297889,0.01482459340853555,2.425421954245454,19.37116373577581,2.4895510276979187
149297890,0.016271709390418394,2.577222970934344,10.128514313700238,2.8424948438620836
149297892,0.014859597657031648,2.3296984025733263,10.99258162965047,2.328531558156117
149297893,0.015843901142436976,2.4364795015907585,19.65990833496462,3.2517834660800196
149297894,0.016083194005131297,2.5234622650307608,9.548102061181254,2.508899887889505
149298825,0.02401086617464115,1.2952821307795863,2.9609083412077988,2.627563345317601
149298828,0.02410751068852839,1.2901454258762992,3.0296101758014737,2.670576675131644
149298829,0.023258333205628454,1.1472957580363672,5.2701833745663285,3.322258989019802
149298830,0.023263833882552824,1.1450506568452645,5.2145755186302445,3.36345883789321
149298831,0.02155716953781022,1.5495326318053064,3.1996552706571184,2.316546193306862
149298832,0.02134813659675664,1.5783061159111498,3.138771323649528,2.239009378399548
149298833,0.02169182806457898,1.659459652657423,7.282768407255164,2.9765503318872613
149298179,0.01528329657411221,2.265475607667705,11.448216989034133,1.1806617883107533
149298180,0.012997879307050977,2.1532718307800334,4.340763733331954,1.2232214607301934
149298181,0.013451566256262369,2.3302531422574018,4.702202024235113,1.016591698434935
149298182,0.015208734114999286,2.160697392719599,8.373171902630823,1.6732900957229497
149298183,0.014880032428073748,2.2838841659961524,8.432901701158801,1.803896145898554
149298185,0.011658721366927721,2.164974963989762,3.9534316665784917,0.10612305530757232
149298186,0.012010091369376035,2.1001802504534823,5.798592152505019,0.28152581379341773
149298187,0.015017730389159786,2.182068393024213,7.158017110845404,1.9541301965035045
149298188,0.013101557687616375,2.1294333660451876,7.96408237106411,2.4876301833511816
149308160,0.014686519145974306,2.168042687069399,5.706703787242744,5.7721887578280615
149308161,0.01438679294163621,2.423114399251751,17.970794175498447,9.551889165096876
149308162,0.014085286414177929,2.3427542006557003,20.99666591845294,9.636332506899107
149308164,0.018427669824594758,2.3124687136076005,6.378992629136653,6.284578378495862
149308165,0.01443630286725976,2.239435934276786,10.663310629187333,9.736570128454048
149308166,0.014627433245749713,2.231391643177283,8.142601038943884,8.205357075161116
149308167,0.014018914148153172,2.1099839798105555,23.152501811644786,13.648242745938704
149308168,0.014535059092229987,2.4482624358493332,17.285988852786584,8.948705901584828
149308169,0.014518810406118356,2.431675245271538,19.507078298514692,11.164345333925171
149306288,0.014604965009891285,1.9514955207508722,10.286781228192504,10.505560651801368
149306289,0.014228745415230948,1.8985771607524846,6.748573036678754,2.886635770931151
149306290,0.014137134492461338,1.9343655891391647,9.205690826181174,9.041616504053932
149306291,0.013883963236264044,1.9280692135307378,6.380946611493824,3.1513711533643107
149306292,0.015210034236673078,2.0451733440149304,5.22063144679457,2.6231241757946346
149306293,0.015201782068484347,1.9591830954029519,4.882393940205493,2.9010801502363206
149306294,0.014913190856468878,1.9878925241891015,5.01232078173397,3.1959538887686403
149306295,0.014816737054678274,1.8591971822146285,8.793450837225311,4.3112105019228775
149306296,0.01429676762620393,2.0596676259809095,6.419925582955533,2.998797022717374
149306297,0.014873103896301872,1.9709465164559727,4.773434168758355,3.131362309845067
149300186,0.017407846927511607,1.7554264303205458,4.629639013691705,3.5410888027228404
149300187,0.01741018315117899,1.7649049964122612,4.561752289802138,3.5107766132395395
149300188,0.01774213614653681,1.6998478098415861,6.074898646848845,3.531915600440892
149300189,0.017303602326656113,1.8209574423450552,3.8987489950353678,3.1979362807112537
149300190,0.01431256199327497,1.5897847709381197,4.800187245541409,2.9383976768250677
149300191,0.01741254397505344,1.7193048758752454,4.317113571302311,3.313300164625925
149300192,0.01731713788307809,1.8190669108059392,3.8714170791602527,3.1653009442920332
149300193,0.014340736348247366,1.6140322892018295,4.919389817074309,3.064549578386513
149300194,0.017304300121150293,1.7755250889575378,5.4127017668619555,3.1849473459757744
149300195,0.014516790506747874,1.5559383130389608,7.082796084044462,3.299140710048456
149298388,0.014655273344493512,1.9378456533339548,8.376424549657902,7.739584274829185
149298389,0.014525244633163348,1.9475711998416914,8.657152501564923,8.11104167211984
149298390,0.016371142271327188,1.9674037265972388,9.049116393055318,6.65441584023421
149298391,0.01634994976232448,1.989589549067643,9.30375039891883,7.127163646146893
149298392,0.015294947493338054,1.9366698415011743,6.928307945521956,6.481950564225057
149298393,0.014676311629981047,1.893457854198625,7.5398255416308055,6.89589800932332
149298394,0.014542587584715525,2.0464079684312346,9.072335267259152,6.983259750458739
149298395,0.01458107592312566,1.9804631692986259,8.172698156227382,6.37269952412261
149298396,0.015067368746428332,1.9504419453348982,8.1635128618667,7.35487068602889
149298397,0.016367049931536,2.0607041595613964,9.911850197402552,6.276240209462368
149297685,0.01714215155671366,2.2579481237884167,4.869127401720971,3.0079920163650407
149297686,0.014957654359726506,2.2017030583948327,5.473916912960929,2.8502230838730913
149297688,0.016214557822729334,2.323292138466579,6.389044324197979,2.8320191185965515
149297690,0.016551237602099304,2.1503537029077293,5.478926866915413,2.6995643119914132
149297692,0.01716541077789375,2.3096407240534673,3.568539379870578,2.5881557644634205
149297693,0.01721369414768827,2.143991568600708,4.285698755059126,2.981929410779093
149297694,0.017061038510287736,2.2072352337800027,3.904921821434682,2.2999686193876654
149299294,0.012657788271345737,1.6797084784383773,2.3784182257301545,0.3515309822653036
149299296,0.012854813454693541,1.6939915065483502,3.134084759420866,1.2076398617000306
149299298,0.012664029174080708,1.674127148700689,2.031529499970277,1.3906432394554058
149299299,0.012955572632726045,1.690526290516047,4.042082737837432,1.0288200155716676
149299300,0.012957489312570144,1.6620630106909076,2.719685742729201,0.596099625083279
149299301,0.011853604587298035,1.856392091587412,9.605438176108164,4.47870401200334
149299302,0.012615165499608361,1.7045505251362885,2.499726548525377,0.2892394836099807
149299303,0.012670572044213861,1.6600821465964917,2.0113348753922673,2.196310354926807
149307270,0.012654978843054882,1.57133154922115,2.988501971085547,0.4934210071729799
149307274,0.013811911177597473,1.5879154871817374,4.958532456239291,0.8907708191686
149307276,0.012711346283459025,1.5772581806150159,2.974168802150326,0.48685726935000057
149307278,0.013825334236914674,1.6227108635698029,5.014562991901551,0.8394084632687939
149307279,0.012116302839906105,1.5105205813499691,20.901402748492174,1.3986027402711145
149300206,0.016235546528014528,1.8699674830289055,7.484871601997735,3.4481417033881727
149300208,0.0160633128882938,1.9303011029987969,5.441624985698796,3.00365567510866
149300210,0.015212263900603967,1.812035366537867,8.458006419285802,3.2887267479354367
149300211,0.0159322381635956,1.906275679799222,4.57517415658093,2.982175500823621
149300212,0.013259278585696555,2.0912259226449934,13.824583977763854,2.6716711309926375
149300213,0.016058293569705343,1.9338986336778772,5.344844994131433,2.978020487903894
149300214,0.013449256046360318,1.7753945077837725,4.390547080728774,2.408785640175853
149300215,0.013522164446994686,1.7848306678367403,4.501838545123815,2.340128001563487
149299304,0.013477942054769583,1.3421549550758325,11.43990955899598,3.6448098650203162
149299306,0.013438391413068402,1.5043468356022276,11.068922837167204,2.3384655906286436
149299307,0.013300368177558626,1.3835394475231073,10.605876091330737,3.8837092397539603
149299308,0.013740977069105742,1.5635228336377602,13.077229339348715,4.6268432537444015
149299309,0.013524354980412118,1.3537500763047605,8.627526091603347,5.147655386268671
149299310,0.011959559145730653,1.7050469571906501,13.082766332279927,4.200857610425993
149299311,0.012310081711323393,1.776866441766886,13.496062635569245,7.437290732039661
149299312,0.01368195239596345,1.5194864209204322,11.895932925973545,2.697716212203559
149306613,0.011236946957867389,1.179391174644233,9.561303285495802,0.9571393982709109
149306614,0.011297026285003882,1.1660417785268355,9.009388359788185,0.8742882950897289
149306615,0.011104720373725065,1.2602199566901895,1.5431775997506674,0.8416798687279783
149306616,0.011413046689673651,1.1817350652962788,7.471807035112299,0.7379290367077214
149306617,0.011643164984309694,1.2113040102400132,2.3021361737216477,1.2049601370053946
149306618,0.011326359761483823,1.1667910855009889,3.9602635235385777,0.8221598309508662
149306619,0.011185563294068706,1.245103701377607,2.92794548657312,1.2242601922992675
149306620,0.01122174537929308,1.3289200415302416,3.949699170193977,1.2763479926671049
149306621,0.011247473953281266,1.3269588799307142,3.7368606446498394,1.3307910397715035
149306622,0.011577255326408754,1.2288855975421222,2.0215684174340636,1.184943242621415
149307161,0.013021219257859856,1.9160534169052026,6.812703207756492,3.9656947419346174
149307164,0.01442439494908715,2.082915006197295,8.968393992382719,5.456171025537142
149307166,0.012824235170945286,2.168086702105954,13.333421352733186,3.2831110398593437
149307167,0.012298968515225604,1.9574965753812843,6.292195220839203,3.3143183797547837
149307168,0.014788237988694388,1.953671825491125,7.678248469640678,5.424067202470766
149307169,0.013448233932776334,1.9961770137381574,10.017366068453452,6.507423970143193
149307170,0.013223101736766912,1.927162837788244,7.941703844444869,3.9101106177559353
149309820,0.014629158745122054,1.7810566916971022,8.384555358686166,4.426394491134243
149309821,0.015345491005596268,1.9681437626393532,8.881560298410989,4.315548957049559
149309822,0.014856438166594068,1.6385380404571337,11.188388846881223,13.591593601035452
149309823,0.01496095698445965,1.7028270425757246,9.171660155642808,14.679586726487328
149309824,0.014228352815390224,1.8775639358183394,3.5039523455486665,2.756626970440111
149309825,0.013925882497308743,1.750152385558769,6.693577705511737,2.8182803999272066
149309826,0.014619638937878753,1.9222023401883337,6.723118254598389,3.1664875128421404
149309827,0.015430922695132368,1.8202074768907195,9.221595344650972,3.676534920801469
149309828,0.014169964630982612,1.5878955979012452,14.825529550269192,5.478265389424931
149309829,0.0152479593802085,1.8127858712142546,10.71484187379359,4.033114744739862
149293293,0.012121949646847445,1.8486367310762992,6.433788461962278,0.7019231317681516
149293294,0.011609263779201762,1.7295021947921454,5.216124873256802,0.4584408705448839
149293295,0.010542189191575032,1.9480506783456764,4.637722208310763,2.1382106315093394
149293296,0.012807818960191425,1.6592333419434253,3.281325973482436,0.7497681986491758
149293297,0.010375237216309167,1.99180034750371,4.344000711586852,1.413549994298746
149293298,0.011577803937125259,1.5998267426624815,4.165673131973515,0.7726810012381258
149293300,0.011621780021641095,1.6299600315344815,3.4147119689338665,1.2741923736249645
149293301,0.012123897016192884,1.6502872816853025,6.480673417067399,0.5156006804569185
149293302,0.012797628904206302,1.6384730625359496,4.158930411435571,0.36114913742778604
149292347,0.013107912467836994,2.1695512365848644,7.1200489070013475,0.5228590653261608
149292349,0.01392382494679771,2.4739124815335565,7.1204062702147,0.9106909900250245
149292351,0.010507947957066768,2.21755774268163,11.52145287206001,2.990467977058213
149292352,0.01164599080298251,1.97535322400535,4.543110980295578,1.292144170712289
149292353,0.011858005969518394,2.0455154576012076,4.584343023302138,0.6951908706614037
149292354,0.011721755597010473,1.6856099727764824,4.1553374299877,1.6266964555304047
149292355,0.013096880442814264,1.705566786490451,4.968533014315454,0.7619672829820529
149292356,0.011911705218547303,2.0617252726060125,5.058514119049644,0.6531212685021612
149293766,0.008439247070515679,1.442731128767701,8.122468414329743,2.2211654809111314
149292512,0.013582323719171428,1.9078976041832991,5.634224724424215,0.6158475641097232
149292513,0.014445060795501027,1.9783417301820487,4.536213720367259,0.9683100054819777
149292514,0.013718372751101434,1.9658808617748453,13.013441698532803,1.9118433656633114
149292515,0.014616955862842167,2.0074857285461176,7.5585412859833445,0.7137038880841029
149292516,0.014258377895055371,1.6670764689490027,7.503387801294152,0.5897468301306162
149292517,0.013737954327841294,1.989826422707295,10.168391154634781,3.5011831779143523
149292518,0.013691005513501593,1.8891778917531212,7.3291093338985265,2.2630551173174154
149292519,0.014745624634981021,1.6003031933013923,9.527536019624579,0.7852495900534943
149292520,0.013649823679489326,2.2959373345515988,6.504317004797232,1.8763891726122355
149292521,0.014068264708590107,1.9146415207307343,7.774556086208434,1.1180285319297205
149300166,0.016915809700347593,1.7893333990081133,14.620992195253981,4.199643618651269
149300167,0.01702828106969866,1.772994030055539,7.298093388181398,5.004006154541405
149300168,0.01667800745008469,1.7726622755584927,9.4427515141801,4.766813013581132
149300169,0.016873487371779183,1.8413428496684445,7.833931293891882,5.280474105203503
149300170,0.016915330585731442,1.84321852806002,7.307031469097781,4.74598405205444
149300171,0.01660297238603668,1.8826123583902463,11.173249556934337,5.550650837952859
149300172,0.014388271422260412,1.6550482031681752,5.02576523625002,4.313752850831336
149300173,0.01663493018785122,1.852023355955312,8.50508648828446,5.125947748345624
149300174,0.01673826985480731,1.7844159078432937,9.981315382464784,5.393259686349877
149300175,0.017245026426198424,1.7955726014784066,6.097343000930898,5.674542808247789
149293619,0.037906549848249795,4.188950321489002,32.7783345999827,1.0677849711192386
149293620,0.03914107847228519,3.3089612321879476,13.111865426610768,1.6018152829024372
149293621,0.03973379009502192,3.174535475965721,7.45585099046895,0.4399987665487656
149293622,0.03738347976629053,3.351530834990137,8.921708472391652,1.2044007032048947
149293623,0.03839565177805504,3.8752126654876284,20.178731041955437,0.6491207614855528
149293624,0.03973419412328494,3.158556102189528,9.08152265883776,0.7867472877437849
149293625,0.037524109650145535,3.327445497825092,17.798213944517336,1.7359399889878369
149293626,0.035603420238965164,4.038084935147331,24.347314685072956,0.7315405016168528
149293627,0.03937900734648966,3.1878833128841237,12.186875132701722,0.6652633551814184
149293628,0.03964147129124742,3.137757701345577,7.858966237451737,1.158109588344384
149294324,0.026049000595269718,2.1636225463183396,8.408809521499114,
149294325,0.024735311545534967,2.2559694981186054,3.834996825214798,
149294326,0.026731967157350312,2.1221480624652247,13.874798199739502,
149294327,0.026531264553612176,1.8794564992808922,8.434855130820972,
149294328,0.027566945963354607,2.0617886754508694,14.858654908564231,
149294329,0.026906205357197732,1.8418977417590765,7.381521383466067,
149294330,0.025626271342427006,1.7418924865104084,8.703010494897164,
149294331,0.024109847387925473,2.47796768325333,10.57125415279068,
149294332,0.025998562358687936,2.2022776539336593,9.180011460378683,
149294333,0.027828027906698874,1.758468752692228,11.320161918425024,
149299630,0.022916248159232024,2.267818932154704,0.0023962939291759617,0.0013814506187359462
149298032,0.015042266507685599,1.6886090782859267,31.488102944772667,0.7190576799381557
149298034,0.015016472984049997,1.6859241089646402,28.593021235952566,0.645415244173873
149298035,0.015004643844680872,1.6921942967375396,31.47203264796286,0.7320982699736981
149298036,0.014982235084324634,1.6908942823740636,28.565955286219243,0.6293444966157739
149308270,0.024654985144488543,2.3508944157940657,26.844263157353463,0.6289328446193367
149308279,0.024551337534058294,2.2858430179777,23.47993037367213,0.5229784387957821
149300627,0.011206600938775561,2.9175277882222743,14.159154429062337,0.35749679979497756
149300628,0.011120365196323643,2.9937720875755742,16.08136781520224,0.7688498011141995
149300629,0.011050401147909627,2.979505911964116,16.259825907741888,0.7603579087041834
149298970,0.015022182948441135,1.7669649897344208,7.1396436306853275,4.363156448010316
149298971,0.015021072694336458,1.7642687587967245,7.093075066319643,4.356817258915196
149300639,0.010211260998196274,2.042742485963653,0.8711374987047845,0.4924614720854676
149300640,0.010105145034954653,2.0469888909941414,0.8216074463466995,0.4064336835015992
149300641,0.01021965760739214,2.054076240771591,0.8916609984811306,0.5067670531541205
149308521,0.01593198699457492,2.071797483266655,11.95501791568236,1.1083081965030077
149308664,0.01695537631101742,2.322374042595981,30.68824626021791,1.1456116842480528
149308666,0.014005755435281746,2.013413697219841,2.9758411531740836,0.9886811427064333
149308669,0.015356317603415885,1.9626468277683429,9.735174449574089,0.8307734702777874
149298125,0.01368693484312266,2.2644275963845395,25.881791070612966,0.824063528316816
149307648,0.015346141998683015,1.5715033809864813,3.384210160468437,0.46678616071020046
149307649,0.01538951475251715,1.5702520845938297,3.2246625509847364,0.4714048281429821
149308732,0.014679779243402653,1.5543030620311205,3.113527723202576,1.5499876634586527
149308733,0.01464781092512777,1.5518789795207835,3.031531033679403,1.5983828760680279
149293786,0.015708958935038396,2.4208687133389644,15.58987879057837,1.2154170637508397
149293787,0.014584467861322096,2.4829405373923055,11.050122497648617,0.94689341648177
149293788,0.015402988295557082,2.5281500461110755,12.310101095643667,1.1217652704510381
149293789,0.015182137082235245,2.5206638795011105,7.483633196882917,1.0930498841568912
149293790,0.014898154970821809,2.587728009393639,14.073914092279443,1.1012568399291043
149293791,0.015389011477549478,2.8726437276111327,13.79111181098725,0.5530883889526063
149293792,0.01495992373942387,2.7718039036447926,11.688855092276,1.0612884587180345
149293793,0.015096430663798486,2.3378648333162015,7.745411680989793,1.0399334290834252
149293794,0.01443859596968986,2.7603866533766066,15.356573415702366,0.9893824721303842
149300018,0.014237374122260052,2.0708387891212126,1.8007784047915656,0.4931096483231497
149300020,0.01422663322538902,2.0089200290486167,1.793686354942842,0.47915935351806754
149300022,0.014235757265397194,2.015317754087061,1.861071562516055,0.48106071014808427
149300023,0.014223280552544057,2.0710119090754855,1.7705664575570543,0.48994408805420436
149300024,0.013969850098615006,2.0592400841673215,3.9930883700373134,0.9866832330385122
149300025,0.014049417228785263,2.023551098023672,3.390153644400956,1.1300668004879397
149300026,0.015580839344172948,2.047087680830793,3.269711173506284,1.238572836160351
149300027,0.014086644583479212,2.061719079099443,4.251578161859305,1.3017226262735635
149309620,0.017077668617102578,2.380582478954943,6.245889148718203,1.5014546902058177
149309621,0.019998988687538747,2.474828966080773,19.381531946937102,1.9226689204655405
149309622,0.016895232369025293,2.39486195087808,4.380809520394253,1.3676417098354885
149309626,0.01786941821945914,2.660984341030639,13.911026873625016,1.2992382079355675
149309627,0.01868706380109135,2.720205345012855,13.190190197309477,1.8262359632605976
149309628,0.01838065734659515,2.483338700746772,3.0211941624532077,1.707012915299347
149306638,0.020402704922172932,2.3259184874263994,17.655652452281494,2.9052104314085683
149306639,0.019499572136852602,2.4816618787384224,23.21611694063437,1.7104823545804624
149306640,0.019537036935474615,2.4494130294385985,22.022340180598892,1.6734114289058981
149306641,0.020334892385544583,2.3471245636938636,17.198962219900704,1.7264436303417519
149306642,0.019533319847326026,2.48521842658563,23.372317466658718,1.7857572381658857
149306643,0.020376608337845274,2.3220239194261256,17.614323178465003,2.868153706173283
149306644,0.020392520261881767,2.3427711274610994,15.55856206603564,1.7203727829094422
149306645,0.01953807731809581,2.4524846789057584,21.6297397974854,1.6363876419062502
149300630,0.012231852640403051,1.933538219674593,7.826849098822968,1.9583851876660423
149300632,0.010969511759082378,2.175928687396361,10.650444684180835,2.180723560018274
149300635,0.009787592597483399,2.5152775381115684,5.996710742004207,1.2644672058356148
149300638,0.01189026903084813,1.9361859305615365,14.613903283851785,2.2180331239084525
149309441,0.011802679308858133,1.7778583265442187,4.421278034635014,1.4522170234143785
149309442,0.013533802429415783,2.3277255153889884,6.706126485371263,1.2277780736497408
149292087,0.015810279465521857,3.224988672692142,8.339252211516783,1.0988806203353956
149292088,0.015820701743462465,3.136420102402609,5.137362590722121,1.4745164938081656
149292089,0.015584062657268874,3.134473119981855,6.846588479195418,1.3750973337892216
149292092,0.01633893486765773,3.2000990370403644,7.380451843394274,1.3965059916442852
149292093,0.014709015883900702,3.119184124551761,4.356362013645138,1.2191942410994272
149292094,0.016079829040329396,3.2381668095618874,6.6804732159690845,1.2693691241831133
149292095,0.014461905569495982,3.081130879428221,5.565876366495158,2.0020701883738923
149299896,0.014421654374786074,0.9463685288642277,23.697476729121906,1.5489722590325503
149298100,0.009366999771639637,1.902773489406373,4.661667393069143,0.6172186282758534
149298101,0.009168279082392105,1.8586394992506496,5.2693706431893945,0.626367542361921
149298102,0.010346053008984361,1.9885215936776979,16.02927576838483,0.9326496232126158
149298103,0.010230563598626324,1.9763192679002213,16.057030978657846,0.9322309007306737
149298104,0.008792677000615458,1.919675928682976,3.2150437380365275,0.8770581120344395
149298105,0.008797101138806827,1.9164202197313867,3.162141386861514,0.8869403709707626
149298106,0.008941712204281832,1.8925546290675839,4.67469429062372,0.31458529501844057
149298107,0.008884385872839828,1.8918695841825233,5.099590016023047,0.44565941713734025
149298108,0.008471853477937562,1.9423792938967048,12.299682764831108,1.3933531778934962
149298109,0.008508950866995093,1.9616744123836896,11.935632922876799,1.3857672468252313
149298296,0.013928951476943625,2.060450553940345,10.277234555489102,5.189431831005133
149298297,0.014167263882036176,2.076035819193668,9.073061912109804,5.081729482480852
149298298,0.014214018526081881,2.1117001897697216,8.345093900441189,5.861502671567437
149298299,0.014205544178363208,2.102481896033946,7.867328140469202,5.605003483067183
149298300,0.014586492699201446,2.0398775473765878,8.280313148222993,5.5284863592160916
149298301,0.013662165988376744,2.0371150088978385,7.275102502918166,5.0233722235011085
149298302,0.01420376737091052,2.068847435646302,10.02579614114242,5.930165322376112
149298303,0.01401658849145053,2.0429836198840143,10.580914342297753,6.064774268943673
149298304,0.014004690750375384,2.086109021093981,9.013617124893159,6.151677195065154
149298305,0.014056320618239054,2.0929552563848905,9.00743285596656,6.223183040908042
149308232,0.021360356624383736,1.4238680474825227,2.9045661699248284,2.725060919988989
149308233,0.021309784837991202,1.4101585049276042,2.566409723625603,2.230193163553955
149308234,0.02135715949011626,1.4400332159633757,2.9646204602588835,2.7655908652866894
149308235,0.021371869919346767,1.4042459696903318,2.643933967149651,2.3358094717355677
149308237,0.021166512260238773,1.6493587462028252,5.6227951894418675,2.281996841724588
149308239,0.02108093500012974,1.6415850857228218,5.8373343568449645,2.378633398370873
149297915,0.01829330877331848,3.0157958546910244,7.381642266221283,2.755649869751081
149297916,0.018774688560599932,3.076993633889743,18.85877342468671,4.6360648388581405
149297919,0.018589885768769174,3.0460976784080462,8.429305208133561,3.006745376574607
149297920,0.019035559186907726,2.982326535031038,6.696990453427795,2.7313420228673304
149299711,0.015202417979985835,2.294156362780573,8.939489325224544,2.7405965024163152
149299714,0.015582576334233742,2.3042093235827052,9.64613848881903,3.4321213536371347
149299719,0.01701480134179711,2.3240720068332705,6.761033717699216,3.892728028895163
149298752,0.020931084100167516,2.4559717659527185,11.35182176726506,4.24764427852835
149298753,0.020832870472823763,2.561177089831507,9.780075807221724,3.8354051268923675
149298754,0.02092891113523293,2.4507276982838757,11.315445526966641,4.253118192203687
149298755,0.02080221221042267,2.548184603942606,9.840877401393282,3.828504918747535
149298756,0.020796866933209486,2.6314246225841256,11.753409290963361,5.45774432668658
149298757,0.020805994538507556,2.6329679595498794,11.755813159367225,5.446232239502175
149299196,0.017685257194454948,2.1008954700443736,24.08944200878114,3.443945781628912
149299197,0.01723896730474898,2.2148487348499115,22.70052627800653,2.8784722497708652
149299202,0.017489544412648154,2.296063037948224,23.148554913242354,2.7297688576474397
149299203,0.017280430245061047,1.8864043254679224,15.778703794601283,4.4478380499543775
149299205,0.018407464722955538,2.3013334190955077,22.389741867624203,3.931115406913939
149309118,0.011623169400654517,1.2635465431651383,12.508094592152972,0.567018190180875
149309119,0.010974877959899295,1.0651378115011165,3.3355946427643395,0.47575603665451993
149309120,0.011011036549945629,1.5630756632015521,9.028730015881976,0.5118482755826151
149309121,0.011208394629519367,1.728926448704381,5.77135749393241,0.5448793519017627
149309122,0.011835226985667854,1.9560003816718878,4.76521543611763,0.5271702510307542
149308641,0.02507699559798771,2.200445233825289,8.136361340335906,8.112872175460637
149291793,0.005833216862329794,1.5790226295185137,20.25840859695879,1.5437308133051988
149291794,0.005852439856947276,1.5731199181400688,20.177169357028422,1.6054242899305207
149291795,0.006275955119483516,1.5509781505870393,18.685391561109128,1.5270675270175307
149291796,0.00636179698874287,1.61034692170621,19.74915342339813,1.5389129229202707
149291797,0.006244685459788832,1.5874245840853367,14.646198959847112,1.228324980805599
149291798,0.006259409761814144,1.558145374247808,19.15230132265375,1.4977431994473616
149291799,0.008085891928798999,1.39187694493915,16.24037994770125,1.400324822897511
149291800,0.006351072388014708,1.621727542151869,5.085485722218812,1.3831223775187813
149291801,0.00627367160975859,1.4240711598284364,9.982629444285493,0.7456252563625915
149309006,0.02618380317176102,1.8945736345774602,5.309967821971157,0.810333087820804
149309007,0.02640819914921882,1.9214320884966793,6.480867590035754,0.9505745088779168
149309009,0.024722553434809617,2.0618729413927093,5.470701446153362,0.9180406978122686
149309012,0.024701061685393322,2.054336607909029,4.82588690056482,0.789987670962296
149309014,0.02668664256631639,2.0111950423968117,14.303736196508876,4.272475062690173
149309015,0.026750738572562487,2.049477455889535,14.168083158689807,4.401514602975181
149306924,0.009644942132864027,1.840894833164354,5.206458042069033,0.39826833934300604
149306925,0.010156883568521423,1.8086090089116955,5.8351921410660665,0.7582856367674957
149306927,0.009931254637040704,1.8090801934039014,5.495667576555536,0.6782275688721271
149306928,0.009871960910540364,1.7996255227804683,7.875403956939045,0.5576457383010923
149306929,0.010326328916969755,1.7813297633137057,8.944305456622368,0.6388675995863974
149306930,0.010334932038308365,1.787106856418992,8.486816189738562,0.6033506107124305
149306932,0.011127849099797306,1.7477783613383224,3.6956720625419988,1.396606643877905
149306933,0.009957153253978588,1.9380495808136609,5.261893161401459,0.4085168199529543
149298329,0.010812243996361732,1.8821958907138219,27.430855472338116,3.098195925948358
149298330,0.010297686818618363,1.9762711585738402,30.06763737217253,2.684383384949517
149298331,0.010478353053531616,1.7968167275806208,29.86024625603133,3.3271676863349637
149298332,0.01035600350796349,1.898036281520942,35.31368193155278,5.027313461838362
149298333,0.01045784448270992,1.8072679342332671,30.849851693280037,1.4701040847515388
149298334,0.010713261517665908,1.9101680856523773,30.604296578270482,2.1678945289630325
149298335,0.011309933939357338,2.0330201391661484,9.01940575407723,4.443677764687541
149298336,0.010567137078283396,1.9252039552986298,14.21367136400841,3.843346121608314
149298337,0.01048926668248525,1.927393521809354,21.920458365263382,5.435977948403008
149298338,0.012233756400382802,1.798533226244013,9.034427555642537,1.3455497396133276
149300058,0.012656528801462206,2.0963122268479992,1.7629137194512654,0.598957831618117
149300059,0.012613079316733737,2.029460449732427,1.813818377912187,0.577653708436241
149300060,0.013098131278547174,2.0201648170900834,1.895649408431886,0.49064888046167815
149300061,0.01307568851419167,2.049152420242187,2.017683042444362,0.7189453491945472
149300062,0.01272353491902218,2.1832660481342345,3.780838364626699,2.7257841471316917
149300063,0.01267815472196885,2.1257849675013767,2.557537222876327,1.0645378188290118
149300064,0.012414173043046078,2.1583836568572785,11.719200515509582,8.401403111607275
149300065,0.013218500243307217,2.140370863950149,2.8316343235255164,2.03710494430943
149300066,0.0128013114011547,2.1993765623951558,5.635839000720643,3.280057382046601
149300067,0.013159964458051449,2.084444180454351,2.5476591338442294,1.6951858333508962
149307979,0.014994916823128047,2.03618860559176,18.988114817880387,11.221394911046545
149307980,0.015098382094343965,2.039883875883206,19.41917351316667,11.11402469533071
149307981,0.014807312059601792,1.7237273284449448,3.7534106978051143,1.478450611386351
149307982,0.014856809704356507,1.7261432197584579,3.6757784316346127,1.52577315198109
149307983,0.016369181536359637,1.7229449977232556,7.104342403383039,3.4845031930539396
149307984,0.01724504038394987,2.160011039355582,10.150431042330897,1.9205889112575822
149307985,0.014394563418667754,1.7160622419951315,4.643990154814682,1.7337609488244479
149307986,0.01638941651291956,1.7160908847218719,7.2054746237644585,3.5224083174056315
149307987,0.014864251670465673,1.7798211044038394,3.98085003122274,1.362156842335271
149307988,0.014362932615707025,1.7156976147927876,4.8288955007986685,1.687364913341172
149297645,0.016622806289815398,1.75712996365826,5.231206439285091,1.7738546389744376
149297649,0.016370313751833,2.0069214695431055,5.750804810758648,2.396507170164174
149297654,0.017051958195673202,1.8838157319571172,5.731146506712679,2.1981252637152275
149308966,0.018086350521619818,2.014416507011857,12.360426937113846,2.097953952007104
149308968,0.018127992929516414,2.8050665146319282,17.64785347236414,3.089177593311273
149308969,0.017463096791662233,2.1808567772000598,5.756455057720886,2.4767259227400586
149308970,0.016804813790636614,2.5488146923883557,7.270252617200749,2.5734842768236956
149308971,0.019965589145858446,2.311972225272104,8.230589824651796,1.918518116037606
149308973,0.01728023098596803,2.36850963761385,7.827406556872431,2.3024189495057383
149308974,0.01809648874870035,2.624880277667103,5.652539905263019,2.064207670553379
149293004,0.011107108890349673,2.0174349778721132,16.317079626201327,0.6920818836905313
149293005,0.01109006073184465,1.692231506295637,3.4251296111799188,0.09491468488783182
149293006,0.011057994667009345,1.6896711722934135,3.431317919024965,0.09264996176978049
149293007,0.011938589249096862,1.722744449992031,4.315156439961544,0.1233377912758472
149293008,0.011316412587798284,1.8652571247813958,3.6219726820066827,0.0963306415698323
149293009,0.011368349831389202,1.8810891756967523,3.587078955862709,0.09655952482922142
149293010,0.011090914614293687,1.8907834017201692,11.84845499856165,0.309332634551868
149293011,0.010638984713734544,1.605226500941126,5.603448037227159,0.30918810071018515
149293012,0.01110204978424644,2.0439256683233316,16.42537144212401,0.67281801584022
149293013,0.0116527363923968,1.6853849699976948,4.135608001933083,0.07206997988186367
149291697,0.005402141449589108,0.9689628554232536,2.1624505387598467,0.6747508197425596
149291698,0.005377307250590094,0.9705422284601923,2.156440940720687,0.6786066128733085
149291699,0.005599518234477283,0.9443382915653461,2.226735026442939,0.8237718161154025
149291700,0.005344580786037036,1.1337190366111134,4.497713750382268,1.078754127384761
149291701,0.005038569336482757,1.161670604594638,4.086361392215969,0.6008976281410623
149298343,0.01465947360694911,1.51456790150335,8.978860507718807,6.113982848509926
149298344,0.014522476883464742,1.504240072670966,8.763017947567759,5.762019698685403
149298345,0.014612628311637604,1.570448743714567,7.59884996765855,6.666216114709966
149298346,0.01467214309784559,1.5678872085977436,7.950194699711069,6.789752565632797
149298347,0.015143867611537003,1.5123296766142988,6.360157529927915,6.100506527655804
149298348,0.01440917806515398,1.5073783914125711,7.151676772485343,6.744992853311744
149298349,0.01460310910543464,1.4963355011850226,8.564498945683509,5.2395315130357565
149298350,0.014759647471989835,1.5004936876649282,7.550598281200639,4.891329888661193
149298351,0.014804359319028427,1.5801886941568635,6.787927253928818,6.103720399518058
149298352,0.014644249288356745,1.5558672831179243,7.286679706497918,6.358404903999812
149297439,0.01235378205919651,1.9488257200454426,12.735426390766122,2.566694413004099
149297441,0.011914529313549953,1.9039417547516464,13.934400020414687,2.2482309111649195
149297442,0.011826587106398626,2.0847966651186303,12.507869935340713,2.5580471263881357
149297447,0.012509731388166844,2.045567156563062,7.158567467586685,2.456258078693933
149307657,0.015042494005531133,1.5899815652434421,3.593411253732923,0.821085896067627
149307658,0.015394963909944683,1.7124886024071133,6.294753029067281,0.8598689494254258
149307659,0.016167234493230685,1.7784869847558558,8.929820506134341,2.3597137963221146
149307660,0.015140734939525599,1.5351388625389804,3.2747857800980347,1.501170701520769
149308624,0.01589091312234318,2.361031367214487,7.6900612747332255,4.134635510492286
149308626,0.019417855793783297,2.2834953409277294,10.093680486331525,3.8881386509753133
149308638,0.015165859568422913,2.6464841216011026,15.191337355733202,8.946297855095109
149308639,0.016548723362010888,2.498098183970385,8.825554858416679,4.318400471577964
149308640,0.019503257714383403,2.2658473315268046,12.805886454744481,3.042162570554105
149308646,0.01529456796638191,2.4267254260903584,11.196216651731783,4.332556945269669
149308647,0.019762605529309994,2.375215185888505,10.780406109042525,4.8227480806550975
149308653,0.0152608465759172,2.4569225506100802,10.727543623675928,4.930011827096092
149307978,0.01362016579011838,1.8987601017271727,5.432041422868859,3.09767368375875
149309404,0.01640802651513704,1.991756650241524,5.225683524766232,1.5298125631403783
149309405,0.01489361605776745,2.0203970877403132,9.392238992832214,4.924526402101647
149309408,0.014901915139676697,1.9687035944897702,5.460175545172104,1.6713824169590026
149309409,0.014800085073460138,1.8034935994469143,3.645053131387811,1.8805398543742258
149309410,0.01461150315819803,1.8735006951386721,14.44293812805379,5.782102323589057
149309412,0.014280244208440616,1.8206836939216888,2.663964771655157,1.5113640371619323
149306863,0.01453714970265714,1.8642623850724127,7.27200142334331,2.8585128803963578
149306864,0.014835100467205101,1.8868549330973934,9.28275854826246,1.8928280364020353
149306865,0.01556805197485432,1.9697726867995566,6.797876917221892,2.869904361880676
149306866,0.015591881890580288,1.9794398305263858,6.626705744112296,2.8733897746766712
149306867,0.014686675350748066,1.8977060782676394,11.821844209161206,2.6240668213955862
149306868,0.015274386874167187,1.9683821717059409,10.442541333168275,2.4718866012757
149306869,0.01507373307159273,1.876281324430196,11.186787179055647,2.9113196739704854
149306870,0.015159193564946775,1.9494002629505354,10.728231729615493,2.4544992808095967
149306871,0.014964429290405838,1.844432415824452,11.764611815951755,2.9067786433750062
149306872,0.015233225720755413,1.9362544398793116,10.200510162346252,3.0003206298694383
149309725,0.019036452017837407,1.229398016093623,4.833461358857704,1.2796081417805925
149309726,0.016497062597363145,1.0938874454816787,2.8212595530968083,1.2491439004378835
149309727,0.018807671187522176,1.2758200349440283,3.2385849772446402,1.3689763389056087
149299144,0.013322706219036955,1.6719484513910488,4.99868292379504,0.9186020773938277
149299145,0.013097307037788818,1.6744260710234575,4.894306151233171,1.020252304293623
149299146,0.013423274489293955,1.679578789183217,4.788956802955815,0.8732501936896089
149299147,0.013525645697236962,1.6901245780034835,4.996350941617877,0.8858226297952497
149299148,0.013023513598408391,1.7776053392175666,5.501277305158079,1.4300392832813278
149299149,0.01333132453239899,1.7777841385723225,5.732428734874193,1.50273686151171
149299150,0.013310836321311427,1.772707040859608,5.559689830645982,1.3605462158058108
149299151,0.013541619940066656,1.6898400733554253,4.92394621922596,0.8729315096900735
149299152,0.013170741594549173,1.7765018147147855,5.647649446835723,1.2881407181713023
149299153,0.013196543682718978,1.7679372630160186,5.533518943577346,1.5318879716392022
149300216,0.01557991828747379,1.7551294309519017,8.065703137794785,3.387791860126691
149300217,0.015541521538102829,1.6693133887925318,9.265751668946285,4.081592969956965
149300219,0.015424349464287637,1.7764920308702845,11.6489864833552,3.2231712115428315
149300221,0.01531991049775675,1.681401921209833,7.777596115181551,3.9171210751379832
149300222,0.014426521524604106,1.8961195838679008,6.55893482547173,3.157230133280928
149300223,0.014971594811899348,1.7442588817258915,5.845696272573855,3.561213385691052
149300224,0.014396335491405083,1.8960242998133001,6.5735752867429476,3.1762860528971304
149300225,0.01518807022692852,1.7478623999188725,5.895262850355544,3.6785023900260803
149308752,0.021610671218993217,1.6640846295054732,5.966180029684895,4.989663945218903
149308753,0.021649568309763757,1.662647404503073,6.000368706663271,5.004780542541582
149308755,0.020491432573686606,2.0135735489538944,11.022654119290227,7.9041514382664255
149308756,0.021385889154026023,2.0418517572517527,11.954907659153694,7.170766605246873
149308757,0.01891677950105649,2.0116418636516484,10.061515524745854,7.881563453649111
149308758,0.020552430068072496,1.7259597287428945,6.199607876887616,6.261837582269679
149308759,0.02034301445575737,1.7117572325879813,6.105529715834383,6.15980347119946
149308760,0.022542801366008815,1.5244102008956824,9.116728714683013,4.2910164335187355
149308761,0.020152186158015402,2.0610720658586588,10.844948504951535,8.01300888216526
149299690,0.010510908933037376,1.4964087889842579,3.400068255875924,3.477950189531981
149299691,0.011270223066380545,1.5935818000526236,9.074326694261156,5.430783184929444
149299692,0.010877600613497187,1.5610977697403134,6.972588736302004,4.599679961207304
149299693,0.01083075496302712,1.642700587689026,10.774769950433893,5.417556229985044
149299694,0.01097751758562816,1.6298149835196283,10.26562117579518,4.849566371758543
149299695,0.011126704836342708,1.575566048318139,7.906309873657404,4.7299639885543385
149299696,0.0109024528033083,1.5575673249615367,3.528668505399793,3.452128551513733
149299697,0.010897149986685666,1.6082343561030155,5.110550291383033,3.115093848069632
149299698,0.011085903505451326,1.5796020372527493,7.644962985028093,4.832170316892955
149299699,0.010773288655135993,1.602722391356202,6.876528094858813,5.20815690853168
149297535,0.015867403258143974,1.71064769454098,15.544494397975233,9.795100735155794
149297536,0.014455715224318943,1.7688146163297507,11.062557257322956,5.804886821241028
149297538,0.013850676656398615,1.9594790942228004,19.65398730832873,11.396145156791123
149297539,0.013711281108812583,1.6262278563818897,11.813049071358233,6.344479310268269
149297540,0.01589726791622649,1.6108682795909657,14.437931174367685,5.38521461776806
149297541,0.01546564960597484,1.5666186499283408,11.755886555378,5.312485206291695
149297542,0.013429139898082545,1.6451420108674204,16.843554820476484,6.5315321112108435
149297543,0.014273945723593504,1.6577291179149356,17.26171702564832,6.319192923071664
149297544,0.013962940817082468,1.7408508134233085,19.508581447208957,6.592781067830424
149309091,0.02055982537130657,1.2223150817846173,2.061207457834251,3.8352234566188015
149309092,0.020464578776257014,1.2700408275389359,2.3110772725453255,3.892678638202624
149309093,0.020352229981388092,1.2582510433505751,2.293307744022235,4.049295883837056
149309094,0.020590894915787486,1.162026432583169,2.2750175038723395,4.222897623585212
149309095,0.02026287996521238,1.2123900105636043,2.3976493821751212,4.009860145732229
149309096,0.020590230186630174,1.235838114823843,3.117556054956296,4.041642029623059
149309097,0.020477695138685872,1.0947423430550152,2.206948181575171,3.7341604401990005
149309098,0.02037358816694119,1.325007048410128,4.246448296324638,4.071676180970935
149309099,0.020338946256977842,1.1805708188242459,2.007238478079394,3.7013595138704916
149309100,0.020865255674386452,1.1138186174902178,2.328631257287546,4.004688332350625
149294334,0.025436103795250586,2.6623476915086037,5.44919412425899,
149294335,0.02579237372963377,2.677881163544545,4.7043987970517,
149294336,0.025519316632552677,2.687076763325324,6.317238547626651,
149294337,0.025264994793602134,2.7037045168842684,4.886753761197591,
149294338,0.02730627159746243,2.4875205344274094,14.355290226069169,
149294339,0.028058650855066702,2.4595941820117533,10.747240140140299,
149294340,0.027273431916384306,2.3278402830293863,21.09414969514406,
149294341,0.025884337565788396,2.7897294874234695,9.0926000073897,
149294342,0.027672958931929018,2.325568254388121,5.96599496872602,
149294343,0.02540867218985782,2.724269680017008,12.637640525060455,
149307593,0.01630778014726084,1.892321397513665,6.225347163291323,1.0690901482633064
149307594,0.015934438196293744,1.8411525834038325,5.082663376306504,1.084843549137136
149307595,0.016334776170198757,1.8982388639486947,6.235304229816271,1.0547535302059126
149307596,0.015967729998974785,1.8487188671554902,5.059727968380991,1.072494965534456
149307597,0.016027021618551504,1.9052126328988515,3.4788764127539094,0.7798273892406901
149307598,0.015619816210540666,1.8669537443377868,3.689612882881152,0.787685879019069
149307599,0.016040990873148836,1.9040844351674346,3.434641491202053,0.7773854796726255
149307600,0.015639228744412283,1.8698615483164007,3.688503703409722,0.7822451212198116
149299631,0.022324825613727627,3.9195168561947518,21.40550549693966,11.292753144175387
149298916,0.010674536592268032,2.151504167185305,18.244549933238723,2.3255908817328415
149298917,0.010700668763831375,2.1487800167713025,19.914978946712306,2.3219045497819923
149298918,0.01052339243515918,2.0517384070236115,7.867142102267611,2.1690346653879895
149300088,0.01892697625914432,2.247700943974718,10.148563421760194,5.883382482033014
149300089,0.01890234174981468,2.2578359718667733,10.722698071147452,5.992739966415351
149300090,0.019220437313500538,2.122839515253333,0.9384708579848104,0.6474451019017783
149300091,0.0187286509781236,2.3124638180646566,20.775635527330607,5.90106080924669
149298915,0.011763198764744345,2.0935842724169698,4.392944116073138,1.9342850499783306
149309724,0.014075131887776681,1.3559230289464062,1.578525464690446,0.49118851260172114
149298785,0.02164988905979593,1.615105864123955,8.102705400904059,2.7640754018855405
149298791,0.0193072997822509,1.819279060690271,7.901604338755341,2.47478375407964
149298792,0.018773294847299424,1.7572903984580945,7.070236083223302,2.292072418058668
149298794,0.019626999720551278,1.9067462346768997,8.368211509001787,2.332272464938883
149298207,0.014016532690134609,2.2414541217927986,3.472648490671075,0.00796237242499631
149298211,0.013876264286100991,2.254628010042035,3.0643132428077564,0.0019613138752447965
149300004,0.015296409894333412,1.8045998948203512,7.812859558489028,1.160260009130082
149300005,0.015307467800454297,1.811973892532104,7.90568567092957,1.1749511848331915
149300010,0.015205753515610638,1.9746997858754467,6.610844968673706,0.9794344986324717
149300011,0.01522684412704803,1.9766720984434303,6.430851772781336,0.955487589216928
149300012,0.015307649010405227,1.9417138486197238,6.021971625702547,1.2972770478167908
149300013,0.015311738049342332,1.942385009810653,6.02287148216752,1.2933485943502072
149308222,0.02272030709916572,1.57696061966679,8.148044906411105,1.62685547842711
149308224,0.022753210674051515,1.5864918438336872,8.386874247437921,1.8658916339066007
149308226,0.0229643278446594,1.5703000494746606,5.623648434488279,1.5857038060000677
149308229,0.023147059371681555,1.6149576053216563,8.644397300755859,1.6706624728894797
149308230,0.020201927400400558,1.8006006779243617,6.041767364600835,3.0997257987520013
149308231,0.020724622225949865,1.6915053027107616,3.7922268544967777,2.7544477034677706
149299061,0.012136957826611809,2.0924382077371333,4.095797149277936,1.0958873014649495
149299062,0.012112302079956205,2.092088088025565,4.167754906063862,1.0990996267154995
149299066,0.0121057369076144,2.0993660937031513,4.23569762754046,1.0775348625478505
149299067,0.012093700444668362,2.096314221542661,4.439159637191425,1.0935404521976992
149299069,0.011815799734089144,2.1098059898498778,1.9240357235232406,0.6220034799841109
149299070,0.011825839828839089,2.141502338482878,8.337405149807276,1.469428681850407
149298601,0.017915906936292823,2.04567494001644,6.665599737373384,3.8093988560238636
149298602,0.01793752245244133,2.0360157558263485,6.5277178944051215,3.7696486981989055
149298603,0.01828256089073692,1.8748590045370284,13.763715269742823,4.081586286174325
149298604,0.01826132916284818,1.8749515847956597,14.431689701475753,4.242560260855058
149297556,0.007787318476751239,2.366551882233452,7.615823318904728,4.629690304816234
149297558,0.00749413301198568,2.3327767531714048,6.505882724221092,4.453776281095881
149297559,0.007527414546227827,2.3200352251088203,6.277109173634019,4.387906583722836
149297560,0.007582829230664067,2.3073598555814705,6.376146905244356,4.353131889951755
149297561,0.007556240234753777,2.3314509189630934,6.67381212075849,4.496246318807749
149297562,0.007574450655338889,2.33504022657494,6.389029362979337,4.44245208756403
149297563,0.007547320833565442,2.3279104222196354,6.68618449090602,4.446926217793457
149297564,0.008400347002250064,2.0969575688832673,17.276777762042098,8.126010693131633
149297565,0.0076288179763842594,2.370277328201692,7.436324361755364,4.592838098934254
149306228,0.016007449166041056,1.9516458537230836,2.0064893108091364,0.5008797891068621
149306230,0.0158991334634887,1.9947998682930554,1.805972887469482,0.4804061743744157
149306231,0.015534745799926402,1.9511643155432263,1.58139766853231,0.4525010795281233
149306234,0.015981195808417163,1.9477246618770367,2.0846156505685838,0.5078016493632658
149306235,0.014275141412929621,1.8789290106769505,2.1451826991141254,0.5839569157366576
149298459,0.011357872059141537,1.9583103878637396,9.75943097931218,6.532020422259419
149298460,0.011282967902539968,1.931931689563102,9.772634341370876,6.50116904157396
149298461,0.011322561958316376,2.022740862749081,9.92208015019311,7.329814793120059
149298462,0.011360261178686984,2.0244511320619885,10.23562058375591,7.404735100242173
149298463,0.012770215634977877,2.167490015768438,9.860696506736625,5.095773640022918
149298464,0.012720468970989393,2.4071977840734275,10.830461253692206,6.422450737976842
149298465,0.012858026404785726,2.2012429105437348,9.952416009727088,5.092995902057776
149298466,0.012784943906946457,2.418794203755123,10.786792281026132,6.48314132421969
149298467,0.01302913100291162,1.9294595666690455,12.891191132879966,7.486159357527732
149298468,0.012982524111441754,1.9214091910057556,12.863240324395548,7.440838866690467
149307308,0.009009102623849914,1.2166447604815365,10.053274061529276,1.0205204279820597
149307311,0.008804005814287641,1.4070229207247247,1.2370155175316597,0.32060972562961143
149307312,0.008812049654866762,1.231879376294585,10.77441762704429,0.9166747461466903
149307314,0.00881527879474095,1.4122140892800685,1.2658964716328875,0.36074453648393284
149306335,0.009168025146387038,1.4550381651038096,6.792008418674411,4.037771411435384
149306336,0.0075298944769174175,1.445458466524302,10.038214292308258,5.2185566495030065
149306337,0.00754134901138737,1.398088618245104,15.090512914826805,7.0917310893448295
149306338,0.0076050854823308985,1.4366474848143373,14.327234498107213,6.949547700815439
149309650,0.01594490416638327,2.2996793159455433,5.5279894069513125,2.5310824157910092
149309652,0.017696233256648288,2.4441238102421243,6.636107506897901,2.8372132412567317
149309653,0.01589766966977821,2.284607122669622,7.906979871471719,3.167344767074256
149309654,0.0157596550363447,2.288251470838535,5.510308837548303,2.517833858971135
149309655,0.018249654418993733,2.397525938072142,17.45021288514413,3.435210854420765
149309657,0.015613514509594105,2.2753441141146173,7.92616741469694,2.871029231915777
149309658,0.016963820746641465,2.578500714353998,9.350124483337746,2.503486422787961
149309659,0.015774645588855146,2.432157660945599,13.647257843380482,1.6319542656041142
149307714,0.02395650997167173,4.316322869801108,16.5041546803622,2.6908347600113656
149307715,0.024902454481887097,4.55346037555714,14.708869311795073,2.9524212370073184
149307716,0.025971665377129593,4.928714613511486,39.40198158516102,8.26896678469939
149307717,0.022867707839746176,4.38864914111064,18.211152899753,3.994225508089757
149307718,0.024187682123918648,5.218161198838564,35.70179138230921,4.719561181603578
149307719,0.023960749579827502,4.601229235046877,14.992014755548478,3.7567880941154983
149307720,0.024172966198632077,4.674538974694318,12.38509025456921,3.140854038213437
149307722,0.02330791934871844,4.542209300813351,11.68602659531826,3.184585962505847
149308206,0.020156991804410974,2.3644421310776402,12.272948967500218,4.3337064401085055
149308207,0.020145726491268032,2.4624315686137286,10.48666487634669,4.080778029242126
149308208,0.020266268550103,2.350190949025501,10.975369533069347,4.284470471762995
149308209,0.02019185066823534,2.450380851994941,9.565803983679364,3.959452062208292
149308210,0.01999653394861725,2.517409042675841,11.71151361705181,5.551821668061861
149308211,0.020054619726349712,2.507862949608688,13.325986286999521,5.485804139452143
149306998,0.016544127666621052,1.7545552366122115,11.196290642976393,1.8103097093587626
149307001,0.016267659176735057,1.7560893680221763,7.319281254412721,1.7838726003644427
149307003,0.016567900114287833,2.062030487713157,17.415604268630585,1.9586890688450382
149307006,0.015860094640049758,2.0526583534153158,8.7120928160174,1.9012422668817615
149307007,0.016906190216575856,1.5845334808775806,9.313310768767744,3.3924041013823945
149309147,0.012137331762679664,2.3658075121194173,6.850227530210627,2.9121409353211414
149309148,0.012036925870079668,2.3436451363170185,8.200758619437469,0.7167702288578964
149309149,0.012610775618598068,2.43543534319157,11.116794752411883,1.311299737461713
149309150,0.01242472420773403,2.411841667749512,6.205122301658033,2.210542910265705
149309151,0.01347984000630733,2.2721208148628205,2.787293969097808,0.43345218526817664
149309152,0.013801133013422348,2.599337147675813,10.585187359030513,1.3309005417720758
149309153,0.013847127888796032,2.409208756675933,5.324785428277155,0.5814297598278848
149309154,0.01200799805263476,2.4396820540220823,4.844506942254608,0.8881860518789199
149308721,0.01393425847561664,2.4667522312253016,2.4318713275650463,0.5663688467492188
149308725,0.013930670941151907,2.4707230602970864,2.5775890632786314,0.6944172217256726
149308727,0.01360982982905412,2.511917914707252,3.5110830209001285,0.6660234712140397
149308729,0.013863277332775247,2.55258751311984,3.290384623378771,0.5888287041917242
149308730,0.014028009907606219,2.5422741207340196,3.0174360539226703,0.7411337374464774
149308731,0.01395010179093924,2.5459025027541538,3.0946982433431938,0.6932421473098079
149297469,0.02234722392871625,2.2399959468222184,5.486653064949207,0.8753294733467994
149297471,0.02240210711598234,2.2805370104733256,4.526161059354018,1.0540658587464231
149297472,0.022418181856202427,2.282074355771506,4.568268412782701,0.36721863619665207
149297473,0.022334515828515835,2.2747702562832304,4.54494664656936,0.5490577797300968
149297475,0.022511394741641082,2.430723917077351,4.598643183900091,0.928742295915671
149297476,0.022419575333060528,2.2419074941097823,4.866906513110116,0.4580719502508546
149297477,0.02253269246320677,2.2934614076316655,4.7375358399371965,0.8943776536187874
149293856,0.009452219603659837,1.6468615236325295,26.4386440049298,1.694772674835189
149293857,0.009794407000434218,1.6467135601910465,13.27337410015408,1.6529885633876926
149293858,0.00977196943983197,1.6521754055770173,13.235324376412914,1.6655278953688553
149300236,0.018194272473138366,2.0439554850323596,5.415037403992884,2.9626946319981897
149300237,0.018149522111465637,2.049043503735301,5.487715025208572,2.9514806382726015
149300238,0.018672857547778136,1.9210723315950673,4.257082954455095,3.293497557089718
149300239,0.015197650840668169,1.9912267798157033,8.898674952398443,3.6706115849241057
149300240,0.0179120447970107,2.0829902538517677,5.445000724001041,2.720106446297296
149300241,0.01514250725407998,1.9555153543344244,7.3033770765317865,2.8937773078103586
149300242,0.017865515214581518,2.0901822668556194,5.781058360202684,2.7490707086361006
149300243,0.02147691795372973,1.7816046510441363,4.4271905259922315,2.8087906280203963
149300244,0.018376960054844113,1.974615336388287,4.28843448780313,3.2023249618051346
149300245,0.016063613737174725,1.8044276943526554,4.934340554427678,2.9813721524922743
149291783,0.009901736774146236,1.579363868127042,6.272349386101232,1.2927586519217462
149291784,0.010322205696880386,2.021528178417167,6.98807627224441,1.3581968603428325
149291786,0.009820144782368574,1.671993572722166,22.685269040336774,1.4266521595987842
149291788,0.010544985506318928,1.5899588303472996,23.79901597875764,1.3700285060098276
149291789,0.00941361995786646,1.4372809617529783,8.022330737255478,1.2196119860619246
149291790,0.010132947972557088,1.465981873749352,9.66613195008625,1.0819429600616144
149291791,0.010284225368440349,1.4774534594473876,9.632128938599257,1.141056423854584
149291792,0.010296248266697807,1.4045918829554422,11.020267988219299,1.152674123263043
149308903,0.013461169510527185,1.8310970094116303,14.417987697911189,1.3884612046527123
149308905,0.014650790594995052,1.967224515870189,5.069440874326946,1.3728950585537263
149308906,0.014948050191903648,1.897363714856923,5.588967927604568,1.3377488024146262
149308907,0.012866836676633638,1.6267801673349416,20.427846540747034,1.4032050265748341
149308908,0.012593764311394851,1.8641524251627388,5.837606626483966,1.3487693645459549
149308909,0.013256723234786738,1.875534736069531,4.842670867529177,1.2483508261715155
149308910,0.012524249063225308,1.7942874616801905,6.408604311090224,1.4646323785567885
149308911,0.013491380113784751,1.8808249893960882,3.9585666520101355,1.3048732974651858
149299134,0.014416121543051363,2.0141535558369625,8.363949579068867,2.4132049530201716
149299135,0.014583653601871114,2.1259673319856858,8.850056226189096,3.3763409364938655
149299136,0.015626634472569165,2.184406930708061,9.79140069048658,3.8935549416583717
149299137,0.015270919251126261,2.123539656592135,7.379126596391387,2.583713204254356
149299138,0.014989009980807433,2.1033003731080164,7.563638098781675,2.5763541337503217
149299139,0.014683696802131663,2.049161218022023,7.985279829861848,4.445827957836369
149299141,0.0150256941304265,2.1600704092400393,7.586499268209147,3.527858142520225
149299142,0.014871580788509387,2.157796393515148,7.1186423629498075,3.091153858294503
149299143,0.01477087939119972,2.099167238129773,16.863620976357996,5.316210902074015
149309739,0.016637010099799607,1.269785238280723,4.389397074012275,0.7561072918136078
149309740,0.016632131269552965,1.1311079785817937,3.55582575406757,0.5552243910307636
149309741,0.016733588911445392,1.3218217080388843,6.97945469332513,0.6448214489186713
149309742,0.016955071878037766,1.2029898742283953,7.332826148568851,0.7397579173353711
149309743,0.016778550225154433,1.104381809386501,3.0491953207426388,0.7674681284333847
149309744,0.01685111584452992,1.086083103459632,2.253855106762014,0.7227004941472474
149309745,0.016984286417610767,1.234296272522184,6.984801069130362,0.5353806942182511
149309746,0.016763747638357952,1.131291901256552,2.502012940660388,0.6874734185234859
149309747,0.01686059381301884,1.142088960048307,5.106900412933444,0.5767919655602247
149309748,0.016862609577577566,1.114418834314351,2.1930959186400147,0.6130944111156708
149306516,0.014591671145735034,2.011130834420732,12.846195532391459,5.479844153958482
149306517,0.014158095418261045,1.7368307214038055,13.842203108231628,4.2991995383283195
149306518,0.015365997463307392,1.7772228515828266,12.198745968129087,4.494750554189914
149306519,0.014837259888124172,1.804120725750173,9.491015524734042,3.828485437315888
149306520,0.014945747783323771,1.7704542807653474,6.440674493197572,3.141738262866052
149306521,0.01432695543382769,1.763054164302243,11.965999199192284,4.52339377997425
149306522,0.014812169987612877,1.8362251455891518,9.904961303126106,4.2831970019434085
149306523,0.01413293000284672,1.6501906031543103,11.660555039690934,5.031358945857334
149306524,0.014892763464060824,1.9801750511618348,10.741489751296093,4.469865166899656
149306525,0.01574706088144003,2.0156941201764575,19.28986497873599,3.114834841035547
149308027,0.02109359552684866,2.297664731682114,9.47515294391292,7.361039974842368
149308029,0.020992272732773508,2.181741919859495,11.833259380945295,8.877351358540713
149308030,0.021026924671093142,2.333651412433462,9.664388487334742,8.097709244890511
149308031,0.021000708409585286,2.3591232748537574,9.471972729241308,8.05896987374923
149308032,0.0209742091685304,2.2072023487505166,12.424098776729716,8.76451164403978
149308033,0.020900963966071762,2.3424688219395566,9.688408440509287,7.564172830169806
149308036,0.021025346431722627,2.2100972870375895,11.821370213090072,8.67852951189045
149309679,0.012281262264162351,1.5509456086424636,4.963233653726777,3.2678600741556227
149309680,0.012670148360553983,1.6021251334365396,10.537290068250746,3.2268415425423944
149309681,0.012530999732473671,1.5938222341229362,9.328907039831133,3.218257852536723
149309683,0.012840223075741926,1.6213906199334895,5.773994327259599,3.91512517022346
149309684,0.013313029581635175,1.6368699584190793,11.130872709094522,3.775560253194483
149309685,0.012955885321872414,1.6586131249711469,8.386812129311222,4.400424700979398
149309686,0.012207692894162498,1.5568314554129081,3.4800201112096456,2.9390125200873976
149309687,0.01311510650161678,1.6671428245026843,11.98934586319694,3.1145902472261406
149309688,0.012143150762333035,1.5675877937699032,3.2844856406466807,2.608848553000719
149309060,0.014412943722090685,2.0124770045673155,12.989935121163432,4.0709726012424605
149309061,0.01612447830288542,2.0424491695067433,9.279815980816943,4.035365771467947
149309062,0.014967303302795224,1.93355087157485,6.880082621505899,3.8494591850655984
149309063,0.016102063223941063,1.892389193982119,10.862219867148179,3.3281151524507564
149309064,0.01654820861039331,1.9001053621899784,10.622917317301368,2.2173883836406345
149309065,0.016670983371436375,2.466094438976135,29.166878918393795,5.550429539958973
149309066,0.01655371568075057,2.30787406474126,19.34257142735117,4.265830186354428
149309067,0.015917632378537848,2.2138255203662256,15.33622018027027,5.018096608143879
149309069,0.016310745223398655,1.8750498422547717,9.909807320367568,2.015550024040272
149298815,0.01597089152956757,1.2542821625553267,3.115246762001844,3.867250160068647
149298816,0.016325051093779897,1.339566606380887,11.076827873579013,3.347579641272537
149298817,0.015840717667575686,1.2449741389765936,4.116873762116689,4.4815342239307645
149298818,0.016144533095022513,1.345859355385228,10.07424058824397,3.6137534896553074
149298819,0.015983365185512383,1.2865490855316926,15.159032974916968,4.436200902944432
149298820,0.01650187306827194,1.2501820262213954,4.426830151990609,5.593877982403722
149298821,0.016193024938361365,1.328457272205257,7.848755124543662,2.969011180988797
149298822,0.01627164995004946,1.3371716586587161,9.00596899933621,3.169379832279266
149298823,0.01587543507230935,1.2237632236604832,3.641326124079799,4.296056459360903
149298824,0.016108406294617617,1.283760123783855,14.074480976852996,3.147876587138298
149293649,0.0349768300988018,3.082805145614583,18.235577985319573,
149293650,0.0322534575509142,3.4067494634104936,12.566729949265435,
149293651,0.03533768555262789,2.919152276029377,8.18821571367288,
149293652,0.03788228042632945,2.700536738723462,7.1601239978564974,
149293653,0.035909534283765324,2.9062770809881338,8.659024082575398,
149293654,0.03695343408331059,2.9263271780252347,6.451068671140475,
149293655,0.032672876526230646,3.5908945744616827,19.17665688463669,
149293656,0.038260861638093994,2.7599112898745455,8.095833571052182,
149293657,0.03610262287145536,3.106980764440753,7.181467016986781,
149293658,0.03644267360095988,3.046328332454035,9.815639162669942,
149300573,0.008370279959547013,1.5334793726541243,3.740813094160882,5.865429428137511
149300574,0.008526649304564303,1.5530831356537043,3.8305274205299367,7.05610580398259
149300575,0.008155902386159092,1.48932396811364,5.057103908418649,5.927088576153024
149300576,0.009882788534992743,1.7136745210230866,20.299197111452937,27.27628374201008
149293956,0.006320852051196594,1.2610210538552205,2.6889755832129723,
149293957,0.00653495143228245,1.2191005492542832,2.717360265619905,
149293958,0.005835800569005239,1.3537037287641904,2.3739102588664727,
149293959,0.006592105548396997,1.2142625817132644,2.8523691830061133,
149293960,0.006317499871679564,1.1899592918492061,2.560964734469957,
149293961,0.005790986520658628,1.40066038428562,1.9124830935771877,
149293962,0.006365911925541967,1.235483727766643,3.1015295825894906,
149293963,0.005999558296671674,1.360314405592733,1.9792253462339318,
149293964,0.005863153774279194,1.3891662223286598,3.8062551580974002,
149293965,0.006224608640518988,1.1929288345704028,1.5652039736373233,
149300080,0.018475686219031187,2.7322784216287417,8.833100761792032,5.8794410346314345
149300083,0.018428871806918632,2.68175641879734,8.789800453639696,5.857161142855774
149300086,0.018501008004274917,2.5184030840923883,0.7880965804574326,0.5028285333272337
149299240,0.011059752227501062,1.229175483852649,7.358430047092851,0.8398873171207241
149299241,0.0110796083053402,1.2338845554339248,7.104630955340104,0.7405520537066976
149299242,0.011775209921046121,1.2864394569787714,22.031821265023822,0.5388051195518389
149309689,0.014147643383699685,1.7275998464259614,4.069476188153326,1.702972025280226
149309690,0.014079766611647795,1.7130637338323598,4.436782693482018,1.020183887030435
149309691,0.013305945219066943,1.7746256144156243,6.994411144615141,0.854399161482142
149309692,0.013507325096271715,1.971817220584406,15.93054448378233,0.7494808535625938
149309693,0.013854085237589577,1.957170960439315,14.96653136769539,0.41036794711949764
149309694,0.013893508739722074,1.7718370100729453,7.3911132936681545,0.9848304650932179
149309695,0.013815259187230445,1.740403248566973,2.0241268700014063,1.0060211655617284
149309696,0.01385393189062416,1.7829720725728035,2.0914655669094926,0.9659766945087377
149309697,0.013071445093648227,1.9762977240662074,14.601507434338984,0.8392608439440156
149309698,0.013000341085524012,1.7640387641538318,4.677207984319247,0.672742943700143
149309831,0.007543192730720572,1.9002056244271421,4.122207498267482,3.1587684038901616
149309832,0.006988172388137757,1.8088709589029792,17.43238596223324,7.589981693736285
149309833,0.008930917784553353,2.0678704180159158,3.7965135180510954,3.5452599973554833
149309834,0.0074700350866043,2.1458594905919166,11.782169350771731,7.2194716894568405
149309837,0.007379998280515525,1.7067274352824906,20.842047211937626,9.988642250824583
149309839,0.0087606766948361,2.097004323068615,8.163108636603877,9.21272469988771
149308482,0.018460222142576383,1.5016538796636199,10.460682962960998,0.6650543153010954
149308483,0.016007257997587794,1.7686042581803647,7.805593185516514,0.42433327498939355
149308484,0.017564646541693128,1.4597293977855987,9.197917596355174,0.798956810043957
149299229,0.011914412145895982,1.7432581796295155,9.503804722466946,1.7533796110447792
149299231,0.01202312920563263,1.766727719140874,16.107190197299214,1.1749274719474083
149299234,0.011537136913618656,1.5986388983502544,12.777523243625078,1.6288892183194388
149299236,0.010848454419957463,1.634775347621609,11.582071149809254,1.1552936183252183
149299237,0.011085850727592756,1.56345283903711,14.51002252903248,0.9973576707048796
149298088,0.008234724920852005,2.0233226027484306,5.012440266526075,3.550447837280594
149298089,0.009747018418060166,2.3335743992232922,12.857730180761699,10.32572386831802
149298090,0.009172611472539494,2.185363788119484,11.71938386815046,7.311635745271463
149298091,0.00843553462689508,2.1929978981202214,5.8540178972578945,4.153234146678916
149298094,0.008224911015073458,2.025256713214999,4.793190543839635,3.560418849160323
149298095,0.008724381606689776,2.1157537750520268,10.68415984133303,11.176894122494174
149298096,0.008634230882687298,2.0978095718064473,13.868798863763585,15.002130590724539
149291606,0.012380739979560079,1.6962562274987454,9.819647497933138,0.8317891206763071
149291607,0.011727536587398784,1.765489056757987,4.2039595132655325,0.7677967927706875
149291608,0.012197556260640325,1.7627030624367555,3.6915639087222334,0.791877569981053
149291609,0.012212548740300616,1.7618346880532387,3.7446593210935357,0.7834480665991509
149298240,0.018749525626244157,3.561544351280469,19.95991644485487,7.941064482883717
149298242,0.019164349622184686,3.531803028282746,15.749512368733702,7.674504620545207
149298244,0.01830882069055745,3.5974843943690638,24.252717227298813,7.849186465056729
149298245,0.019194453370164635,3.5763070876780243,16.853025011779103,7.731517641895128
149298247,0.018952213598392303,3.536681207831513,16.07775563037199,7.7177218884938155
149298248,0.019035535767975186,3.5500951887844985,15.714309017027013,7.64471568836823
149298249,0.019125497118065635,3.5392766721993207,15.8203113264443,7.886237894683211
149297675,0.017223238516083088,2.437249179718137,7.346667383991663,2.827986605727777
149297676,0.017401616452029044,2.535424474469173,9.700583266301386,4.260805684875059
149297677,0.01944814343467058,2.176195429146269,5.853329502866674,2.224432355394266
149297678,0.018499302812201086,2.4310508103528656,8.410980003591389,4.5989479020182955
149297679,0.019120336883117803,2.4349684603395922,9.951171525045712,3.367804203017408
149297680,0.01837623959260861,2.3136631608993645,6.240369494706977,2.8137915093682464
149297682,0.017251767782265122,2.455851055106186,10.603382583035547,3.620290618733333
149297684,0.018134830421196353,2.5208717039980466,10.040951574205403,3.8153517783594832
149309167,0.013716298993524167,2.335314730068455,22.86030296754904,12.99456615525286
149309168,0.013429026231562924,2.3646550527667545,22.977489515375648,13.489211215870878
149309170,0.011916675076075163,2.0291940059177462,8.757468102354833,5.173039357342569
149309171,0.013981089409475421,2.1236784551767096,9.646910151978043,6.83428249672
149309172,0.01414620150809802,2.1266766068610012,10.239513833785542,7.349629923974748
149309173,0.014093152266715928,2.3441748623708967,10.926068409763918,5.003747261502365
149309174,0.013941673406085018,2.3325494635555426,10.741492418369205,5.2175061601036905
149309175,0.013508398674907676,2.3832270423448327,23.265660205123414,13.513767858954125
149309176,0.014020927614943529,2.3560446672606155,10.62242251518722,5.574437849221472
149306349,0.02053257639841847,1.902371313417562,5.216830234671325,3.573747734140902
149306350,0.02032943158591055,1.9143415981565195,5.152302750668355,3.7526167518548097
149306351,0.020073164088071655,1.8914055236170377,5.633670616439694,3.2900062130495225
149306352,0.01989997315000363,1.9366129574741575,7.029294433122831,3.803653735751677
149306353,0.01997254252456621,1.9760623638161083,19.428628430320828,9.296563322479622
149306354,0.02025192686718846,1.9195103982137145,6.8176104865004685,3.7220436493648075
149306355,0.020291847130547425,1.8033484576667906,7.955866704780003,2.9457241271810264
149306356,0.02032239220207223,1.917682991810345,20.36388288615034,8.995361971162778
149300343,0.02798907501746257,2.5871534979901543,19.1304971655203,3.9678048662178593
149300343,0.02773418190363223,2.8401793444567094,36.88642438108194,7.2514126547686715
149300344,0.03012471468489617,2.7127886527147558,34.21531999906466,3.1458701672567737
149300344,0.029471871681027342,2.9219412494696377,49.652941498132904,3.497266247946641
149300346,0.028196560304607012,2.991619485845766,53.873570160163716,5.461436040746846
149300346,0.027379148931620006,2.824314920988557,48.824827022209526,9.271055984422246
149300347,0.028619172296832092,2.877175816190239,51.078465626003734,15.030038004983544
149300347,0.02823461808612557,2.9719557285465807,59.73011490465738,15.187742456550161
149300348,0.02743813851619222,2.754395455586207,59.16156845746207,13.732223309857316
149307573,0.013976948451797295,1.6917686305672233,3.7649271290113777,1.3800398991213667
149307574,0.014008831442646055,1.7039859945204354,3.6364643039845577,1.451788212437742
149307575,0.014766948702534907,1.7122367620759353,10.70193523092663,4.357873260117998
149307576,0.01467748858693649,1.6877769879287277,11.628421236880913,4.615248141259194
149307577,0.014719433637443881,1.7103777098343402,10.955472936529427,4.339758908652259
149307578,0.014667497010830829,1.6851383221024288,11.113724519895937,4.494434065602952
149307579,0.013834883455348553,1.8751340861132342,6.108255586367604,1.9784599598877708
149307581,0.01517099175893723,1.6981899104172096,7.559003565448949,2.395177595299017
149307582,0.013789258044417245,1.919087994866681,5.677021941547183,1.8464249186926613
149292782,0.009855290331939472,1.3633068675985591,6.400443340857079,0.2497663226509643
149292783,0.009660943562937334,1.3595206925814523,5.859848701021417,0.3411188732281653
149292784,0.009517137982197627,1.5509048336335054,1.8420496780108688,0.4295679410363436
149292786,0.00920380735288605,1.6589063584744392,6.240202979717716,0.40678393235266197
149292787,0.009471686954077742,1.6016032336961838,6.793615750012268,0.31076079608225415
149292788,0.009582463939688143,1.4791840877696665,4.097959121151451,0.7034739295400532
149292789,0.00963929882439298,1.3870362397337082,5.053118633754937,0.7256596719226518
149292790,0.009571803390506324,1.467149307210345,3.6254813743589778,0.65914953961053
149292791,0.0095680763276852,1.475194678638661,3.426629556180287,0.6790671580958724
149293077,0.0129898099201055,1.5576528116946493,3.86963530278209,1.976302571928583
149309564,0.018271620480951045,1.6660718679680886,4.5623524479981645,1.2659925698226482
149309565,0.01832835623762244,1.6637421046841432,9.86254046872263,1.6541962501241991
149309566,0.019597587961442172,1.6305849130266528,4.710199138261895,1.4022096933502306
149309567,0.019409370778976857,1.6521020264562245,9.300793675270201,1.6855174377735258
149309568,0.01854865579928343,1.7128204180971065,6.493562635792614,1.288689128955353
149309569,0.01854175602398976,1.7452334267955245,7.377172308682265,1.352616931132499
149309571,0.018379413673102807,1.645912074179439,5.417714945996626,1.3909827434634954
149309572,0.019934123983589836,1.647104958652651,3.508456989903175,1.2523247209917043
149298641,0.01915303994844895,1.9569077978044098,7.679844594200378,6.399691999754661
149298642,0.019034651268460236,1.978349728758322,8.376510735927052,6.829535617994718
149298645,0.019169947649361703,1.909006847041192,7.554435946114409,6.463138704071075
149298646,0.019204257256679205,1.9137539836163666,7.295541608933892,6.422846511174374
149298647,0.019219988355366587,2.0093243840204975,9.442442627458743,6.9525473926304
149298648,0.01920488099699461,1.8944476351035444,7.589223299223764,6.468157603304797
149298649,0.01942756398400307,2.0180824373823154,9.639862261130183,7.044200451834793
149298650,0.019150428980488864,1.9031167973947323,7.640064423570653,6.4987669977607965
149299977,0.012478615881658687,1.6787565801312032,0.8974487498689152,0.18337172570535074
149299978,0.013258718030619586,1.625351422178378,0.6706383462016837,0.047879990662240135
149299979,0.012426508834276196,1.6730842692686734,1.1457883438362217,0.2465791816892297
149299980,0.012430008696591088,1.739044631085417,0.9548201082048222,0.03145965006113854
149299981,0.01320356344709358,1.6163150576304754,0.7681837645327142,0.14827396322070682
149299983,0.013209321255545844,1.677809655653607,0.8766261509837215,0.00863922863510467
149299984,0.013247382556695724,1.7352483603078956,1.1194893865274662,0.1909977500271311
149299985,0.012597169457653937,1.7711173095291515,1.3927082851377446,0.6873776652493515
149299986,0.013220830066284307,1.7374873080233713,1.1148091586643838,0.18109471812110298
149297939,0.011220853237472466,1.4394700380241567,3.345335637612009,2.8593116713194546
149297940,0.011552893871974543,1.4635549402330803,3.453768746034057,2.7762711614113775
149297941,0.012047774830853779,1.6525523680759127,3.998633383875146,2.016679013824029
149297942,0.012097685352988264,1.5591055925012751,3.9537449625043917,1.9471575781056296
149297943,0.011387677764291775,1.616442717454248,3.847325290380635,2.5568482665199315
149297944,0.012275067882006118,1.640358581821811,3.5498585435622587,1.9537375795835545
149300617,0.010336986485263875,1.855329468436341,10.44018854354014,2.6680874398286436
149300618,0.010324606607678869,1.847356050838717,10.45239594906213,2.441204308586756
149300619,0.010388896963382193,1.8579985056503079,3.7201131989383556,2.333702300815792
149300623,0.010317709706549666,1.8396686704136587,9.58663022453574,2.6641202023340047
149300624,0.010376012319386554,1.8459335063624844,9.673784474411908,2.6169113748905093
149300626,0.01096811129434166,1.8475738964719348,10.621572770280482,2.4887837913768642
149299091,0.017642761688581112,2.3095149636029597,8.688363016767823,4.348166415396433
149299092,0.01888191321083272,2.275913648572743,8.840890107403652,2.6292327791994454
149299093,0.01774708139004683,2.3180856314867877,16.529935049973336,3.3370001963014313
149299094,0.017444561282688092,2.359676909543928,11.619368046840417,5.532596657925968
149299095,0.01777214930211126,2.3361557911623514,12.287695172961339,4.65014516922153
149299096,0.01704328038831328,2.2120821365427212,8.037784977981403,3.267575025309668
149299097,0.017535822293172007,2.301804487949934,6.899591779008889,3.1205656704035265
149299098,0.018597452101357687,2.29119792077288,5.99661085526916,2.4376038422136608
149299099,0.017171655601708948,2.1933010354415163,12.627949408675207,2.301838735027445
149299100,0.01685422509153781,2.5135647180518705,9.6480883918055,3.8198758252721
149293088,0.007043711643662946,1.2319676864659086,3.107838736152904,1.5878091120004674
149308830,0.012111624856540519,1.808955962045741,4.017702856199762,1.7915651229157326
149308833,0.012897736063319521,1.943532709088001,7.0233665798860345,1.7661747299322152
149307151,0.007748456170928009,1.3572763283465874,1.3919516487632155,1.1235050854241504
149307152,0.00790900448867393,1.3429601728456921,1.260301022669985,1.0445523976287254
149307154,0.007782658724329759,1.3598710184900147,1.3636114968016257,1.086460367366464
149307155,0.007759301123338316,1.3614087020608712,1.2612101320037672,1.073677715492546
149307156,0.007774807434570824,1.5602548088336967,1.8899335452907984,1.1098405387662278
149307157,0.007731650384660733,1.5410824605304096,1.9475018254711112,1.0485451558978884
149307159,0.0077733114845333455,1.5362290985702323,1.701053814175686,1.0753172121693697
149307160,0.007927554978561631,1.348614582977293,1.195197700545831,0.9025854927767268
149293775,0.009774689613777105,2.0996118353068294,16.33362532955549,1.362612767650015
149299246,0.012033085022287282,2.049926206639425,11.590159639472596,1.139025280767476
149299247,0.01238937462494224,1.8777445350972533,11.345026025586249,1.071358274641857
149299248,0.0113931176266856,2.041914644756022,9.338396978047857,0.27438362670377964
149299249,0.012281689951305724,1.9365439435139684,9.89233660407983,0.5698135868863012
149299250,0.012426851614077172,2.0218554933415622,23.536416839421765,1.3402210390595701
149299251,0.013392378187610412,2.029355587298773,11.159125236345153,1.071422569635786
149299252,0.011597836286359327,1.9156626717715484,20.34022304336274,0.9017878152975956
149299253,0.012850668260837667,2.002350133822284,13.34576926227153,0.7940872435644859
149299254,0.01228057336388068,1.972633280356462,13.459099385332065,1.4938656650731938
149299255,0.012934899109058241,1.9354623823845245,13.013913565518534,0.7497093082162211
149308180,0.01604711410933139,1.5861404414224796,5.794161662743911,4.065833878084061
149308181,0.01621680841548753,1.777308236398014,9.056919836554714,8.02611043329003
149308182,0.015423649066436413,1.842183434580281,13.752432416067897,11.757004293726265
149308183,0.016280217785355298,1.7280401453194572,11.763650774207608,5.955792951945002
149308185,0.015692246439398747,2.0173348730741534,24.14663857177989,10.508935269326464
149308188,0.015797648353809025,1.8687198803137546,12.100616386678164,10.499097698920615
149308189,0.015776833019361357,1.833057264676173,13.50267960931896,12.439606543579188
149308958,0.011731811242351089,1.5653547432599697,4.155630666785002,1.8536412164201452
149308961,0.012848875161883145,1.613637523902303,4.64288881075015,1.9069378221140314
149293993,0.016245394895009636,2.842671586061954,14.78607777051632,0.7957814165419315
149293994,0.012747267179461919,2.1540206376194475,9.919507346868183,0.44784326044132305
149293995,0.010840190760073531,2.7745987231907168,6.889885012685927,0.7855027830256238
149293996,0.01531625059581322,2.46880833967465,13.793993897128091,0.2483198671728808
149293997,0.013497399940043566,2.448292636248744,10.058693980512238,0.7214799358271362
149293998,0.014311468187402532,2.6031068056950253,10.535051082727744,0.6897884516220167
149293999,0.01112534509488431,2.8938519395353164,8.01286007051609,0.8442358441715591
149294000,0.013273175411532731,2.3304831578302636,8.066952028750775,0.9832232642109543
149294001,0.013061797146885329,2.4377898066134547,6.664870809480218,0.6520073624192235
149294002,0.013213134171533372,2.624862701147353,7.564326166785667,0.4831521395571211
149306938,0.014126569923775114,2.0974672942735184,4.370664660871221,1.8675110807288429
149306939,0.015092233651092525,2.119892905039219,5.2959308761484305,1.9710716405701432
149306941,0.015090062536358827,2.1260294513510507,3.6642444086635377,1.9242483969060717
149306942,0.01515453934729741,2.3036148767462423,7.906578285182197,3.4081826926826877
149306943,0.015056959075414659,2.228129380592246,8.21503331074812,3.123267594864536
149306944,0.015333428416807461,2.2030680841061305,5.481434353423416,2.1601106128221237
149306945,0.01429525510721871,2.255206849050184,9.20649150582641,3.7301266887010733
149306946,0.015220671845810916,2.211821950338285,7.6506384190249985,2.9016054984292268
149306947,0.01413052485651615,2.129631239108896,7.372588242757185,2.7714582891825073
149300516,0.015027327258687745,1.8945094405373282,14.11391328446352,3.783203456588796
149300517,0.014138660064386932,1.8590886484327767,12.366851245879435,2.7713685188679555
149300518,0.0143760291586776,1.8359682457711366,11.40405149473941,2.6285758998252886
149300519,0.01507439749901964,1.9325000286538343,19.331797253096685,3.097401491976967
149300520,0.01580417082140963,2.1419051744277606,16.12112751299556,1.7628886612264347
149300521,0.013991186924735378,1.8070092835064893,11.230768614334908,2.5438699558716613
149300522,0.015392187471182539,1.9065575169219728,13.011052248637295,2.984362216331082
149300523,0.013874713704708337,1.947432350160996,18.338266562665012,5.440982769306834
149300524,0.014417369121959431,1.9990799920931124,15.859654554622686,3.92516764121998
149300246,0.01816520057277188,1.863549300093868,3.699112987155361,2.8822331272677144
149300249,0.018166572286917076,1.870274485145634,3.6535359455001637,2.8661105115006764
149300251,0.01801845470753481,1.8781230650260292,3.84536889370241,2.9654883900810782
149300253,0.0180256811957309,1.875561040140516,3.7728654570142695,2.9339397635535542
149300254,0.017162946169396173,1.8579000857745933,6.626189437532585,3.101257774396792
149300255,0.017463695577109133,1.8119259716461351,5.92983490436793,3.133913983411889
149309213,0.04134347424490671,2.5264879676195564,12.668055342968655,4.119145568864198
149309214,0.0408598876601967,2.9306124054557885,17.235992567120405,5.334371856634689
149309215,0.04033722725254686,3.141948909709645,13.958528465831884,6.213550968955211
149309216,0.04124919962730164,2.497385489783159,12.544867899258563,4.184697393179381
149309217,0.040781649760820826,3.1526746779840478,13.928557379826017,6.164068363923728
149309218,0.041685077410287256,2.6857720549110478,13.282651293813858,5.069991123723593
149309219,0.04363581174711078,2.886531367633233,13.869266875247797,4.739414802791511
149309220,0.04017026267297443,2.7945825865527665,13.086797988189744,4.970466824488558
149309221,0.040434383542437294,2.5634338673990147,12.626645679248227,4.254647283269639
149298581,0.02063829527553433,2.3166215043294818,11.959977171880887,9.484927571351802
149298582,0.020521597910305417,2.3757923489554726,12.141198992899904,9.756645905595509
149298583,0.0208612278938736,2.069864407063453,10.099375255643722,7.03118558393154
149298584,0.020774617360073275,2.0696254965860397,9.780180914423514,7.182257539448249
149298585,0.020569982286749087,2.2852077430098436,12.512182869775268,8.650240613804188
149298586,0.020655573927011967,2.232723365272983,10.936120751204369,8.403030093343316
149298587,0.020615853500124917,2.2496516850992596,9.970494912845137,8.476759604310079
149298588,0.02061935098461766,2.2356015573193075,9.455787879522768,7.96864784365107
149298589,0.02063054404430177,2.3366767809983213,12.160404812576546,9.448942540566353
149298590,0.020388771419505732,2.3517005898466876,13.290139355565234,9.308068360405553
149300134,0.010774114875804264,1.501614667031023,3.49305828493692,2.055104943291991
149300134,0.01079639373314438,1.9495911521614984,38.57733146466498,17.558384146787354
149300135,0.011035419563057914,1.531278400303122,54.22688371159471,1.5704551180171196
149300135,0.011696380251046948,1.486418148744632,18.942682353043956,2.2679231319360182
149300136,0.009737270034204947,2.0728483247060034,22.97275374642773,1.9941303526071101
149300136,0.010517420533192363,2.3603262070956643,49.93234816698647,2.9223801693307494
149300137,0.00920199201847867,1.950311424751177,53.99634770636437,14.187386301384455
149300137,0.009432137844098637,1.6462977775279917,43.87927973810418,2.756036077282252
149300139,0.011956450308462622,1.9129824595285834,42.73004711735838,3.6968515501661945
149293066,0.018041853652976628,1.9618167895995897,5.076164625209174,4.832049991553725
149307522,0.019672873530420482,1.8375332293854119,11.990202271969519,2.4366658966410912
149307523,0.01950521727907858,2.1926290431763267,18.79039059520766,3.0386881507242163
149307524,0.016600379328350286,1.7526519864768602,13.364272351231186,1.9736328038723208
149307525,0.018713195725074225,2.2186924509303574,17.086082573594357,1.662528610198377
149307526,0.019374024726318346,2.0077430053152687,17.78677381798865,2.5862470582294943
149307527,0.01857528280526724,1.6999314886066272,12.18910404369653,4.197353974792655
149307528,0.017848108052181937,2.0041355916241645,13.871959499536318,2.6040351353551974
149307529,0.019316473381426898,1.810998451310388,16.001920871487822,2.5712311092776003
149307530,0.019062004434804887,1.9413235001135243,12.935041439857489,2.59370082913258
149307531,0.018681573991297332,2.1884718119616515,14.217492348760873,3.4831778500868653
149291604,0.008155190488813779,0.6528600962452843,1.4269944010455624,
149291605,0.008823877473077009,0.8246997328492935,1.5346114878529538,
149306803,0.011752192682005617,1.7699887898546565,6.1451689395313736,4.757485811862531
149306804,0.010765587776482783,1.7576271896229427,20.07888048191153,5.5777414751651415
149306805,0.012103525701346374,1.538076703272823,5.341634758522779,1.8806473771497252
149306806,0.012234475308070343,1.7001196479476242,5.80836317759698,2.692327490220061
149306810,0.01196005958281128,1.8013835978293935,21.540469841041922,12.84684379911576
149306811,0.01281292161747033,1.6904048612253848,12.048003735076433,9.051236302574262
149306812,0.012943924288805118,1.6769198737628408,6.50912182055751,2.0966786530315176
149293396,0.012417099005049705,1.1674377695697813,3.69511434237673,2.7919667657320963
149293397,0.012407928933130618,1.1646256607393306,3.681331888662846,2.8092426449248804
149293399,0.012144865417381375,1.1810519995854456,3.3300315025099585,2.8256549542434084
149293400,0.01195061822035361,1.1633747761866602,3.983079339037161,2.8113573618064405
149293401,0.014022081372757478,1.3680433763753563,3.440380280907387,2.9479084205365065
149293402,0.013576122316172603,1.3076231706294925,3.7200398884194734,2.8371851443471217
149293403,0.012122193446132464,1.2134696762024135,4.068351059770466,2.8625539927366073
149293404,0.011286608884137113,1.1154812549220792,3.305854196618799,2.2731286722997934
149293405,0.013667362056274808,1.157102521165827,18.87397622693774,2.3537331389717564
149293056,0.014117314657805809,1.1936009908019785,3.9994385432957555,4.400313934076012
149293057,0.013469104558352202,1.238857984988348,4.462728376487236,2.0577775225563664
149293058,0.014017406469682081,1.2306319517789495,4.327309435680041,2.1781087093982503
149293059,0.013273175698821487,1.4915953547232046,3.6147662149703486,4.718752871811217
149293060,0.013443110813494344,1.6135704305582719,5.764562716423713,7.073713031169472
149293061,0.013557845414887824,1.2758999664576063,4.85176870411887,1.9985788662620494
149293062,0.013961860243563233,1.4675815653437607,4.1425528724073,3.6103820740787547
149293063,0.01348176741720682,1.6265155219417315,6.090961125756794,8.226804402768543
149293064,0.013452823505017397,1.2440006328511208,4.504055815385964,2.0149449720332973
149293065,0.01391239155991871,1.2886546950259397,4.553003130078768,3.0927478044025527
149292183,0.009813338399136659,1.2921277317360234,3.968004005276866,
149292184,0.009902826105937608,1.287609374110802,3.7277240016958073,
149292185,0.008896112233259076,1.5133279056736104,4.100896836238302,
149292186,0.008883754493165068,1.5165318107511256,4.12164395323463,
149292187,0.009417828035094764,1.4503642518098219,5.0900380373199825,
149292188,0.009321415147709788,1.4646589957892637,4.020186893897694,
149292189,0.009430267300814626,1.4921884284862035,4.40221198997869,
149292190,0.00885917063355863,1.5229657780696044,3.7400357666596684,
149292191,0.009880431255352592,1.2980819400404693,4.453642045894679,
149292192,0.009823116336605594,1.301678285716948,4.308512334032124,
149291520,0.004015164300937765,1.223071622023219,1.406910193541643,2.091843184826319
149291521,0.003992292855056504,1.1544387753011187,1.3939026290248238,2.1022855034220154
149291522,0.004005642725708607,1.152682442681846,1.3481952966150033,2.078306071475627
149291523,0.0039024617216610424,1.0898603367788553,1.435583074486438,2.226940302007748
149291524,0.004255575273766238,1.1223301988834415,1.4999473618301649,1.8536233969369598
149291525,0.00399673146029717,1.1156462635905386,1.3030870062065358,2.1182013148750203
149291526,0.004100777147419208,1.1583297968764723,1.804633404383864,2.050361913486555
149291527,0.003999514261891436,1.0789065651323426,1.3484815666692294,2.197484317790114
149291528,0.0039269433429837824,1.1004194817451038,1.4758802742730808,2.2195489170483262
149291529,0.004046245804972885,1.095969562578538,1.3053717217625722,2.1417293895110436
149291484,0.007825522076324079,1.2740966093795005,2.5249964649537504,3.2540193591624096
149291485,0.007976930972151521,1.3415401350589573,2.9708550628883987,3.5446403310825794
149291486,0.007956481137743386,1.2826764679788785,2.57400034802485,3.2540463597290605
149291487,0.007298231186562948,1.2465169998202466,1.8320185785158012,2.9784389156176956
149291488,0.007153893493852808,1.2218077959923388,7.709578399691057,2.5165809972175097
149291489,0.007217384518673351,1.2419222750278325,2.5115034233093785,2.9924103475645167
149291490,0.006888530427599314,1.1673134935673777,4.115942708406151,2.402265507504929
149291491,0.0071088720341063935,1.2122940863814293,5.96409249275509,2.794372445342375
149291492,0.007210528612209454,1.2236273048768382,2.0277385552985865,2.8908223115334746
149291493,0.0070239941080302674,1.2216714083720173,6.5713719914515165,2.8343496260310626
149293740,0.04176552039004252,3.090966033013285,13.457219708982453,
149293741,0.04174940228462669,3.0908958385950185,13.34319909055673,
149293742,0.04712073380070091,2.4079832676582975,6.5458519571822045,
149293743,0.04163293890323072,3.108780495250919,13.30265546669604,
149293744,0.04208555894947799,3.149405675782111,13.102872841631095,
149293745,0.04662894385995068,2.3327970322277785,7.5110220112058546,
149293746,0.043403519462208315,2.9587179335194618,11.64585345348264,
149293747,0.043353835249059045,2.964373258262624,11.656865122529245,
149293748,0.04321214957721006,2.943137916602076,12.432067345574259,
149299595,0.011923123408490806,1.3689547695742874,0.18420829307602615,0.13649840760559584
149307330,0.013309633783517232,1.3735695532819658,2.268905092610482,1.0819744807825076
149307999,0.015590361264271298,2.573297579103942,8.75495697054846,4.179572439085648
149308000,0.0153699467763097,2.5739773216022317,8.938563778824246,4.98428611625301
149308001,0.01378866555941856,2.417605204077738,5.842982770504677,3.3133952006960485
149308005,0.015540462088423338,2.5462454117923947,8.258905344615876,4.656074707807827
149308006,0.013998629896489445,2.6520685053609485,9.256960744009085,3.3290916533583053
149308007,0.014834672621153107,2.5936769657349577,7.699277017644237,2.321476611625688
149308008,0.01531549824761405,2.5644032990916954,7.834708652510773,2.8083502019155984
149306258,0.011704453469216315,2.366959828421908,8.468732250463448,4.516579951940772
149306259,0.01168696399557427,2.3615486039260887,8.519126776240512,4.4082394458685465
149306262,0.013071407687132204,2.410003553534557,9.664439376568494,2.4467195222243086
149306263,0.012806440431775527,2.3507438464532893,9.228853578628698,2.649894842278508
149306265,0.01283414809147979,2.358867925500781,9.31772730146717,2.93398173730401
149306267,0.013142060200368864,2.4065203826458568,9.442632408387528,2.43357293840252
149308402,0.009995281361520114,1.4506473948234029,5.654539852329357,0.6850814145006865
149308403,0.009920341864224757,1.45090891824376,5.857265547675759,0.7118158964582699
149298707,0.016763022871741258,1.8053701495987549,14.93264200472674,4.922169648191309
149298707,0.015822252502405695,1.5445853461313692,37.99616615499518,5.600042249908885
149298708,0.016800093992170077,2.0948843788632625,28.48622358648721,6.36886546253566
149298708,0.016253229507002403,2.1150317189095995,57.86792951188857,7.793873908478525
149298709,0.01655441540472935,2.0368420888644905,49.21156050708168,4.691785105584432
149298405,0.012060331433152974,2.5844723335993343,9.230798665848457,4.563977028004314
149298406,0.010886562682456788,2.540815299990202,19.333937596555256,11.451020181938942
149298409,0.010652153331086742,2.2271724501826378,14.274357078662055,3.787784800892189
149298410,0.011245944519294088,2.2930640458410156,9.151010604755271,3.260543035043445
149298411,0.011122400199132503,2.645734374393395,18.110782603595762,3.3405117943852223
149298412,0.011001574034145476,2.3783405939324123,11.230984757498149,3.9173855636319037
149298414,0.012253840799684725,2.570985109187499,7.011779116627712,4.219044290036895
149306430,0.017035163717339933,2.1819433588040433,5.291116189386821,0.8515892265876801
149306431,0.016805536152011833,2.185429765081121,4.965397118833571,0.821507885279907
149306432,0.017538472130986582,2.1086630187395077,5.377957297870642,1.04428219700831
149306433,0.017487690380876567,2.1059394106066787,4.85287353523918,1.0399302733995286
149306434,0.017738925709046085,2.2523833998609555,27.982466870274678,1.6619526352836858
149306435,0.017578339760214463,2.2279366720942524,12.34667179467059,2.42381886472152
149306436,0.017373352987657766,2.122976223976935,5.656701225959193,1.1318728701225893
149306437,0.017573369224722923,2.127526749436718,27.759912093744784,1.1406905080543241
149306438,0.017180596377870377,2.2094568947478885,7.96308605892515,1.9976168545967559
149306439,0.01756574070935876,2.2050237438526947,4.737126374008921,0.9785863326251073
149306359,0.008898105671808796,0.9115915465199267,2.0692816392733233,1.114819759198199
149298339,0.009305803422966174,2.153196838626327,7.115046784682203,1.673040825295141
149298340,0.00930370350816947,2.1607718182612623,7.238269891486628,1.6597478324250003
149298341,0.009143089405849684,2.1406761034861423,8.832841046152314,1.6360691963832514
149298342,0.009157774375350787,2.1143436188892766,8.612350372887668,1.6240653167911472
149298905,0.009440873940161989,2.1991788140634965,20.886308008720086,3.0965207375396147
149298909,0.00851293512569226,1.9556939743451889,20.661094274569408,3.5925478643092257
149298910,0.008102746438582806,2.169375290278322,20.08532462931045,3.6832300599750387
149298911,0.008312145087807947,2.166127912017942,18.63053273703379,3.6238300102243985
149298912,0.009628051861191228,2.1303038574027666,14.442410034737879,1.8884754666905679
149298913,0.00959612401284222,2.260191695544818,20.43176507602965,2.9185673029617756
149298914,0.00744801695313742,1.982858252122221,17.598465307116847,2.9372308021899043
149292425,0.019758349085972442,2.240722819085013,2.8058826729657205,1.3170565944559367
149292426,0.01968611786392659,2.2633890127581657,2.81416034903928,1.3265583076799192
149292427,0.01969576661397794,2.238443754628156,2.711825155713328,1.2970735320979678
149292428,0.019767831732899407,2.267448345062379,2.7558090880556416,1.324211221099046
149292431,0.018904936028544973,2.265688747846818,2.5365278072725794,1.1618895470102029
149292432,0.01899740203762734,2.3016155414263473,6.041615925464122,1.4984837270240658
149292433,0.019719886551538477,2.2550801086605747,2.932275237804545,1.3669557907053724
149292434,0.019165786571872304,2.3384131455690524,6.078045179860791,1.3112694047911648
149298795,0.018022952584601678,1.6894101835501638,4.028669636031024,2.7457598744472405
149298796,0.017694121754830497,1.6397258529815542,9.282207344460446,4.316557847967822
149298799,0.01465362619190329,1.844985896272516,2.686418572899168,2.3569841586703704
149298801,0.01828570063788306,1.617715423599076,9.237579599488742,1.5792109777468037
149292937,0.017237475085798797,2.2190422174692706,3.6984035764132837,2.2186491315508174
149292938,0.017670363925860386,2.153791197876201,3.7234821903417936,2.2448664547202966
149292939,0.017021215660499175,2.191122961891815,3.609188722514724,2.105109169320457
149292940,0.017232363928530003,2.231756867217771,3.8705100674212107,2.034104514628161
149292941,0.01764347504336169,2.13026433088948,3.9257921121158907,2.100800350771767
149292942,0.017402106180391674,2.1124946632708657,3.9953757866101673,2.1435472317685873
149292943,0.016991845276145782,2.0987656404140904,3.5912081794849886,2.196277952070201
149292920,0.017641740649696407,2.1965548149430596,3.5480594187935366,2.242211797380311
149292921,0.017360569850225802,2.1910250330222283,3.9718794334375076,2.281776937400759
149292922,0.01704718450465248,2.1383278748257863,3.706038427602508,2.1061501359899615
149292923,0.017334045542814504,2.182765745632622,4.12728176517659,2.0787098988853847
149292924,0.017499320822335553,2.130917435658981,3.8882462692044,2.527771304061083
149292925,0.01853552245539929,2.1843093759570986,4.8924436955777075,2.6359805332659314
149292926,0.017361080179913467,2.1981992156855883,3.9391524388787613,2.2365258684176825
149292909,0.010167200093067779,2.1669264381980926,3.9910435961109823,2.2859994013977945
149292910,0.011051451177880747,2.147099126374383,5.356225180648344,2.1385192989315733
149292911,0.01109587107625961,2.118905194526339,7.230095792119771,2.9406092585967922
149292912,0.010465224991261223,2.2368967897522998,4.144065179583838,2.094273040704105
149292913,0.011276680307760816,2.026174563753591,3.971928240176938,2.3276610261232418
149292914,0.011126225952810985,2.1920291441499984,5.027788402431463,2.122440627195917
149292915,0.010022015912701498,2.097804332019369,3.708806382862257,2.034950009271966
149292916,0.010158687607318887,2.1328586970749766,4.139195386099423,2.260029529690539
149292917,0.010936503354571817,2.1337667934257647,5.251936685779834,2.36212732095401
149292918,0.011301040632467287,2.1529684215644975,3.69506470158018,2.305783652910349
149306298,0.012458627418911856,1.5343230378520751,6.779518108861888,1.126092100432584
149306299,0.012767574015203323,1.1813059036784332,3.019332225141557,0.8917981687242363
149308597,0.014693895753687965,1.782754668459431,7.265157641731596,1.6749208460965177
149308598,0.014156247770035556,1.779428368140759,7.19971848335709,1.5925232364191124
149308600,0.015708627660398947,1.7801768234999256,14.4901939555402,3.428103430493545
149308603,0.014426609467560216,1.723599172131101,8.94252484942316,2.7500102335499412
149308605,0.01438756303575766,1.6894268249118187,5.8274972307616055,1.2941353023611222
149308606,0.017207354211077608,1.6912459344857225,6.834816144807742,3.2376205421811055
149308607,0.017024756423671558,1.6241742204298772,8.561455101877224,1.9656659679638855
149308608,0.01682642700371945,1.851483533696413,8.1332779432729,3.2566567870729157
149308582,0.013320482138789976,1.6129483998430252,5.772691011561649,1.6628377143924093
149308584,0.012652318328868244,1.5802391389648385,6.494982776258409,1.0132560692431616
149308585,0.012412839168073862,1.5799181275142333,7.010912563119942,1.1156581805733754
149308586,0.012649324645306066,1.5624560284395106,5.239155443782568,1.45487424661656
149308587,0.012783857677011276,1.5607004542586294,4.926804162972772,1.3883871268214667
149308588,0.013010642287891993,1.6820953286539235,5.251028521587928,2.0854461056199933
149308589,0.013052161548042713,1.6541242495221709,5.53342079470584,2.3062047913486103
149308592,0.01286846491526295,1.6494412728465744,5.161068620553961,1.5520561969759086
149308594,0.012870590639061333,1.6416651690809592,5.7014436253508824,1.6377306225335464
149306300,0.012891287843184723,1.5864348655142326,6.243019706199539,1.5056584119925078
149306301,0.014346357448307487,1.5440925148231481,3.9550750167364317,1.1148471917949145
149306302,0.014959396636084206,1.5556846481445024,5.351116236525775,1.3111277787558588
149306303,0.01347407144103852,1.52915409659969,5.452013554945519,1.2452464389699998
149306304,0.01367635453359978,1.542356334167279,4.73261601399336,1.2990829659484318
149306305,0.015452066251247686,1.535427568736834,6.257721135497999,1.8153715987479815
149306306,0.01402706362302526,1.5439126895425952,2.972480052444107,1.224836327774032
149298611,0.0163280436678052,2.146431659906869,12.10819437799536,4.358318526235245
149298614,0.01517027962312145,1.9353556066582749,15.770376566315191,7.426456618955004
149298616,0.01638353513824943,2.052409756414779,15.876018273169036,6.706573115591744
149298617,0.01632683647189423,1.895978563112142,10.296173332269083,3.926656185421721
149298619,0.015707967635713863,2.115996940344021,7.288363452908847,5.323217166518527
149307201,0.012321763692828213,1.4920983803992454,3.9851190635765037,0.5084697350865314
149307203,0.012345001565553322,1.490504140469271,4.919406832339219,0.48972538064182725
149307204,0.012977142457133687,1.5764857406479358,4.717806748987409,0.3810768247333284
149307205,0.012963753306118672,1.5459935155097972,5.56063484873827,0.4050165299313971
149307206,0.01337615899265756,1.5391904170242838,3.280412201231735,0.4727605392323703
149307207,0.01089738037413573,1.4057316374359599,6.109849367243772,1.9166915490915952
149307208,0.013534111031521773,1.5788390837660475,3.876413440379775,0.3895751347385455
149293836,0.01079536191571546,1.4799627371784003,3.0909851222268476,1.8191785877440574
149293837,0.011057833142514496,1.472508523510313,9.19743859725527,1.742607334534579
149293838,0.011100637407028215,1.5092488970983915,9.07310486790828,1.7388057842895848
149293839,0.010822064782676135,1.4909115055433673,10.081514808173017,1.9678363699111006
149293845,0.010348447392755734,1.6568651312443134,4.930776596951206,2.0530431869803785
149300038,0.016738826699864,1.975262609163008,4.053741577895584,1.970369034050138
149300039,0.0165359528884411,1.9585704283178023,4.885369927847888,2.187808074612755
149300040,0.016388635316517373,1.9269012474663985,2.738263199635729,1.3632810487330176
149300041,0.01644739321834008,1.9313164300403962,2.562066756126737,1.223896183464003
149300042,0.016625436037642674,1.9691980283349728,3.9903347586627267,1.8499200582817414
149300043,0.016567255198857624,1.9589207335442234,4.391172901297078,2.2224463579785017
149300044,0.01641828829713269,1.926868210958689,2.6397464830701836,1.3191547323229598
149300045,0.016385588506541447,1.9337923768636458,2.6289649311487238,1.274567786654989
149300046,0.016947458630404314,1.9520072852821095,4.685380732882105,1.8467528161783022
149300047,0.016609718631491067,1.9982960244498504,4.118707155093055,2.067172363724948
149307675,0.01710909451415934,1.5166488680311718,9.415835823516083,5.232501794944148
149300123,0.015346286405151477,1.6423106920275876,4.176712985518028,2.358219167254117
149300123,0.01630664851155708,1.713807763049637,27.802968266990693,3.1046972670203816
149300124,0.016238343660507786,1.6796335432414895,32.00667961830278,18.046559541138592
149300124,0.015306149131180785,1.6871039472766942,50.055096388544925,4.02800419732388
149300125,0.015304161876960829,2.1330372608914603,37.687752667269,19.81038813170349
149300125,0.01719848458520023,2.1295103182084554,49.2144043963358,18.07410940196041
149300126,0.017206843581029755,2.043586002072394,40.6731554541526,6.558422586758181
149300126,0.015625005331433815,1.9135063868934017,18.78952866953557,1.2653607661918174
149308913,0.01350823601206853,1.7380802645312334,4.54104071970034,1.3246396712771886
149308914,0.015494815768814776,1.738538297961292,4.349564572777862,1.1361857149251764
149308916,0.01421301685212635,1.7153263283511,8.135727496434706,1.2381310459439299
149298591,0.013237315855173664,1.4390225903008476,9.170721631491656,6.701556854012695
149298592,0.013010055423807924,1.7882884680314053,12.184722627134775,10.2692475835478
149298593,0.013786734711052765,1.4207082685690293,6.420389301938016,6.585839445717964
149298595,0.012762283860967567,1.4243143183244877,8.424442228131856,5.0551655168489615
149298596,0.013425714612575801,1.667538374536891,8.784959660184846,7.077554171891233
149298597,0.012801765168687348,1.5329087616491106,7.2167642329917685,7.02267091555598
149298598,0.013199031217038547,1.4457550052850126,7.6002688751711025,6.169976525526147
149298599,0.012973312772669384,1.6553573059695166,12.243613931436558,11.386690279691631
149298600,0.012993984044229181,1.7516235226870653,12.844798214761488,11.057553746880924
149308683,0.013119895275470327,1.3869889483556954,3.155862411555202,0.0711381844122671
149308686,0.013773853870892024,1.4609750374499952,3.4613806780723664,0.023841139194764337
149308687,0.014717444857681738,1.4298336609383766,2.541808754442285,0.17967221039856146
149292803,0.008036776299160915,1.2829174064641946,5.362960811587285,0.39896269485808483
149292808,0.007515380693359936,1.499104604400519,6.612850197454643,0.3793970785272096
149292809,0.0075068810324877555,1.5088426764587104,6.596267298254804,0.42853227072264416
149292810,0.007643313086172356,1.493168685255836,5.825300474606937,0.5200257852384746
149292811,0.007660377628840095,1.4924066026066263,5.459797395353266,0.44560198940734025
149292812,0.007669989464798612,1.4406812845991743,4.793457399303016,0.670607470902727
149297525,0.012432273184184528,1.7335746223783868,6.881621955030403,11.072354304843712
149297526,0.012100251168109094,1.6523584584612783,8.056467101630489,11.826843824676214
149297530,0.011548825697109156,1.6564622091476753,8.153676045984394,11.530221435505904
149297531,0.011866271561149383,1.6513853723702578,7.381025503126332,10.79776653927485
149297532,0.012358982758697718,1.6209907560708876,6.636221819543627,7.293271560574141
149297534,0.013374973737810818,1.644852281317957,5.813563737845079,5.229990140322179
149293183,0.012716312375383804,1.9687321292743731,8.245509453744068,4.349039335923743
149293184,0.013775488411844183,2.3212921497319696,13.40470081298502,10.718659734822399
149293185,0.012836880518699792,1.9688190416603693,5.06523166828256,2.2277726724437676
149293186,0.012913025691947863,1.9892622827004913,6.241758101882381,1.787471006213506
149293187,0.012714399848388534,2.2471913083425794,15.1275416572598,3.7996895550107204
149293188,0.01277774363032747,1.9699207564685068,7.128726404182183,4.735945459784016
149293189,0.012708510123933665,2.0376877544204874,5.407732315736456,4.222319603835406
149293190,0.012901848698088494,2.1393485147914153,7.247658610084641,7.963617662475103
149293191,0.01304765777874628,2.1665642079633605,5.9904875396062405,4.855177545737493
149293192,0.012971758964565837,2.1740565906328397,8.412660042743392,5.816207668224539
149297504,0.011752107065283339,1.734991919058384,8.640112819328069,9.945088861335913
149297505,0.011632315353948545,1.7195772783518626,8.422811021400188,9.654901735215633
149297506,0.012199596412065111,1.7717108203870608,6.487047929014486,8.876930719774766
149297507,0.013053393396325035,1.8651488209120346,8.648790084580328,6.677911008232937
149297508,0.011963961945483772,1.7753092781745077,6.311854387834455,6.762485022562364
149297509,0.012006222462153063,1.7358892295548933,8.285114049542239,10.260666322787568
149297510,0.011828023887462026,1.7069775950196415,7.266959340079939,8.900742651004723
149297511,0.010953726091244821,1.8326346769586945,14.230006407714402,7.728969565743043
149297512,0.01218919602155733,1.6856161798548241,8.503664583796299,10.045260831064851
149297513,0.012522112423890447,1.89746141337035,9.490705007087286,9.054999655630978
149298038,0.01880347829287804,1.8607242631614973,2.406754005562406,0.4561065941136682
149298041,0.017855554568158422,2.0203481685404743,7.219795783658813,0.8429607141151486
149298042,0.019375497985791915,1.8569436362286624,0.0585256541087493,0.015513624984116223
149298046,0.018994983049390433,2.0017910429316026,0.03206682319991582,0.010225072843492002
149299973,0.011142431732200591,2.507477809647913,4.215859165076025,2.7852006952713806
149299974,0.012028983385305357,2.4265788461327844,4.244223280524303,2.6626907709545296
149299975,0.01120048499776163,2.6171681788463057,4.282301809392621,2.759455566478235
149309855,0.011570028632788104,2.4436590967531178,0.3342835625771161,0.0022352045540599066
149309856,0.011167358011964602,2.4705990564714817,1.067956405324834,0.10703452118815432
149300536,0.011092877221577747,1.710572930311339,16.02397658282045,1.0595895336883216
149300537,0.011171380963498847,1.7164558578819689,15.449805293093643,1.0517846808615319
149300538,0.01156005338010969,1.544385365204631,16.158603384627085,1.4165433743387195
149300539,0.011447770001773112,1.5478883783132873,16.296688524007703,1.4037927733740276
149300540,0.012357654686758618,1.5488722462229707,16.383065916909572,1.5730959828969278
149300541,0.012199042049860786,1.5386559605626338,16.831881804436584,1.5603829510835392
149300542,0.011052666203878474,1.6277020017846608,19.543435083521526,1.353370039935655
149300543,0.011218469782008644,1.6520648084835021,17.320725604026887,1.3837318743737494
149300544,0.011590651063335873,1.7678058690291614,17.89089907379568,1.7490360484954415
149300545,0.012196787685262458,1.5920105966276177,16.526688769288416,1.5788513861377995
149300323,0.018078038371058015,2.0612273091849542,13.334808406928177,0.7179908501313383
149300323,0.018507133849839277,2.262990363969801,50.57209803895748,1.2136729940646978
149300324,0.016682770295296176,2.117638872674026,55.38140775156663,0.4636525038165707
149300324,0.016956897316048547,2.0880576631703094,31.661723466083412,0.6233328560933403
149300325,0.018101769995708204,2.264086437868864,49.75046287744843,2.057303807587867
149300325,0.01641492051279287,2.3622778968457263,46.986040988647524,1.3023920883979616
149300326,0.019784646485821504,2.4968100935280337,43.10191064138034,2.721135673956433
149306706,0.013052476763646929,1.6649057123738207,3.9157583700645544,2.0331223347324943
149306707,0.013358399132036264,1.7267236625583104,3.1771996282249377,1.2456348325461428
149306708,0.014055250464871917,1.5521603451275057,3.7709345460023074,0.8728107097294071
149306709,0.012562453291711639,1.6308703425124438,4.970159670653711,2.1020889811670336
149306710,0.01284590183524816,1.678401955522211,8.114764219391905,1.275093884216241
149306711,0.01349746079975763,1.5506910152952136,4.344582423029236,0.8842031189369511
149306712,0.013938420066388903,1.6330211731058835,4.312497538821921,1.3578108209457445
149306713,0.01362578167944143,1.559924093649236,3.027319254936972,1.0662471015180457
149306714,0.014074288397997906,1.4172504388882081,3.0132843761655352,1.389259629309762
149306715,0.013415784474108525,1.8366769080259533,5.4043486143778745,3.336506245942381
149300382,0.01248686320706414,1.9921648041564208,25.4530958315244,0.9680310795173109
149300384,0.011833283105940354,1.9957020348216474,8.970835105836871,0.9518964560068668
149300386,0.012394674972474842,2.029700173341363,10.704722449549967,3.5053474378439193
149300387,0.011067784243989213,1.9730795194365434,10.52979489949272,3.5636815492687757
149300389,0.011827287140217739,2.00187673198292,7.965612491956176,1.229025234793061
149300390,0.011316800343437641,2.373133783304336,18.636208891932057,1.0268298362290316
149300391,0.013120731293392118,2.7133941305612987,20.762472458163266,1.773696593217378
149306307,0.011300074404937,2.200672211536795,5.690598558391997,1.3199940559511394
149306308,0.011225240415992056,2.1999458844526982,5.96562042283784,1.3118638748044824
149306309,0.010957670211730624,2.23363840023376,5.463886320160963,1.7917290224760005
149306310,0.010933743690827847,2.2410948143917278,5.2956480276231845,1.790972254647737
149306313,0.011085417652618834,2.1617050291064253,14.247848535800461,1.3987861641359265
149306314,0.011063327919181699,2.1663570430072956,14.29104186861744,1.437584284965133
149306315,0.011337295580461478,2.1556808229135282,2.4665514841431597,1.172975543399766
149306316,0.01133158282461576,2.1467125810095333,2.644275140825996,1.1696343785242118
149307958,0.011944017093057521,2.099654096615141,5.305384491896007,1.3617272795275692
149307959,0.011936202827310644,2.099493246234879,5.364875827979587,1.3900003269530459
149307960,0.011784181969417206,2.094686509777223,5.20096759274435,1.443538616715867
149307961,0.011770468129843763,2.0906483639629676,5.1588615611499655,1.3917720122758745
149307962,0.01181905612760967,2.0844200974434064,5.823252222601929,2.097224470565647
149307963,0.011749283258769455,2.0359933760411213,5.261007322521268,1.9003880495804704
149307964,0.012015607452946091,2.476941847401891,12.078597657071612,1.4022253760008092
149307965,0.01202207167698992,2.4815299637965396,12.022527639166624,1.4183410452390675
149307966,0.011858612166777529,2.1444219482016167,6.184617414529983,1.4339275933654467
149307967,0.011868912074224103,2.149631904250292,6.229246788474769,1.4239583396838595
149308820,0.023530968087299108,2.1094700453134787,8.346248633113966,3.4377186667631685
149308821,0.023439989049951055,2.122086769384325,9.192027858284453,3.677152511146072
149308823,0.02318524171387709,2.1544112362583356,9.52588828779979,3.1863294803157185
149308824,0.021691110504489883,2.0182042030639025,8.698523429383314,3.053783660554746
149308825,0.021765012809094427,2.0245303158074206,4.117134587508271,2.5242875021437823
149308826,0.025678852414113607,1.8077594477626497,6.820621255047772,1.6867773877071712
149308828,0.024695599277157414,1.845159146294274,6.668586614160529,1.5153529722431796
149308829,0.02291532049189386,1.8983167414333262,2.974800609365311,1.9739833647509994
149292835,0.014194646368938538,1.7556329816226173,4.67792295604888,1.8072944175959842
149292836,0.014689202522298786,1.7824732601084392,4.906700733737871,2.3217012232746894
149292837,0.013937453889096051,1.6550754397691776,8.658513938897496,6.2193941171600375
149292838,0.014206881734751377,1.9630015581627311,4.422939061727896,1.7450465932640034
149292839,0.016136702055345703,1.9462197068694913,9.727768635025985,2.209710060215999
149292840,0.014667915425491184,1.761903667507527,5.045648436231017,1.871822427654667
149292841,0.014692836455470853,1.7841256650328536,4.817295623749523,2.2887021000303274
149292842,0.01403394014278605,1.6456122850358192,8.630459187988574,6.287547576710872
149292843,0.0167012084012412,1.9608058506911676,18.402904097740937,3.616054627066598
149292844,0.013801687799737214,1.9578400663566213,5.552146544604891,1.4601757295931304
149307611,0.01670629702002684,1.4293560813749184,7.924294320675718,3.20015512688632
149307612,0.01675204306803271,1.3697721681745874,6.668551026013201,2.9248138697556425
149307613,0.016727119837830057,1.4209835664046684,7.930379844864518,3.305773804865837
149307614,0.01684013017169897,1.3470869263971574,2.6615769297817584,1.5582219148702807
149307615,0.01665990541489051,1.4320051508919636,7.601691121710937,3.0328401820682314
149307616,0.016732268634499475,1.3732219536147074,4.980294176721461,1.8406855009679182
149307617,0.01680287268587734,1.3627391359541365,7.5018897053533315,3.1104202495680204
149307618,0.01679607364622606,1.3108596073732772,8.148603040190682,3.193041881526772
149307619,0.01648567393087509,1.4979535074326804,4.461249207086882,1.618311450353569
149307620,0.016480047172344407,1.5151211598571923,4.905023848382622,1.624513289425413
149292971,0.01028705528001943,2.1264869457280713,4.086115695611851,2.2401149293841103
149292972,0.010680577797938136,2.1628611524320456,4.0223081990074325,2.154719453108541
149292973,0.01137288312028686,2.124271858544683,5.181973446546891,2.1561775505798
149292974,0.011942721788752964,2.2376783914383718,9.033452685169275,3.798707572679883
149292975,0.01066820056573849,2.0603012172371105,3.8560750792467893,2.1771245157725705
149292976,0.011040604151420177,2.1491099061044445,5.03411353733138,2.078934015376414
149292977,0.011358596232767344,2.0737062550289767,3.844461363849673,2.3518233824971406
149292978,0.011288366429275084,2.2009024796914036,5.377651397407882,2.113161152349297
149309018,0.014966805480320871,2.159089259181138,7.155512057238353,2.4906639836949456
149309019,0.015631475217973877,2.154110294557817,8.35160822214791,3.36710006042528
149309020,0.015098652548488668,2.0796141933294665,7.600383202464135,2.419496982493925
149309021,0.016872375238147785,2.123713016386727,4.606777346793565,1.8588249400193437
149309022,0.016036442047434218,1.9911285564451355,8.936493490469074,3.492524292276229
149309023,0.015696693779029616,2.306652507710836,8.239522512531533,2.3767016689120943
149309024,0.015522273769345434,2.153417251359862,5.177763336266175,2.8071624740161805
149309025,0.014927703853380749,2.18323696418943,8.277834611209498,2.9217308722123967
149309026,0.017007601789106454,2.0582689131496026,5.225021586254219,2.229469574370238
149309027,0.0170236435445672,2.398764561716579,31.18095652393488,2.7851376826548777
149307704,0.012896889144642388,1.8354079997592938,7.816797822003801,1.474137766180866
149307705,0.012757040781541221,1.8172585957185352,15.299597094709767,2.0520900197814385
149307706,0.012521051455993864,1.7629206841739984,6.181511284606672,1.7830276335159814
149307707,0.012362338901817378,1.8092541423086723,16.32275329421036,1.186679315075632
149307708,0.012868509047038713,1.6905000760681326,9.833882746511753,2.2878811514692563
149307709,0.01278620736921162,1.6427151296426181,8.454414476371014,1.968649105800814
149307710,0.013428652161526548,1.9276528845932943,12.595497232717886,1.5750243808781381
149307711,0.013041533624697376,1.6568224909983782,11.11620853595321,2.631195532731318
149307712,0.012442612405023949,1.7948854459744612,10.68428183065505,1.466708413555163
149307713,0.012429216234444103,1.7326285453083834,9.758945018251984,1.8777695051583172
149297765,0.015865943855850873,2.1796224313651757,6.166070829082528,3.5293541389662564
149297768,0.01521722433145016,1.959130579305351,10.588114055985004,5.161321303819345
149297772,0.01509895604215856,1.956093029613777,11.93350092773399,7.87272052242808
149297773,0.015343326522148544,2.1450057356219965,5.861875461219449,2.7145453308738374
149306357,0.007345937688805079,0.802327365308999,2.2011057620901635,1.1050735891557328
149306358,0.0073504857004015505,0.7913830743759472,2.17907887741777,1.116490948193267
149292702,0.015146806530384466,2.6260659365983576,13.637287108061862,1.5606493910290886
149292703,0.015011850038451154,2.6471832988934527,12.19581995652951,1.3317680629830604
149292705,0.014554722999333108,2.7029580942111666,13.470210981505677,1.9541244465121708
149292706,0.01510687723597158,2.769377527644914,13.799069165802349,2.0273327239725263
149292707,0.015260932049543385,2.764621543566576,12.686987648036437,1.5398134060180568
149292708,0.016855095629823756,2.661720825440057,22.23106808502808,2.0526328083883616
149292709,0.015174450163720578,2.7754156904999405,13.642993626055155,1.8965044176974368
149292710,0.015269448038805401,2.765553320690515,13.0295255221422,1.548095474376949
149292711,0.01449508888237492,2.6814229189978542,11.341590993087802,1.8822266305701012
149293629,0.0392474727661151,3.7449919526723883,12.571079495554715,0.9105538618130812
149293630,0.037456971937506876,3.195724297384461,4.708969583938895,0.8866514281324813
149293631,0.0381882731461697,3.44006971737444,7.989757470900026,0.6739455259009487
149293632,0.03955484744701558,3.2598809721590314,7.688584280610686,0.9437981005523232
149293633,0.04009303680630187,3.221282069746796,6.878827063205314,0.6634903470350797
149293634,0.036324383812255015,4.201978113135433,10.18153697786416,2.78758066615167
149293635,0.03840452279797383,3.4726338238909693,6.190098388402036,0.7949791122415899
149293636,0.03830822364519707,3.2264955603559873,10.952987406958309,0.5400430301247573
149293637,0.03660739392741162,3.2948001620274594,8.55222735889882,1.1004462453250818
149293638,0.03745320701191931,3.7644207440098114,9.890562666840303,1.0740636695064378
149299545,0.011474928293288406,1.4944590611779223,4.646340693537515,0.6459509361592691
149299546,0.012255615293797116,1.5984293498843651,4.4435330019621295,0.8421556168218497
149299547,0.012594696080909275,1.5213829554999179,4.88189186546209,0.7165172188119923
149299548,0.01223345136553157,1.5608536069085455,4.694668067130204,1.0442315579124766
149299549,0.012449853396097844,1.5744806379848064,5.359842665982417,0.8490923653289043
149297398,0.012366853378800117,1.6338862866612263,3.4946001107349085,1.0608742501592148
149297399,0.012026081066913536,1.6405762069841454,4.6350845739223665,0.9912215686808851
149297400,0.013282130809198506,1.5198362774890712,3.7347773315716677,0.9192626638871135
149297401,0.012837211477192642,1.722292695921458,4.032894043199901,0.6513121826597991
149297402,0.014082010893957336,1.6931739761666844,2.2075625621819266,0.7538160364262158
149297403,0.012875512502129715,1.6415637777642158,2.2606312894383667,0.908526767659202
149300028,0.016610004184928882,1.5447814140525067,2.5794368713664118,1.8614557084507808
149300030,0.01671981769460256,1.5428483337852363,2.5197098241760996,1.9696354277822488
149300032,0.016607769379193674,1.5536187492638138,2.8488814978309542,1.9107793953993326
149300033,0.016609565517091498,1.5577183414366027,2.6413315217369924,1.9243819869880618
149300034,0.016701092603972754,1.5667728957013622,2.471307923151976,1.8482747671232584
149300035,0.016768147037199456,1.5664962046878999,2.4542961550717917,1.8943287243149436
149300037,0.016793387809391706,1.5340788912468537,2.2531441276400233,1.8153409406935856
149309157,0.021355047271935886,2.1973494315443025,16.571179798230993,6.2488839084386765
149309158,0.02152032081270531,2.2148208923356023,14.929501240416567,12.362763499514916
149309159,0.01875416831861943,2.5534446249669713,14.877792953021286,5.38909781798902
149309160,0.018514208393576332,2.52723765490442,12.747667613938535,4.698731730335728
149309161,0.020529718500105185,2.180649312110198,8.589888628076755,6.4998117735184655
149309163,0.020072399071807724,2.397238360719502,12.224418752038705,6.576983361430243
149309166,0.021700341840014365,2.8263895863318815,11.06907762110678,6.127988702563046
149307141,0.014037269697727561,1.5612449165452562,5.617993228960879,3.3497635399822556
149307142,0.013448401509630165,1.6317821176958176,4.8736471174844525,2.161852741821962
149307143,0.013390549015276977,1.6386153342112517,13.218228939969979,1.4775290292205816
149307144,0.013389554918075504,1.5803445767222561,6.202295478959531,1.4343984042917528
149307145,0.012968323294225361,1.5134043828431796,11.107131416015838,2.7024682887309153
149307146,0.014333132940130404,1.8271875054205684,12.918576156060839,1.7993045603359576
149307147,0.013792704156528536,1.7834276301489387,4.777931219530216,1.0317896951227095
149307149,0.013806813969171173,1.6390208936093196,5.086389351971587,2.4598865833796535
149307150,0.014911123252756368,1.6599655410151717,10.08272510470324,2.1896504774337946
149291869,0.009734422041481722,1.5434998927766974,18.623934290591432,1.4216268558055327
149291870,0.009645597846097668,1.7523604713667793,4.741841071540255,1.6630237118350455
149291871,0.009424186482349767,1.6888753079977263,4.593784589345816,1.53075620763198
149291872,0.00942172522168733,1.8114067610112863,4.9092393898329165,1.5548525839329828
149291873,0.009768326012420154,1.7303848858207487,7.056829231553962,1.6928504027062574
149291874,0.009284335753235501,1.747178505153815,6.795511539256729,1.5229747532955389
149291875,0.00938717784371533,1.8123496956005043,3.4622407148245156,1.5579702834876672
149291876,0.00988516916702676,1.6809157877982093,8.892400808059774,1.6434589685532834
149291877,0.009532546424464477,1.8467610957810763,3.355222958915994,1.5768024735419015
149291878,0.009515469279828728,1.8339635364815339,5.227363040936439,1.5974720190838883
149308047,0.017608605988928338,2.2135004744774385,8.71277025885681,6.79579521921177
149308049,0.015126734826936139,1.9877847786870653,5.198688642541406,2.6645837416312745
149308050,0.017498860144712285,2.1602544818899316,6.939463204243106,5.646009811279669
149308051,0.017132528829203672,2.3066214708523205,7.099577838287765,5.67549908514905
149308052,0.016333080556676274,2.1081632663847767,8.412681240833837,6.233412822684991
149308053,0.017692825142587354,2.1679158355272623,7.867718634356203,6.338557501470252
149308054,0.015731324105554882,2.010307936184838,7.065941836136607,3.0176461333746873
149308055,0.015551997273151966,2.0308010696381693,5.715606253901775,2.6641890376078
149308056,0.014914698304641892,1.973543816823096,5.162810250249623,2.6119966628576674
149298547,0.02418864502717801,2.2942696341282827,11.686066124664386,3.5118001372767282
149298548,0.023496206523669214,2.3032399164127573,12.998534832691938,3.48882106357922
149298550,0.02444061456006636,2.2987330168842006,13.21410953247791,4.529168766410852
149298551,0.024022188755868843,2.28239652045427,11.993522104678298,3.9933953817938277
149298552,0.024482024905746302,2.3199723835575026,16.12817767768088,4.656872512662876
149298553,0.02419519388348779,2.254472966062254,11.483721751762399,4.049025905481537
149298554,0.024421089668473804,2.3049411060309675,15.372104152581203,4.387065482281102
149298555,0.023253648901296248,2.3509154130170646,14.18869950509683,4.309329924464445
149298556,0.024170762915283833,2.2874250323771803,12.626164057178872,3.5505601497491552
149300155,0.022363616978254314,1.5834294466072047,8.60053128712929,5.45621527323196
149300155,0.022434607840626897,1.6178799411123879,22.41171547300519,8.515063003602707
149300156,0.02487411580640537,1.879246535861525,36.96793731662455,1.4515625863362212
149300156,0.02468772316167534,1.74305543039693,31.29223830730098,11.154493753515357
149300157,0.023318809480153215,1.9368494795369826,48.90653441096341,4.206131674838079
149300157,0.024332121225962736,1.8072000302993325,39.872785330595796,7.325022233995241
149300158,0.024721015447410052,1.8284914888771993,50.08765952728065,1.9488897339043145
149300158,0.024822362099008937,1.7871576945010221,51.55245423559578,11.184621512436435
149300159,0.020765046542915507,1.769205809096574,30.60271407010112,4.237841735188843
149300159,0.020381617831826765,1.6570949053863848,33.731172858290186,4.277446224156992
149292927,0.011941702593522873,1.8366906777114127,3.3176859057154817,2.461791713988682
149292928,0.011961177210711951,1.8376715739919138,3.468335382409202,2.403868649291588
149292929,0.011864839792680838,1.861073940133179,3.7392765370282657,2.6709577547423047
149292930,0.01190489808455899,1.8547121514328642,3.6493930746596317,2.7504635192713693
149292931,0.011234325165238257,1.9442269043780498,5.023343170015541,2.455854540450923
149292932,0.01119363763372872,1.9576621271235102,6.166632193882221,2.491991023646338
149292933,0.011294081247616458,1.9391695392562174,5.540452733185942,2.6750101440231027
149292934,0.011414364696204235,1.9300253425391287,5.852042574914943,2.721670191025379
149292935,0.011968979381436025,1.8732989751313467,3.464114382854154,2.397595645052627
149292936,0.0119460393547371,1.8821710801683846,3.3867882094772694,2.465954902304457
149309070,0.014932566628295485,1.5272170746560632,4.3053617897125545,4.056391801239876
149309071,0.016939255111827433,1.3293343194299923,3.7967552471923733,2.804172583137001
149309073,0.014253552551241685,1.5006317707844217,4.606252952708599,2.374011073636508
149309075,0.015392861231680868,1.4796406715342278,6.916839884564661,4.979590314680493
149309076,0.014561561315789015,1.5650947895259812,4.227655290829458,3.8947217687978934
149309077,0.013416501396782545,1.5230865856479539,5.234891916484825,2.369662420792315
149309078,0.012709018341415194,1.6392987705650617,3.423543074805006,2.7772425659968727
149309079,0.015992702056706363,1.4509880663959478,5.31247671032067,3.080613328637577
149297798,0.008489533995421784,1.4793596649239522,5.568572484416832,2.1739343104434847
149297800,0.00974116914224219,1.565026735907682,11.790907754372805,2.821279434733966
149297801,0.009776250060804108,1.5040927518189984,10.9558565783364,2.60432475184536
149297802,0.009277536398839764,1.4498026824279253,6.085398473021973,1.901402722203256
149297803,0.009313837934814433,1.458906602243621,6.55270941702857,2.5879595186056674
149297804,0.008526369491861686,1.5126152313824566,4.633517028591718,1.972164154795231
149297805,0.00843641654107365,1.482371866050917,5.435840733032663,2.460037648548695
149297806,0.009916522563324013,1.3649693052483618,7.2703880309413025,2.330768867913577
149297807,0.009923080150623239,1.4043233661400043,7.30570574045009,2.761691925413969
149299439,0.018532447307736163,1.865929470613445,7.080128710391804,6.745194087446963
149299440,0.018230470464552208,1.9151680156515607,9.402775202192773,5.768670168248148
149299441,0.018801370759080453,1.9209523603788417,9.322038112057403,7.436500329133865
149299442,0.018211435805903845,1.9271009408791226,9.51024334544623,8.225633146572857
149299443,0.018503378257966347,1.891709637533519,9.242151381703549,6.145800500176899
149299444,0.01855860957035971,1.8758410824307026,9.924506931349104,6.1378973355040625
149299445,0.01855324301688909,1.8523987999016933,9.317950449608416,6.92242600968392
149299446,0.01865835525532835,1.8214528592287884,12.072357710294748,15.900100836018003
149299448,0.017781629076268613,1.9175334287197616,8.605723092665682,6.538227280171216
149291687,0.00511818469012364,1.1514673903235029,1.6019697307727632,1.696423935497399
149291688,0.005135197219160029,1.160157672141933,2.008088133021308,1.732858990464389
149291689,0.005233697091867098,1.1983642347770151,1.3666206190388719,1.8573574462342761
149291690,0.005307192598861709,1.139675480493372,1.7976460953464952,1.628354975113639
149291691,0.005133613252999601,1.1762911244792165,1.5347398673360273,1.7517130193660126
149291692,0.0044834171284533625,1.162379864185111,3.216407703339683,1.5792316464389313
149291693,0.004619389404690459,1.2067374513344007,2.926449143169666,1.7426390078119078
149291694,0.005287028674652017,1.1604152374635168,1.3314011561408645,1.6956932194780026
149291695,0.004856866596285515,1.1629717841388345,2.0319648913972834,1.9022817591128278
149291696,0.005208256874794205,1.154575210454606,1.5934463882137682,1.8041545969911303
149308950,0.01911719858832424,2.045717930566004,17.746906714689022,0.5816719199189719
149308952,0.021313623377967827,1.9501844578371885,5.359638062663494,0.6337933588838714
149308954,0.018963757454667073,2.2626747366198634,4.358773596750179,0.6534992598529754
149308956,0.019734031852444097,2.3316575914146433,3.551971400168092,0.5242474170963004
149309600,0.010520249743310409,1.7068326133396605,2.06967546289389,1.2420164596696925
149309603,0.010473407375105012,1.706111802381895,2.060419298869699,1.242033706887345
149309604,0.01043800622628423,1.7169267554548038,2.1281655990695247,1.1993616773495284
149309605,0.010478999205446019,1.692338529568305,1.63581748439801,0.9844745553198118
149309606,0.010533886774181787,1.7117049570102731,1.7691929509610569,1.0825762832021832
149309608,0.01045375088927625,1.7118353073236647,2.2037270251235603,1.2769251856187882
149309609,0.010370882077928446,1.7079723376050286,2.1873278286076956,1.2693789903668435
149309749,0.01792518239291233,1.9616082398849253,6.587649937067976,0.886232741174902
149309751,0.017720361852248994,2.1219262773220806,17.33189757101184,1.6797102396376993
149309752,0.018015599458247444,1.9721101581164855,6.786041355364474,1.1426100639438923
149309753,0.017334422814903834,2.1400241525503327,18.256016753821676,0.7999988773249871
149309754,0.01789847447817401,1.9619009680356023,7.405583485276859,0.899471939784686
149309756,0.018378523998323328,1.9057487516996046,3.4589924592351813,1.0376230900947172
149309757,0.018064738041436452,1.9999193753407885,7.519899303742992,1.157916096436576
149306934,0.015505709153978343,1.7398186483886078,9.006505007411528,1.7155815461858024
149306935,0.015694797069550234,1.728716557909944,9.00271249476506,1.729104924797388
149306936,0.015100622423765914,1.6458374939245528,15.277019377340343,1.7956170325563494
149306937,0.01507905329148694,1.6517837701168958,15.161842362743956,1.7982129893468255
149291547,0.01732725492989361,2.0564829904778974,15.16877646106154,2.805512237198634
149291548,0.01727290490674989,2.055125914649708,15.145796177957017,2.8178059819456265
149300404,0.01388118960569564,1.7957254621299508,6.450785826534429,0.9279557461420843
149300405,0.013845734544748673,1.798424257587065,6.717173945808993,0.914318479425093
149291539,0.017296437535528984,1.5230414366186482,7.933952872664048,1.2050707052581422
149298758,0.020363040904498694,1.6551315297005933,3.7625233352174803,1.315599172588503
149298759,0.020582454039438678,1.7131220427741392,6.0279799104091545,1.5247407307330385
149298761,0.02045473981662204,1.6514157655044213,5.8757635313511045,1.5322104795156104
149298762,0.02006885057690913,1.7568596705813653,8.507955143217805,3.2663525537389932
149298763,0.019938747114172903,1.750647841155247,8.745941600694646,2.9305667295649536
149298764,0.02076508744896083,1.737986625896664,5.154715610399655,1.7198971084791648
149298765,0.018619211471804554,2.0173399231338873,9.205492633758945,1.6633311863147602
149298766,0.018787679383823423,1.8719334022962735,7.222980010915823,4.440687137629485
149298767,0.0200933174095356,1.7198005726192152,6.28015745552034,3.417100634933607
149307893,0.01318268344751207,1.200584566038978,2.468409645345174,1.094372774687695
149298651,0.016882859356569916,2.25338609149941,6.57116294356884,6.334575969665887
149298652,0.01691047982201294,2.271352672340879,6.947948364324195,6.636376419201564
149298653,0.016838376812918165,2.21830043851975,6.671892849205022,6.216127101859562
149298654,0.016743025306033145,2.205150824716728,6.850176393062259,6.3838638565353225
149298657,0.016295854233010224,2.2112576231335983,6.612391592039463,6.09266620810508
149298658,0.016368147386597035,2.2513571144621083,6.888614743161388,6.353489668221066
149298659,0.016365160601723886,2.263899830861811,7.0700969598241725,6.508617892036936
149298660,0.016266172554596635,2.206504653036054,6.806514104401907,6.200510586219395
149308212,0.020513115161627717,1.6702344623513412,4.023452325766052,1.820502860365659
149308214,0.02098390200352121,1.6793754509980927,3.318980423826167,1.008173809790863
149308215,0.020691092070917544,1.6394154576010456,4.481412095302606,1.4917478029549676
149308216,0.02026090138251666,1.7560311037351608,5.11733044163224,3.241182503298336
149308217,0.020341621386578652,1.7516072939576766,5.864598681214351,3.4699851470785803
149308219,0.020932884402262854,1.67609051677884,3.6653493648165236,1.0203574434771951
149308220,0.020885587921834443,1.7464747025818863,5.077038441098874,2.3239992092439854
149308221,0.01914606099320697,1.825824591317632,5.287101632590456,1.3441881216369929
149292204,0.010084392921416649,1.7193109597280685,2.3083520907924973,0.9441669696354497
149292205,0.009810474854982223,1.6187371216318807,7.38253939822302,0.7997706418244336
149292206,0.009769988938261923,1.6148492839820399,7.279616679512176,0.805967773820999
149292207,0.00983451583290713,1.4082031831751487,3.4147798549951633,0.8858217753040883
149292208,0.00977402851075198,1.6443002455413223,4.042678264233949,1.0120768763815682
149292209,0.009815884008349549,1.4093802185326034,3.5777911613964313,0.8972151658144202
149292210,0.009820285986771177,1.6255501333422608,4.1477406931667735,1.0918172080750284
149292211,0.009199823496925528,1.3508849986957845,10.829337591250118,1.2469798872849374
149292212,0.009220432289998904,1.4751945436546712,5.523204558558099,0.7135559518590399
149292213,0.010477252476608781,1.3422101937224242,6.4563320046296395,1.092516258763515
149291955,0.007066787902076577,1.7280125950594316,13.00213531753841,0.7941584918675388
149291956,0.0068585523225499784,1.7280131295989754,13.987700749496243,1.2318682047184173
149291957,0.007506479062432186,1.35155630732422,25.23790675100435,1.6568173786012494
149291958,0.007275595184989582,1.3560894428909134,23.261163716404095,1.0612273063059665
149291959,0.007481675394675858,1.3512932268378153,14.9662836020477,1.231020104298329
149291960,0.006920956150404204,1.7216449996686436,12.29178665664281,0.7396665618553854
149291961,0.006773697670902388,1.6891284690598416,11.465274357659128,0.9437653839778348
149291962,0.006903699962312791,1.715063431919923,21.737755056205465,1.4390559934219043
149291963,0.008220741623940693,1.4615415319875484,15.517336315424938,1.3278447081634521
149291964,0.008189857370303843,1.670238505144787,11.065778498091868,1.4919502035070584
149291531,0.005293556912940991,0.9287193995709426,1.5709619219692035,0.8046910095593651
149291532,0.005349548908325863,0.9152111929303327,1.5733005075701685,0.8017114717597411
149291533,0.005078127801974635,1.020167214516132,3.80122896693146,0.9773776297325518
149291534,0.005072985628295517,1.0117976162863977,3.354498854724959,0.9420445022583102
149297844,0.011722166337263614,2.07600041788212,7.367156320253622,1.02055755039826
149297844,0.011402806833198057,2.241928004018221,44.74020809048029,2.419546841570343
149297845,0.013059956101031464,2.0081291463011413,50.178491378048285,2.6959611158199426
149297845,0.012871396779156207,2.0743289228256514,51.91376807538428,0.9454637525823827
149297846,0.011906227684177305,2.117602058741157,55.10524565696385,1.035659849136666
149297846,0.012329003552790386,1.9140708342734878,54.566492737814805,1.2026937115424479
149297847,0.013094914883534111,2.041864795152312,71.19887836444704,2.6333731337024653
149299731,0.018111662447342174,1.6630510018941804,6.161122948668368,1.6537643318955895
149299733,0.018206295995362595,1.6628453496639288,3.878576028689622,1.6873399146746664
149299734,0.017957902068956526,1.528245890834226,4.622762861699317,2.083971112561303
149299737,0.01867519931903539,1.884683115977276,19.045135583808857,2.394078027837098
149299738,0.018820923049983087,1.629943679551638,3.7508669255811737,0.7599820117819843
149299739,0.01803312195254157,1.9266273948095132,5.342530338536429,1.967242571556393
149299740,0.018131307498765247,1.6751265213087005,4.941311295022649,2.533033345438337
149307321,0.012838141030624986,1.3405623099526416,3.5764339080358805,0.880526036394051
149307322,0.012766308257404614,1.6226559001207157,3.634455370498795,0.2977256850798094
149307323,0.012199973990811195,1.418323110283043,3.531635759301427,0.8516761877612575
149307326,0.012033396316198914,1.7698456846896278,20.446814155683906,1.389018196392438
149307329,0.013350165373076258,1.6554861123694828,3.0950773544998356,0.5625834967162244
149300276,0.014495693888849812,1.897972429609755,8.838214114723414,0.5925807781372016
149300277,0.014044433610710314,1.9194800671318133,9.815032298549538,0.4477097652527019
149300278,0.014278259913571017,1.9387416852441686,9.93385385147952,0.6094529376067727
149300279,0.014520081231763328,1.8985233936792418,8.857470117180014,0.5182647674253857
149300280,0.014539607662820066,1.9082364438788895,8.701366716089272,0.5358023949858475
149300281,0.014434005725530058,1.933004980448323,8.812274398292898,0.355068964533323
149300282,0.014338090790885875,1.9444205541689674,9.77245687166095,0.5699883805372724
149300283,0.014225983835996618,1.9385463609167197,9.78151108083232,0.37580155025084444
149300284,0.014584374412500848,1.8929428199306662,8.80994393861724,0.5210296460139774
149300285,0.014168889673799881,1.9167593755413714,9.747932558995135,0.45205783046849296
149297869,0.010677494043175424,1.762006642623262,7.0532840907130705,3.772004932755145
149297870,0.01087648545851028,1.8668485504243526,11.075312064992561,4.729258785554097
149297872,0.009819468518689058,1.7932722058910884,7.8659878692774,2.9069355993904726
149297877,0.009926261886009997,1.835303629679568,6.389930869246384,2.1070112085478505
149297878,0.010267422346073298,1.8080245408566442,5.283744579242747,2.910712949656625
149291805,0.008568471842377818,1.7728472085565454,3.235340483649155,1.4815570544925423
149291808,0.008383902551266493,1.7650743705146101,3.2115258399081608,1.4746002953910626
149291810,0.00857744089199159,1.7558457374925236,3.158628414192352,1.4913320234402612
149291811,0.008640730128664667,1.6378232287234569,2.557099736923898,1.2941229874155018
149291813,0.009048770446423776,1.8886514145745972,6.083770655796736,1.5433411571285351
149291814,0.008894643112380227,1.8635550566188441,5.858817375856714,1.467017153320421
149291825,0.009490881059424779,1.7124117756307182,4.791473278966342,1.4362315448003415
149291826,0.009593180026563104,1.669356265564999,3.245595796722578,1.4623280626523996
149291827,0.009545826208868728,1.6668332309238074,3.1832151611316375,1.4981547583132315
149291830,0.009667541853122496,1.6705445619339951,3.2685999793881506,1.4885859459367454
149291831,0.010225976732964203,1.798759418554239,6.637243673106175,1.5246460281839502
149291833,0.010041950404621549,1.631287084575092,5.201845416496827,1.4475015979797516
149291834,0.009471270862464272,1.6650276957183905,3.171176171709276,1.4812555399674088
149293582,0.014025913621367448,1.2821442502855962,9.423923690753812,1.0167010879485203
149293583,0.01427238555998211,1.5284390726468646,6.809922679782579,1.2010378022044172
149293587,0.015000466808497943,1.3987174756025074,2.9725872352506078,0.44215980588580217
149293588,0.014995782323542253,1.3987527155889368,2.9059757101544035,0.4386054694850334
149293589,0.014244912582419113,1.5238975448144778,6.682345366596032,1.1799732948951667
149293590,0.014047651407627072,1.2771026185603862,8.68331698387284,1.0665633580784855
149299272,0.009910109406088522,1.5955968356614072,8.424962353923336,1.0463580227819718
149299273,0.00987659755367718,1.6075752320306402,21.17872606073394,1.0273119362462062
149309630,0.010665941126300548,1.4458124018762957,5.437600220045713,4.01747777647391
149309631,0.011162858793237947,1.5774490544982842,4.749792440334038,3.1912230930461316
149309632,0.010451616061350547,1.5368513153375076,5.08689308742813,3.3920922692020326
149309633,0.009444394463595003,1.4214102887412654,5.178930060452027,2.5984720874798484
149309634,0.01015244919000771,1.482276192388629,13.497125722380572,6.106733819934892
149309635,0.01061079571753067,1.4925425059908628,7.347625384528946,4.351562965932806
149309636,0.010410795261660829,1.4222054535662811,13.14199907369267,7.032117017365391
149309637,0.00919290480024579,1.4522389676472642,12.246395071934307,6.813374695325789
149309638,0.009017170734081238,1.5613016896414438,13.309882153276398,6.862475198484391
149309639,0.01077392053496679,1.63507355066409,6.177813104004143,3.6669324277658624
149297868,0.017765465645374075,2.3934041351108912,6.56897298507806,1.3098981403427146
149298671,0.01709521053619276,1.6682770740010762,9.852061915217273,8.234747643264768
149298672,0.017168290196937688,1.7164304779712067,5.15870504048151,4.983619314360454
149298673,0.017187176034618144,1.7673252500562586,11.883332885517936,7.34527216791361
149298674,0.017019869598567435,1.7579181185174926,5.617128792822322,5.388582281110341
149298675,0.0165982393507405,1.7003389632082755,9.94773730148839,8.444395894386204
149298676,0.016562377566596623,1.6137300162798063,7.272867038863083,5.615298792939984
149298677,0.017085513269824562,1.8678190938365606,11.841551485813495,9.93365769063476
149298678,0.016993299985726015,1.9783203302967591,10.671744193135055,8.606795170017444
149298679,0.016869021392266592,1.795935018421423,8.071297028871998,6.333821894032173
149298680,0.016325712238198935,1.715431470840605,6.409058809403267,5.885491749855005
149299701,0.016215998210902534,1.8800581145617477,6.605608266281743,2.344678637888743
149299710,0.016239776591678926,2.0143937079767564,12.097802548002576,4.031701354400712
149309137,0.018324365984337194,1.5856410206159366,4.627853891092046,1.0506175468136738
149309138,0.016799229385114557,1.6155861684543444,2.545731986432318,0.7455725380340898
149309139,0.018869044749246104,1.4861587686439326,2.9773151555046176,1.4688721883129516
149309140,0.01840417987923955,1.6737272346033858,5.177661413093217,0.9510595267415166
149309141,0.01477768733428945,1.5880199059407216,3.4252541517876463,1.2364929088319305
149309142,0.016809480062297395,1.5808501417241296,10.92355653098161,1.5863214698130401
149309143,0.01846614328810858,1.5794752714860454,2.653891620067389,1.0030136504432747
149309144,0.01623453451511233,1.464334298018579,3.6507732056160793,1.138922568356532
149309145,0.018791221081278203,1.4706762349627334,7.512893095868401,1.7105651389275853
149309146,0.02046043772258585,1.5011816408309757,4.347055637605909,1.7391931491407095
149292959,0.018031077764953773,2.0926613404164227,3.7492503889512268,2.497494381866411
149292960,0.01762284391772589,2.2132639840220714,6.351376090023508,2.378402556269974
149292961,0.018218470908885624,2.194029763007976,4.477923437110236,3.537950501152277
149292962,0.017824257150982806,2.099846118168189,3.9353222097258516,3.188277267518677
149292963,0.017902295379145144,2.079464029185458,3.6703821484555417,2.3577825206624974
149292964,0.017903557048603476,2.0769181862164,3.822344041040279,2.7320388738563115
149292965,0.01773897164834123,2.167053846766777,4.206879926667809,3.6469889561835958
149292966,0.017973283909843464,2.0802007172052726,3.4082290098770898,2.452046927601263
149292967,0.01773813618826839,2.171779657375481,4.040837007015764,3.552492628311526
149292968,0.018098731986028942,2.038205236166544,4.3732305551695685,2.8791615706951736
149300048,0.011349570606729656,1.8017677553350917,3.929521369001179,2.2923380621716154
149300049,0.011612433179272403,1.8129918421794813,4.620248271616727,2.6293910368984927
149300050,0.011365863610477603,1.7861168555100024,4.003971459096725,2.0636944593050996
149300051,0.011611443803648501,1.8024912114132898,4.243157811714994,2.350497260036735
149300052,0.011662996170357183,1.7979154617990305,4.0216621525367335,2.0011402010820643
149300053,0.01172827415050703,1.8169824656351088,4.4972192142749545,2.465617098594653
149300054,0.011592143810315706,1.843464484207017,4.407344372741054,2.455186370370379
149300055,0.011211288035800938,1.8280129040715476,4.343020951507927,2.147429040740717
149300056,0.011437384118893935,1.7844765546851649,4.336429032307799,2.280044588985011
149300057,0.011413439767426014,1.7751938757022674,4.594589155369694,2.131168044897583
149293750,0.013370167436912085,3.459620160432948,14.162665226642979,0.4782626225849662
149293751,0.014481264901273714,2.9299343889078275,8.668036215911766,0.3317441761490469
149292855,0.018266430891566925,2.091625219200029,16.26588428686149,4.026807161002326
149292856,0.01846818920662564,1.982609916875522,7.108016533439906,1.553434730014659
149292857,0.01872363527314873,2.000187947474404,6.764525947163309,3.531217261657117
149292859,0.020269921689796588,1.932518768188594,6.097838900526247,3.451445569342391
149292860,0.018456567412941195,2.0527665217475173,7.25824050390737,1.1591429903975439
149292861,0.02042861483004281,1.9179091726547504,4.714530745468757,1.5204353065135738
149292862,0.018758215756377396,1.942494552358329,6.725080785171371,3.6005492067751415
149292863,0.01989958594185504,2.2490561563702767,6.106903381521171,2.8962204659385
149308836,0.014091108367516564,1.5059021040918261,7.706290536465023,2.9605436759560044
149308837,0.015170688823337554,1.6020488607790988,5.8638889739647615,3.8198724202295504
149308838,0.016570453955320582,1.4559549175726147,6.344564386194738,3.0653377946253157
149308841,0.016034507934337708,1.3537322081184535,5.308230001098404,2.5675597356873756
149308842,0.012927027195595329,1.4813769593219317,4.910080929335103,2.8686546150710726
149299741,0.015741668097427376,1.8694469742257909,3.82086258932186,2.4069984683978847
149299743,0.015596300688330265,1.8989290415922235,3.4826224734206006,1.7817559187637466
149299746,0.015779341750084677,1.8620869296612326,4.14425889496027,2.018748286681447
149299748,0.015885036950135146,1.8493503355232945,4.156041368863109,2.541332170251109
149299749,0.015482183598572018,1.7365155580903593,5.456328247259005,2.0062001221418493
149299750,0.01507474767747491,1.738668659469468,10.71439015248968,2.2615734137399803
149299898,0.013259287324372204,1.7397859460879896,11.165144238961968,1.2500265000879378
149299900,0.012801044427000063,1.840308812810114,18.883466629610318,0.7050309113933884
149299903,0.01351750575563436,1.7984409630364735,8.397706505215943,0.8820440810027189
149299904,0.013830059796422763,1.8081907786163505,8.153791110855025,0.8177418545192396
149299905,0.012970831434889977,1.7762067480757155,14.461217753713148,0.6786006242631717
149299906,0.013392485017044903,1.8999613127143395,10.425717062205553,0.9516688736958593
149299907,0.012911732703075267,1.8556126139882438,4.589024301971229,0.9432705110264248
149299127,0.015033072946962479,3.1235945730815384,5.465498236975207,3.6517348877232583
149299128,0.01497957959886961,3.134918423177097,4.825469268186384,3.524828701709548
149299131,0.01499437102884616,3.113287802021502,5.445755405525576,3.5729676398051997
149299132,0.014917399676276293,3.1166386440088854,4.885628956727262,3.5013287337738044
149291763,0.01572447261042319,2.1460459212933958,11.601831660783045,2.2310089320426596
149291765,0.015692506081188072,2.029532538574337,20.10137519416134,2.296768223626521
149291768,0.014849420430470132,2.0943276732391625,10.485763664937938,2.0170878926785347
149291769,0.015258927099636842,2.368454673445487,10.183993366850398,2.293877914744984
149291771,0.015741172476949266,2.2969411724817648,22.295803495337275,2.244212714407888
149291772,0.014937095288666068,2.123266656049882,11.191871810737453,2.125129950923089
149309806,0.01682663768277597,1.7375981289022422,9.94791646116017,1.7893816419047655
149309807,0.01687588558935847,1.7157185087637479,10.477526176923469,1.924010626069318
149309808,0.01666623501711325,1.646267427262528,7.285782463651364,1.3917197055390094
149309809,0.0166586991897852,1.6397607933705096,7.44862047636989,1.468463303994537
149298204,0.012575382322343082,2.0354966546816886,5.02235538365964,1.5398315141697279
149298205,0.012473370164376408,1.934424674875665,9.147195407439972,1.6141522702379463
149300363,0.01630869187214203,2.4775633645823687,17.83460743224896,2.4370625567297775
149300363,0.016422098545710834,2.5512453323291155,43.23773343451979,3.5143958982564043
149300364,0.01607804531770663,2.4319479109402167,42.40985331442615,7.72492538308194
149300364,0.015666141956339554,2.2798500961423813,47.786698768501694,10.05066877411245
149300365,0.015710083732534946,2.385817849099047,52.02948789643826,9.06016381782608
149300365,0.01659189530987526,2.3787218688562475,33.35198731904627,7.882641368985372
149300366,0.016578033497083693,2.854704870942985,51.48436743775991,7.295776682292267
149300366,0.01570430576406682,2.781482058765216,38.83314803202693,2.7527971755728458
149300367,0.01665548466125009,2.655592446944572,52.86518839739906,10.716487401389307
149300367,0.016932123212244795,2.673674108292914,46.01279278682704,2.5202239486547438
149298473,0.010155783890907204,2.457220253602615,17.162923180968594,8.198332376205903
149298474,0.010434598949564954,2.348985835720504,17.629760852208396,7.7620065974081855
149298476,0.009271237802878007,2.4853409984085273,20.099524140612655,9.282324463966058
149298477,0.010241735887424781,2.2031010828849684,7.582315153671522,4.738541859594145
149298478,0.010342189328810389,2.5780880664341845,21.271858393244692,8.483661148762442
149298479,0.010217725402663849,2.378839949895833,20.164396676144623,10.073631596758501
149298480,0.010370630733777877,2.531474762814209,19.535069908407728,7.531035009959721
149298481,0.010500822201800366,2.2329635607278213,15.40649492637781,9.494256662976992
149298482,0.009560422658182436,2.2426801177469398,11.053146152955094,6.2912532266154635
149291665,0.01640182245996402,1.970038373315666,6.145460501882043,3.8460019148245315
149291666,0.01634854784822603,1.9747807798706887,6.375671105473189,3.9263337070628586
149291667,0.016041569734532444,1.8542366023450387,6.758896136989671,4.6454930818295805
149291669,0.015964266388452893,1.8641782479990139,7.13070861321192,4.874437805446598
149291670,0.016719071709562373,1.7178505159647612,6.500983017542753,3.623996222226192
149291671,0.016823142563937955,1.7199919130142574,6.313599614434669,3.575988687238273
149291672,0.01633982905497977,1.9354947784890129,7.006990540717117,4.634881073882782
149291673,0.015814595819002866,1.8339078156875779,6.455017099790163,4.4849444236880505
149291674,0.01613152507629263,1.8750384764275208,6.219955915244642,4.030890940877925
149308433,0.01346871875946799,1.5020306355175796,4.718686813852857,1.9630390552638197
149308434,0.01273265414568083,1.65435678834228,9.784772631412965,4.709569728259133
149308435,0.012816939634975348,1.5745425443224685,6.861454935550448,3.7105539846317925
149308436,0.013594205674732759,1.5477804534078,6.427642180456147,3.23888875363789
149308437,0.012994938177723594,1.6250908710879146,7.9067017049589055,4.383228960672726
149308438,0.012883352154422684,1.4725713874037556,4.84537079199243,1.568073046711761
149308439,0.012467912971165021,1.531846208989646,7.063508250940301,3.770890683034712
149308440,0.012894273663458434,1.5459596871576795,4.695505841808498,1.122859917617114
149308441,0.013870776672998292,1.4417414211972501,4.692658655452278,1.6640939124350438
149308442,0.014323134052103692,1.4345703642412826,4.485320386376663,1.2565333833067143
149299040,0.014247442993600673,1.9805780196787757,10.282038229313747,1.2957744686230506
149299041,0.013250016754532397,1.9588463261984754,8.544293448851224,1.0674535880628453
149299042,0.014320056782922225,1.988756564167051,9.860577180963318,1.2912197024417602
149299043,0.01372192526646874,2.075304416097939,13.669647866404278,1.1743034836337756
149292845,0.014730949089188457,1.7244487699365614,4.6578607532629,1.0178871245525458
149292847,0.014135164022234855,1.7256083447898014,4.761676116738933,1.1320174195587054
149292848,0.013376859375075092,1.7733399356562862,6.913120625178058,0.853157600812235
149292849,0.014662810517847244,1.818825993084799,14.770306210035455,1.029619087728626
149292850,0.01481266058734892,1.6719943052675497,4.813334670872338,1.4545191638808426
149292851,0.014956138491361378,1.9724574684361382,5.467591138977809,0.8518497861393297
149292853,0.013678072882751798,2.185009121767733,11.416774246454347,1.9084232743933227
149292854,0.014725898846768339,1.685830276595908,4.778793540448392,1.0544474377646285
149307539,0.010244113257733745,1.2633368382664736,6.670015422631511,1.1579763706040072
149307540,0.010693671836038242,1.464547744422241,3.1551871147378567,0.5706939061026449
149307543,0.010320008630627028,1.437746417399165,4.917497407683938,0.7557802763230388
149307544,0.010384005907722095,1.4450891736392628,5.070092560636088,0.6930970172290299
149307546,0.01159179744629258,1.2673589312505458,2.8016642624420993,1.026762606956872
149307547,0.011196423345148539,1.5890294832268257,14.767480924768629,1.3142497945775575
149299505,0.02232934573680016,1.7911684032118835,4.88150991730886,1.5743309971943709
149299509,0.022444848275273457,1.8291233114961756,7.23000022174636,1.585245712565226
149299510,0.022024344213369542,1.804353342915143,5.184853199724453,1.54254968010857
149299511,0.02246771684650157,1.841455725761199,7.544968086227209,1.5919790692449451
149299513,0.02217762255604433,1.8057466685121744,4.5547126289471915,1.329789134277692
149299514,0.022451633125113026,1.8973170411921214,8.437965646203113,1.9398918562763219
149308893,0.016166826056323372,1.7988845418213886,4.315342574405534,0.5581218359287513
149308894,0.017045728850737938,1.9824426287144001,4.85916862816835,0.6775121821392229
149308895,0.016083382751793402,1.7865299704026012,11.09816049843453,2.143402994877541
149308897,0.014942880035219559,1.9087418582937152,12.275652525600613,2.168786546636783
149308899,0.01599128722056974,2.0976347930160038,5.081443619574233,0.8187878068709562
149308900,0.015695211391672122,1.8069502342591794,5.911868968168671,2.1696545910475713
149308901,0.015512215385685204,1.7853222325123563,4.583233233270612,1.5643866756419758
149308902,0.018114762712951198,1.8649307390069707,5.417701466445479,1.5590350719234858
149292949,0.013615264470965697,2.1911812403946893,6.895881486463068,4.788906222249666
149292952,0.013485625949026692,2.322164874469926,6.972857820112506,4.921041899880221
149292955,0.013571326327837084,2.202644568724997,7.126669385653608,4.746752869003471
149292956,0.013622349680971568,2.190045254577139,7.259331391554218,4.942924030775962
149292958,0.01334988480692577,1.864626344565604,7.631460095880076,4.8523252811991435
149309610,0.014642235295987521,1.7820695875339223,4.221316300169629,1.2502805930925862
149309611,0.014686798408654304,1.7933934008622416,5.538642846693127,1.3774396979664298
149309612,0.01502682520756238,1.850758208582884,9.31224621018611,1.4781333827244068
149309613,0.015068237476673426,1.767266508139416,6.268498717232157,1.4567334292473848
149309614,0.014433508428764839,1.7880376525142756,20.88238643320238,6.09079466244541
149309615,0.014508232609611774,1.6295460251650953,15.68730527625824,3.6452547616150874
149309616,0.014882968761839442,1.6249792144250141,5.989861763405746,2.0475850022549036
149309617,0.014459907030532272,1.6365636289475647,23.40756848973345,3.6726948976336495
149309618,0.014385573117740844,1.6922460798232775,24.520562350890636,6.278729671496177
149309619,0.014541391242431999,1.9350250503895061,12.558905696016552,3.683194249689749
149309521,0.011343493828021934,1.6279928938568564,4.069848790856778,1.4229240527369897
149309522,0.009633225323031123,1.5643864061122699,8.194826959019395,2.737730053348058
149309523,0.011429727300363873,1.61035938682111,3.657567476387489,1.2931434506527755
149309524,0.011498691331054198,1.5984216198423755,3.0247611993911256,1.1260980211736618
149309525,0.009512350380677702,1.5885573160600577,8.00732132965751,2.6863691225431046
149309526,0.010114601629070314,1.6163408879319683,4.2533075511912966,1.427424309301539
149309527,0.010972107262742684,1.6764485764962989,4.562546779517655,1.2538179850172224
149309528,0.010692941037460444,1.6289191865710784,3.3560296449438027,1.5210164461103008
149309529,0.012289654312410199,1.7342335976159202,11.186246875789946,2.663502885449077
149309530,0.010925196594075828,1.6854148299241907,5.777303415731927,1.6089057218241891
149307284,0.009545243186634071,1.3001758210139196,9.653804145716501,1.8591424096964115
149307285,0.009299640850096748,1.1684762963193034,3.928777075313089,1.2758155121079098
149307286,0.009811608715807201,1.280848832862343,6.946854281978873,1.4930034965620989
149307287,0.009301763249376425,1.1958710537989306,10.035392214220794,1.1122650892871564
149307288,0.00945371890024423,1.2042373484801647,3.354921953492701,1.0507979818389195
149307289,0.009548033694316805,1.1690184621103503,4.268072917061859,1.355387549948991
149307290,0.010767626058355179,1.3504932389297064,5.604468862236963,1.8878014973279837
149307291,0.009299340904325744,1.1447774918554865,4.27636359218947,1.272014428792558
149307292,0.00948895239881725,1.1663515355484793,4.31830050315332,1.3378227981019961
149307293,0.009500233733758322,1.2493447110209763,4.185694174114368,1.21885944533571
149291703,0.0065639609563674425,1.4556195819177533,3.2233877016660566,1.169037392353035
149298281,0.013613917376178177,1.5828698498619629,3.892867550423983,1.4290363009966098
149298282,0.013379258849665173,1.5965836981779398,3.8012191885371887,0.8607036921777493
149298283,0.01327130362012033,1.537420258092627,4.437209702235829,1.6335223067416322
149298284,0.01238993262201737,1.6889229822916008,9.632059765469595,0.9271821209160378
149298285,0.01252446082652747,1.6583204016309192,3.983803647038039,0.8903253099017512
149298286,0.01201104178306959,1.5441237218601362,6.12826228994447,1.4912011848167113
149298287,0.013505581964666818,1.5023217925127221,3.2484921149778097,0.9644320618944723
149298289,0.012534319437764656,1.4987501003220651,3.2757291700537694,1.2529854958765938
149298290,0.01276226948957871,1.4886744045903946,3.285068189016207,1.2277885293269348
149300445,0.016734806070624036,1.836353965924767,7.58173443386666,2.5123266769759156
149300446,0.0167445493412921,1.8388931996938247,7.429671237381267,2.4099495975356575
149300447,0.01625300526137656,1.8345560490774853,7.0274317554199,2.2303407631277077
149300448,0.016197651354741948,1.8266786279372789,7.554649420237728,2.1738521491293348
149300449,0.01698348431424973,1.878893370470434,8.649072074245117,2.4663701049849625
149300450,0.016990674063389846,1.8716835417537623,8.64368020950519,2.428951887002637
149300451,0.016571067298639414,1.9107677679302344,6.103640293152193,2.4388486282639854
149300452,0.016424313828290644,1.9812176300705622,4.796867904640849,2.3910636074158447
149300453,0.016995438928127497,1.9214320349550715,7.86550249558895,2.4049849556597858
149300454,0.01645772860251416,1.9767575331765528,4.803817657245741,2.380200951096588
149307171,0.010376726091367054,1.775478600093814,3.8139798015881854,1.5193377427544112
149307172,0.009750748302373964,1.8019400295411145,4.502994065220089,2.6460671304048424
149307173,0.009735718564661067,1.7767239288248666,4.129584528056783,2.1327758281488407
149307174,0.01024942245342517,1.6848109159266735,6.594307292072721,1.3734723735568635
149307175,0.010837883515470334,1.625397681101411,3.623890813013587,1.4092412339000395
149307176,0.009671395769741473,1.63141670114185,16.099867144432235,1.8756004884276933
149307177,0.00924944399762983,1.790485618692413,3.8033715668036456,1.1400312814681561
149307178,0.009053351784194738,1.7056382812797857,6.23314647724903,0.9751202633299102
149307179,0.009785218700215259,1.719706081621166,5.180251785479913,2.9117440554494114
149291563,0.0168649282741544,1.969495593754961,5.318512639165399,1.0534226655288945
149291564,0.017316235653526815,1.9608934599032943,5.068326950411406,2.22670242322767
149291565,0.01758765192291115,1.9194244796840325,5.675005180651558,1.2754594897966547
149291566,0.018056204969191518,2.006823388425466,4.097676057075172,1.7131409758944833
149291567,0.01894858560851878,1.9157968304542397,10.088739963397813,2.6704730370996543
149291568,0.017571756081655017,1.889885091667945,5.955258696133462,2.7109936181676044
149291569,0.018220870431870886,2.0507590906441306,4.579098869188221,1.7908113410855153
149291570,0.01846896467067803,2.10404872117337,5.486570794257145,1.374181633243771
149291571,0.018923401000358272,1.9067390557565616,10.293883484099972,3.242160016016342
149291572,0.018542080518076053,2.120493112308136,4.940094739555882,1.5252277135628178
149293639,0.036623399695529996,2.41453648265027,15.951718309320597,0.7350664266977567
149293640,0.03405097975756726,2.3123620367867614,9.085567525324723,1.1669938944808391
149293641,0.03542082455262492,1.9945240609582864,5.339067929633495,1.061128441546552
149293642,0.03491242571669894,2.096483469643493,5.507541592016966,0.6229018696838302
149293643,0.0345310436549284,2.1828549284816394,6.547139754121637,0.553925631459727
149293644,0.036440080633911555,2.41165976143201,12.954471914030913,0.8137383302207897
149293645,0.034752891894092496,2.6670254563277194,14.040927385221961,1.2099317559931266
149293646,0.03489779793252631,2.529738968785023,11.69111442527217,1.0785728666009768
149293647,0.03230112128581263,2.7606288246369677,12.725376800649679,1.4104863796179268
149293648,0.031154149148059872,2.9453544574811032,13.904388529264438,1.0004258110453526
149309223,0.0269353043664435,2.266533258237512,6.916081843009998,9.308412036104187
149309225,0.026853130836614156,2.2929570326739674,7.121209836367412,9.46478117042698
149309226,0.026705815430753864,2.2548586629578184,5.765838725010581,9.153261700798733
149309227,0.027657858994047678,2.252423194013004,6.124440528923125,7.596961417435708
149307694,0.018792668200595705,3.0436458310583445,33.800660334864546,2.3605719025537546
149307695,0.01823508474708801,3.3182556375402705,24.96096518836997,2.019779925880244
149307696,0.01838464669518772,3.219637744108358,16.388016902605845,2.097023079042271
149307697,0.01857562509879683,3.2782595908311762,15.959450724615841,1.9436001172972677
149307698,0.01920282086565026,3.2684079622793596,25.14634911721393,2.1091680653003304
149307699,0.018291181789127517,3.221012567841423,28.423652585514212,2.094533882911836
149307700,0.019238781211181506,3.2530883308104794,24.798021398408313,2.0641167573892827
149307701,0.018393989315818517,3.2594115359090576,22.761787280673513,1.9054199397623648
149299347,0.013873286445766546,2.192536640418904,12.165317301701174,0.1157530010905641
149299348,0.013833589988448133,2.217073882739301,13.582332775638248,0.12048742122010354
149299349,0.014066898850023398,2.1783249040180213,22.539294529257273,0.1697623390188816
149299350,0.013928344864169693,1.9519853937666125,15.942154943698732,0.306866766404396
149299988,0.01439979619050244,1.94157557090852,3.4962312719502036,1.0621069754630796
149299989,0.01391776718446247,2.0069520922540702,2.5590649303455453,0.6703038812236967
149299993,0.014307011313234832,1.933257835099634,5.182969832804358,0.7224406245479236
149300400,0.01716264798676172,1.9446255993104042,10.785094593550914,3.896314248895794
149300401,0.01709886674521074,1.9908080792465377,10.496749145643392,3.7381770588001886
149300402,0.017294711420621788,1.9033618855812808,10.128263164471477,3.438907878087375
149300403,0.017660626904199627,1.7238904992869344,6.578140515124707,1.4086941969129447
149291856,0.013211284327884184,2.2061450977320223,8.434961287015476,1.5773045805829866
149291857,0.012829259534157606,2.2620938768356385,6.254233208536563,2.250565955553967
149291858,0.013427831906009094,2.2769662745069352,4.12197273385304,1.7530662698075732
149291859,0.012968257891138915,2.22321451162649,7.006933545345677,2.3795904919271087
149291860,0.013374022902173094,2.1393445368934723,8.46482392379499,1.9475875166267405
149291861,0.013222233745708033,2.3289753924080103,4.7368156991181865,1.824268930345175
149291862,0.013860069815787943,2.133493424961079,4.0773133135669495,1.8705538199546938
149291863,0.013099285383704539,2.2246258540652337,3.5684515863442936,1.7562272054111265
149291865,0.013605840637200968,2.2201026008587,8.948126357767554,2.6992808385426246
149300526,0.01048855015384431,1.8244689432512773,16.175328057321494,5.249896721598636
149300528,0.01055533349198005,1.722461189110121,14.804406957739761,2.7483547950534026
149300529,0.010631562053806373,1.7332772715224873,14.523648230555434,2.808536350035935
149300532,0.010671711263825689,1.733095375483728,14.923268307530718,2.8375001460931415
149300533,0.011039409194060674,1.8218690251713014,16.45741490627852,4.848069076775969
149300534,0.010747954946950557,1.8516519048563362,16.09325986574384,4.9219223096646845
149300535,0.01002691156196428,1.794990338247772,19.446296870117145,7.654333046107291
149309660,0.013723003752399682,2.135253335691636,8.90373698823708,5.833161822691171
149309661,0.014145132559668223,1.9791647814863245,4.3354029996597365,3.814633541938139
149309662,0.013991939043292323,2.1124894541475028,4.710532090673896,4.350754799641878
149309663,0.013864575287087687,2.121559303016299,4.605071425685335,4.645839039363464
149309664,0.013870331126361813,2.177036633484356,7.8435594022219055,9.359441403716964
149309665,0.014410337660718212,2.0936146371094284,5.934636488488796,5.48399442069983
149309666,0.013940780852498716,2.1639637766655726,7.987500849548207,5.175906410646158
149309667,0.014383436816774332,2.150956769200819,5.23576981413617,4.692179542027216
149309668,0.014001798757150175,2.16849194645689,10.939007958384451,9.524369049821658
149309669,0.013826932893485917,2.0758512739460433,4.998611879975533,4.718162956847677
149307671,0.015138316388450026,1.3463556302993394,4.842115599309216,2.203984641723311
149307672,0.01542392737657124,1.468952201020761,5.78984215037361,3.1733041015670387
149297346,0.013533491818770838,1.4696012279036645,3.5202094011151415,1.8784480268397277
149297347,0.013460932112466373,1.515730183425827,3.447624284676602,2.0988523098581298
149297348,0.014697859284296323,1.475650126622118,3.715949732042664,2.2568112362563757
149297349,0.013655934956930111,1.4730569496260537,3.1827833140509503,2.0984671309854304
149297350,0.013545318654499665,1.4511436734354417,2.993696111130489,1.9242595960021776
149297351,0.013438395782707774,1.4857236548941541,2.944973054722675,2.1378218682469585
149297352,0.013682504655951609,1.485334179182058,3.0267015268971518,2.253497001481023
149297353,0.013663159960050186,1.45738634389093,2.889843749588496,2.069797819280819
149297354,0.014260157068803462,1.4648765320467694,3.079462161849397,2.080393071945421
149297355,0.01320373594662465,1.4208212262338957,3.1452355592620482,1.828862251976261
149293078,0.009526909533229967,1.5185467130133865,4.578632272561675,1.1720343629853978
149293079,0.009486704309081781,1.3769992829556907,7.287955691169446,1.1995660523203782
149293081,0.00873208472916583,1.4529073251757385,12.872466273707623,4.011726068766517
149293084,0.009228663755035893,1.4950601415507543,7.2666490272478965,1.1689340004018582
149293085,0.009584693425296904,1.3924884502789907,6.568353655062984,0.7885120924320106
149293086,0.009201674801549813,1.4060250278318767,3.618547025813001,2.6778166333970526
149293087,0.009323384962721904,1.4104308396224117,3.884883970765345,2.998160081176524
149292264,0.01614475063323353,2.070265895380572,4.30452942786025,3.7599003002713824
149292265,0.01503774668654994,2.030022569314079,7.535724037172883,4.504058122308707
149292266,0.014849430952789709,1.9645248673812563,6.551876837554798,4.52893434554658
149292267,0.015277671400319357,2.0464050897190678,11.702570316975606,3.870230763548534
149292268,0.016291645858973983,1.9988045464509925,6.512898662401028,3.4664969136389376
149292269,0.01576771750101274,2.1268182723432103,5.668719539151804,2.525707389107569
149292270,0.01646896013287227,2.0702304601708903,5.5547299301390805,3.883533711639957
149292271,0.01565668499551617,2.2285992151121627,7.893651433971509,2.8552430033326535
149292272,0.0161418873411095,2.360499211798345,8.275332628602388,5.704618427340577
149292273,0.01658965672619763,1.940051935096061,5.915963417506228,2.4776927191006335
149292478,0.0176501811878861,2.2316695526127037,5.460706536131428,2.9941169789680795
149292479,0.01723562574511704,2.2824042529217046,7.682708164312335,1.7758583406720425
149292481,0.016665708996946277,2.211610276471955,5.565758989227512,2.8677432379733716
149292482,0.018117009119720588,2.4782574592125624,9.835639128745663,2.3159009261811017
149292483,0.01745184410028107,2.2206791914617967,5.927334379803638,1.1257446867202447
149292484,0.017362511786375115,2.4319057204265593,11.139053429619043,8.075326371749957
149292485,0.01759779176110418,2.219379379062071,4.006202213017994,1.1272191418737805
149292486,0.01693886282369323,2.402163081624739,9.998121346847395,7.164939539005754
149292487,0.01739274483999308,2.1962725599726833,9.457213226304646,2.1886275322874567
149307180,0.01316823550175305,1.884302269086361,7.497461357247775,2.7608803932550736
149307181,0.013527718506542484,1.8842210095156735,6.821505328146479,3.0830944589025213
149307182,0.013024860809683732,1.9250767465577745,8.530157240470526,2.9076561615125653
149307183,0.012866088443293594,1.9560094311133152,10.3091359275655,4.132096565284844
149307184,0.013773639666005609,1.936402637771032,7.983834216550971,3.411870785932808
149307185,0.014029632942061575,2.0278466572991682,9.236885303492999,2.787653303112689
149307186,0.013451473131048074,1.9246997025642374,8.558067412911118,3.143858204223864
149307187,0.013024904753601445,1.941604542890475,7.306303014798309,2.6879128899378153
149307188,0.013172030721204018,1.923824137564621,9.584500164799632,3.3184152689045834
149307189,0.013012968056980575,1.8748295867225453,5.395660821636275,2.5701662578122892
149306537,0.013139067628592033,2.0683431344522822,29.32951200941032,10.13030344790437
149306538,0.015368899749592926,1.7849601531249446,6.2883639689100965,3.720234838415135
149306539,0.013340007298629605,2.009843063089935,20.02740959158678,10.532209909042699
149306540,0.013663155326218783,1.737913914563083,5.309498106499301,2.9524627719452834
149306541,0.013629251069031966,1.6798440681864417,5.390243896448955,3.508188326522523
149306542,0.014321550979417593,1.8679512295738463,8.187014836406115,3.1561688751299988
149306543,0.013763496311046574,2.023920715877946,21.2856602780217,10.270464504377946
149306544,0.01356293202259212,2.0710551618583883,6.756737401329364,3.9854026023482296
149306545,0.01487163905533483,1.98276530056966,28.166774957649228,5.62398643780045
149306546,0.013587086640398826,1.666870072829599,7.301741437684648,3.5657957518926513
149306568,0.015278403331457044,1.868151321598391,10.287647692728127,3.9876883970654013
149306569,0.014541688120465676,2.098412042934829,20.03453488438873,3.875962482693575
149306571,0.015122511132287516,2.071466702713617,15.054251900138196,4.8377454759121195
149306572,0.014921592711878222,1.835570235156074,7.972058832716477,3.7353764848753195
149306573,0.015128062496981134,1.9689840513131,13.27714353439676,3.7305510740669705
149306574,0.015704712238454918,1.9208185997721563,9.394639116609344,4.021935478579589
149306577,0.01499881482748447,1.8715731612420083,8.207060562045429,4.518284874097065
149291975,0.007427370572846467,1.428945371482981,12.942027891919238,0.4471851855753017
149291976,0.009154505825447206,2.1569295016619288,40.28410562618902,0.6766252730854586
149291977,0.007892320355608657,1.3271311520199833,14.91893417019783,0.6286851172224883
149291978,0.007869508497215063,1.3439717687800241,11.412959888194836,0.6365612221228917
149291979,0.007548447568311492,1.4516401484874288,13.123223078551096,0.45318310604383427
149291980,0.007743388531760698,1.4756026064370087,9.11729668700511,0.5380677070067068
149291981,0.008946486783587282,1.9084939907546925,36.54062224190046,0.8499804356382971
149291982,0.00798472826641619,1.4404687649359098,15.084069089307638,0.6162055184611
149291983,0.007952339588025758,1.3641102240926566,11.135726676231526,0.623023729622453
149299616,0.008707811929489861,1.3119352911763467,6.3582575396960035,0.6918431036848296
149299617,0.008595733117932994,1.2996297400349526,5.167484786930296,0.7250880853621506
149299618,0.008986380821504783,1.3182826291918843,3.870479204683959,0.7987624458966156
149299619,0.008822830541656937,1.3264078798263235,4.312712911604622,0.6551735130123081
149299620,0.008901995080472295,1.304701048688091,3.193188327308044,0.7897792571708262
149299621,0.008743325112581798,1.3358860823961258,3.7482874129820645,0.944116779198416
149299622,0.008586072178998693,1.2909428897876458,2.107273886113878,0.7782035217837627
149299623,0.008858645331565768,1.2748554352251091,3.3011590954143086,0.7986367492465261
149299624,0.008761628372652385,1.2532948372194506,3.836087255016151,0.761568690534201
149299625,0.008630568657143614,1.3136270847291291,4.105138641306695,1.7610915012971258
149297716,0.01179762488780556,1.404859879970637,3.2396130135713177,1.6286074180857264
149297717,0.011637379151387104,1.3959246609006724,4.7122360803464085,1.6810261133004745
149297718,0.011908379008331275,1.393539245100712,3.0812353524833065,1.5545195874579072
149297719,0.011858161875783993,1.3965007698598126,4.559205116005726,1.3449117493993024
149297720,0.011895922817006684,1.3763275700344966,4.521074856780123,1.5715590059322446
149297721,0.01184333278215733,1.3476006950061292,3.2776368404075344,1.6123660326762574
149297722,0.012163578580433218,1.4105051671394073,7.05819914187714,1.578789182558434
149297723,0.012126205768339974,1.4027054817766518,3.1670973194815697,1.3228608829526218
149297724,0.011649106270440631,1.391344844786292,3.4368228022083773,1.5008751392212332
149297725,0.011916754270688945,1.368610779565582,2.888478104886616,1.2991529740781815
149300333,0.014784626245671091,1.9661387958650371,7.9885946323299315,2.054263650291377
149300333,0.014906687806642142,2.703688394734528,37.92959688396414,7.751096597481891
149300334,0.01406002519227363,2.242867372261427,39.302375212665815,13.977239996183418
149300334,0.013706211397180725,2.261454194383294,26.913626328562373,1.3069779192497581
149300336,0.016569558315117566,2.332409577212632,39.7822021062939,2.478976136563327
149300336,0.015262594332210711,2.676121888051915,50.829876918698965,9.839073499085492
149300337,0.017789268591502073,2.654781301197769,57.07855580415061,2.666933058580165
149300337,0.017355558848598712,2.4133214828640397,60.541959716406446,1.8745729451753315
149291495,0.008146219853384904,1.84906269670531,7.936147024300521,4.521248079270344
149291496,0.008331369132173977,1.8560151278288342,10.517525019959658,4.529274025628732
149291497,0.009358017898723212,1.86170319845209,10.812066825729271,4.746715341180594
149291498,0.008944486828140221,1.775619454204029,11.018365165996391,4.365049332771866
149291499,0.009713995861804449,1.8159098298811502,13.402684942024793,5.184505638734062
149291501,0.009831808585341675,1.8267422102585609,13.452094216236748,4.47022746941786
149291502,0.009571822064134983,2.0940881389080617,9.376370351619702,4.797553984975023
149291503,0.010994578819450632,1.9404869797478765,8.032017519911829,4.371819931955809
149291505,0.009479176758821022,2.035368326605035,9.215434802588158,4.807162097666216
149291506,0.009154830511088697,1.8005762385908235,14.233692263812134,7.6538867287823535
149293767,0.009174688871526367,1.3796194633986625,1.4837828113674076,1.3865563242708574
149291815,0.009376293904251907,1.5879784022622425,3.3828145524812427,1.7986345659626686
149291816,0.009306046398591991,1.586394326103285,3.2477671605478533,1.823569636534679
149291817,0.009364467787035332,1.589519354223397,3.2866832085008117,1.612287078327256
149291818,0.009262385020094794,1.58911616493401,3.267172671999649,1.6130193811790374
149291823,0.009487434682110444,1.46371677628857,2.918089326811762,1.6540343419735175
149291824,0.009319903000743257,1.4500567637235053,2.702316505617567,1.4950203988176374
149293386,0.013612310913673974,2.1818474845509503,4.920830796351848,0.29777675038166057
149293387,0.013689738240601164,2.2654446594119784,4.781943107303922,0.18521377982633824
149293388,0.014763207783058232,2.27997761975225,5.05817723657378,0.2799689149108132
149293389,0.013926579539689496,2.273161770540978,5.312655864081357,0.27365186856371926
149293390,0.014928376426082203,2.2471090830995317,5.353597262906086,0.27915223024136904
149293391,0.013916523379461292,2.3241503316996903,4.713384694305603,0.21962271674536954
149293392,0.014174069895049468,2.3234258846009928,5.3739127977564545,0.13489866136962003
149293393,0.013990923880933938,2.309985029713811,5.673140124409277,0.13041861436300947
149293395,0.01397261780861944,2.294724821358027,7.846968402748027,0.31858142908383885
149298078,0.016705143494118054,2.0549001837972667,9.826774709618716,4.418514033961101
149298079,0.01622298338274792,1.9737491412941364,7.375150611356049,3.4299487980154155
149298080,0.016291591851260882,1.8368898214210996,8.671231398415824,10.933712416273368
149298081,0.016089513432191567,1.8704495466111735,10.949210614778366,11.212174549091184
149298082,0.01621849346119171,1.8847046007618011,10.387426461669083,3.5333275983074315
149298083,0.016207474671141697,1.8512378424733273,5.108207591826734,3.1389426590211142
149298084,0.015630180045958574,1.8487173173739706,13.175077437665163,8.124653972823793
149298085,0.016146282987734423,1.9073771116855063,10.169571230331515,3.8206795439677883
149298086,0.016522316185719556,2.026979715808857,11.672721460552607,4.636248536078546
149298087,0.01644812580418723,1.8986675729470228,11.1600647390399,11.338565907438076
149300068,0.012661347507881244,1.9125378453716488,5.8778955727104,2.219634230658029
149300069,0.012774585047822008,1.919754266436475,5.216515435727324,2.457250134276394
149300070,0.013249155666221302,2.003414691219124,5.789230801446485,3.412760855420436
149300071,0.012615647480594799,1.8460440907377371,6.015343872566817,2.3320740517447343
149300072,0.012628013382061775,1.8989550018405128,7.63457748333024,2.6166113135622044
149300073,0.013380006700180752,2.0236510500766816,4.920226916050755,3.161353368270465
149300074,0.012733991627854558,1.9180479683149458,5.587014229192246,2.2243732532919593
149300075,0.01280813609854925,1.9222286859861937,5.116087379463595,2.4266707562746883
149300076,0.013780151242087535,2.1240545751913587,5.969255076558439,3.5170160979518577
149300077,0.014169730466755358,2.0149497492327044,6.742788335166202,2.845258448861089
149291803,0.009289191556752617,1.4775162292484367,3.0187372038922065,3.8464303170542085
149291804,0.00941114147609095,1.5914917755832114,5.862869363055771,3.8819498526607035
149291937,0.005764557094745194,0.9482911969969842,11.862036218808356,0.8795007762262268
149291938,0.006175437660037081,0.9890235973020032,5.907652283964975,0.5261654162931839
149291939,0.006735357299333737,1.0637890189598307,8.17646599041084,0.2552530274635162
149291940,0.006262445913542672,0.9644484715216407,10.188273150706452,0.6082736367291504
149291941,0.0067020257331563545,1.0564172307010882,9.830331173236424,0.283290986599879
149291942,0.005860480706702945,0.8945138506411006,12.237458823942713,0.7710659999446613
149291943,0.006119490955811417,0.9212588025476387,8.683037322948678,0.601492411009754
149291944,0.00607164236665933,0.9407191995216754,13.202662373566673,1.201313757160491
149291945,0.006058087252678031,0.9495795162098608,12.145834256193528,0.6234544960402503
149291946,0.006724944681452836,1.000467017011102,8.189201511949772,0.8502040183163692
149307792,0.016486288034821495,2.265286112524384,3.4104291997181413,1.8820145861637216
149307793,0.016536923655899288,2.281763123718478,3.932117558487389,1.9179929779915499
149307794,0.01661132615759249,2.455398393664731,12.71466994633877,3.2810609560903625
149307795,0.01662213946825758,2.4261020646611056,12.173969624444029,3.1937170482165205
149307796,0.016785633054534024,2.2249812272982625,10.505178338166472,2.0010644756841303
149307797,0.016931974715004537,2.5126556348921683,9.625717625411722,2.1145378129225083
149307798,0.016852082660998025,2.2208203461160276,4.365206103704459,2.0835069527418626
149307799,0.016943975580709102,2.5222117789952443,10.283508042167382,2.1643583690624246
149307800,0.016687456037611115,2.2849460098195338,9.131021905725547,2.5402185565731212
149307801,0.016471432592177492,2.3207119181830933,5.460845372144462,2.233146982269488
149299908,0.010833699695828689,1.0600253923599026,11.868004722765704,1.5512886465934705
149299909,0.008980046147016797,1.4683474938376846,20.955464400564765,1.3980202723843118
149299910,0.009949997706217423,1.1836465963296698,14.272665646145429,1.2944282397821871
149299911,0.009767906822140135,1.4381130788080205,9.033933040666351,2.048477550808952
149299912,0.009541508826408,1.5299079672082374,9.72259988078637,2.157729838990426
149299913,0.010740817598522658,1.2179177687617855,13.582610380368143,1.28655239406835
149299914,0.010725532891667174,1.1959466454539065,12.412124013146515,1.552748156906825
149299915,0.009803724909446629,1.6660395754704234,13.071000358025229,1.8164934174294245
149299916,0.009797348577834862,1.7419376218321427,14.523990843083169,2.033981903862394
149306763,0.014671795576165044,1.8448933391185391,4.053706078737795,0.3571792011949124
149306764,0.014543744231769913,1.8751012146088089,4.67624203703175,0.8774286788812702
149306765,0.01622997770298876,1.8742676717241193,4.1808324981009966,0.6934175374165431
149306238,0.010552628611556867,1.287920392891147,2.3063177124588923,0.7762851333669245
149306239,0.010552066105697703,1.2882447723330412,2.422987583113263,0.7704107873751662
149306240,0.010559194824121073,1.3041178513595733,2.9346533146370777,1.1110146689527265
149306241,0.01023014682778324,1.3538394976914294,3.447609203203384,1.0050093683560852
149306242,0.010244019289473417,1.3627824032280287,2.933709048869583,0.9522470701828701
149306243,0.010316145158447716,1.3639361110603567,2.9037926924593704,0.9612263327085089
149306244,0.010607570623912417,1.3156045975983206,2.8730234446114187,1.1419078836543899
149306245,0.010617722345253641,1.3063110294655715,2.9345648162394506,1.1117782769673186
149306246,0.010698386464660327,1.290660317934228,2.2969943114280267,0.808799669757998
149306247,0.010728468744008093,1.2738464833253516,3.497997295886623,1.5168477524476802
149299345,0.010236989227726149,2.858218675214808,23.044087526707557,1.2370139029938474
149298228,0.021417306925395552,3.1036304724913126,9.791094318671288,1.7013267532839103
149298230,0.02126338781790551,3.0124266060495297,9.529123693961145,1.8426325280043785
149298231,0.021388395095830175,3.011022603606612,9.770910821562667,1.8756479058628188
149298232,0.020329024576238298,2.9369124200604233,6.817590584401505,1.819674727281145
149298233,0.020389719097486034,2.91670957523971,5.744025760128584,1.7767813316895458
149298235,0.021573049631684306,3.1180125349380616,10.531386991626293,1.69126763110781
149298236,0.02160723502370182,2.9044952551539533,6.787060766070921,1.2833721313146105
149298237,0.020489092603010153,3.0818623825127602,6.654535901948229,1.4617301490670433
149293859,0.015915604341483727,2.3917081084625944,15.143763023864159,1.309365599380636
149293860,0.015526565556809225,2.1491968461943594,6.357163395787037,2.2661444982466223
149293861,0.016632374361802704,1.7993281376434251,5.8128817720896535,2.2238015497736123
149293862,0.015881950929464164,2.1734782301698408,10.96489574542865,2.290050889136816
149293863,0.01580479286631712,2.1616022231134977,8.712334081054538,2.2888802077175554
149293864,0.016188527221557725,1.9640822661280255,9.442105641217776,2.552951835107315
149293865,0.016518334194345112,1.8141038692729312,3.608734990910183,2.501652804878415
149293866,0.01591977570745993,2.2828764992843134,6.433571113498775,2.345096904155928
149293867,0.01638376556843133,1.8859339010326805,3.697167222102404,2.276538089079267
149309201,0.03095327048700205,2.056877039705902,5.647269180287474,3.255815762339813
149309202,0.03080977008080929,2.142888680835882,6.60902293974478,4.360694503032735
149309203,0.031148594725270658,1.9931037022652407,5.246575492876715,2.4403862424481004
149309204,0.031114262297182366,1.988453740476902,5.556378517263132,2.394818393522303
149309205,0.03400439816884274,2.125733490697534,7.488151588458897,1.7777590264804857
149309206,0.031555656293718655,2.1618390089952055,7.235248958939025,1.983099422731397
149309207,0.03158025660093971,2.138834506817087,6.563057646778539,1.877970618570114
149309208,0.03181277040944506,2.1458999857455794,6.263180317286716,1.6343910659183676
149309209,0.0347011568035425,2.2912117627781012,16.59110047522512,3.18634948033452
149309210,0.032170730666661776,1.9850320620609216,7.02648667675452,2.839538542799973
149298768,0.014318636159271465,1.4800635312963257,8.152371003642743,1.973503685217778
149298771,0.014822825792578103,1.560230858996594,6.5588611955030816,2.2517388310626587
149298772,0.014524340326391744,1.4229057736355462,3.550775823380387,1.7682626670142458
149298773,0.01551655146742524,1.4573929776283852,6.421752960482967,1.5797968843055987
149298774,0.014348507655200684,1.5818219528767188,2.825368458710817,1.628686937616259
149298775,0.017202773678400722,1.6374561672132801,3.9066930779565667,1.6837922094703643
149298777,0.01508465224499026,1.4739470800106385,8.124651847509474,2.244070302634613
149293714,0.048836560015746766,3.499624150344342,13.94456902809975,1.732265626803509
149293715,0.04899056589137495,3.595276529017183,15.069181215871282,1.3395355209667275
149293716,0.048904557975826504,3.498657683965191,14.790600789437542,1.6372828037989688
149300511,0.009544932437154274,1.5772982881378437,11.173096859113302,1.585923039887445
149300512,0.009543883112579962,1.4867015253047373,14.141789388058088,1.4406312407174466
149300513,0.00973507936802502,1.5797195995594706,12.791578114322048,1.895499880837501
149300514,0.009896310641340052,1.4851474283990287,15.388616210014375,1.8436348488847332
149300515,0.009991159973854342,1.5153290605322363,10.950956043365203,2.133881861819454
149308806,0.01832772817441189,1.7316070019268541,11.342609504373804,2.2608274362800493
149308807,0.01830974219094499,1.7768884284339321,9.55088106155982,0.7508558077068712
149308808,0.01683719932738408,1.6778574722304964,5.009587068477078,1.5238119407903663
149308809,0.017612678391417152,1.7295254506082463,8.46621873140464,1.202739622378021
149308810,0.01779806780756284,1.5852308023130723,4.994368456814598,0.7213818531251563
149308811,0.018169704432524778,1.630701695872233,2.074966216547476,0.7730717342283056
149308812,0.017506212374893377,1.701499023738123,7.956678299079394,1.675156848763285
149308813,0.019235959038629714,1.604542145982821,5.447373644122181,0.903114305527597
149308814,0.017715090196978905,1.66780717306841,7.510489428459869,1.1529795337286612
149308815,0.018702671686155158,1.626422949890504,28.188134236292097,2.613218236618111
149297905,0.009876581743863083,1.9165017603398622,8.664572053192572,4.135324183526766
149297906,0.009868485527602196,2.059959876407255,5.247437554321,3.977543952959541
149297913,0.009275094191370056,2.046838969222829,6.345197106623136,5.475935804315038
149297914,0.009342119863411132,2.0508922691160736,6.700541529687144,3.806371304793906
149308772,0.015528235583900873,2.0443241708113504,7.744064259554945,6.458449430009403
149308773,0.01574349052290964,2.0477978382942617,8.414224917194534,7.145694099590468
149308774,0.015785622396402445,2.0993142640142115,16.559722095346316,6.735560614835505
149308775,0.01533526329544491,2.3010049603671527,21.239889900344675,6.472031430555214
149308776,0.015578805637226658,1.8042762663782232,4.014429864385664,2.9191683843802183
149308777,0.016354402559828677,2.382359833807082,16.173246192820418,8.031112167447427
149308778,0.015367199509540554,2.095312524801853,6.305645312358292,4.488264700326611
149308779,0.01546647040170101,2.082312775136959,6.761957266219384,4.4679449056110085
149308780,0.016267417765165073,1.9880430995856284,6.471094042811728,4.8756350503644565
149308781,0.01598979211987299,1.7981806627911203,8.510350402525109,3.2332603459159883
149307583,0.0158582500766784,2.2226732840118033,3.734062009570171,1.1120768542198363
149307584,0.0158689056726587,2.198411709847188,4.608387183715647,1.3634498972774118
149307585,0.016811145675123724,2.253003750350238,4.647784888369033,0.8612887364906199
149307586,0.016521851779961724,2.578162334550941,17.84416212903307,2.3854101774940757
149307587,0.0165164108782243,2.3101072104487037,7.176359225981027,1.7209196852984368
149307588,0.01611901462306951,2.2596245124903422,3.727874246199251,1.2167586676297217
149307589,0.016217422726954343,2.237503285609528,3.080183199292021,1.1597458621124634
149307590,0.016361554761237268,2.2316501903066253,8.99463003842472,1.421657810243026
149307591,0.01583457986448815,2.2274026098541158,3.6984299051042306,1.300876926881583
149307592,0.01563972371131951,2.2013399507237073,2.6658582780057825,1.0472200040073185
149300353,0.015013780014825548,1.7481027582944222,6.157328981650821,1.3909963270662562
149300353,0.014952940418231576,1.5818298270430962,15.522792118226729,1.336104354781596
149300354,0.014736693617625292,1.8030721045758482,25.596768636325052,13.196376788362556
149300354,0.014931700237972778,2.220874609450713,29.280675810583965,1.3637687910594936
149300355,0.014328748976728397,2.2075931995737403,22.726390131513575,11.273197257556895
149300355,0.01408311475864408,2.061087235153719,32.40933046229075,11.038697667769528
149300356,0.014624479943693137,1.7631287005181915,25.18573881357697,1.5093055276401963
149300356,0.014807204376573154,1.638746450131553,19.40077423713097,14.240680039068764
149300357,0.014849192123646228,1.5935584326698558,15.899893342150397,1.302831209146339
149300357,0.014910605833463753,1.6364744099177497,19.19600326872238,14.017400231264372
149291855,0.011187351481615633,2.438701361739275,7.034156387754144,2.39657546365735
149308855,0.010490466722648306,1.4557941307455566,14.920266778154641,4.781216242716114
149308856,0.011283551853036733,1.4345678953428587,9.749124108046528,3.208470106975781
149308857,0.010996625826896898,1.3726210967261907,3.875963888022333,2.27178571123329
149308858,0.011772567007025562,1.3542688342210099,3.6501079493664497,4.292634746783951
149308859,0.011217671487485118,1.4751455603966066,6.039648879092609,4.347690181542745
149308860,0.010617364537954846,1.3933041928375236,3.453226329780477,1.6947298035167382
149308861,0.011475345468703182,1.4131921894828243,6.06669924829779,3.6951397681206335
149308862,0.011278753098497756,1.4539172822964164,6.301215214061406,2.524716857655564
149308863,0.011700895206878418,1.4787375958993962,3.9424498761798934,4.4333264124317004
149308864,0.01103827650733662,1.4182562710649476,11.463624488918077,6.392539661075812
149299629,0.017716536505273252,2.476775393338906,9.227867144003842,5.229249737936088
149307739,0.017038214966684676,2.407342018393905,6.065614685723521,1.6209414563457318
149307740,0.01704391776931226,2.3852581334277567,5.941991902131412,1.6174991624536046
149308262,0.019424474008193318,1.7331048747763118,3.905828508702119,2.68648074145995
149308264,0.016296569370663025,2.112608989176633,3.547018341634336,1.964597826935733
149308266,0.01939651562197025,1.7392080109470742,3.9998447334964196,2.619881581363506
149308267,0.01564920825440453,2.096556870868144,3.0886284307112954,2.1974993850622297
149299606,0.015102642837185654,1.571871721615862,1.7001510010992178,0.940732142981997
149299607,0.014718957162165576,1.6432425427173543,2.211031004223692,1.2941189310327486
149299608,0.015126412871049797,1.5692734238559942,1.6896576972894277,0.9442139857845068
149299609,0.014748175457692669,1.8372920276327853,11.720336081485403,1.6422773386738794
149299610,0.015171600203252237,1.5760480813487785,1.5851281341702916,0.8005060749887719
149299611,0.015224612702021922,1.5768615003820319,1.5055177186358022,0.7946909435003273
149299612,0.014902085281752176,1.6810556816688604,2.048267216880805,1.1206444796241644
149299613,0.014927671710528027,1.6528670009620106,2.1353336176297817,1.2087646631272506
149299614,0.014854151271192564,1.678715617458074,1.9535290140402666,1.1055334351050476
149299615,0.014857397137938953,1.6711730761922226,1.977509084750871,0.9758913247589301
149293727,0.04341282999769877,3.2031954274251917,16.48482930969554,1.2926772698338147
149293728,0.04492136798205429,3.502199981640123,16.667791677738297,2.0107848813227056
149293729,0.04708061955262127,2.5564796400864562,8.548035617215593,1.4666715556809313
149293730,0.04678187913270288,3.2212492894062694,18.018194862461254,1.8110076130207364
149293731,0.043960125087645296,3.38349142190125,14.721620490265135,1.946204274156119
149293732,0.04553949344804872,3.4453167388804697,15.431964877966944,2.3363885338432544
149293733,0.044903560448209555,3.3689979751782486,15.069330633130553,1.659639382206013
149293734,0.045109539499930955,3.7040003703052546,16.05238423522566,3.231064171664545
149293735,0.044649117781256756,2.7805619893445708,7.354999249662889,0.7544139378812218
149293736,0.04686841417282761,3.329906691628208,23.209135085597346,3.0076732241568322
149298058,0.011119372085425015,2.1028969185423985,4.254920691178597,0.9678915020811286
149298059,0.011122044255439487,2.128411580693918,4.553469038530618,0.9294836654188995
149298060,0.011186725145337853,2.1206174424501025,4.399997427703034,1.0755379650019308
149298061,0.011031233244408559,2.1042251248885586,4.009186166623404,0.9478151716645036
149298062,0.011327413426071844,2.1167218785099244,4.6478464854444175,1.0952288580720848
149298064,0.011013050416019299,2.0975873315212126,4.37121432518899,0.9344960308107008
149298065,0.01018466502888734,2.145303550381706,8.112228998572217,1.6750315257230548
149298066,0.011178189987114631,2.1061204138186795,8.153596608542724,1.38112525334143
149298067,0.010138233473551864,2.1832904094399366,7.4039738554787835,0.9654233285513503
149292813,0.00785679084710188,1.0780165060800706,2.5616604625852886,0.05669577621247375
149292814,0.007846348613440668,1.1976511604680948,2.4313657549951797,0.15797221476359954
149292815,0.007625126494901969,1.230306359062372,2.85705659409535,0.13801243697379167
149292816,0.007779968005886061,1.157724968940133,3.559722666911431,0.2755950047957531
149292817,0.007948586450106347,1.0967727004584384,2.5800281442753716,0.045741883912734704
149292818,0.00792117737147449,1.2537363392066512,4.3937794880738785,0.09423822919579038
149292819,0.008230772724355805,1.2859869970356974,6.345673204429695,0.06521934288950626
149292820,0.008266043839012275,1.1628361496183324,8.791422207649807,0.08644455100355737
149292821,0.007778033705240877,1.1773054789304978,3.9117278150066115,0.2059624172501156
149292822,0.008402200920490469,1.094323004069084,5.427604079536694,0.09204222665950548
149291650,0.012708668497155738,1.2573803618778234,3.7579991374283206,0.8786781071214146
149291651,0.015525702338617688,1.4669196424947346,9.520251428181425,0.6502562788361297
149291652,0.013417152013817909,1.3424421013005783,5.833524195629346,0.5757159048503734
149291653,0.013277468492764368,1.2658530852360386,6.381431500519183,1.0942704291877556
149291654,0.015203366396539622,1.4203556556362265,7.269820159387834,1.0133961287989823
149291655,0.014141699893180955,1.3340892920275835,7.319889305079267,1.2553084926036484
149291656,0.014276933114604432,1.4762218324209435,8.541092366185334,0.9537895653924099
149291657,0.01392440141833088,1.353491555401991,5.83536810227547,1.3217187495986642
149291658,0.013867388430078608,1.4246440659011579,8.28839867732985,1.9962947292417828
149291659,0.01522231128253718,1.457432101638544,10.176105722344602,0.9576278251403563
149298750,0.01828343048256477,1.639613261971249,4.574408032368144,1.9062245190182412
149298751,0.01798408013850927,1.7549231413463287,5.175244733312521,1.9271832079262476
149291610,0.009684594069309996,1.0522271771529168,2.536564799326792,0.4824576226096741
149291611,0.009720350787547058,1.0530869954618933,2.534117309604577,0.49274002165424186
149291612,0.0093394115100914,1.1275524988180954,2.761715371174394,0.7831013791402809
149291613,0.009914571347071568,1.4789356627956887,2.804038886718132,0.6780957639784424
149291614,0.010117042582156453,1.1932880691070487,2.636270803366855,0.8609727453349364
149291615,0.010004223980301605,1.5286660941349473,3.338621729647459,0.6716851112556803
149291616,0.00981968236926886,1.5019427941719614,3.1945507394148467,0.8057909490540636
149293816,0.016940624616958798,2.1204311615371183,5.9503020355737055,0.7236792454452795
149293817,0.01736782024472597,2.1259889251671082,7.489813235288881,0.7169032768039425
149293818,0.017434463926550302,1.9080886755916568,4.22901226856025,0.5017109106779235
149293819,0.017193065695733718,2.2224385210672497,5.269032339773868,0.6025485749329195
149293820,0.017827071113630234,2.327163378472773,8.784522124177085,0.3467419413023848
149293821,0.016487417130363138,2.099538738336626,8.276655556107224,0.7308347562344878
149293822,0.0178303079783712,2.1341217316997265,5.4342759873830895,0.5855902607178892
149293823,0.017419439344274052,2.2926880329292705,9.40327160806294,0.8324906559147006
149293824,0.0157320162492278,2.101019774446678,8.626795233687545,0.8695424394148081
149293825,0.01772958419781711,2.0748369979969365,4.857654748872012,0.6270407577219748
149307076,0.017510661017663458,2.231261954608043,6.363030477393188,3.2557538855304773
149307077,0.018303927205909478,2.233563149623746,6.85437875429192,2.7489511545467473
149307078,0.01828457885030324,2.2968419545593175,9.19812310311173,3.1008849443120514
149307079,0.017880949516194428,2.2416449913266323,6.587155413641698,3.2636312674958865
149307080,0.01804398483347827,2.2076411506760083,6.819583961019831,2.77799039397003
149307081,0.018416979792289755,2.2091522620282102,6.265044944170515,2.8940293867444495
149307082,0.018027553615034605,2.204875861710108,6.84830847469654,3.017742298793322
149307083,0.018810461301404048,2.308678549523442,9.342371924239492,2.9380276638706677
149307084,0.01807964418592046,2.220488327666261,6.913897142257621,2.6031091616162065
149307085,0.018255905606466297,2.247346107905138,7.8038715617158445,2.482197010434258
149298148,0.017225639381281358,2.5835816233787954,11.54044430919259,3.710542789400591
149298149,0.017030019103858148,2.574772236018708,13.397072770539346,2.2606365509419533
149298150,0.01656106433588707,2.560424369059918,13.724963990598258,3.4100511834330036
149298151,0.017174993699546674,2.4903125703171516,7.818437655690452,2.3237836050940905
149298152,0.015330744561093066,2.3748674909229295,14.674042656981792,1.6931696818006385
149298153,0.01603625373110622,2.273556409413158,13.384095580217453,2.6749183789732163
149298154,0.017096775938796462,2.406303442401794,14.669314513820405,3.4446242184806417
149298155,0.01723391102328044,2.5080328281049367,25.937993875882803,2.8826585158164963
149309191,0.028459896686396723,1.957185455208064,6.401039472143182,2.2889163290909966
149309192,0.026887994696325853,2.0956732828487343,4.96523334510641,2.911287213327817
149309193,0.027172715598210637,2.101727664571272,6.09471718054987,3.113995519937706
149309194,0.026961032940954453,2.1482923959934204,6.363940063678624,3.166507894681025
149309195,0.027905066528607213,2.1161701056241298,5.529557770233447,2.188406398871566
149309196,0.02783197461250838,2.1214760262927777,5.655171075820408,2.173342260912949
149309197,0.027624426007008884,2.055960693181168,5.61729562651763,2.3826235799063595
149309198,0.02745034426275166,2.036805679654476,5.835875192297157,2.588591795943055
149309199,0.026667213194679483,2.168292921798504,5.184699214466289,3.114359591104592
149309200,0.026850010850291508,2.1396473167276273,5.252726996448354,3.205430865098476
149293768,0.012641468285117686,1.31801686234459,3.165822892366942,1.2263107266339208
149293769,0.012683392210823314,1.3262106467038204,7.305632122294032,1.4727345795905469
149299596,0.013743691639761442,1.4165292463755157,7.580638307318405,2.2831009195282816
149299597,0.013435580839080136,1.3747105714801062,5.367832685568076,1.557342587878475
149299598,0.01340832463115529,1.3562542643221194,4.541524513627358,0.9408620613032331
149299600,0.013523547160262904,1.393732601258976,9.442579486934564,3.239387313656355
149299601,0.013751503171503223,1.3952476082396155,6.046607397553249,3.1509594487311
149299602,0.013568438682218424,1.3718580428161584,5.913969468684094,2.9366222011137513
149299603,0.013785978448694334,1.6223157687718273,12.842971665965248,2.2746620437174143
149299604,0.013275328708725512,1.3513863903474639,8.043614448367906,3.3318947970385233
149299605,0.012812279014404826,1.4881262284697818,6.672244116187555,1.47380710698411
149297697,0.012062463507297297,1.4018276983336493,6.018129031924128,10.05049898626448
149297698,0.011815338437415801,1.2685408325292038,3.9673797503098243,5.549560710447967
149297699,0.011944669491003344,1.4924804994358396,6.606972703518683,10.154610001931545
149297700,0.011730679994356539,1.5052933874434045,7.579768049301023,11.476623457702676
149307344,0.0181914971235319,2.587144929810587,0.7525085495868213,0.0015774833154366507
149307676,0.016555079557698332,4.226734287258839,82.00112703321366,0.8179808183468265
149298836,0.045337979064682225,2.265421360692273,1.749400204643744,2.5406498878121275
149298573,0.03991766591845968,4.875517405274013,32.640666699835855,4.371344881147942
149298574,0.0399332955444027,4.877420883524057,32.64010574800131,4.3661078155278625
149298576,0.04444823587686008,5.019110038277159,28.87371960121386,4.684359260552746
149298577,0.04448415581188291,5.0155768072417155,25.737087922693195,4.706426619080438
149298579,0.0383394948013086,4.955208007572242,41.351267604819505,5.611023598447622
149307031,0.02479452060448064,5.967995455768994,0.0010585384206236884,0.0010136902338108245
149307035,0.02692563900151181,2.7849131971841508,27.012812923169285,0.13473806951802453
149307036,0.02701420199004023,2.787314749096959,27.09324421688335,0.11108866930926853
149307038,0.025337102896774412,2.6439413699587506,13.979962871387771,2.4530368246650722
149307040,0.025171853141384544,2.63901399609495,12.297463592707594,2.092314260142174
149307041,0.025825515450766702,2.595929648101363,5.349661541209053,0.8241767415409851
149307042,0.025782419584534724,3.662334475324542,7.173528931080211,0.8747088779350575
149299796,0.034810431806212905,3.0158261980363,13.38590581333251,12.789185829507472
149298580,0.04116394846833151,4.756877801071248,11.905093186066258,2.5395175715406424
149308408,0.03476991688252786,3.4010973911220064,34.03787985568363,2.0334498786286512
149308410,0.034116936442344634,3.470773677486299,28.45685845583258,0.607904464011933
149308411,0.034772086052617265,3.444315154442766,33.04822984840754,2.793194310733984
149300440,0.022261283788614913,3.4389504352027864,25.49788472492598,7.97507019065689
149300455,0.025444832606680106,5.719827816670205,5.288443750359471,1.8699646966703407
149300456,0.026984143166818155,4.836317557434003,13.587714456263903,8.976073888185859
149300457,0.031228377439890723,4.5887575517309545,6.666798168224495,4.395222319277136
149298433,0.021555314083995043,2.3833816438996087,0.057885343580543404,0.045426612747554905
149306428,0.017835420608691217,2.6891458701506377,55.11408424642904,2.7744934116374758
149309436,0.02211598660387483,2.974637722406363,30.1939937908928,2.0690764253579346
149307253,0.02067089057975668,3.355947653217314,0.06644020177866386,0.0056533925840899415
149293409,0.0208771137289609,2.088314472240477,5.226400786027213,
149307693,0.011931164819917477,2.869108733172385,23.199247296815596,8.551572703850319
149297524,0.012454571656310922,3.1034828248626147,31.03248367941563,19.849797989600013
149308404,0.023930535595119876,2.7030764868286488,24.40106397796225,
149308406,0.026888673840267642,3.033127103541316,14.849500187999105,
149308407,0.021593638258965615,1.4795013784524702,14.3590659138632,
149299819,0.029290799148863476,4.399358150161612,21.12794394257796,
149299820,0.030587731939640823,4.068985405661666,19.39172238821646,
149299821,0.025708864708657016,3.01073865731542,47.677176841683895,
149299822,0.02795473697422172,2.9540523155155904,48.55385092186134,
149299823,0.02820218971479407,4.617039987943515,22.412281905023022,
149292865,0.03134858637351018,4.653616327106108,7.506274248096085,6.616701074264412
149292866,0.020359741003132332,3.129302795884719,20.88666995205014,4.712539100969262
149298377,0.014221178004891033,2.632840095189537,25.83010407027141,5.905773841719208
149300547,0.021010862160275527,3.7770100808731017,14.783622376994042,16.63563510325392
149307803,0.026059319314434698,3.823209933531481,11.956142284225045,7.308498924475073
149299177,0.0157578884118443,2.149541811351375,41.20901966050504,2.1418532949477957
149299178,0.014638047508241978,2.6675007447454884,40.235937909189325,2.1847389759406926
149299179,0.014667813858458556,2.668273596537604,39.8394282509622,2.2089119052815347
149298353,0.008899533756114006,4.443323924290741,41.30996262419104,18.243049109764783
149298354,0.00893729417097021,4.432669030198245,41.33234886629559,18.257164247091996
149306400,0.01566740991457703,2.3487902170793817,6.3419743979983405,
149306405,0.015603797075933635,2.6368233609159506,17.550276768155623,
149306406,0.013753767240194942,2.765418948239732,15.014122524167147,
149308923,0.02857098031758008,3.0739574282998703,1.5690739205658328,
149308924,0.027853397956884147,2.4572062204507876,7.5231775070915585,
149309434,0.014442837482236116,2.503101516519701,4.785339162917424,2.202858411366544
149298398,0.010621771776008477,4.535540704598771,35.54303250722311,15.531091540937034
149298399,0.010610628433208617,4.523100334362497,37.052544093287494,16.54892910788558
149308976,0.03425806876837608,2.349696028967512,9.031723827075025,5.625657626014237
149308716,0.017660943644633376,2.360756667271917,3.0895970090602667,1.799042908681498
149308718,0.01671353112607595,2.6835574940660396,6.174763493180777,2.5962444817117487
149308719,0.01569756138277313,2.8827496697923807,14.295822359267081,2.0325720410585197
149308979,0.02390120773107621,2.522756454192778,23.269839074005294,5.6779040262879095
149308980,0.020561619314463493,3.399713017525276,9.975932915042536,1.2316891929625435
149308981,0.022572432761331095,3.1204464234473415,23.506518192653388,1.3573202011459518
149308982,0.023502289763229708,2.865866128729813,13.377120821597293,2.470865867321787
149300286,0.021115672275049267,3.1898250508180186,18.55258244591197,
149291889,0.009182813789287269,2.722539677123628,23.145500873231722,3.6951762434405446
149291890,0.0070482441298709815,2.5101633525398017,73.21647697831835,3.171153942832512
149293353,0.02819293564856988,3.332435422319539,40.16548431626822,5.776443588235582
149293354,0.030746681830498158,3.5580192702278532,18.319356126173055,0.9029767605450297
149293525,0.04542509500446722,4.530227555597614,27.81091775331281,
149293527,0.04873143527456176,4.3662679604561205,14.718249619684924,
149293528,0.041329264344562654,5.217912979001759,15.6471213228095,
149293530,0.041448971392027946,5.112242984829843,20.707446765430447,
149293531,0.04142432558952564,5.210415612973836,15.518770251232203,
149293532,0.04736414552931097,4.338274225626488,12.623535761459745,
149293533,0.04151542950400289,5.104885234098283,20.801720377414878,
149293534,0.043709554228019185,5.148325382359599,20.669677850506076,
149306775,0.018203432386254187,2.8341266300638472,3.59094948132615,
149306776,0.018235581112089005,2.8328604601208367,3.5515235497821815,
149306777,0.0237933548136674,1.906480953837841,1.665729847644967,
149291480,0.03179137991758952,3.178848722242709,4.815254664168126,4.636767790963375
149299346,0.01925247746439973,11.70611264361271,126.52973225889605,
149298201,0.03405436792830879,6.51762246152892,70.33671464077815,0.0027589707712533025
149298130,0.016389017021433906,2.3469562676452145,5.201382145574955,1.2930982550392167
149298131,0.016721953511900322,2.3259497814434447,4.38917395793225,0.9751239443756426
149298132,0.017085565178295424,2.088911815901369,9.093415228683915,1.2810061225417648
149298133,0.01524283796042667,2.1066077460683776,8.395985018813832,1.6320626097249682
149298134,0.014500382274862014,2.400510774147239,3.3709759674738042,0.9756688398074278
149298135,0.014387540831360209,2.3919985548376514,3.3346267034385026,1.0538225380838901
149298136,0.014504061573930502,2.5208793232331037,9.763506833700125,1.2161946617731705
149298137,0.014087128391573433,2.5108213599216342,5.232664669068653,1.1542418773818994
149298138,0.014336877615833021,2.147893574522464,3.1033274359405683,1.1132212634979046
149298139,0.0146242010390923,2.155407673715913,2.8927427844318103,1.0312586820700698
149298140,0.014448045965505186,2.1592457638024536,3.0761222400044193,1.0449258093162073
149298141,0.014510639742964751,2.1336285685039376,2.953744302035811,1.0763441929900022
149298142,0.015297341892418166,2.138964320678649,9.375861653528316,1.2229488767730845
149298143,0.015167629973736978,2.077117700353578,6.619882216770182,1.2810406719678733
149298144,0.014417953471669522,2.519844041053814,4.4884665918851026,3.656963929017375
149298145,0.014573552630220041,2.526688213352553,4.4782369481994175,4.03267130557005
149298146,0.014551038401584542,2.512388032342426,4.460557486251511,3.9127893319940497
149298147,0.014429176994862753,2.5277784479964667,4.622802200829983,3.7330414967433465
149309759,0.014552828850751093,1.6385833452182614,9.779141318973391,0.785994267644513
149309764,0.014573640136085886,1.6856351367567517,9.932199770496242,0.8661848476544454
149309765,0.015102013544031718,1.5206766740660411,3.775129869835443,0.31610025816604226
149309767,0.014609875902244236,1.5290936166347289,6.523307012204727,0.7975607041259806
149309768,0.014758553336435555,1.9065739324137985,9.65404513497292,1.0849250766203238
149300489,0.0063543908397193155,1.3771277877013555,11.58217168646872,0.438009633547659
149300490,0.0063121458097104306,1.3807062538446069,11.998259875350618,0.45065518348649647
149300491,0.006166453008572059,1.595574503020528,13.602395260852573,1.736863427951314
149300492,0.008379139249396974,1.6171970373794478,11.343741258192118,2.1731076415817165
149300493,0.007061166449084417,1.4688480852100885,15.648560523413812,0.9359242556745767
149300494,0.006166688028723902,1.4258393888850938,7.503781919940864,1.090665189872054
149300495,0.0080994200986922,1.6494034250601617,15.466327349511646,1.8733607571999096
149300496,0.007822153631741557,1.544051399359804,15.836116692679397,1.8514598660293742
149300497,0.0061068185310441175,1.6834330336266505,17.33342968733437,1.364037864794021
149300498,0.008080564900973398,1.6569638047631297,15.468230959777344,1.7904267997455359
149297711,0.010006602525607249,1.9223250939596146,4.43571340215613,2.384737132454014
149297712,0.009742320369418515,1.9363179729841113,4.407944462655731,2.1439857215081277
149297713,0.009930697631617065,1.9885317976726151,5.250956598216923,3.201386412801709
149297714,0.011118935487305926,1.7212562238275455,7.532562660469156,1.349108560645203
149297715,0.011327350630036516,1.8668833310207193,9.981188117083976,2.9602618979717
149299765,0.01718378824270154,2.4674311914734868,4.232962158235256,0.41780817102242984
149299766,0.016834744343983944,2.3279642782175096,3.7731440530026066,0.5856840372040955
149299771,0.016467200698574998,2.3181372357826895,3.9063858802975444,0.522855077276893
149299774,0.016284362768760607,1.945660183416442,4.582421837653279,0.5824494624505223
149292979,0.012266065737109956,1.546601564883809,4.6829327207584575,2.281841575926863
149292980,0.010784680320610614,1.5577909820541307,12.889540150313769,1.7287709937188145
149292981,0.011962578985648132,1.5676683632271093,4.428005980998688,2.111980428523723
149292982,0.012366297407215121,1.5422625116819018,5.734150676632554,2.1502374703074967
149292983,0.011955977237246498,1.2994439887804572,5.594411463616689,2.9060243837212707
149292984,0.011979272967501058,1.2509634934283247,5.5540097790124845,2.6226468314476374
149292985,0.011993209449480315,1.5459787465656123,3.820841663615972,1.678199777399388
149292986,0.012185488534216573,1.311820800360437,4.000685700972581,1.615249595301099
149292987,0.010180062102464022,1.5906890849227127,14.137085478082387,2.6055030701233424
149292988,0.01210777112432669,1.2863339212100078,5.549417918320957,3.07458560998392
149294257,0.02419275998714849,2.1905474460281193,4.9748194883373325,0.7264138343148052
149294258,0.024177557510132376,2.2122833532889,6.424718508998603,0.8649974972509751
149294259,0.02435662399910439,2.7511668832489966,9.580897090516109,1.0899373812150983
149294260,0.024526967852310674,2.21107933151471,5.2483011117569776,0.9405775986892762
149294261,0.024086158444562984,2.212967152858276,4.981275300503569,1.0402107254323552
149294262,0.02474667786574458,2.328396816802982,6.468352935117892,1.1620062801637787
149294263,0.024283848049275657,2.183493434848302,6.943757882234498,1.0073533470175509
149294264,0.024476210379531096,2.182539913485253,5.349935518563929,0.9900847782106792
149294265,0.024682298668351275,2.3083857468421933,6.568805594528701,1.1057934405211791
149294266,0.024518114265426914,2.373810084002164,5.053767501904922,0.8460639769090171
149298126,0.014408327138837357,2.250400754227245,3.339028672241122,1.1028425426206718
149298127,0.014351862913697224,2.2632392045759917,3.4408733476149114,1.0201622359961022
149298128,0.014817811690174917,1.7851421731184276,4.145394061052397,1.203222404396278
149298129,0.014624041571658959,1.7666903536458483,4.092089768187696,1.2447481298303704
149308194,0.018568691115057066,1.7138958715347339,4.285086740001099,1.2312678939832393
149308195,0.02215484160388427,2.645802310972678,8.069993559404042,1.1191619704824145
149308197,0.019263462113807372,1.7186794711151356,3.864766625101463,1.4002981978861868
149308198,0.019464014605719428,1.697584147070722,4.482652525887563,1.1285428777393827
149308199,0.019837735992618285,2.4433831874334815,8.008437280835714,2.860829118323589
149308202,0.01937534841490386,1.6631633465708207,4.318680546835844,1.4187786183564168
149308203,0.01925655266178654,1.7168798291441791,3.9060055998231977,1.3278940262065508
149306218,0.008656912034456093,1.010191953575369,2.769359624160199,1.0314437250517938
149306219,0.007875835609469674,1.0460118924690223,8.237858630472397,1.5466964725735357
149306220,0.007388749760979229,0.9485251093554484,3.0735113281387663,1.040454811041006
149306221,0.007761872983204174,1.1512021283690739,13.33629505359384,3.539795991059341
149306222,0.00808816844488297,1.0809219026826156,3.984621778072493,1.5006513113616151
149306223,0.008272907018164117,1.0426982200843224,6.500259409239805,1.3880655603187788
149306224,0.008423494919160666,1.1315190973097986,15.467122145437507,3.5234676374152736
149306225,0.008265533883795884,1.0453166276202792,4.822669437909732,0.9338781039966724
149306226,0.009304711291128998,1.1274849599324166,2.492768962998765,1.2335689291878174
149306227,0.008092933252337167,1.0141818270856953,2.9114969596250106,1.052482205222025
149308204,0.01650766998721963,1.4322871924245908,3.325399997547462,2.3485127224701006
149308205,0.016490058258288573,1.4282005606128254,3.218726230142722,2.281567446239192
149293717,0.04489856641427617,3.1148097110360906,12.738613272790307,1.5478587159640516
149293718,0.04542252408778522,3.2569526504255224,11.922240820507588,1.6768515664537778
149293719,0.044463248415506994,3.421017782415522,22.662175221510317,1.6184454021689658
149293720,0.04415213393173107,3.517387232416814,16.62099796348698,1.133554121441941
149293721,0.04633368259900131,2.9361674843102774,14.351703274946942,1.1225739941463846
149293724,0.044047914233807675,3.558760662311027,25.060051930074362,1.353536823714545
149293726,0.044800348101788866,3.563267512496312,20.929469251719752,1.8485019793885102
149299662,0.022689481745276463,5.5340547939779805,0.011945087788474806,0.008914574631614406
149293669,0.05522176840124954,5.201386860465119,30.498487730707442,
149293670,0.05344537135989042,5.497959933985549,10.742529331016883,
149293671,0.053786138211637635,5.03609124562318,13.552573250754143,
149293672,0.052199721666208766,6.260209491184701,30.186146424644207,
149293673,0.05245331574442701,5.143862738842821,16.280222445007865,
149293674,0.05369215682957022,4.519093908089078,13.993537728089374,
149293675,0.05159289733251424,5.0742972462800955,23.762745023734766,
149293676,0.05351594406968343,5.162732368617566,43.382075671551,
149293677,0.054373206748539564,4.481533766613047,14.596654986761424,
149293678,0.05770946434066958,4.219980915947022,14.275377823709318,
149299176,0.033312688719632014,4.340891648328127,7.9149860341340545,10.252529494888044
149306692,0.05358926001183814,2.9255604094099383,89.99129643547417,
149306693,0.05616188312814341,3.105677440177846,79.27211693928355,
149306694,0.056118622349911336,3.1059591947904748,79.18213375608883,
149306695,0.05601885324601288,3.0920627104484093,37.70877045996204,
149300444,0.02237341536126699,4.523261186562541,0.0013239320337647602,0.000494337260130787
149298835,0.037342323685049715,2.90176334666851,11.906677223568693,2.1979579725658045
149299351,0.017127438717182326,6.52721537620693,54.05007078381815,0.4092603694296431
149299352,0.016035008567232632,6.632669585751788,42.460759259494225,0.24105340755809287
149299651,0.026435315360121787,3.1643125939321752,0.0008909136022174432,0.0006535985441621223
149300509,0.015313406500921797,4.3496650297701285,52.380598252623514,16.714130253839357
149300510,0.0147429529360765,2.100713345848331,49.803520764637135,0.20193463158638497
149307190,0.013579596645240307,2.6723196249767764,1.0578576955292671,0.0059717023062059674
149297960,0.01647774080255339,2.2752138091642347,1.0108016304157357,0.014139055540923474
149298866,0.028024256222295964,2.781283685351434,6.729474104704276,3.9066862853349114
149307876,0.016523622987685165,1.9316143142907085,7.030732781993488,0.005169099786756274
149306360,0.026415895448230874,3.4233236777103677,3.1143574419493976,1.0658679931396993
149306361,0.02202360009061207,3.759113623496266,16.426725874115288,2.419443875464424
149306362,0.022288593978639505,3.911031219916996,60.31281002822941,2.2092029970779192
149308495,0.0249076644633695,3.81566654314229,23.522856055925182,3.3089606142353696
149308496,0.025903708993575473,3.919508728131856,23.717179479238244,2.900356648121348
149308499,0.022539679400949215,3.6512059567239428,21.42649121893524,2.9144031371707513
149308500,0.025842432647988522,3.6152025651355104,22.81392961832281,3.551632343534817
149308501,0.02455811294670548,3.8083644228882503,17.084819661585072,2.4140622596314922
149307468,0.020282100623562185,1.5718735382962297,7.353867801516751,0.007864333684216147
149306778,0.011349351375952296,2.013110245590054,13.500756421206717,0.7971701507227965
149306779,0.02096202064777059,2.4730959285131275,26.59844584839017,2.257740393048397
149306780,0.0222709770638271,2.672953680157102,50.45200583656435,0.4838066615091673
149299031,0.024354906903004507,2.441720934369141,15.626393787933623,14.99007055582415
149299032,0.02437756713921636,2.4431887434240736,15.513086163580935,14.954278873018433
149299036,0.026757387985306906,2.5635389124982417,22.25342429696939,11.35222268842586
149299037,0.02443742272765439,2.402910203893746,38.38753189007802,12.87266442384424
149297287,0.021384936722097268,2.752131077666346,3.326710602132759,2.1799510893340774
149297288,0.025345513191330785,2.8714002981752498,28.544498525811687,3.1602113691837777
149308336,0.035742358155199286,1.5575023126220051,49.922023577076644,
149306888,0.016356637790088384,3.9636069488058894,26.89565642579929,16.74254598356805
149307339,0.027213465837255833,2.3892057101692705,0.595891451396769,0.0013845137558686153
149291866,0.027204320983070397,2.668299059181495,7.869513298047219,2.906605104712258
149291867,0.024752344191851735,2.5658239832221788,10.130413116529333,3.978179418433695
149291868,0.025536124534159238,2.6977366853450104,9.713368784695001,3.409455560838046
149299267,0.005079867813341386,1.4384138548217216,67.78410514079167,1.8649333074716175
149299209,0.012971812821958223,1.7790083302448756,2.8008911496643587,2.0850682488815107
149299210,0.01299224458897936,1.8333159373521644,19.0267037801521,1.9934827182308887
149298025,0.018219023408645313,3.9508596963360834,10.39687593535798,5.888512522160095
149299784,0.020062063396795612,2.0802527336670513,9.401860261651146,11.565018832299092
149299785,0.020382148172598508,2.329159011855532,14.0501587822575,10.370797659559127
149297381,0.011268803105141341,3.9772570865384176,7.442431820921788,5.316398216277492
149297383,0.012748417681310208,3.5473200180614546,21.17842682820023,14.414249311056441
149297385,0.012729715630854743,3.7750511082461697,13.449875002499777,5.004013328828817
149308448,0.029667886609723252,3.8069827014458677,13.116874397158607,13.490880150385916
149308449,0.030640179400850582,4.224215341931741,20.318521995635642,12.043489713318067
149299270,0.02971024910057628,3.3615457241308238,18.043148517565466,4.118317932898699
149299271,0.024537130652634565,2.7515494128540783,16.08433806859988,5.846794552765062
149298434,0.017724619366105126,2.9178036150071134,32.485380711364115,3.5658589505236318
149298435,0.01726718053137236,2.441546016570299,47.5235821896777,5.53677898261962
149298436,0.01168764619372447,2.210796650320199,44.49778376449635,9.385236483120298
149298437,0.011713203438788289,2.2104382365966946,44.540458657488514,9.44308526123294
149298438,0.016452033094352256,2.574598194919863,65.92341275393173,8.607623965206752
149307096,0.015038228685322327,2.4149779162264458,12.669837746965698,0.46776995847758385
149307099,0.016529949528207508,1.443055923365119,14.022969946186755,2.7450880224957324
149307877,0.01572318488845028,2.849631515219257,0.3256906812982042,0.00790578205406337
149309437,0.021632439411351966,2.727804669623117,27.022841225197382,2.2988382985891804
149291639,0.023060266934709247,0.953341021620952,0.9484163939482685,
149307025,0.0181703792774199,1.7386899054641891,0.7721784026244424,7.223377849050127e-05
149307026,0.013429545006251474,1.5603905608814945,23.30626508751328,1.2227537235269539
149307416,0.01854033308006594,2.5552750174225674,1.0485392310380426,0.022429956510183376
149307417,0.01585025765994661,2.658376593489147,9.962624859400282,4.063888914720819
149307418,0.015846932188027497,2.6539774933080404,9.705539225801322,4.01317455839861
149309463,0.015841924008514426,2.1013470037362714,19.065943259977033,1.771596819030615
149309464,0.015891239136334036,2.099699802069035,18.995964449473814,1.5817328305407452
149309466,0.01493871739168574,2.45357590189445,41.60153434138768,1.120954220751826
149306582,0.014809980943377528,2.5047146497186654,10.837335466582797,1.0040962395823128
149306583,0.015550070038714885,2.491859103597935,8.127851713501611,0.8927636345712554
149306584,0.015183242115495675,2.671829141001815,22.316451812446637,1.351185890384012
149306585,0.016386969713967168,2.392567949787982,22.315202022863506,3.1757500486909445
149307505,0.024642254778117864,1.706867277503966,0.9390731748400319,5.9434589884390785e-05
149307506,0.026950254149519338,1.970737422861101,0.7545939064519591,0.45311850281242727
149307471,0.02255259461798602,2.5710821285686585,28.22594987629336,0.0007262346093509346
149307472,0.022515208851165435,2.5884288983351778,28.615232438555708,0.02270470019831769
149292993,0.008144076806292654,1.6872133124619701,7.867818759169906,
149292994,0.007007968848801351,2.175066167324741,13.97890076190963,
149292995,0.0057025922724690545,2.3236856452298014,5.56891232824142,
149292996,0.007793884811768629,1.9303075006450185,3.9859208517451763,
149299027,0.018288023036413473,3.138214976192022,4.642635186586986,3.4123533270969393
149299028,0.013716695036619155,3.3936708452185878,7.905893007857913,5.486916548603264
149299029,0.02233362518425018,3.4019259577493783,8.182141438173426,9.292555339797492
149299030,0.02238882838224106,3.392919950644559,7.9911270062316415,8.825156657956727
149297310,0.011532763162619612,2.6717949044443032,2.6252165696802408,2.057053469748933
149297311,0.015042161079010819,2.3990002548335285,3.9493636825220504,3.86088387259141
149297434,0.014721957659090665,1.886446216501699,11.134532430183471,12.595650890630088
149306393,0.019849076438847327,3.4289776210493197,6.910232126988389,2.3884821260109037
149306395,0.015097209802336553,3.144178910974852,8.8176819481729,2.171896777112471
149306397,0.018445543759759982,3.0460596236718387,7.670484366687048,1.6718216155165047
149306399,0.018023771563639313,3.01005279593175,10.495893190133971,2.654245150001214
149309295,0.013850497924475602,2.828170348366965,3.5233087104387915,1.9422251560671226
149309297,0.014700727803839303,2.887352356597231,7.219393780704593,1.811877459594139
149309298,0.01450520558075938,2.795563044435912,4.3867920042601645,1.7565315992739083
149309299,0.01690094000023755,2.9349605206968983,11.087583387581313,0.8239914718656431
149309300,0.01219440754497555,2.4895739214714485,5.0905946108198155,1.8612960383271149
149309303,0.016923054686269184,2.9790229691912957,6.518035813454983,1.6550441429181832
149299826,0.022076582376072334,3.4375843486131905,17.517282523852835,
149299827,0.02200486177120145,3.860463999311903,15.284355740237938,
149299828,0.022581622989744008,3.580500387771518,17.393084394531765,
149299824,0.022822335196933396,3.562383360631198,15.28419293872604,
149299825,0.019031207594716035,2.2963982384463373,40.98177444069254,
149308450,0.03043271827191339,3.0104186928149117,20.469327542376767,1.8540426548242883
149308452,0.028396680326414448,3.0297345841686547,32.24288277502646,2.002833533034892
149308453,0.0294786197438996,2.57593036742797,18.101067992494944,1.691758689281688
149308454,0.030990640336260557,2.885700402312795,20.1482417382275,1.875247225423957
149308455,0.03149354080632301,2.937383694317572,16.348165995741013,1.0221479867373764
149308456,0.027101058010718205,2.5267934613917618,6.863870717634657,2.7096581633363854
149308458,0.03161642569438137,2.5981730029655625,21.904092740641016,2.68999912416232
149308485,0.01959150574889675,3.282072963790779,16.03711684519473,2.8524518418671017
149308487,0.018472546277432347,3.333086152685299,17.40723315533615,2.672179547182668
149308488,0.018334481232635997,3.2636142705701596,29.72345335553891,3.6426116027221505
149308489,0.01921975981033426,3.0426850806150973,19.503403262109536,2.9965448052130728
149308490,0.016807185010041595,3.080902968768837,19.697028488716487,2.586398754083645
149308491,0.018054333436765175,3.1621618793640742,16.980461303922137,2.313088043625922
149308492,0.01965674916284297,3.2479004683064563,16.501587857103644,2.517309579718224
149308494,0.01880659785468931,3.6460361531191814,16.380780184370842,2.7363069320315057
149306547,0.026094491045845724,2.249975763231768,0.6406744419193146,0.0018471067241093411
149307404,0.029693956791787702,2.453950261874535,16.235298196830517,6.9982610709650945
149292035,0.01656734801524735,3.913337062380763,12.348966936718188,1.3064182804455404
149292037,0.019157336758334895,4.894882699052876,12.573114381347827,3.0441293353525074
149292038,0.017330603856199413,3.9727663027642484,15.287690121667703,1.7003699575519837
149292039,0.021686105439246643,4.835599810088762,12.442166735460239,1.387637882123062
149292040,0.017720083046199684,4.683672858932507,13.542458874801065,0.15735349373215435
149292042,0.016684831922220523,3.8808541832941463,10.662739492627873,1.9086651070676637
149292043,0.01723449692188462,3.8270716121458577,11.247998261279115,0.6806602547229739
149293700,0.055477978047924405,5.338986387567196,27.615306765618058,
149293701,0.054756895222403394,5.145407282718392,26.204805892635104,
149291627,0.006368769234492051,1.4520124001768613,3.7170353505732217,
149291628,0.006357347306363422,1.4511093448942594,3.9170986903479497,
149291995,0.022888786407019048,4.070020740642022,19.02860512132051,2.512628077952828
149291998,0.022822896704496786,4.029871999808003,13.283139031049823,2.6389145692503586
149291999,0.021667856486662904,4.047386424005033,26.074921757529825,2.951323012063411
149292001,0.015726499183015927,3.689656476757501,13.761292734989901,4.693163402744225
149292004,0.01574242483660053,3.69033763031535,13.903550816806273,4.698176625164717
149292057,0.019585750344073425,4.425387314456856,15.985225142709991,1.7550190741001306
149292058,0.023816970420933323,4.6631219326488225,12.792875182507455,1.4457598354712575
149292059,0.020144921123794454,4.485896601100789,13.102292315258897,2.1647210526405125
149292060,0.019212642688820003,3.893903776955073,21.429953479063084,1.62648020099981
149292061,0.02130811562842889,4.636264370898142,19.48628780927566,1.445526050286438
149292063,0.01786086577686281,4.012892615135767,12.280398575790276,2.069691184041215
149292065,0.01637801741120185,3.6762526573143934,12.816717537024992,2.201359764310224
149292066,0.01699231586293052,3.939261890683529,19.186324152177427,3.1123846435792726
149306179,0.017274485740083497,1.805276527217663,4.122341775927408,
149306180,0.015810929969204184,1.8043679674541238,3.1129152057055633,
149306181,0.016956512848724105,1.992381681032679,4.363263499331224,
149306182,0.017357108852796725,1.892770808540289,3.9251585794983868,
149306184,0.018457348127895047,1.9862403805756377,4.312682591770576,
149306185,0.015496589974237482,2.074996065262816,11.601924882009019,
149306186,0.01802263061270906,2.1760647785460216,5.961993694246475,
149306740,0.012721193267295147,3.622909034958019,27.875983827765022,
149306741,0.011142168717629049,3.2912091292846632,6.45102344558872,
149306746,0.01163563155844085,2.504126203382351,10.748381786883959,
149306753,0.011692531508387683,3.433791145457813,4.42924390933901,
149306754,0.014308669272320846,2.586039364869595,16.44656001344495,
149306755,0.011515671420329119,3.3708323720187603,6.427977576556578,
149306756,0.012306346347735178,3.1902114325690953,5.190522608643576,
149306757,0.011516750579152439,2.6952325555849406,12.140936484631306,
149306759,0.012559423073039987,3.4782007564329196,8.562842296668087,
149306760,0.014502735132782859,2.6557260174426593,15.673391385961125,
149306761,0.0131274595924599,3.784723487490054,39.414880101687295,
149306762,0.01249401942719349,2.966766565217011,7.072711448172854,
149309317,0.0098674056511991,2.2586797303776245,3.2446065604254026,
149309320,0.01010233849841117,1.987925402281773,3.4549200745879096,
149309321,0.009986806951365999,1.9784619289606085,3.412574951665338,
149309322,0.009022252909389746,2.2973341252036446,7.889224717728948,
149309323,0.009001780945482676,2.2979083299569485,7.911649988277584,
149309324,0.010503143141575862,2.3326913430976264,31.667334748999874,
149307766,0.017519363026202734,3.533742106210693,4.803046292667786,5.740383773817842
149307767,0.018138166931058918,3.7029446430555213,5.792020610434828,5.386272117533964
149307768,0.018057991002454074,3.6903071102141842,5.884862583206199,5.432852198875637
149307770,0.018888943948326686,3.9568464635173806,6.035404146105845,5.658558126208229
149307771,0.01860297620852415,3.814300504815143,7.111285775109217,4.886619682311791
149307772,0.018112430661238778,4.065704004359918,45.55392533539264,6.43859071342288
149307773,0.02001088883836115,4.11196084692054,42.73767243066219,6.375024706220695
149307775,0.01876351143360092,3.9631561093330063,5.675787700561154,5.721511646360699
149297254,0.0042727196864053895,1.899732924308972,3.5092818052495494,2.3470277544875366
149297255,0.0032519721012950805,1.8689405768336629,2.5322640591445555,2.1199520575663535
149297256,0.0031186695310351548,1.851745336350003,4.858556865996326,1.5456626343749316
149297468,0.026522021461439584,1.850991601943207,1.3784646870047383,
149308977,0.022868074400425858,2.1415394933508987,16.99490683642343,0.458315307042812
149309670,0.011594073776495848,1.9740998540354378,2.18145047738296,2.8301078159362953
149309671,0.011823699684481994,2.0252730376095345,3.044308789974279,1.8556587810403442
149309672,0.011839071325352954,2.0197078373305963,3.1408059026823305,1.8444467622126068
149309674,0.01137518206766778,2.1081428158929683,4.799275602363788,1.5822372254263062
149309675,0.01139827839459967,2.107636449874541,4.788300071959446,1.6063371310998211
149309676,0.012187965055404261,2.3302940910815053,15.22976760857206,2.7378006494237375
149293104,0.009175814211016115,1.9507354524828981,6.287974714258819,
149291936,0.007021972763286191,1.4703596491075603,33.22772918981642,0.1307893293210098
149292745,0.007370912417160955,1.7158213173513248,8.231207161234689,
149291507,0.01963799340206141,3.1136245182674167,8.10123741610313,3.8127896014620153
149291508,0.015209330578730381,2.9558374600492385,12.287679855330898,1.7003895131127735
149291509,0.016543818177958903,3.1383207565195073,5.49508816582417,3.147735182016916
149291510,0.017760026703829705,3.6336310805787635,10.744295366173649,3.4439141489178176
149291511,0.011759192576903471,3.4085317770851855,4.0594842307169925,3.065548829814197
149293269,0.010262180772124607,2.083047100748254,4.946638688466115,
149294184,0.010208527145847851,2.7170493669185483,22.523144477827795,
149294185,0.011267442802497387,2.2251717812145824,10.308903444055801,
149294186,0.011297481012198097,2.1341783746418197,5.836172034646609,
149292142,0.011662986284649738,2.0701100427257844,7.185584941655347,
149291619,0.02646513472703847,3.491776761697287,16.864226754146465,
149291620,0.02646105171242411,3.478856729843379,16.656695213519665,
149291621,0.025143542412522413,2.879236855010748,15.410737249127818,
149291622,0.024276534584093196,3.048593821277869,16.743731021716695,
149291623,0.02375183375390395,2.5748082429884014,7.83343749691961,
149291624,0.02194686751971106,3.1748176823258176,11.727348036855265,
149291626,0.02169911245912152,2.192789717972422,20.35333090842114,
149291617,0.007523353690047051,1.0413510762682885,0.3781875938017452,
149291664,0.02076422199688533,0.7336670020494725,0.48099107867674523,
149300612,0.016652559333824018,3.87805203698021,0.23373094840852335,0.02465616310882756
149292877,0.007443006775936458,2.3080275071278242,10.514480261063321,0.49767517991763827
149292878,0.00814644761356953,2.3088155675402087,12.58308268350043,4.240053572483744
149293355,0.016545852978084793,1.8066728638965228,7.98818695836923,
149293356,0.016627946562416656,1.9823498221813824,7.30133738895705,
149293357,0.019332166944217927,2.2333733738795165,5.079082388032463,
149293358,0.016618734799185856,2.107292642560185,4.386776176277057,
149293359,0.020864053058109937,2.0344089365838007,2.2809498020795536,
149293360,0.020846247972880146,2.034569468222475,2.2816528548529353,
149300165,0.02136127236088006,2.5155414124773907,5.779673505838582,6.860489909293428
149294063,0.008252965344157131,2.128844809789909,55.191214215460995,7.486290898222505
149294064,0.008227389996238997,2.3181433428302,32.21008550704961,2.8517751423664377
149293182,0.02743651850902416,2.154628801224476,7.675601899306699,10.452025657466569
149308917,0.026707678987427583,2.1069113274544398,1.7857369536439236,
149308918,0.025833947988632314,1.6316308440465437,3.9341677951377774,
149308919,0.028383568421357943,2.5924889426020887,7.193445351897114,
149308920,0.028355685539247655,2.212745403364777,3.3908299786956166,
149308921,0.028310624664239118,2.210233789752911,3.2709493878101137,
149308922,0.027477075248524867,2.3622027710426425,4.554459984804472,
149291773,0.012747327864997542,2.2533636746390298,60.73467564993957,5.345660060260887
149291774,0.010516182394340845,3.258314704903965,52.39118472407989,5.7906261821210165
149291776,0.015575230586623,2.8292542090157813,47.83420088086301,3.093760184653702
149291777,0.014815643780131782,2.3360610326907496,39.49479621296158,5.473329439752888
149291778,0.010846852093832283,2.4489999282577726,60.29336070858359,7.316226243972002
149291779,0.009708077536753852,2.8733997971955683,25.3096220755824,5.397835307371195
149291780,0.010702831186232026,2.803605870416253,67.33169604597786,3.686162838829101
149291781,0.007668467452864565,2.562297747401178,36.0738681336373,7.742610928733213
149291782,0.010537080268726648,2.7581459705643954,26.501407028468414,8.445554755808578
149309549,0.009469192695259565,1.8455026376398782,2.3560556058711875,2.326560112463867
149309550,0.011869362239622766,2.528293248563974,18.957639055509897,3.024075254116096
149309551,0.010869817983858124,1.9981251515504277,12.726160602213675,2.0369950618916954
149293505,0.03315306572543351,3.3300867120814104,40.34238382456748,
149293506,0.034845036923565435,2.75172484292748,9.868227547395062,
149293507,0.0349576439614079,3.329235866674647,11.476269353172194,
149293508,0.03816433495991031,2.213471332063778,14.169621974562633,
149293509,0.03599770519184553,3.1209140159426507,14.305892641680048,
149293511,0.03427619352104699,2.9295787278153753,19.1373095089829,
149293512,0.03198109548899467,2.7530569166520955,7.003889217294283,
149293513,0.03353617391763064,3.1362347987215875,14.75611257587858,
149293514,0.0302550728106159,3.0799904833848983,19.17538556129696,
149298726,0.02755662083437379,2.3800147980378212,20.35539349191213,15.662694701207334
149298726,0.027487422742917985,2.526645208703936,52.04580312096573,14.16419618983275
149298727,0.02813162120859147,2.5035144529945175,102.67452254787322,11.499363831750196
149298727,0.028209608576980422,2.492198969006234,87.33287531387069,14.265292022573336
149298728,0.03064256201691131,2.476946840581901,67.09154752105628,13.825290889338715
149298728,0.029583812073289778,3.0745881564884816,115.11559127917732,12.225010340904364
149298729,0.0288616998305518,3.289316143857301,127.8619548940632,12.06204737969247
149298729,0.028886387234213988,3.148317493841624,123.01599445458073,15.314763757218953
149298730,0.029102657784418003,2.469994980231354,86.31801853679842,8.037127017844092
149298730,0.029130218476443755,2.462967864202284,71.97926109180986,14.869854228515178
149309101,0.016134080861917404,1.6029585025241326,16.857131304240283,1.5358539703855973
149309102,0.016990489069160147,2.0799713237378863,6.311470853060888,2.895018202607495
149309103,0.018204104815799618,2.3729474637312444,11.727228216568461,4.20977942475881
149309104,0.01669068550081329,2.3702865853301285,19.243177087913995,0.8897747728041033
149309105,0.018665537975490188,1.8022611661008665,13.83292985197966,0.4111037164629464
149309106,0.017320106268981162,2.3050825725685304,7.66011433705509,3.6918875956307304
149309107,0.030602317398297687,1.4546010832897889,6.241776712098549,4.30761012742186
149291549,0.014289732112912392,2.943270578867374,5.511850527142075,
149291550,0.015200408580316958,3.3463600625978214,9.060455911277147,
149291551,0.013892421298916244,3.3075000274806388,5.394541923129766,
149291552,0.015485959550659489,3.436381898954537,10.309450388779098,
149293203,0.01264368268034835,2.5928052088391365,5.589520235260278,
149293204,0.013176567194290074,2.5330919701875403,5.698766515538108,
149293205,0.014021151439798978,3.286178513431318,4.008938181348842,
149293206,0.013193927108783495,2.5240625823207923,5.612011080859946,
149293207,0.013665930235105891,2.3460914023557007,11.213259312631841,
149293208,0.013761532122035876,2.532528710177554,19.662223355291296,
149291475,0.00866095514564338,1.682743842212435,2.715230235915308,3.0537735859687025
149291476,0.006727803089925067,2.0055314441084895,4.633457455349709,3.1706261397698468
149291439,0.013297280813212875,1.99821212729081,2.3192094745370064,4.521436841872567
149293899,0.02001927056622321,3.64071538930381,32.78753424981248,16.364338536392385
149293900,0.02190632605786063,3.710741073815034,20.17729187717211,12.506201925973203
149293901,0.02093244781414572,3.2586502607656147,15.476890739538373,16.06975977909757
149293902,0.020301321060536264,3.6566346980224167,37.176845771960025,13.507320500213083
149293903,0.021004549589171747,3.510786108834883,10.644313781644895,9.746289781096964
149293904,0.021024368696032632,3.429184196094051,23.718320029563746,15.62887344383586
149293905,0.0226691736747939,3.769991396919602,35.42523978157498,21.500006776458715
149293906,0.02187660880052141,3.5979606808933773,28.69966167416861,13.054446613533388
149293907,0.021358917890707603,3.6999523493807707,19.173966582408205,18.386971297786413
149293908,0.01973631121111383,3.841185450524004,27.941747780847635,14.852906168123255
149300144,0.030822973589091814,1.9740470932486434,9.618055929475334,5.215369868100994
149306486,0.009147743932092842,2.237495582949671,5.089747902546125,2.564704170145977
149306487,0.00912532175632618,2.237247404196035,4.934440445234296,2.57635957280474
149306488,0.008876476207857812,2.227629312735923,7.3761821336070925,2.4433726471114277
149306489,0.00900747946484414,2.219830581275648,6.003638402813015,2.4458132284023244
149306490,0.008895791059543277,2.23780180251485,7.166212038614546,2.4207281977193977
149306491,0.008714969265004787,2.030457911993207,2.8796044947846253,2.7296364659122916
149306492,0.009728079027131001,2.293702213802327,5.8030114881022445,2.392153695143625
149306493,0.008576204901784411,2.2527544470570584,9.752947294026576,2.320079927902749
149306494,0.009785378457585672,2.4173408045248665,5.083828681761031,2.651979442310996
149306495,0.009640832518977358,2.2987398283721774,5.777044984923357,2.3743565208587714
149294061,0.004392610368665638,1.8116952892807618,15.573703279340586,3.1739868750780875
149294062,0.00796244584482913,2.854117103817246,40.83714694518638,17.610064604225006
149292488,0.02867273400529839,3.6970644739880347,10.06147277445057,8.015539494544033
149292489,0.02300776721735164,3.0268985591572237,9.3827583520952,4.296979482463745
149292490,0.026509229552721336,3.238776865664006,28.42375335886212,9.699144553814032
149292491,0.02368685308979665,3.3141488678696396,23.465371092873823,8.254241253273426
149293869,0.010520987383721815,2.9226861955976364,13.057639648507369,12.513634321832209
149293870,0.009330184290566777,2.7494927709715458,8.101876998291724,7.8649612815461145
149293871,0.009841023993004143,2.2006622702624234,8.257201926472879,12.565667294108776
149293872,0.009981385955354782,3.1080988652567982,19.81840696534642,22.369715227972037
149293873,0.009953485925610916,2.4281196016005104,11.359811505264915,12.996800769931738
149293874,0.010850570364709445,2.6990174742437074,37.61190436750489,24.716143013611433
149293875,0.01027390575287336,3.1211469567807626,20.899988104335954,22.43121474357586
149293876,0.009914791291621025,2.75371814713891,14.053308885994012,17.25429793736753
149293877,0.010199503812862273,2.650619307962061,20.16625764066871,11.57434887727641
149293878,0.012324939832624669,3.468329728828345,18.742505590969277,10.843909293078175
149300458,0.019060646360948477,3.888919207520154,0.0036995970114901394,0.001932108284995248
149300459,0.018593949635925984,3.850582724364246,0.003913394242757244,0.0016761939539579073
149300460,0.016148709347798103,5.083284704461555,22.513587135817424,3.6890159409325927
149300461,0.016580522126650066,4.943484011550181,0.043717043029673476,0.030994102908132187
149299649,0.026746015363529326,3.568490103249142,0.036585794484453225,0.025743538447192432
149306884,0.017138194199809508,4.668584330819397,11.606317470536133,0.5139631486808249
149298897,0.026443161748723507,3.0654260449970296,3.6835034823670423,1.685973079255789
149309732,0.041558780576956916,2.8020831454343087,0.15257194744618438,0.00257191030060465
149299807,0.022763998755677303,2.688987448202608,7.420119337895365,9.417247521089635
149299808,0.0222543660513411,2.6415460826083708,15.780169789624278,9.514988188148314
149299809,0.02228105006055103,2.86316809079115,24.239465399329845,10.894731409887669
149299810,0.023154745706635366,2.897708767303517,15.317312029403585,10.008322569090142
149299811,0.022309437459079526,2.8609855428091953,24.204431950519616,10.875426106950421
149299812,0.025004883298935774,3.009349022915795,38.94189164279436,11.053527046377113
149308337,0.03372334280559989,2.65578425744339,46.473225130790375,0.017081452618642922
149308338,0.03181232905225865,2.9027757728120562,44.797144528233034,2.4232293694840035
149308339,0.031812866029887026,2.919668021558304,45.125003820949765,2.4594616395997098
149298005,0.01782895514534367,3.5161792486644723,9.570876233072083,1.8860729012162094
149298009,0.018137146951003096,3.849134170947719,10.022062595066254,2.754332704059719
149298010,0.01879640638627053,3.6531629390992015,28.924753310974374,4.224852371801157
149298012,0.017828392332644667,3.0917205796238902,3.83352302275277,1.4702973409110283
149308290,0.022304674690395047,1.8849633441477502,62.67583681239848,0.6465775470083956
149308291,0.021447988000263252,2.354234665617139,51.63210170645022,0.2290989876002466
149299839,0.03816017027829663,3.6053132888696044,20.68980396609403,2.716190961297664
149299841,0.028167906309392678,2.562243204469486,50.49846008966592,1.103455309866844
149299842,0.03731415882024014,3.8760996102983074,18.90725268298099,2.2913014956597784
149299843,0.03789902386344047,3.7335069993847636,20.61528876857873,8.453811030877015
149299844,0.03666873913100752,3.861090606197995,19.228851830539483,2.9785531009275563
149299845,0.03719799962875902,3.801546933165577,19.45346092130612,1.6399859908412027
149299846,0.03471013921313245,3.7203581911133425,22.31973994334135,8.65788974585735
149299848,0.022126411299827956,2.4673812478221304,40.141878862245534,1.7564447810731896
149306748,0.012958296387994589,3.173013482441632,7.5597599657993255,1.0315251830050065
149300611,0.010288382618250191,2.272537222393018,4.922249666451479,5.872916028004854
149307507,0.023488916524201996,1.919903246825865,0.670754078129927,0.0028036024557311547
149307509,0.018527531785706406,2.4327851736330874,29.84709414612158,1.2322299506718573
149307510,0.026830790494749505,2.2478028264002576,14.411635069395192,1.1768266888297108
149307511,0.01805519541419029,2.4518026264165633,30.818161001926157,0.19888865094019664
149307512,0.02687484601441994,2.2410482508499565,14.711483571200542,1.3007913430833424
149307515,0.021382178046683607,2.7451090265237554,42.092885977612205,4.189203944831138
149307233,0.018233984128261986,5.01643308685684,67.2717059134933,2.428775094838072
149307234,0.018251114691409113,5.013914591805231,67.29620441649789,2.270608614161453
149307235,0.02255936386291985,3.525568004239264,9.031058301501929,0.7582582480817187
149307236,0.022471892768300642,3.533374285629394,9.963799263179114,0.8433720881550203
149307237,0.02235937781438584,2.9636969832033944,43.17179166152933,1.8076020372505566
149307239,0.02239866964715146,2.9678219154753935,43.282214076622495,1.661033492154396
149307240,0.016615532981184122,3.5967487416844537,59.064341540417395,0.9376857787757895
149307241,0.02110154580956758,3.8140386064380682,82.6437363200034,0.6227471325252292
149307242,0.017755459191142187,3.0427206984489525,2.39859050243214,0.42271942058184914
149309784,0.027553310819693703,2.9620049958581824,13.42705724231025,0.10390404235029461
149309785,0.0300629134963533,3.0886361959500097,11.43614173097407,0.18509355715886713
149307120,0.022132158378287036,1.8735304215961062,0.5179036896756583,0.006274172187452998
149309859,0.019510628590479882,2.563445914437615,1.765328929128045,0.5145008164624906
149309860,0.01945177926957484,2.953945362228498,4.188867017404593,1.17437702409597
149309862,0.017545913186228335,2.6086644155707086,11.207658796787369,1.5761870561476967
149309863,0.01943178603057958,2.9481826253628127,4.267809844605143,1.1854728752953287
149309864,0.018201959372176862,3.771157930510336,4.31579982074338,0.24695740647188824
149309467,0.013538577021915478,1.80650297741109,7.891449557009422,3.1456836739006
149307429,0.024002573113507474,2.903293878830369,0.7169861060063427,0.07926038109077108
149307432,0.023970964797382484,1.8550045801993793,10.795140268172975,0.8869292522696892
149307434,0.02397687029417704,1.8546875947255768,10.720280890062346,0.8774573683618071
149307435,0.02425387475448704,2.896350811612944,43.03216436422878,1.7311915998080525
149307437,0.023150563665936683,2.5024999711220173,26.388723064788916,1.4088622330980152
149307438,0.024186527633789083,2.8945049827857243,42.950702044971635,1.9440814606802737
149293384,0.015233365218692589,1.80542510781935,5.185619709495815,11.706636926156614
149300558,0.007015816147457495,2.480575207332953,32.62696235260929,3.306336058639596
149298495,0.019946097888064476,2.6866390765177117,0.7645958124628441,0.09528033410609005
149298496,0.019221403986073988,3.1052639112726723,0.5935010686019022,0.08755598190483029
149299190,0.013863648088593541,2.714602462616214,36.7383574849337,0.0006035764484836324
149299191,0.013545645145652166,2.617719685915111,29.463892735129622,1.2915021632857524
149299192,0.013517662108055637,2.6137088099465466,30.506933673349348,1.2204407511150202
149299193,0.014165357269782788,2.5073899564113358,32.789565539420956,1.6695769163882896
149299195,0.014174692248753154,2.5120151594884987,25.24409150487866,1.7896830075125059
149299687,0.008282434893119743,1.6746587208747843,26.229368527321917,2.368360511420978
149307384,0.027743399678401993,2.469973005951569,6.378536197805638,2.7387421351461096
149307389,0.027432760901450633,2.397923819354866,10.78601502716538,3.0787064181063544
149307390,0.027271256015363038,2.3568286478572102,17.98474406016884,2.880686067440764
149307391,0.02749707957872291,2.3911296975015173,11.35137837521157,3.217426116471733
149309016,0.01609260594641919,2.2980847016544774,21.479355705094587,13.025776329913349
149309017,0.01659534033849331,2.0103977667505166,7.615193353221671,4.7082340319423
149307806,0.021139640540452337,2.329480427119661,9.149211720813616,2.201787020372985
149292723,0.01947948073283952,2.2870891312954877,13.514491322056859,
149292724,0.020285451110454877,2.3520839735608177,14.284129126104197,
149292725,0.020434549691455684,2.810993835050356,11.154324783710635,
149292726,0.020003096600412395,2.669622135399358,19.813673054411765,
149299038,0.023008659185769068,2.278443625055046,22.38687690140015,9.340287658485895
149299039,0.025229436939825454,2.341035712099949,24.760461631507795,9.789690699141119
149297588,0.010992360796414849,3.0863825824891684,9.06025888815269,3.2671040954591914
149297589,0.013273426648647292,2.905378571768027,4.381886488646821,3.8701302658487307
149297590,0.014762188448695493,2.7889906856652673,9.546931969977155,4.138177755276318
149297593,0.011762409057443598,2.8681710923208574,10.036961618691201,2.40281270320427
149297595,0.011109141358578855,2.1753498208468383,8.307942740816756,8.333733096325854
149309229,0.026401890992197172,2.738476265532755,12.500614843531492,6.0240065967164895
149300478,0.014297572570637756,2.3403768765917925,45.91033678068613,9.138349316517683
149309090,0.031063025045275378,3.6073895805499343,4.719789501264185,5.563735125384711
149306163,0.015937249339867034,1.7456048093746057,2.1079922571324747,0.7642795284378041
149306164,0.016457856272319587,1.9318639889181843,4.16644288952194,2.821040340333237
149306165,0.016445933384916057,1.931446452990655,4.152849059443552,2.818409205962203
149306166,0.013792435432121802,1.6130940820862734,3.445125812974454,2.785518661480488
149306717,0.01632654821457127,3.049098189618939,5.178888753232527,
149308939,0.02604200183007223,1.8938667597306904,3.362581173515746,
149309584,0.017257717011699557,2.3299828341754427,15.859316278671997,3.4044144452262275
149307215,0.018426588666273558,2.3308189940589523,3.7569824255524886,1.670008360951988
149307216,0.015358908683953733,2.1068520609370407,8.036845124700816,3.876781091557701
149309562,0.01374677990429302,2.0459043171027984,4.236366076114721,1.7423340799934524
149306688,0.014081688115342104,1.7793004896365556,15.864494002351234,
149292997,0.010727466634120605,1.653023703737982,10.585236123751029,
149292998,0.012715503310350316,2.0896683665648377,15.196451449847105,
149292999,0.011860315561666954,2.1456773136783087,5.151801149586466,
149293000,0.010906760264516242,1.8781777955275916,5.826091849467846,
149293001,0.011614305108772063,1.998878143832388,16.146997894771097,
149293002,0.010864953864093918,2.218451846018662,4.067875360650309,
149293003,0.012778924255682538,1.9988416513598033,7.714442518727033,
149299034,0.02278339519493256,2.6112837245238465,14.56152534719897,2.7159439782448835
149299035,0.0241286805955766,2.342937262999862,21.265514560162963,3.5590110275269566
149298114,0.012552235250623031,2.006343724769221,1.4198770615085001,0.7010554129428146
149298115,0.01264262766514487,1.939258402099235,1.3274272237602067,0.6531409707920911
149298112,0.011680398295327169,2.461402377343222,23.575247047696347,0.30712498848167946
149298116,0.012885289140709605,1.9348758276828508,1.1649638115158725,0.0012575333385261035
149307647,0.027333222965821722,1.4749425501052167,0.6488926948708192,0.005570339234174326
149291892,0.010392033909039585,2.331405103536876,30.451085309219266,3.453871364179962
149299688,0.01168650074995365,1.8551258713525591,2.541474151017788,2.8863633403800693
149307340,0.024420233956527374,2.1570266187855354,2.826800305835157,0.13434475578592225
149307341,0.024219252449849533,2.149273378683402,2.911990247081139,0.2480441063215246
149293371,0.019706675671381728,1.3577003832286394,2.429709804018368,
149299024,0.01906409047657158,1.767793951776437,12.199476874030244,13.825170393387243
149307787,0.018017228338343915,3.1022170244937466,5.162400439739242,0.9213710003364589
149307789,0.019676276744403982,3.215707549907168,4.633461104759992,3.4618569582987297
149307790,0.01809898312722094,3.606938319065947,11.999910740699278,3.7088571150962943
149307791,0.015349089307824243,3.234698911767127,11.562659600704285,1.1392341870958127
149307733,0.015474450343167929,2.610285857166786,24.2216069891954,4.054719011645207
149307734,0.01548511628107872,2.608120829607576,24.9191291623218,3.9523646869586275
149307765,0.017088744013443943,2.243275710688732,4.4927121983759895,7.689958827161699
149307467,0.022927323058864635,1.8224000614612896,16.443263582586994,4.799464916940783
149307570,0.022239496732740234,1.789935427291139,1.7716084576119917,0.7051653621017578
149307572,0.025188583289113615,2.025279168385316,8.296924087884745,4.3509328191925025
149300122,0.027899531967554292,3.2848927332903872,4.339801405796041,5.048366322590977
149307086,0.01385775525649063,1.96206702035218,5.437885782486434,0.43918014180887804
149307087,0.013975472728692328,2.207234079390477,5.6058462591355696,1.5720356261075819
149307088,0.012591232342597264,2.0433416061028966,6.421421281243982,0.3934210669704763
149307089,0.014744039410374329,2.0029822228617276,6.676396842610062,1.876561991258194
149307090,0.013097068890456032,1.0158398951034953,12.10742446829874,1.6795172743519438
149307091,0.013293520578946616,1.2588587597502343,9.177955503366226,2.596672945258517
149307093,0.012338423720368027,1.2532007555767108,11.613068384808221,1.6937885555137937
149307094,0.012184755901363808,2.567412395467886,12.987508972266012,2.2332430352180883
149307095,0.015158053019311467,2.155931554236205,8.202502365911794,0.8259027757767946
149307217,0.015155140140935119,1.9646542275712193,0.791231650644779,0.00736968720593075
149307218,0.015802702954520662,2.288488993310661,2.8372440864519497,1.980584936455667
149307219,0.0157932043638827,2.2915588948742767,2.850556525597389,1.9747200706687502
149307220,0.013456120799054179,1.9182503802314703,6.916926049099823,2.609822267295287
149307221,0.013598216326992688,1.9620283758790857,6.184043737269276,2.531982780092363
149307222,0.013267806490980083,2.048694225627829,2.895167436082419,0.14882217341322257
149307223,0.014192680399176849,2.7108923008485766,1.7319500449171317,0.10485971710790824
149307224,0.01421620804940649,2.7098721655227096,1.7706476047941355,0.10689525598802356
149307225,0.01329603423220105,2.066736730342081,2.899421038419402,0.04832027120191564
149307226,0.01696725049235511,2.2474201308981847,3.9998183351029146,1.6406857779025086
149307227,0.014590620785408504,1.9705106319718833,7.336875971640614,3.538894193491416
149307228,0.01462510702632774,1.8908372356678322,3.8661938388741306,0.1192683182506017
149307229,0.015078007849883227,1.6615153341173916,3.36302331720494,0.13357794960989983
149307230,0.01623984406884116,2.6502962196039546,2.9121469153582717,0.23837145127994283
149307231,0.018207766685792673,2.364936933579691,2.559522152266596,0.9305160071054721
149307232,0.01707611405364065,2.0369291994566017,2.9922377276067498,1.4843920390910488
149292889,0.015171358512125874,2.7149951689364764,6.250703416524134,1.7484275898321695
149292890,0.015029094773478458,2.8548974972531505,7.732165967146595,1.036848734489382
149292891,0.016821926566628294,3.105145535918395,5.594854980788359,0.34753138042939097
149292892,0.015097460596519006,2.809416789552195,10.415628422891409,1.9536340642666974
149292893,0.013359231907789931,2.8433774358533443,6.621221389745154,0.37467607244356566
149292894,0.01793926665058457,3.2443715072550527,6.46221146368501,5.239404961311651
149292895,0.015290569595956212,3.1298412979057786,8.771160500743921,0.6806702088345377
149292896,0.01555823467031516,2.8346304310465613,7.732463944483673,2.6309245775495547
149292897,0.014136354349671946,3.05229133725641,8.6769977188386,4.998091726705485
149292898,0.015647611453541366,2.9851983669891506,7.886237183145807,2.7132205675017445
149299373,0.02779204258314225,2.1670048532301074,6.003206648507805,5.137943265948156
149299374,0.027813715910013206,2.2098439341136453,6.152387560446955,5.367759618217334
149299375,0.027107445848196486,2.1550187606823994,14.479050477128942,23.03495120589543
149299376,0.027398364141543643,2.2308571720767327,13.975771905183905,23.30673130322411
149299377,0.0274376386084686,2.231189903279342,13.965809017780767,23.285803742260786
149299378,0.0267525320208822,2.2187081464578204,14.0481731828638,23.413321215751104
149299380,0.028085744376547293,2.2955287978570795,4.674606851237736,5.594650649756752
149299381,0.027499946199070147,2.265244303345963,5.074620578694532,5.273355626749833
149299382,0.02719196222100856,2.3801845633497605,4.4297970961540525,5.107992642736683
149299829,0.02871417304454031,3.7296746972365535,15.10579809777977,2.3517401258575004
149299830,0.0282813602544406,3.6391195730017447,16.18990753510063,2.372650158905696
149299831,0.029791866812229978,3.7497303856469486,24.53220797358924,2.772200888968848
149299832,0.027154862002503482,3.7578129291508886,16.48866859900173,2.8376498840958013
149299833,0.029964238499392646,3.7600122944917347,15.409322897445673,2.933312873298203
149299834,0.02976729034709641,3.640663216033888,15.557604752684298,2.4685500464214205
149299835,0.029779493555827225,3.541659585493818,14.69830421146359,2.6534061410946066
149299836,0.030614029257741784,3.7311142619840516,15.115082349433637,2.4803706091247912
149299837,0.028374911108063085,3.5925021285972254,16.22568420481978,2.2156440115261393
149299838,0.028029993900091667,3.53574068737884,15.256237919340723,2.6765957314976356
149307680,0.02360499397189226,2.128447075837496,0.9752463161123104,0.061772811145427244
149307681,0.02602621701642205,2.51563060421072,8.221537063446638,6.052925256215122
149307683,0.022757371636164002,2.523232492379332,1.6515489714996698,0.35794114527356663
149307684,0.028138341921302802,2.0039707758756506,5.787258103971439,1.358600436381421
149298178,0.01188188875023561,2.283289944253044,0.9343826085933733,0.0010816609053371812
149297462,0.01841923446868061,2.8208816498082467,2.1268727246453087,0.31693377224769415
149306169,0.016467793294088984,2.409227233509977,6.2725586707126135,1.750682276429798
149306170,0.015014398748493354,2.258312572049567,4.854040166111698,1.8679451578158317
149306171,0.014810482389053154,2.438109616996195,4.255735096828001,2.7504749006780136
149306172,0.015792761875636507,2.542433239849893,4.638170637958687,2.6130898936399327
149306173,0.016119726270919774,2.4382352411076083,5.472938321440512,1.9968233385704182
149306175,0.013765044000732671,2.2229001190582327,4.302161871979323,2.7874348940496003
149306176,0.016528154971605917,2.7256502765111823,6.674568589645578,2.081709156256332
149306177,0.014716891477736515,2.615261993236928,5.324446152785966,2.5417457473390184
149306178,0.014899138303887224,2.320331343127873,5.150646952223744,1.3907148242742302
149309574,0.014831803048230037,2.3148155029285875,5.618409691909852,2.2131827835740925
149309578,0.013890885984315711,2.1530720515679977,4.864784949986989,2.6685997961765664
149309579,0.014883682712351807,2.3022679351964053,5.9425504340339,2.033249315253593
149309580,0.013826862510222452,2.147068926634096,5.814105733494605,2.3765533428551007
149309582,0.014758603960985344,2.4086404096276754,5.19885833624812,2.3322979219335203
149309583,0.015827977121341014,2.3555806699463795,5.580832563472058,2.7857136519394357
149306696,0.015163275110918618,2.6969861678907803,6.313860118120778,1.9824771945322224
149306697,0.014724767366081668,2.4160818554156047,6.1891475578818795,2.2609931797341436
149306698,0.015510152571923477,2.837952480618778,7.164670207371788,1.9337505327585918
149306699,0.01548961147537972,2.810880150212806,6.289902424187519,1.7532656591410403
149306700,0.013989465590797305,2.4994870522634653,6.2139427898779225,1.9649423301959368
149306701,0.015008789161248006,2.2733670470574134,8.062494152505323,2.0003384900216474
149306702,0.015634370489779916,2.607254152554351,7.981437337970162,2.8536938820976205
149306703,0.01484855383027737,2.7636224496712956,7.231880650920872,2.1541652269394596
149306704,0.01357633653904481,2.5097798657127526,5.025235508680886,2.305687705798613
149306705,0.013329035530979074,2.7241657261607077,5.2023521235972545,2.1880909406768803
149298158,0.015674254801634938,2.7236687652326768,16.520164910266242,2.434254958327099
149298159,0.013991344236387154,2.7755989483552557,6.779714337144481,3.0677505731137478
149298160,0.011745490554993748,2.731618215918526,6.546222884198583,1.938061026730732
149298161,0.012581896688420592,2.6705434031717807,9.144776129605534,0.29159628787369557
149298162,0.012857336753036417,3.1402523435626306,7.304396998715074,1.3056827899070442
149298163,0.013303410596523053,2.5851901212343216,8.293135367722554,0.5372518200164921
149298164,0.013123823408552558,2.974832336896803,6.70936129553395,1.969039876551447
149298165,0.014661137033380402,2.8449672349625557,8.865476146922232,0.42559669097183744
149298167,0.01359883162268395,2.57477639095398,4.593772781033071,2.148660041325118
149298168,0.012175686140625046,2.7168152381699744,4.687222569413388,0.31344419661311584
149298169,0.013075685678443708,2.8465089830556325,7.383955729981323,2.3962805786854338
149298170,0.014111907519196021,2.5847407043180746,6.471324477009415,1.3730980970351208
149298171,0.012509598381546886,2.72132085977913,5.0295212898700905,0.5507707292156339
149298172,0.013339479406381869,2.775232320717139,16.686936692026002,1.7336154733795501
149298174,0.013263374100187608,2.894873455296791,11.684901676317361,3.1882985417837015
149298175,0.01322709802016327,2.7228047834817914,4.632931065674533,1.2252052534754962
149298176,0.013891265904885392,2.819821455208237,12.410207991757494,0.1323658298034526
149298177,0.012068118697250982,2.7211958417453537,4.807147913077566,0.6473740469194313
149309402,0.01861648841412878,1.833963020954707,5.528646944890003,2.306023500355676
149309403,0.026662809928410754,1.8760589413248676,4.63194496392685,1.9131426466209225
149309840,0.025697292909259834,2.0133481832287226,2.857465091306409,0.2329944203208852
149309841,0.025703417105334206,2.0132754685139984,2.8463711995012995,0.25132849006508967
149309842,0.023626134339471798,2.331124103508228,9.410140175412252,0.9643052639458567
149309844,0.023625150711212305,2.3302905131413802,9.733392509086148,1.0127303313174087
149291891,0.011199829017105532,2.5585218930016276,45.18557998311238,3.6884094350417884
149292867,0.014496667089781128,2.9092513161905296,7.427825242791279,2.0014027516548034
149292868,0.008884549037555025,3.2353399728196655,27.326187659399903,31.054406668469287
149292869,0.009829415658650604,2.464224064675329,21.191659960333585,18.60562387156851
149292870,0.011981226395736854,2.1874449460607273,6.261139791091343,0.4425028954650922
149292871,0.014641721572133684,2.860702587503624,7.089233269654578,1.4759066913622716
149292872,0.011041403124067591,2.1212646819867698,9.229674582573942,1.0657744969312661
149292874,0.008773866187479478,2.388284184919059,16.966100894070372,7.1864216469727005
149292875,0.01082119630378434,2.26854853280888,9.29140492620014,2.1182297092606612
149292876,0.009802725588222625,2.3517173144256875,4.805974670393014,0.6579040591940994
149297300,0.01282040193665158,2.4755850871255984,8.381223804906845,2.454207303543641
149297301,0.012331457898525496,2.7966091675914138,5.817025759815644,2.5617433338242077
149297302,0.011006414165844927,2.683431585503513,10.376179377251546,2.630555198411649
149297303,0.010703223532844666,2.4980384368398876,4.2834279765591345,3.073913693181078
149297308,0.010911853977414334,2.5199363146767526,5.8820973086551165,2.923680724336938
149297309,0.012492217505263505,1.8683351943003923,6.480839200148276,2.2430171138638344
149300266,0.018369685426365075,2.9947428546621793,13.21841930439804,1.614636389693656
149300268,0.018259038900043302,2.997403659766577,12.302355013836152,1.4203999876017739
149300269,0.01731913421835014,2.9002063934763904,12.07139140666715,2.6379606167160494
149300272,0.018793234959448887,2.817564079971305,13.954039928321817,1.7037773161399967
149300273,0.017041004292413942,2.972113947000181,13.119856391748634,2.3123883678644104
149300275,0.01774912924215916,3.148006185338928,13.398633785785599,1.6597951550959404
149297822,0.021707275282301368,1.6807153316794832,20.709989326454174,1.1816442843983685
149293933,0.01611541446861648,3.330699927103274,12.444499483248357,9.703284976990723
149293934,0.0151459815452421,2.976189248951909,7.99537637239874,9.122481453977363
149298558,0.029350209381018375,2.948085415367686,1.8670628064168147,1.5057924241121097
149298559,0.024617333900722276,2.704738098637175,13.223612195243426,10.84140508366706
149298560,0.024482557666788668,2.7044792135217626,12.331535539197308,9.842960482022578
149299353,0.02423925268827472,3.6045985333143427,8.08901769813043,5.113214510753729
149299354,0.023426673421199546,3.7256659717208227,14.238468663863424,21.045357572041535
149299355,0.024321632541191414,3.5685079427990254,6.8176399571419,5.002524373335194
149299357,0.023839195467315333,3.6509659154850462,13.776786757231665,20.34289088733313
149299358,0.023104716074371624,3.7966561816650084,12.172374474129178,16.609330692858833
149299359,0.02373263180843357,3.5525837655757355,18.92058384710333,25.069764251095688
149299360,0.02424633974920735,3.740765818836911,8.811518534923884,5.13297269322296
149299361,0.0229196309598478,3.671411524309631,13.907968530256989,20.28647817395515
149299362,0.022937199086316015,3.7504176812896612,13.992768596071986,21.038331717511305
149291901,0.011964028932194753,2.2988518178404362,9.456864784257107,2.680483864538428
149291902,0.021092631695353924,2.2843676706674745,11.060505157939634,3.2062617540601694
149291903,0.010240123813533994,2.2531164880764267,10.074292719747723,3.318725458733698
149291904,0.010939836768498851,3.0886526507374175,57.599046633182304,2.9704900232859286
149292067,0.019729419912571575,3.6027230953532188,8.02118052246276,1.8410663720854235
149292069,0.02362940204999355,3.7850704002875935,8.535698462998356,2.2045630337408397
149292070,0.016880833628377362,3.2334013843887806,9.818651516732087,1.3223186743169444
149292073,0.01954969833648543,3.4783948930380815,24.062166831359736,2.220331865549636
149292075,0.02044425255898562,3.967607651709571,27.3953529338099,2.573033975102326
149292076,0.01704638397309324,3.277202097575865,20.23654142953607,2.314366273534983
149292045,0.03776032775628768,4.244063432141581,19.214992280557848,
149292046,0.03748272176755046,4.363925631611684,11.247972843226982,
149308688,0.01809506858753232,2.4477436961518255,2.723484084379165,
149308689,0.023286036112913962,2.4617389661391322,5.159683303330685,
149291729,0.004631627169863002,1.2822137967803717,14.935441050049336,2.600303845022345
149293089,0.009373664170143913,1.6352791470781747,3.467880044916167,
149293090,0.007758753640977122,1.8614139696892407,4.783911660141433,
149293091,0.0077076298611244,1.8779134386944132,4.968275782956239,
149293092,0.0091520138542213,1.706979774432251,3.9309958046564697,
149292740,0.008810286722376716,1.3162129455131737,6.007257305769786,
149292741,0.007533504515710351,1.7490301903523557,5.091636688101207,
149292742,0.007954459045499417,1.614112955348132,11.965372573311297,
149292743,0.00750336414160206,1.7497065698330427,5.242099376447565,
149292744,0.00791661389951069,1.629178421971244,2.790219393714336,
149292015,0.01646503027316445,3.6427438389116418,27.119067745873362,
149292018,0.01875757628875484,3.6017887614562434,8.307643442110498,
149292019,0.018265193652896906,3.6009797515644046,7.759194744104109,
149292021,0.018608504053095366,3.706104390844459,8.022975826390345,
149292022,0.016209732216275176,3.5197809893896834,9.217513025794073,
149291707,0.005453646092839953,1.1480539393352003,3.451907760983917,2.1915310281878697
149291708,0.005560833687656426,1.18111827565656,1.983208118238644,2.2065917771511567
149291677,0.016915528815941785,0.8235404054347073,1.42606744832724,
149291678,0.016855704137098332,0.9931374772344151,3.366995023250454,
149299775,0.009502887624664867,1.379320723452568,4.463153939865809,0.3413788383992272
149297967,0.026569428204038292,2.435596331209973,4.921410134469308,5.454070546001791
149297968,0.02646526660177922,2.3680109592941756,4.568948857134505,5.418397295106587
149297969,0.026473708690677458,2.4801210891254573,4.775870836060245,5.506691701687053
149297970,0.026583365983957212,2.2269041925779196,5.71152682427662,5.4389608694312015
149297971,0.026910654025313636,2.3672554580425387,4.680594423666235,5.402202606286531
149297972,0.0269437256050448,2.4460738514718234,4.888598819431491,5.662519833802517
149297973,0.026799566781753804,2.3794624283448096,4.416098712538647,5.42504923919803
149297974,0.026969904869514564,2.435150795222763,4.1546996199354425,5.501965532906692
149297975,0.025277804778273533,2.1556364010238505,12.749278470902786,23.0798631494649
149297976,0.02709506726120765,2.3027601122964856,4.9753090181747845,5.2687188867024
149292569,0.018425158767341486,2.57046837134245,7.872873167632434,1.4937215027739872
149292570,0.015178215197387221,2.0686251576691492,6.021279834822724,3.7209189757637504
149292571,0.017122411137969577,2.7824213476916335,5.970461062012337,2.0975951890841626
149292573,0.017572950988892035,2.7634790135169016,6.479220814564667,2.046479821767343
149292574,0.01461888066570154,1.9228828097714405,5.568283492359669,2.0552005058215688
149292575,0.015301089231645242,1.9794302264757413,4.4346452576805095,2.398548227854526
149292143,0.03306076615073305,3.249774686883117,10.736357733203405,5.014579573069854
149292144,0.032699714512497986,2.6345562836816945,11.485945333298448,5.434219330231712
149292145,0.035506993968021525,2.3771861207050593,11.975931318590003,2.5222143263570063
149292146,0.03350218484106924,2.547497434255725,10.875251102298488,1.6027984200406746
149292147,0.03137416406233531,2.885691248134157,11.812067403950078,4.607281068805077
149292148,0.029542058303089237,3.279815148259267,17.555082611590322,4.860543579409089
149292149,0.03092803259539602,2.8222130056937806,15.543125158545104,0.507845583541161
149292150,0.032444497874849716,2.772614142615903,19.44731431120999,7.202136183726837
149292151,0.03224242509961628,3.175590187082157,16.672396657700958,5.70356635055289
149292152,0.033937116651168255,2.607356379749507,12.611307870790373,3.4111240517396397
149307894,0.028169944138001064,3.1797422917924263,6.043702117815903,9.826064609346089
149307895,0.027231368189568235,3.259856740788637,14.112069068391964,9.852393207445706
149307896,0.027254406131819616,3.2672651397379915,14.030005232518812,9.797646769507072
149307897,0.027220833239839856,3.2427431883672875,9.010027874522015,10.129240523126667
149307898,0.027226019478326268,3.2377023625841375,8.940664299394678,10.137045738354098
149307899,0.0268093336173184,3.270229283524739,17.053089345229996,10.461373159012364
149307900,0.02679056855881268,3.2758171154691182,16.817375499402882,10.442805378195326
149307901,0.026620889380470827,3.218776804713526,11.411527043767013,9.53095713701987
149307902,0.026585821771649865,3.2258040603005464,11.534726207403459,9.537289887795858
149307903,0.026962644480440744,3.2108545703443445,12.285383781303295,9.95001581992319
149299962,0.01858421372525249,3.5722246516006284,0.008258853474514542,0.006663842793183065
149308443,0.022839882939901465,2.744639318293721,0.030786969453887675,0.02028745866537694
149308444,0.025493073953124855,3.074393120338875,14.75223285267435,0.9459477006869352
149299700,0.027004514006868298,2.225568043599243,3.0325654398135375,3.0249658613674786
149300092,0.03306575904302794,4.523451554736751,11.450647258116756,11.13770783998307
149300101,0.03984402611079309,4.28898521129688,11.681572016097006,11.2034990009565
149297959,0.016866751281734167,2.1365526308626195,9.14129307581719,9.299509204439708
149297341,0.01795663600533295,3.007775762744383,0.16733207444164175,0.19509180187612477
149297344,0.01804416157796721,2.906229469381181,0.09697214398029545,0.1153791092083629
149297345,0.01835722216626055,3.137405526514979,4.944203455934654,3.134184315546945
149309349,0.007564632643591687,1.6583881725035008,2.2678676062912606,0.48373808220669945
149309350,0.009769165837878157,2.3737038969051505,3.222538713856971,0.8663300089018543
149291706,0.017479680696212304,1.255577446021478,1.6940377845453811,2.0818079604752975
149298260,0.051337471036854126,7.6845608737800175,24.862685828048843,29.810052372611015
149300417,0.019351902019820188,2.002516251011647,1.182673832410395,0.05734893379535185
149298015,0.010417870731323147,3.1594925862722314,9.340524163849578,1.583809867229954
149298017,0.01157082332082008,3.2362792846993034,19.28616448193786,1.3817727631879835
149298019,0.012026490793022688,2.7557977515701846,12.007640434886909,0.6559566269122528
149298020,0.011684467896363324,3.3231180426608127,18.90397878222964,1.0786710540035398
149298021,0.010435819251663479,3.133456354951453,31.206404350549352,1.677439672621972
149298023,0.010677296712293035,2.595265134189879,10.021716051430312,1.5048746663966563
149299923,0.01320312429557727,1.5373551471768816,1.1053959436511147,0.0002603444382709367
149299924,0.01412420534413309,1.983449415412497,29.14461808041639,1.0971098654068658
149299925,0.01423210114303127,2.180438571824073,24.270120830300332,1.2649367204839284
149297945,0.012832996495739012,2.1576223306329245,0.9915226794449932,0.04451153576295105
149297703,0.011476273720391268,1.9515893814340268,6.004961309398814,2.2436269787009784
149297290,0.016560184122725367,2.6715805457464468,0.7807952571564056,0.3906501072505895
149297292,0.015753332081513888,2.6933388073380784,17.263576983900393,4.892369562150764
149297295,0.013806568036184663,2.9603725442962014,16.8760352071323,6.383365936952815
149297296,0.013838973839388658,2.95107073840139,16.477761155818804,6.100590538177194
149297297,0.013459378411269363,2.6504747847833685,22.042652490370934,2.550080253570411
149297298,0.01546246182103959,2.7344995489684214,6.5145554343166765,4.0210960818138535
149297299,0.013477703158337608,2.6551574607461053,22.158917824491176,2.5715205886546633
149299751,0.012627041937143512,2.2737016475197813,4.623217819203504,2.2503689735267094
149299757,0.01436601134634475,2.0630535893637383,13.483818847029365,2.4455514735508177
149307650,0.01593251727657637,2.1360698411404893,1.267684089664352,0.0776115719932888
149299274,0.008068597687155541,1.7385971463555483,9.146292065331044,0.5037757758815276
149299275,0.006940195567703164,1.3690033113165287,42.54766254830592,0.014636381672836917
149299276,0.00955385009509763,1.9769250516051156,24.33150725712307,9.548065469703193
149299277,0.009524215070980483,1.982792764271943,25.097688146595576,9.575481562535762
149297788,0.01819496932977227,2.506281549346554,4.916214385662193,4.330982741514149
149297789,0.018213808021619343,2.516249643876332,5.380779690626409,5.256289525217023
149297790,0.01847599432593726,2.3745874344307936,6.5312801718371745,7.213002268516416
149297791,0.019630599843295078,2.6324061374872776,5.879061741338939,4.751724365447665
149297792,0.020007398518294753,2.4934837428258443,5.448275962037783,5.406741937893491
149297793,0.020342564972009543,2.588371219330002,6.3886461933395875,4.796459710596796
149297794,0.017604731385531456,2.4999687750251547,5.509066526400001,4.262382979116633
149297795,0.013866069945961885,2.6124172516188287,5.3738920749090795,4.544762730658088
149297796,0.020226281274906256,2.6022439475431463,5.514485201564615,3.0424153288501787
149297797,0.017809379658046586,2.3702524612783282,6.127358542814072,5.938509985284382
149299264,0.008436082372842624,1.0950168991939204,56.57224211268481,
149299245,0.006055076910215009,0.4857331817390151,56.28427452911035,
149299689,0.008560865052279468,1.4699963383669468,27.262101855979807,1.7103277133974497
149308294,0.015364687012878964,1.5438379332855017,27.644921805518262,
149308295,0.01629648726650471,1.5092576592283216,53.838965195851436,
149308296,0.01545337952550882,1.6290886803181706,30.476640637206913,
149308297,0.01595271310402453,1.8079857269685962,16.850892394733172,
149308298,0.015625710767810108,2.0096320111548422,53.45541122630186,
149308299,0.01667777137760355,1.4665882183041303,46.50134372840099,
149308300,0.015954063130224894,1.808962197755364,16.829943992128236,
149308301,0.015525392649845371,1.9254492853125467,37.34484523351648,
149308302,0.015870160984135292,1.794528905494061,19.092110111092982,
149308303,0.01584823990827247,1.804070581611863,15.538870027054276,
149306383,0.014856089743819965,2.142912036168572,17.282985295890533,6.81667309447209
149306386,0.01656145040780221,2.4963337577072293,14.58948385758103,4.413765788887295
149306387,0.016339302407327984,2.295152971684703,16.99341373056718,4.6532285125961295
149306391,0.015631949084943194,2.1891369702224255,11.496092742381801,4.267653782603232
149306392,0.015283778741832357,2.3250982497733435,11.933150342824334,3.5274044124814066
149299859,0.030118067729409826,3.2742689002497705,21.607269152432202,2.7160418393902686
149299860,0.03009174727222318,3.3854657610302055,18.851523276845715,3.367959287503048
149299861,0.029924499854123134,3.4202305337902885,19.162817306672284,0.7675695337930559
149299862,0.03029937061568076,3.118418048670181,22.642244505933455,2.983951963668291
149299863,0.019944537965134387,2.519143475602804,34.20091246528984,1.1288893105667932
149299864,0.017473545359178725,2.461896324989312,33.330824995433275,1.3130581566623856
149299865,0.019935141314403586,2.523431850688216,34.83649349412555,1.2349254011232553
149299866,0.018557238086216427,2.3161774697633586,35.54811942475689,3.0078033316954293
149299867,0.030320166510173965,3.1183373432925983,22.737548774422716,2.9642268630800044
149299868,0.028737123411972897,3.6752572747953325,13.618261641004233,0.41049866160576115
149309511,0.015471642874318048,3.118421482364017,7.8424527397329395,2.0326847217848147
149309513,0.018181353450757522,3.124964449624505,9.033177466868459,1.1972663270055823
149309514,0.015155918699575548,2.9823659327580945,10.701117817871491,0.6497977665608711
149309515,0.017192485165213885,3.148099316829356,5.724016938478409,1.3676514286195172
149309516,0.01571560169261035,3.1856209806803437,7.658206740132504,2.1547578623512536
149309517,0.0147553656197346,2.818677399817313,5.7668465361673285,1.4135044564475847
149309518,0.015409997427111598,3.042907548722875,6.8989119334384,1.4213599909938932
149309519,0.014257543257727729,2.78268705712659,9.42314301868094,1.9542728061132328
149309520,0.014202414602118203,2.8188228996443168,5.1468002638486015,1.6173902737773225
149307045,0.015511014087613658,2.0827885603254543,22.35866462234494,2.414437885727898
149307046,0.012908264929517565,1.9341477243777097,19.99894270039227,4.338524398473321
149307047,0.015429125820952242,2.0198513179458457,15.544405413823927,3.7569392740410548
149308305,0.017133177854193826,1.3070127926020902,32.29496039586535,
149292193,0.012030104584712308,1.3255556334843641,1.142721324421216,
149291618,0.022208456729851344,1.6137648121852677,5.174677830669093,1.9737987908351031
149293423,0.01666153547231986,3.589863687475795,18.355725772201325,1.7531233222962865
149293424,0.016671206101451258,3.5839389302599005,17.948877267177487,1.7882141135921485
149293425,0.016691569435596142,4.033244598996446,35.966479850926326,1.8998114407284783
149293427,0.01666393556445574,4.02961220332864,35.42110874942244,1.9206827169355596
149293429,0.016246768210934074,3.5518834634607486,0.2663510960312243,0.02498389212917847
149293702,0.04932591666284103,5.144976854976403,23.769036382152464,1.1630579170843998
149293703,0.04814341014004795,5.276526772572746,27.51109955310672,1.4158585983122818
149293704,0.049423241685020755,5.077432306216338,25.729683101192197,1.2503350366313306
149293705,0.047431473761212074,5.218575364517215,26.654947344133824,0.6168094009445788
149293706,0.0476835021046625,5.205563002183086,27.75513691787352,1.3857681425817001
149293707,0.04934981264391356,5.078621384939971,25.98240675810754,1.3269085219712509
149293708,0.04884628821539099,4.949125344383261,25.769566546787228,1.7890436049405503
149293709,0.048634857717477956,4.888749045367352,26.085699573889084,1.6028504364668958
149293710,0.04773706759903514,5.206789186581357,27.47654587824027,1.7133188780319641
149300420,0.016067747441837,2.286396606427022,11.802537420739663,12.988918359839934
149300421,0.01609454847950993,2.451746641985522,4.739912960876034,4.581223642265528
149300422,0.017102792102950917,2.421612222603909,5.380679522593877,5.082332096699097
149300423,0.01611277403625178,2.2291021594512,5.0257580531525505,5.0751462127825135
149300424,0.015698553459189427,2.309511575284328,29.33537210135017,3.2892770124477893
149300425,0.015828375555952106,2.1780123374456135,29.675446880137383,3.0007062027595537
149300426,0.016148613515195608,2.547246999359339,5.913550484108973,5.3724903797138
149300427,0.016216068770823787,2.4775327580977224,6.847786233953543,6.645845602617667
149300428,0.016036434167994516,2.6330774649330464,14.9727208174229,16.29126569265631
149298261,0.035643961905025605,4.27717894118638,6.49178037045328,6.772906372375604
149298262,0.036232935288857626,4.269002144326337,7.26953181703788,6.7591897068253335
149298263,0.03700884454233423,4.345299013532962,15.413341464706667,12.366330965684192
149298002,0.014435075418789196,1.9595489454437038,5.213293543723396,4.530766074295615
149297729,0.013891486071637444,2.2154393783877957,11.199274412960929,4.858371592044899
149297730,0.013574617281922548,2.0382438789761377,30.6856863238813,5.09217420013418
149297734,0.013262496427255435,2.071640766183577,13.299044556526784,9.046180556871063
149297736,0.014142540842979993,2.1224862440902323,9.573532889711691,4.699541191538651
149299849,0.03187640691381533,3.446385874675217,16.765107518900756,1.8631431701899706
149299850,0.03140147676499595,3.443995702454711,25.264900334996522,2.5747759242765005
149299851,0.03450209268705352,3.4907441616938213,16.075835500973948,2.0340542543749853
149299852,0.034245835955170334,3.489897152002414,18.622513350930237,2.172351874372769
149299853,0.03376613885059355,3.8310739780169145,21.806659184924275,3.374924246393479
149299854,0.03509874239824991,4.011776675421595,16.9561323410801,3.2393141679728727
149299855,0.021078852985304805,2.690087877692507,31.93944743751329,1.909799682988134
149299856,0.03278545028847986,3.5810928389229044,16.60429707629366,4.524874920615261
149299857,0.021032606882260257,3.306777928135054,30.370626707266098,1.7515394232610513
149299858,0.02194476928571163,3.3491690991759953,30.190216640874986,1.765559910078652
149307664,0.023322955281501464,2.3326657313250103,6.485660373472628,4.524320661517118
149307668,0.023280753686150242,2.292102380275165,6.7365581138530635,3.5858036110474507
149307652,0.027377996402408566,1.8610579489362247,22.909035951176563,9.28478218476232
149299071,0.020389529343550174,3.4252742439177104,12.125014222343646,6.288565671512923
149299072,0.020123781412700697,3.1327240115115225,11.888944488608606,5.7838263351874515
149299076,0.019968715885519666,3.4079039497532424,12.930864011437032,5.504263755983936
149306601,0.016006783165816628,1.7664408232255213,10.184084714405909,4.409388926395616
149306602,0.016015985217490623,1.7718235832318618,10.21885843586029,4.454765249874238
149306603,0.015037304506997811,2.3957018000297294,22.419724595692344,1.423878071498604
149306604,0.014963729480805347,2.3839714653582873,22.43841119530326,1.5656671844826082
149307243,0.016337370327605245,2.87275731384174,20.323870778941494,1.194609689913063
149307244,0.01632653695091686,2.875085698800679,20.733863345068205,1.2498677410566466
149307245,0.015270766835181427,2.6904327172392666,26.63853548073534,2.07675312043043
149307246,0.015224585348662696,2.697191806797017,26.728158314604656,1.8752032879825242
149307247,0.016078125969000937,2.74077391064677,7.895509699706837,1.3391665798496075
149307248,0.016145482001365872,2.7531192289615296,8.225389479339157,1.4747191303898675
149307249,0.016120212040633297,2.6699055739718753,19.452476705984896,0.9842534984617527
149307250,0.016028797001342954,2.658392347260357,19.369331015126853,1.0779831422051434
149307251,0.018946573207686546,2.6857943599442393,28.42670691215671,1.0091985540161317
149307252,0.01721577013751736,2.645553738328485,26.15907485296614,1.2660426119160613
149309769,0.022969244515542293,1.8199975296692006,10.317127156733427,0.37208258243186426
149309770,0.02664233159540378,1.9792458347735158,2.8429886080279028,0.8886415837264289
149309771,0.02279414987924648,1.998511033120132,12.200309027450988,0.6033487864104696
149309772,0.02480734347446324,1.9328343523290104,9.789864463629929,0.45664055730292025
149306853,0.017400735335662564,2.214293099295851,17.399417086332715,1.8490385376000782
149306854,0.01643039551383205,1.9967603324922671,6.424064085721926,1.6126800622689654
149306855,0.016399398793782726,2.296212698321648,7.757486806761832,1.4769936645547312
149306856,0.01701045952666972,2.8214608361817928,16.93368502929744,1.878511084697257
149306857,0.016837015187546333,2.3256860647083553,17.140266921502747,1.7213077141455897
149306858,0.016654153189965274,2.7467369083911346,10.024061674750202,1.7027615081618468
149306859,0.01697130159859696,2.943745511518494,12.986818748160127,1.223141300582242
149306860,0.015505447725585436,2.5086148052726993,5.80530768237675,1.5830703722842785
149306861,0.016200248941528314,3.0821133264258243,15.339972116279178,1.5357851382375665
149306862,0.017653257768397906,2.8265490954847365,17.2681955558336,2.05391962989595
149309414,0.014971294165019017,2.4559938286408927,6.260296001717559,1.3963764066444808
149309415,0.01416450414910524,2.108418502027281,13.247510816465471,1.188189674127149
149309416,0.014818185681836989,2.5347081540588663,14.010782368029812,1.5247306148160737
149309417,0.014933025688893316,2.6208229903794886,11.474391398834351,1.858030964368052
149309418,0.014346447819788642,2.6777186379502345,10.221690276012973,1.4813619839278842
149309419,0.014290908330473886,2.2294661597462344,12.923728105891401,1.4613410947417214
149309420,0.014508129080210977,2.8894131585159974,11.743034078440012,1.393380755082066
149309421,0.01476631323689491,2.2919932207715767,13.761952583069556,1.1661900355851123
149309423,0.012567927926678811,2.803282533618559,5.555001851913573,1.5944034550307293
149306783,0.00859952061066854,1.6153475653227005,3.8407593876811594,
149306784,0.01172849284709093,1.7570114711272875,4.276028742903495,
149306785,0.00920990049170236,1.6885550928562045,2.827731333942449,
149306786,0.00795158093661427,1.246189760380372,9.049779001738226,
149306787,0.008941947421506802,1.6600772894492415,3.0426009680744497,
149306788,0.013876742908414511,1.3413320555028638,9.146968332692689,
149306789,0.010925312875819961,1.5127423522934955,3.97256229649549,
149306790,0.009521359803374678,1.727991706297844,8.53384997702364,
149306791,0.010389026385404275,1.6910960187571475,8.259384257757503,
149306792,0.007136683483878128,1.4746183727547357,6.452864094086679,
149292234,0.01702158925330145,2.057327399712877,29.07442828105593,
149292235,0.01981771526636131,1.7263911829640415,6.413293691845227,
149292236,0.016090418201935693,1.8138559226720745,8.775829591261202,
149292237,0.0197432088953932,1.7796738827074126,13.052956757251852,
149292238,0.016424403130186907,1.851516914129305,8.511280302061394,
149292239,0.015974181513311054,1.9893863064827966,5.40107544850677,
149292240,0.020395448230416714,1.9830685045080672,10.035506581357192,
149292241,0.016923384711997957,1.7449372044636646,4.3181806991706795,
149292242,0.016544839133312634,2.235062494033803,8.253893449453338,
149292243,0.017303797837356177,2.4523581056934147,27.372041559605698,
149306847,0.011908662730453807,1.3992757351905318,7.750182813197286,
149306848,0.010598206692332302,1.4632408140175792,11.716505990264327,
149299946,0.009240661950601371,2.3079837928626548,6.74554248095803,1.6806098553387454
149299947,0.009479665187118189,2.2235531580676433,7.132792067759897,1.7338969868877059
149299948,0.008903607004537354,2.158741229534192,3.686243561341536,1.6141101194941079
149299949,0.008496675357979232,2.138646197600729,4.541715936878252,1.0740464366533493
149299950,0.007751800987672911,2.142563348314811,5.308849774224322,1.1722719881244708
149299951,0.008844965627749652,2.118956956261188,4.397492992798284,1.4768108984515207
149299952,0.006946948676691787,2.205981484297766,4.74168728217233,1.4767681034669242
149299955,0.007632625784892189,2.5152946788204913,4.182816464540548,2.073110530970045
149297987,0.02855127517411404,2.6391361936111584,5.633834292154011,4.582772413479352
149297988,0.028552976357209815,2.696558986801026,7.577207907270857,4.924791010098877
149297989,0.028720739614436424,2.7236533693996625,4.371822815962334,4.523627221019762
149297990,0.027881915087534844,2.6569312096237225,15.08105282699511,20.592643483028112
149297991,0.02824495589897362,2.7090038882608107,13.37258235638778,20.777316929357077
149297992,0.02827530610324778,2.7116448931959827,13.376606050775596,20.79954742829344
149297993,0.027873637700144758,2.8304172104701593,6.682583192042056,4.642643385917116
149297994,0.02449204041786679,2.681257564242377,7.876687869192492,4.542726888242563
149297995,0.02451295721172484,2.677387284453491,7.792433540647828,4.51848413501528
149297996,0.02867470013450144,2.6481292926328828,4.851989790107721,4.549500263614577
149299401,0.030008319740064477,2.5769279358330195,9.232624844526498,3.4955925743939074
149299402,0.028919468186934673,2.9396485669683536,20.810939774978536,3.0093567109086226
149299403,0.027885784836426012,2.663879352967497,5.648825028609389,3.6116364162724834
149299404,0.02801991924402983,2.4268495303952697,9.900684847785737,3.27642169187965
149299406,0.02733313494201578,2.5731527875276177,15.463857277089824,3.333752153524205
149299407,0.02858949260322621,2.9956417632838654,18.73582141620942,3.420727923788633
149299408,0.029284422328697057,2.665237424375477,18.613043997903958,21.43228018497434
149299409,0.02719236561335128,2.5606430140343566,9.134080738459884,5.287564499787016
149299410,0.025934394033303224,2.371645532760443,21.13875170660249,3.6153425674317177
149293463,0.04093641909333345,4.6586926964589965,15.924449759900218,4.418160159912782
149293464,0.04196822156230201,4.3154979358483425,12.150303634048077,7.838568186673861
149293465,0.042051512732369,4.343131128767375,19.039909390908928,3.5672001588998867
149293467,0.03773540944876889,4.910732851682297,22.368191421950584,3.1324891045569143
149293468,0.043102934380193275,3.808070904307306,10.864341369257692,3.790453794754758
149293469,0.042110327541124704,4.36883877920249,28.823099888245732,3.6945483206286958
149293470,0.0425088756267985,3.670432957386768,12.882079362623815,2.6262306136140374
149293471,0.044174155387284246,3.734750211567443,10.129307341848046,3.253880350488709
149293472,0.041666198260878126,4.13914436892001,6.016291973266084,3.1450065652424213
149298113,0.010707892475777268,1.805954458034812,1.0420584620428337,1.5742862338743957
149308280,0.01789417894006707,1.4846937136758094,21.62375610399893,2.4899317751233343
149308281,0.017404197412194008,1.6610218419015208,28.14753067964271,2.31219879137139
149308282,0.017477746324360915,1.7739166492991922,27.3978170763204,1.914933196430443
149308283,0.017758270987460134,1.6885447720929248,26.388189770510785,2.489248235797413
149308284,0.016732759542119367,1.8414491661781047,23.290681373021794,2.156845889613617
149308285,0.018128231376510866,1.577657843555816,36.66807963568582,2.438308394077376
149308286,0.017457692548996595,1.7336540130349887,16.843301988326573,2.5411228635529772
149308287,0.018500795202537244,1.6262700522593083,50.199762690228305,2.4526906425544808
149308288,0.018226864748096577,1.7317953080614574,24.221436459368356,1.9120176570632053
149308289,0.017958397000162125,1.8994426811725253,34.758889245938136,2.1016101429863236
149307651,0.02327327325207912,1.594413985770435,9.516279733850444,4.823978453387575
149293025,0.016955170204672184,1.9766769339484334,11.443925503294329,1.6842452053682486
149291947,0.007286899434952954,1.0558117909960623,0.9817055329777841,1.1075263981810297
149293270,0.010828519196219544,1.2666530185429754,1.1595235556535637,
149306111,0.020324885742809492,4.11949091302474,12.987130613976847,1.093986308571432
149306113,0.020560015481632388,4.124950456031492,15.06264699247791,2.65058091064043
149306114,0.020423303966444893,4.134789865361416,13.382383094856166,2.646941233491974
149306115,0.020368217779748548,4.132546313840672,13.536194564606241,2.6769575574965425
149306116,0.020506991879063307,4.121966378099546,14.74497990954551,2.5872186934141292
149306117,0.021173866003558008,4.071829671058239,9.613861038833988,0.9661901725928884
149306118,0.02050438335975863,4.1572183979433746,13.939814043806065,0.941143447503692
149306119,0.020831546727222566,4.190983892885486,14.549780585195561,0.7089330722521902
149306120,0.021129868522734952,4.212469296983676,13.103711379044949,0.3668842068058108
149292025,0.02093782469021155,3.9081559243425503,7.9249724957896195,1.0155446431274353
149292029,0.01887754208740058,3.982154509761806,25.80940474331372,0.7952818785869438
149292030,0.018906297500860054,3.869207603747009,10.397826730017885,1.1381073399573765
149292031,0.017982679236241052,4.032076588766038,11.10264869909915,1.9148259342148506
149292033,0.019214739525944928,3.749024137301268,12.349083975422843,2.966934115702378
149292034,0.019028913010842113,3.961685744899472,9.560703268735612,2.2600471145073056
149291680,0.01587012628333174,1.149681688668269,10.20264857993763,12.60296976179032
149291441,0.020867079639046784,2.0300341428939714,62.31183077377939,4.101952253409894
149292586,0.02240030824048279,3.7768400834864493,34.074521406097055,16.875394311519035
149292587,0.02305674918824704,3.4670243424254656,18.314050358937685,9.775748700151885
149292588,0.020210360890211585,3.3625031584688188,14.517414932432123,8.675431300338783
149292589,0.023873846092247474,3.5325387369230454,9.085504983835756,7.95234346360901
149292590,0.02358027549305836,3.416921081298034,8.728251635306396,6.7048674078042865
149292591,0.020399302750116945,3.1938497112978057,15.258807430945065,7.756209314340386
149292592,0.02025116937182788,2.5458744106075404,16.986381063533408,1.1159081828001562
149292593,0.020313401714620802,3.1680567334010283,16.596122062797956,8.95211440153723
149292594,0.01990835792311297,3.1814681952994226,22.624191076288966,47.2393741096709
149292595,0.023473836452566486,3.3080191922011606,5.940232402025711,6.878320632373335
149294112,0.011722056896540276,2.3305694559291728,7.472218737148571,3.7863454199567683
149294113,0.011118030580251424,2.374821583879951,7.91242076199,4.744539295833566
149294114,0.011167776745063357,2.362455029175227,7.723307206260994,5.130620434143132
149294115,0.012081837641058156,2.3872156659781094,7.113792286985888,4.752065417377196
149294116,0.011894716576285071,2.092075978765854,13.678150151713425,10.627672110795618
149294117,0.011833305284416501,2.1018770774352467,14.137380829619298,10.713741749710861
149292532,0.009388453085053363,1.8083490337517028,6.696295491564152,0.5688260443695669
149292533,0.010287886442515857,1.968135216446794,9.63405238476468,8.185154801197612
149292534,0.011348863362279586,2.24073625585792,9.325259414285341,1.8426901100629791
149292535,0.009405769409907947,1.8108402777526693,6.746367776099178,0.6322188050884409
149292536,0.010567190453773584,2.029398472519301,10.740235959518916,8.33992606987568
149292537,0.012460920947968902,2.151488466179063,12.355137446971137,7.05625156024772
149292538,0.009656262711284483,2.2480797675470416,7.136869093427765,4.119159913890615
149307807,0.015101178335384055,2.8668474166860363,4.208207580754309,0.7434154942053444
149307808,0.014267673333769245,3.287107938143228,18.283802164636196,2.7640820476670824
149307809,0.014503610420563187,3.313253155356613,13.974312226184455,2.494803398216317
149307810,0.01651929340170363,2.8443324232393485,4.455586260488697,3.532363668363426
149307811,0.014440263713998593,2.9073401221069965,11.945426592771637,1.6927208466067485
149307813,0.015844354237778847,3.0299245484543715,7.11013805555882,0.6712547315447589
149307814,0.015662199166406644,2.992369961576763,10.208235064711811,4.178571478905104
149307815,0.014017966245473353,2.9690225469733087,48.48726111996143,1.7311418130400595
149307816,0.014233629495849918,2.8983722609337894,42.491110085907366,1.637005536612916
149297635,0.012629747958298295,2.3024400091116037,13.704073449072935,4.209170114544904
149297636,0.012467663590310466,2.252601327933296,32.007610079531226,3.676584102026096
149297637,0.012323554083075214,1.857607127880845,14.82451405923039,3.3315610428866202
149297638,0.011833072732031456,2.2605163409015696,11.837497540658235,3.156972654196039
149297639,0.01352752224552876,2.232474850812585,14.037071614345157,3.311333396082483
149297640,0.012761329154983592,2.3381994287391064,12.10601943654363,4.718992560460128
149297641,0.011631066676844978,2.2306767399873335,13.578515630118027,4.4489313446573036
149297642,0.011961463731081373,2.250615782140461,12.62628814196711,4.433609429355077
149297643,0.01014281188657353,2.514293452681974,15.25365736822366,6.714013935839396
149297644,0.012856679835114834,2.514439075110955,13.283405554473777,3.691723589929337
149308554,0.010821886876803724,2.4302491843093272,7.972283874607305,3.0242945721167205
149308555,0.010862894719222938,2.450061575278485,9.086598298442684,2.498918328256874
149308556,0.012530889280044042,2.2478054891159616,3.722792538217116,2.6886566073389546
149308558,0.012472722959425909,2.0373180912290896,4.555977909936487,2.3757241208784663
149308559,0.012189693259343878,1.7375338050689,5.366388364094634,3.201397903822341
149308560,0.01355002319444181,2.182205407562032,8.200701303918038,3.624048991769755
149308561,0.012411582014149285,2.025114327468384,5.232311329026548,1.9556571705121055
149308562,0.013461859848715216,2.3252652902766306,4.814045732022344,2.5075491667668204
149308563,0.0124966852378963,2.2268375939428857,3.4652639721449527,1.5413105215191203
149306456,0.014240710461866384,2.855831730512923,14.702754620075234,2.970156604993494
149306457,0.013209156988823413,2.4762700930068684,16.831679534095965,2.9116175788518324
149306458,0.016042839238281606,2.3932091293196645,8.212940530710025,2.18203352029548
149306459,0.016433206352004324,2.942805461557668,7.816844634932792,1.9160159278231856
149306460,0.012768262671705865,2.047458519986485,9.440689587683593,1.9814282947913542
149306461,0.013190966783020173,2.1208142723782513,15.947412741584639,2.2152861399857935
149306462,0.017078956598126336,2.935898660523023,6.393038560974853,1.692183173571778
149306463,0.015132201400910107,2.697208173340794,5.227457780301733,1.9754802168496743
149306464,0.01539443185860354,2.337246671774491,4.164633823102705,1.5469297211199262
149309710,0.017783201333146204,2.6531308577934336,8.153200291907444,3.0022046673241385
149309712,0.017243156971334907,2.6579362634968353,7.033236344452828,4.141588508929575
149309713,0.017451101009678224,2.704107793558484,8.647449768181778,4.137990276167473
149309714,0.01697888488539744,2.71582215961778,12.84659541410376,3.2919720238520864
149309715,0.017137676889314602,2.820395453297187,29.393868562229454,3.7582708547013413
149309716,0.017901355533867024,2.3866710647936724,7.225226095192855,3.316945052505746
149309717,0.01747555439229387,2.7412786144710006,18.210900802859275,4.188529811570124
149309718,0.017539363809200518,2.7953749881577847,8.107343405074339,7.6991775139204215
149309719,0.016452094418944622,2.9100993279168863,11.674017477739705,2.719511547803734
149297823,0.02442676691460732,1.5442967328577124,3.722429278738611,1.4410947151777616
149306578,0.014089493159599337,2.1515638943034623,3.487011721264998,2.6071061842129213
149306579,0.015905657091084442,2.123626771844567,8.073863411665323,2.705522567418023
149306580,0.01572409657458784,2.1742587570855,8.148566016331038,2.414352421537339
149306581,0.015681898342982125,1.693462083612158,3.034335264198645,1.1480406722711094
149307601,0.029436568023216727,3.13292207068267,60.95895727653973,9.738272314356305
149307602,0.02953757157527346,3.120541976406685,61.014246920001696,9.83029827891907
149307603,0.027311983069223274,2.9226761713757647,38.04646506548266,2.627974143282161
149307604,0.030849508484483795,2.064436610483463,33.47337662551123,12.11689806898139
149307605,0.027288809669322272,2.9311243955405355,37.3454019131747,2.636430191513906
149307606,0.030885494963123143,2.065070380582319,33.47781544298452,12.179254784441929
149307609,0.03061624808283399,2.5919201786534423,22.97032278294751,5.8628861072498
149294041,0.014029296057384125,2.34476392770245,35.459724566232204,0.789436557049027
149294042,0.0132795301056441,3.1427398077062754,10.74710652912879,2.2906978483158404
149294043,0.015415202309420487,3.2235963551001734,37.84440682879176,2.018682577084629
149294044,0.014079642437592101,3.2040571376121685,9.61067535859673,2.117414399905667
149292637,0.03268787876237521,2.1799747935132103,3.7700827604339997,3.597469413369252
149299678,0.03884370818051672,2.0814608902761726,3.3697078133056406,2.984650712550937
149299679,0.03268527799870704,1.8530745057799802,7.677145049979073,3.445130194789668
149299077,0.035439777916174524,3.1497333439487876,27.675785509057164,4.330201267136999
149299652,0.027494597690190546,2.9795932676779255,6.722297735395743,6.882135756159311
149299653,0.026637872826726992,2.9901160633164925,15.347925131243217,6.743078467726115
149299654,0.027137718398619667,2.9723104841598293,6.234094190503508,7.397608546196371
149299655,0.027589194564919827,2.8567541842796667,6.513419489439803,6.527380826829377
149299656,0.029674873999125637,2.897742749105594,20.442616454762945,7.705370475296636
149299657,0.027090155835671776,2.778561010727361,8.187185431629464,6.669620124178015
149299658,0.02711001869356773,2.782799184664252,8.09388441375825,6.693339568071073
149299659,0.02854800282026492,2.783646048235947,13.51535711314329,6.462232975281674
149299660,0.02764222709965667,2.650915500489089,6.900457718440216,5.752556453297107
149299661,0.02795395466566408,2.804550037611427,6.7990336005413035,5.467124498991406
149293181,0.023050153695946294,1.9930015677525812,8.88184529030572,9.458149611775031
149306716,0.015081461539948382,2.130870026547655,3.4175781108544463,
149309845,0.014217474053557085,1.8047190516072977,0.9320858701826127,0.15897208919782407
149309846,0.014454767873522232,1.927865466939215,1.4475344721425716,0.06293779509950022
149309847,0.014595845122909182,1.9642151612819545,2.8669311736928282,1.8533516022967547
149309848,0.014801468790498071,2.127259128967114,2.3922635035132527,2.0960615378180174
149309849,0.012907076436953265,1.9071111784024588,4.034304918324168,0.3655320060156093
149309850,0.013046163023236548,1.957537739538863,3.978735733651481,0.2388301228948629
149309851,0.012789369420201147,1.7375561056264597,6.1940239498177965,2.7658771923508763
149309852,0.011836055838488558,1.4151493290705663,1.0971112341106708,0.07386876298552382
149309853,0.014861013570041378,2.1530145462646426,4.457360643006344,2.237592024194405
149309854,0.013301304864186242,2.490679769664938,1.717249572965741,0.028258662947468677
149309438,0.010009267926410563,1.7061693674863239,3.5209650266489287,2.556424227132043
149309439,0.009900389676404473,1.8554681176116092,5.457422117901619,1.484907682362126
149306691,0.0095043709057423,1.1972286176458535,8.062200501911768,
149307517,0.017822529903026414,1.0270526660007755,0.9814844811403627,0.10017759990401977
149307518,0.018934043231575593,1.6858757778700009,8.111096319337246,1.8906679493183636
149307519,0.01781700064381152,1.026877709219282,0.965066824882123,0.09824854939976646
149307520,0.019114008040605757,1.6773395505280855,8.819384902360026,1.0987960863331856
149307521,0.016785712218749024,1.4420947749682662,15.247267782839256,0.5281445858264167
149306690,0.00859124791484115,1.2020365346443942,8.760310962070276,
149306677,0.014420929572439753,1.9014407036430656,3.024127626966868,
149293169,0.03246692725989267,2.3279599491174454,8.029236513748101,2.8811397165115955
149293170,0.030178554922662804,2.4504325985701154,7.642074925013702,5.847723823835173
149293172,0.02827651102789826,2.8662268434909657,6.086093591358215,4.9542162011257584
149293173,0.031698176980647544,2.621870580976612,11.627731580111725,3.855459010497492
149293174,0.028525405618533048,2.6247782234623482,5.5148142289462765,2.5973527456986365
149293175,0.02942861021098109,2.1586424240709547,7.433239454649898,5.349125061984177
149293176,0.03110859071534142,2.871219891308085,7.267952532629361,1.2434853656176867
149300578,0.01704117944447081,3.3364023553889806,6.024467109014258,3.945013785057817
149300579,0.017622417994526404,3.252838157592763,4.8411952053970095,3.7451278910666796
149300580,0.017162275177476583,3.355117561514984,5.5533748500193205,3.9125887822192267
149300581,0.01717629754569387,3.3291052827446292,4.726634791649833,4.182130059726333
149300582,0.0170183061428077,3.507325854306659,6.055244284986136,3.8567767619564974
149300583,0.016957436725657162,3.3197861848383226,4.830080476415059,4.176183099542083
149300584,0.017669113640936946,3.457546097491566,6.541795593660476,3.570609184624065
149300585,0.017388441485694947,3.421364875690004,5.844621121194098,3.4076838614815133
149300586,0.01781334855542358,3.4430570856099894,7.349822898788072,3.4582522230923285
149300587,0.016475892292563903,3.407550922487196,4.8752741426024535,3.7512718990450566
149297755,0.01197945889015281,2.6412930768687164,4.958677035511237,5.287599205756839
149297756,0.012032325859074391,2.6267918886426487,5.869153024390899,4.905294802225388
149297757,0.011899479167028283,2.615494848901355,4.733950809184435,5.046539596299485
149297758,0.012140147273749296,2.6040118574360065,4.714792528335254,5.144499777385796
149297759,0.012777331916648581,2.4908256123561765,5.150402343598493,4.694429056499947
149297760,0.012707889400990107,2.519584801141799,5.400977767475426,4.998374229980277
149297761,0.012783144909787669,2.5344129844340033,5.489466695023883,4.817363037753857
149297762,0.0115825083120292,2.5434723626934574,6.35359248248246,5.043258822163529
149297763,0.012125094967995912,2.546696567076329,5.080721793215766,4.6395245763225335
149297764,0.011396833590951772,2.577843826715749,4.86642684399859,5.257815177271444
149307685,0.02362472278665608,2.207589369934747,17.93233688197794,5.677942833449099
149307686,0.02244441308592708,1.6648598845854576,17.29768688761575,5.973574915970091
149307687,0.024705906044316803,2.3952957344371475,19.580768328938245,6.0541931882676066
149307688,0.0215157052531929,2.5484860493243136,20.363206122405415,3.0123820704728
149307689,0.01970088339582125,2.5546553313258262,18.28691535926809,6.273882202069308
149307690,0.020416660435203265,2.806766475036751,9.301509962895567,7.425350164188799
149307691,0.014960166079081905,3.0040329386955733,13.931339580577914,6.732098943553993
149307692,0.019839142966967063,2.7232967854375834,10.042477137052211,7.495096531392835
149307936,0.01658909767021953,3.0621633463560824,9.137796740755897,10.642019424873958
149307937,0.01634539226702756,2.9777505843142293,9.438257614311889,10.470568956119298
149307938,0.017311874809625167,3.1826097776290445,9.318094606773544,10.900217317461193
149307939,0.016867972095657442,3.1145521863088583,10.09148123309277,10.936339519404509
149307940,0.01663118203514024,2.9726129803797425,9.096709505440082,10.618201993900124
149307941,0.017208686147093276,3.1993950977664625,9.418691991088632,9.744376491607662
149307942,0.01721245386162502,3.1987872941738194,9.413150287639898,9.74350298243037
149307944,0.017295592130748164,3.156000951993416,9.404203477649423,10.669948248427708
149307945,0.016923355935267993,3.045256775526875,9.681624247253986,10.569660036321714
149309265,0.017288505584953037,1.791115085878028,5.467125848259005,0.8034972500482239
149309266,0.013824877231029448,2.080658678915226,5.339604079886336,2.529902178778841
149309267,0.013081086498361458,2.229075712009513,6.355270252810719,3.660535778777101
149309268,0.016880520672211807,1.7117829085344738,6.740000040804928,0.44435340727667505
149309269,0.017431396015930446,2.08101693922585,25.44806300477843,9.504849637056681
149309270,0.01690759101443149,1.7129273143614772,6.847929921764535,0.43727838520683515
149309271,0.019049773748671592,1.8993520634925085,8.825057259006837,4.541557067410396
149309273,0.014062139760761977,2.1164776964361525,5.671412651719176,3.0152990151345964
149308690,0.012372240250738128,2.5606964813410777,26.74651401842707,1.2753580577955215
149308691,0.013881988851595223,2.2012806500470834,7.512044545336237,1.9218916538320714
149308692,0.011709234418943773,2.1364067066327586,5.984250568742829,5.050092969954628
149308693,0.012892633521176224,2.067924681858152,13.36397097666755,3.420921129919348
149308695,0.01704082558877886,2.3218160820469604,4.89791978445202,4.175102526989007
149309332,0.01584600173288531,1.754053117701433,12.257898187123242,4.228281708877718
149309334,0.015478599003718533,1.581403687500779,12.60254282413779,4.522984641780037
149309336,0.014200551243461193,1.647066357612966,19.167989676272192,4.801956114413821
149309337,0.01608930201385497,1.7549133830945012,29.81735472764463,9.625108198673232
149309338,0.015293114411528986,1.825155581801107,14.663479162389388,4.938104272133441
149309339,0.015091626667809964,1.6606643648822719,17.35771804874057,7.0123150860718875
149309340,0.015827651305313033,1.6947341270404812,14.143659202161684,5.32199708437613
149309341,0.015468195182164291,2.012460112811692,18.642939589535636,2.0917711027923542
149292793,0.017325669578440693,2.4959347375119623,5.9487034954291245,0.7011498745116397
149292794,0.017289504119716692,2.491539810091323,5.960270664999297,0.9359998148637901
149292795,0.014732495570761787,2.3181453514429373,5.49916060283323,0.08449261830213528
149292797,0.017847074442553318,2.4149356515282157,6.866358276670181,2.800673610822397
149292799,0.01738898437691567,2.6624148085755754,6.104279137436142,1.5421794925049592
149292800,0.017305772981838864,2.6559350427909485,6.251389686212047,1.5900709689438313
149292801,0.017869440616703265,2.415931370152475,6.699963338125694,2.8473115289757613
149292802,0.017239466751956894,2.5718175485234593,6.2722639054369855,0.1908683962783231
149306143,0.01872998321210822,3.4677278555463062,16.831453477302908,
149306144,0.020784170163389244,3.697073507546657,8.397163944055935,
149306145,0.025781408392432946,3.5955519557780353,10.156513667541237,
149306146,0.02776255852158559,3.671078939286815,9.914690894004684,
149306148,0.027300883096788343,3.5141003875668515,10.938895655693248,
149306149,0.024412221841626988,3.73409672378331,10.55378348429126,
149306150,0.02034212396216179,3.422664960007613,10.448615125099279,
149306151,0.025586517188437657,3.5538685995529096,9.353566456340891,
149306152,0.01875978761787046,3.2473750859916377,8.66602851675588,
149292005,0.013627541264317486,2.8369566203450436,7.658770885225375,
149292006,0.013549245464157233,2.981451555771452,8.05743556037858,
149292012,0.01945513411755745,3.2972253712698882,9.283616367577169,
149292013,0.016594260159355778,3.3732416628909423,6.177028579977697,
149292014,0.016565834467895953,3.381241937291644,6.178857760203012,
149291435,0.008749413695328598,1.8673457919009981,2.350628257565263,4.620630570536999
149293376,0.021459021433215045,1.9922409407203447,2.4407691371771087,
149293379,0.02066608430629812,1.5715058124931385,5.067927164732295,
149293380,0.019876680992230097,1.7345503977324854,6.006992287567032,
149307439,0.023464623385546307,1.7780556932593892,8.166933819417864,3.314335144963591
149307440,0.023539549318972945,1.8860061854770216,9.132513311961024,3.5150280833048484
149307441,0.02392811268185205,1.8932350178607582,8.805585577516915,4.16758423442705
149307442,0.024072234268631,1.8426595928312972,6.010416735514104,3.890868518517762
149307443,0.023503730398344733,1.782079886455497,7.637635003440095,3.1696850553925993
149307444,0.02406141917071931,1.8429294487270589,6.041948629930107,3.89045566535667
149307445,0.022820737095434748,2.463472706466662,17.703990339559383,9.393476801466788
149307446,0.02410815748188078,1.9231088850655909,5.389646616105439,3.887247742325317
149307447,0.022436532616944484,1.9473236092860906,13.312472076364788,4.577451565811534
149307448,0.01989544774546717,1.562773878570275,17.257133876185527,9.589907068375174
149307451,0.021596745501582935,1.8671051637370084,14.072479946896046,5.565525109708261
149307453,0.021987475260149672,2.008923334856388,18.674196519630602,7.884020280427099
149307454,0.021591546982764026,2.2128744060003127,13.420666019731822,4.004147229121632
149307455,0.021591449088945256,2.229456908241958,13.240274160918764,4.231279697514473
149307456,0.021954468379979115,1.9999180973962345,18.666180962965843,7.928547356942911
149299813,0.012233807404310517,2.442201916487682,10.779001512077912,6.143463866367579
149299814,0.011415117529281522,2.5522245647470716,7.623098397343638,7.255759282997555
149299815,0.011440495346545055,2.549770479119304,7.760081343903848,7.3234575783671785
149299816,0.01269746916322067,2.6832557949268163,16.242787223129678,11.000285355302085
149299817,0.012771645641563283,2.6877006970194826,16.43765335963172,10.783068196758682
149299818,0.011537226937047335,2.6718220139270863,25.78331061823444,20.70590663521003
149297977,0.02563459616728868,2.6427577427900495,6.294750963535941,4.8946117384596945
149297978,0.025584641645532213,2.7233950954354413,6.017054449446664,4.9652060266352125
149297979,0.025301371954427263,2.494236785477379,12.252017222803786,20.578596893840224
149297980,0.025603585077289017,2.6432329900242943,5.497604559652501,4.9329572565041975
149297981,0.025179430697731885,2.6360102796631075,12.292291680122132,20.815225715294808
149297982,0.025490040307000673,2.5903459447652843,5.516635191036188,4.898519886593906
149297983,0.025900367605031123,2.6049235207945167,5.7265700921004346,4.769082649849867
149297984,0.02545796983355068,2.4325786244743237,5.385033833054678,4.742474497946557
149297985,0.024764867097083518,2.4256914127612514,11.947412428831493,20.6962169104469
149297986,0.025777065509549647,2.584982058618395,5.8128438808556915,4.735309028371425
149298681,0.020676272583217022,2.33661465302344,7.65706341396325,8.454662067261006
149298681,0.021551944459018004,2.5264361792584262,50.24908398414323,8.828067954333672
149298683,0.020910764444832194,2.5573691657166333,47.91173860048879,8.167128529427696
149298683,0.022051888039109194,2.5816467098207228,97.1002682676795,8.659673819123267
149298684,0.021835231150035116,3.0008210204996604,88.70189765121692,8.12119129366285
149298684,0.02197722854644135,2.6598797025003758,82.09208717392073,8.20449321229296
149298685,0.022216333772650407,2.7354275263346866,86.15066092940913,8.32430242566206
149298685,0.021434332830670224,2.6470837898387876,59.24859960993047,10.29654292957763
149298686,0.021331283614526738,2.4253682068236286,49.225254427830706,8.016910654347594
149294059,0.01002376245433444,2.1187079068892216,28.628382123372607,2.9644260491532726
149294060,0.021361075729019272,2.684177823972807,27.829978873254387,14.822001343770246
149292294,0.010361713368121394,2.371719235069308,5.641688527562662,3.990571338241723
149292295,0.00877569669084571,1.8740180937750184,3.936466583220571,0.6463296166082331
149292296,0.009881177411206955,2.3855855480969272,5.691075050729174,3.0539200684871335
149294267,0.03892308767056978,4.064675793666986,24.35963655450644,1.0022710170944709
149294268,0.038287182469022886,4.12072971146542,30.713962260256537,1.4047008825229625
149294269,0.039162479387651605,3.152642989774195,8.472133565405699,1.8844726038480006
149294270,0.03940467705876522,3.33686750034193,7.73276624036533,2.508306426827538
149294271,0.03670565418253872,3.886471401296772,25.481855692807333,2.1560172833667313
149294272,0.03895703164837153,3.2899035929550435,9.764535958454392,0.5317215899462834
149294273,0.03895394564834906,3.395310745845799,9.746522072004538,0.7336393107847451
149294274,0.03734718746118487,4.282952832350114,24.30201670228883,2.050757323198821
149294275,0.034646493249547904,4.713487925384824,23.49105931089457,0.4344618830988701
149294276,0.0338409291167155,4.5701802858370835,18.34353472447825,1.3789618410956126
149308936,0.027001646623372712,1.8153293301020625,2.7517632341076887,
149308937,0.027379291941862168,1.649257700618905,5.288168300892632,
149308938,0.028402310839587247,1.6113230954391264,14.853462331338935,
149309699,0.01300063787900832,1.575465809487844,1.2159199789261197,
149309700,0.013367729605647853,1.6647038794012414,1.6631138506494973,
149309701,0.01346200141081176,1.6499684879154597,1.9838446230495967,
149309702,0.013551432475732945,1.776368359285077,2.6464362579121175,
149309703,0.014902175221801293,1.9361701554293065,17.994078780453087,
149309704,0.012936290984771382,1.585249417413576,1.4606352040984736,
149309705,0.014608096023881776,1.947661298931576,4.040396052026842,
149309706,0.014789473897377557,1.9667185825297286,4.888264143774987,
149309707,0.01475281704301125,1.8154657258458007,18.554010923903935,
149309708,0.014846306090598718,1.934307759929487,18.549006473345937,
149309424,0.008289675773493706,1.4894863638879636,1.9134413683627958,2.2897058835866813
149309426,0.010107307123805698,1.4658531020035623,12.575264657232445,2.2523257553554394
149309427,0.009100397554927944,2.005415756983313,6.820832390412152,3.149284434796195
149309428,0.009722107499596101,1.8152928062881295,2.438676228787533,2.205180696542225
149309429,0.009425911001183254,2.05560988672069,5.07368661682462,2.6581147868155472
149309430,0.010601050970329786,2.1084166814239182,4.476087048529514,2.3970886635869144
149309431,0.013208650498574379,2.163108672880168,9.761581335076155,3.1579592699004513
149309432,0.00945102940317582,2.074410931568297,8.519818836637352,2.8847361502092763
149309433,0.010538463336382966,1.9957813067362855,3.3375474812343207,2.6685972026046088
149307926,0.014074457398639327,2.583875271289286,5.002466245825064,10.626278759093841
149307927,0.015967020270742337,2.6869515401436583,4.707976319975494,5.22837194647433
149307928,0.015596889759794216,2.6309584941255215,3.622479671748096,5.482148466378517
149307929,0.015880900426324174,2.8188892950987907,5.15928355169255,5.059390991217654
149307930,0.01633331402602999,2.7866135877653124,4.472771803812444,5.6425899189835365
149307931,0.016045449705748994,2.774672071624418,4.7452937838996965,4.882986563408028
149307932,0.015616647279919075,3.0277761582991443,31.184878225560116,6.557662715941573
149307933,0.01628563860014207,2.747064031394367,3.665575711718156,5.076533270496179
149307934,0.013641671604323015,3.144348796001564,7.343278802265365,4.4535235342315564
149307935,0.015106414635143499,2.873941624890792,34.27679441922391,6.367825724140618
149299411,0.03086118256555908,1.9506080575766922,4.200388638840787,3.126494264494585
149299412,0.03086739114127568,1.947996875396371,4.22126580647268,3.1116329813027854
149299414,0.030814494767505415,1.890902319443641,4.111801741800731,2.9634516304428264
149299415,0.031089862433894305,2.03051905840884,4.308540501891918,3.2727070984719404
149299416,0.03111765445653294,2.030146839212162,4.289005401919736,3.2665146675811445
149299418,0.030994219997360004,1.8733358957442092,4.286796142490365,3.1233515351056216
149299419,0.03160453961833527,1.9641864466057048,4.5949709236057155,3.3538988318218252
149299465,0.030633843868432334,1.8576112109656084,4.032879584703703,2.9046257777565443
149299467,0.030746419372400295,2.0054943292267446,4.337177110230307,3.224086230171224
149299468,0.03079736321873627,2.010294054443925,4.359430474425847,3.2407588148675948
149299469,0.0305335416374548,1.9398774518529989,4.359323623042,2.928424020077139
149299470,0.031070867018787297,1.9013814649747198,4.191612532986613,3.186846307093312
149292989,0.005705225605422921,0.8808264788827136,1.8366236005120486,
149292990,0.008054037299207163,1.250647263322283,4.088428505013578,
149292991,0.007513686092343509,1.384066793440362,3.6407666306923563,
149292746,0.009303275566281792,1.1394041560021955,7.723437049883254,
149292747,0.009194102494148202,1.4336883261099715,4.7862737315602875,
149292748,0.009589480824439887,1.4045596962827431,5.206091404036705,
149292749,0.008986146199010794,1.4446517281327094,2.3862772354793647,
149292750,0.008926877215158897,1.5158303381756684,3.4499990704424413,
149292751,0.008797661532260526,1.5856125371511582,5.003845168610539,
149294007,0.013640433661510262,2.2756204766759347,5.82113371313384,
149294008,0.015502869439202897,2.007901087990956,6.868429383443101,
149294009,0.015248493784776678,1.9005278841069875,9.586036504535768,
149294010,0.015239321327460502,2.259312571575253,5.857821220659761,
149294011,0.014817922218361002,2.0288349919147546,9.722834199880285,
149294012,0.013538793006706878,2.198527036870202,4.454352326045157,
149293125,0.014194664887625032,1.619028531338095,6.980493067255658,2.8226438436192036
149293126,0.011498945305409824,1.7135078896158213,7.94087977036259,3.1846919511689404
149293127,0.01254936546211152,1.5739636544479827,6.40023821579939,2.4365441506321557
149293128,0.01329160248493272,1.8459820800879905,9.056815949046161,2.588267881281985
149293129,0.011836694098905639,1.7662958759222673,8.177179745673552,2.1472065504376947
149293130,0.012404790818617034,1.7850335399729387,7.365792881253197,2.8188443371054217
149293131,0.012517773066084046,1.9446605515301771,4.454459113940302,2.4181470955265465
149293132,0.01206609489172025,1.9030076658145556,15.261939207787538,2.699337088755494
149293134,0.011101879830034928,1.9431992061754944,10.163890540989533,1.9388479111290073
149292097,0.012292973533265123,1.4573368562935995,4.4584616190565365,
149292098,0.011462335612511546,2.0349889465300564,1.8871168757734451,
149292099,0.012208956122112988,1.7416102722448346,4.410485792240853,
149292100,0.01267754768988664,1.4573599725720021,3.9468602075201953,
149292101,0.012462145343877648,1.6815517862153673,3.7372695241073104,
149294164,0.012069166537104837,1.9338818238450957,8.2538268114976,2.5487911935968004
149294165,0.011825576796551777,1.943806435031263,13.703325319659623,2.5007382902409367
149294166,0.0118685482596243,2.457057720086575,9.764007705843737,2.6627780853570377
149294167,0.013389004886531736,1.98934318916457,11.700805927111816,2.543212739113451
149294168,0.01197906187269977,2.330845414864244,8.893893471595796,2.2915831659277384
149294169,0.01145576739564131,2.4284534075076794,11.176676045269955,2.2415782920995233
149294170,0.012295240999408966,1.974964820941448,12.431984465584918,2.473269213614311
149294171,0.01182890110461028,2.353052130811203,12.91304726625175,2.4241656237170854
149294172,0.013026509389359448,2.3676535936969567,19.425305079945595,2.7324668799649854
149294173,0.013728296713902185,2.024854422634306,7.9885335262776955,2.5799802561544865
149291685,0.005684394240284764,1.2364603347961964,3.049125900753093,1.9855891219865398
149291686,0.00543881086031638,1.4941376807141,4.188073615655646,2.416013327965393
149291443,0.008623644936551624,1.8084703898632573,2.000335833429195,4.51240138501649
149291444,0.008693579609048274,1.6714557723577939,1.838716662621254,4.5276310937216895
149291445,0.008806696158457843,1.7661226832982495,2.0651596880070078,4.789030971722513
149291446,0.008942593396692898,1.6225652024286865,5.052227325932518,4.416883056960868
149291494,0.004762214578573156,1.2920565622073346,1.621356164503832,2.255283142977888
149291679,0.014443065117987784,0.6787737611389532,1.7793215683601746,
149306527,0.03198139209250772,2.5632085730520666,16.77507224789869,26.302532046222215
149306528,0.03276425389565551,2.6564198741651044,7.804324648243551,5.872061851437635
149306529,0.031481022953739286,2.942047054480763,14.762428839156573,19.49433331691468
149306530,0.03184441564168831,2.94801359265876,9.158183699538391,7.408578783036996
149306531,0.03079168362787124,3.185230193224811,11.450659436224603,8.802440925513382
149306532,0.0306651801320809,3.219034197792386,11.691367492410015,8.887709231400061
149306533,0.031575272248374316,2.467873335999379,18.56289854155721,26.503492040997777
149306534,0.03208274012151354,2.49279817724947,14.4923409652946,19.23289933140857
149306535,0.03172455584880495,2.8339085122154395,9.45637782304605,7.5651990761723305
149306536,0.032993159887655464,2.840731324644211,8.826013261029834,7.064607757745528
149293165,0.014166949016501815,2.0013436236391793,7.773237096927722,8.663857478824534
149293166,0.011872440522854424,1.191871226722394,7.673326791445825,4.744747126676299
149291449,0.00898634410416424,1.8423424415558536,3.8437488898749193,2.1976996899281773
149294078,0.008211712183783084,1.878130200669971,16.554427691999237,2.604665516706857
149294079,0.008515731496312906,2.2315511262296397,26.08502698401474,5.650540268000995
149294080,0.008327147441745132,2.5123120124627993,25.1273508039181,2.8348162143193902
149294081,0.008236145154696206,1.8822052974174164,16.545599975245192,2.5932492997515566
149309211,0.03206891110552254,3.4935774505408257,13.660125428667662,19.578126636254517
149292638,0.016995143498726405,2.106838476097451,10.502115634872496,1.9746319224137574
149293699,0.07303240608837326,4.803498436163949,21.711158897705012,
149297397,0.01399587762294942,2.2934136682089843,0.035281916296589534,0.041293836760181515
149293456,0.01654741292484632,2.7951527191156615,3.7289090669824088,0.42797114048784685
149293457,0.015949727150067452,3.137291966812603,12.268338010508641,0.6018708050768476
149293458,0.016527364473721485,2.7883662011196293,3.480914533893292,0.42707532071643234
149293459,0.01596044253929449,3.1359952387716046,12.42710090504824,0.6008607903876624
149293461,0.016493989584373602,2.615312963140043,1.155888545269571,0.43914957775463015
149293462,0.01647814424214775,2.6127050008760593,1.1399110920680033,0.431674492604977
149308566,0.01859512164483942,2.6162115447669203,15.586884017600019,4.1493867017689094
149308567,0.01836806771615489,2.595953745077997,17.954815848964966,4.297195772982569
149308568,0.01851765928924062,2.6283423161835686,15.229021229701702,4.082411406556505
149308569,0.018401039493749848,2.5931418649482754,18.145155341394858,4.288618524810685
149308571,0.018199912024369262,2.5879161066683873,15.60700674312633,4.358899870813983
149308572,0.018164157110703155,2.5715536481093926,17.37821402181483,4.157018749846977
149299206,0.008439254971937033,1.2280437499947476,54.09709771522744,0.00035742045426296297
149298902,0.013900887944492624,2.334425693291105,0.00032149421874134033,0.00010088157232410838
149309548,0.030198848222981755,1.4385348852228423,7.566704574541386,1.0568133725198081
149309547,0.028492473958485445,1.0869023477678095,2.7502505416199683,0.5463869454189146
149293406,0.01699543312111104,2.5834669346482255,14.271405686784137,0.5957398162371274
149293407,0.01698585120535956,2.5896743830890476,14.703661389651284,0.5944478361801463
149293408,0.01767008533426763,1.8275198153237817,1.2067168660734382,0.5268128258503332
149308518,0.014222619244861357,2.3317520107320275,16.087601815672382,1.3032087388391818
149308519,0.01327994886769772,2.140625708152732,53.40475653421478,1.1637005948099335
149308520,0.008927111004721155,1.5325685208252329,5.38834492645772,0.5083255597469618
149308481,0.022872751669847324,1.1356520340789438,18.176778311732747,0.5316498106647465
149299189,0.018370448014163883,2.085632307756219,0.006776477395587033,0.00023539261962267715
149299541,0.008549118477359724,2.546772751674446,0.0014168487503337162,0.0002319291322756673
149306455,0.012316917465941074,1.9875169697918664,0.008996595890248064,0.010993905224208381
149308446,0.029300817161413913,2.5265376333576537,19.44640858053556,1.7965421413389204
149309563,0.030582086284653243,2.3000468257496562,5.05617242499953,3.46664562839298
149309290,0.01817138663199917,2.5022189444862284,28.206756457771192,16.309193258123397
149306448,0.007935763340194428,2.260031840729199,23.17492934549516,13.564660969701535
149299539,0.01089950278198805,2.442997716750118,4.898189293111722,4.797949514114353
149299540,0.011077008769622396,2.1445854857881077,5.311500890189128,5.259090920010821
149298004,0.010530144468526561,2.3731594842768393,0.01732870815275514,0.0018968058110694944
149309038,0.019334875588901023,3.980546662732972,27.445624530398785,18.187097745745245
149299956,0.016227783947729845,2.9797853021563583,9.324180968644074,1.9470565088003182
149299958,0.01454641546168682,3.0140931511719176,5.131160800874394,1.2682018591961104
149299959,0.014539069447161301,3.0160575280469146,5.231149702991543,1.267547127478229
149299960,0.013692054232454906,3.113251249868745,5.777721647038516,1.3436661148997209
149299961,0.013704698865091498,3.1142070570814857,5.75688795766037,1.3349850763453504
149300642,0.01752026196111997,3.7242904897967772,0.10546832763853145,0.004164325680030094
149300643,0.01758461022742887,3.758287557658209,0.14040881824600449,0.005474951176678405
149298898,0.016292324498582228,4.491286587656956,12.155285669999854,0.3018822228979294
149298899,0.01628208785749403,4.483376337671378,12.18630842177489,0.33643153293454875
149298901,0.016396526548751834,4.3789764311032995,12.000595224824663,0.030104390581952325
149309733,0.0364616591458179,2.03243311455874,1.2351908663906843,0.0035493446738868915
149309734,0.03821156142639,1.7818847450752258,51.929106042502475,1.8654669498890386
149308445,0.02354826384621268,0.9486215123325857,13.027775694301402,0.5531912782988252
149298328,0.012035433279595902,2.719597342155575,10.92580713276011,4.363163182119472
149298156,0.019083521902170403,3.4396948944791053,1.907701599245218,0.29451904943724255
149298157,0.017963121800563208,3.581567368775677,7.097324328593261,0.2258019506515861
149308987,0.03394765606278216,3.0958130492773313,9.648454756787745,3.379553945524881
149308988,0.039997159196198756,3.5040914668122523,19.072118889918546,7.806106974797188
149308990,0.03488962753284358,2.8432223277576445,27.67234470509696,1.7388940305350478
149308991,0.03464730568501594,3.2941527527094863,13.198770102609322,1.8363716677147377
149308993,0.04074890501153818,3.630918792692133,31.338762153670384,18.782980239401816
149308995,0.03670763839177775,3.5328409116673005,40.8007973804877,11.242960099293935
149298028,0.016693357233253745,2.7812187579180394,0.02802240950260353,0.029604388786638607
149298031,0.014611222993827087,3.1426283906629995,7.877103263364353,4.580883188261924
149297280,0.016538553495734323,2.737157534389125,0.14639610370205677,0.14073801908619418
149297286,0.013777357097693402,2.79406161317276,6.673998519031065,4.321876651160952
149291434,0.009316451984978361,1.8630190920752203,2.0383804878807594,1.6609281026231424
149299572,0.014595595223829258,1.9101026650715336,2.941949067717811,3.2458669621586993
149297321,0.015116392381433677,2.354808995631582,3.3178060720201183,1.4470656317273
149297323,0.014916178059998165,2.382021686366664,3.5793482609975302,1.5364250315549033
149297324,0.014958836913814501,2.428908286369614,4.297838919493582,2.27476835691393
149297325,0.014876184097379591,2.461416120767145,3.415342984773761,2.4780374048320533
149297327,0.014597783712463584,2.4342397236907067,4.896781416007332,3.438596220510924
149297328,0.014711171747442906,2.361562146440357,2.855348269248261,1.671403328103357
149297329,0.014305383877799983,2.837902902407731,13.428578866634426,1.204169774714964
149297745,0.01273735130161356,2.0819242502525603,7.696209256108884,8.222309711736195
149297746,0.012198391529411434,2.251185950879366,9.114115239924537,8.342411676487824
149297747,0.01169522591624078,2.2687824998329438,10.415746709720903,7.402483196439848
149297748,0.01320717917069195,2.0549053189611253,7.420881195443915,7.050954203394008
149297750,0.011723782086607655,2.2262925904401416,7.4569999233875945,7.5026317692626305
149297751,0.011860769373724211,2.1511229511927,10.347205555717036,9.01221014262965
149297752,0.012837406452023557,2.124470264244479,12.414330623570187,8.26721541985921
149297753,0.012400955898232991,2.5877952040221426,23.973831928750325,8.408666819923392
149307726,0.023062765600219987,2.709805439073697,17.758093187009955,6.373420541001527
149307727,0.023091582847341956,2.7209404589179433,17.936924694389525,6.374162847331945
149307728,0.023616838104192857,2.7059378930863334,16.161220168557755,5.789186444449085
149307731,0.023912937108243475,2.6216205933300767,16.299190737108436,5.608614276044487
149307732,0.02365734069004744,2.6379258497974987,10.299789389638118,3.6221747762046244
149298887,0.022896081187433918,2.1528263006588384,5.982485209887752,3.213459598082936
149298887,0.022958309275120936,2.2356779115414116,50.641899074466835,3.1624523502905313
149298888,0.022507358251594146,2.1150256953849635,71.1863497222357,2.895108665233116
149298888,0.02224389956014602,2.2943186113379213,67.70929733878556,5.319536154786803
149298889,0.022950165019858998,2.265220936233285,72.47595125652067,4.87474829756292
149298889,0.023539147195201646,2.3705225262223952,75.97064761779417,3.281632168235698
149298890,0.022773576021214062,2.41575001952767,63.8655107701252,4.033651454202535
149298890,0.022598563635745708,2.296327451631997,56.470075789725556,4.179318320235333
149298891,0.022782246332754517,2.3047617447697357,67.2377539351942,2.911895952765279
149293752,0.011098052193664557,2.7298524889327203,10.745105341337428,2.4825814980380616
149306548,0.013963791942354583,1.8556205128141785,2.818269939126659,1.0218466321479933
149306549,0.015298855101327283,1.9738771220349838,5.292206499399068,0.9127115036059942
149306550,0.015882540654405506,1.9152446061627175,8.119163727416948,0.657497806237344
149306551,0.014849180381218864,1.8367218668163208,9.081089354590487,0.061233407827219366
149306552,0.015543286068949407,2.13503830591673,10.170438502535974,0.5851292166210948
149306553,0.0132684763846491,1.8165976387914515,5.415085012916036,0.11514151344043735
149306554,0.014402099597660194,1.9960399388766439,4.690588737752598,0.4508638038168366
149306555,0.014893320476233997,2.1870387947678527,10.975685909989604,0.13231586288535066
149306556,0.015591751068339389,2.1141838983100323,12.793014623155093,1.2112070746975176
149306557,0.015592902407753798,1.9077490448659309,4.297750884044281,1.1942821113111506
149291466,0.013125248398915438,1.5933340345177696,3.215759424206916,3.514073674284875
149291467,0.01330339746768678,1.7694757831976184,22.76622234466438,4.108114505627055
149291468,0.013306942461032227,1.7715288012287893,22.70660038085885,4.115853055966363
149291469,0.013215287942848064,1.9287426963171221,15.49963292582121,4.481923639226034
149291470,0.013186771927360431,2.023659533224031,42.79471734090163,3.965991761286055
149291471,0.01313199792792678,2.0137167136703407,40.81692448584702,3.9563561925932214
149291472,0.012685962683721649,1.7306725480393252,14.159550632810568,3.929347277254374
149291473,0.012667744444099575,1.722920892567388,14.899864815794926,3.9211253739535685
149291474,0.013574353292803404,1.8096920598451338,23.984983271380187,4.240646340348028
149307670,0.014865287598861455,3.1719373078751194,12.938007014319464,3.014447466064785
149307008,0.011650876930488656,2.8391317541283736,3.5084960202401136,2.047323111888754
149307010,0.014804307879640122,2.6962332035546974,5.961084602337063,2.2344819454866527
149307011,0.013686689882547136,2.7253690851166192,5.343912528508137,1.9553644687092686
149307012,0.012405698043255971,2.901041944709499,7.877993559205241,1.1751390552729961
149307013,0.014490835352919722,2.7529595888346394,7.21342448682612,0.7863954389313463
149307014,0.01750275312397842,2.9490915410722836,25.263601454218108,2.5185181851121063
149307015,0.012094873390513284,2.782182448655561,23.10393665533929,1.9196212625070497
149307016,0.01078676347593374,2.584016924969533,4.289181953635508,0.9932002618812399
149307017,0.012050863668744083,2.2973977088555855,6.247909946640587,1.6716406364294016
149307865,0.017293974782162314,2.700148301185071,17.663193643234763,2.5976713560868046
149307867,0.019525348728317876,2.2125434636531054,16.66615640133323,3.0944990625182713
149308306,0.022446150035824435,2.015984554665416,31.515407742339793,1.340871565353443
149308307,0.02191769674151124,2.1284197850960394,22.143183929427877,1.4973890640155048
149308308,0.020929638712546366,1.7536533723601608,34.76116393919406,1.2370895112301878
149308309,0.021942632484497005,1.7607932509086366,37.80304178991274,1.206051130967504
149308310,0.020697960472350518,1.7757394914986633,32.56225736486108,1.2128651573050342
149308311,0.019849112142221414,2.2142864220929983,34.80044190473553,1.3090202618023001
149308312,0.020820628034340715,1.934730516067597,34.08790191875746,1.268535005471642
149308314,0.020515603584963085,2.196912374301816,33.19935340769239,1.4511498566009893
149308315,0.02018909921436343,2.54091831433863,36.50534059782819,1.6102067723439384
149306445,0.012483874293850906,1.5606452480638902,0.0007749029767861685,0.00016439761176698754
149308480,0.025865396698435798,1.2872066344876858,12.519358591972406,0.3727545515051046
149306449,0.014437795349585137,1.4870429624468091,0.0025683658376856183,0.000956174030265866
149309552,0.01558731393275913,2.181102316765584,13.124322696299378,1.8849989431914242
149309553,0.018133986285191663,1.904544768164409,9.057321853081348,2.2481127613921283
149309554,0.015502622661077397,1.9986898519560186,23.28344839770909,2.091630009849655
149309555,0.031158199828779293,2.4363876427232256,26.55970941362236,2.287661241484138
149309556,0.026691868722061467,2.376535316171777,7.320969663661566,1.6676526492590262
149309557,0.03376083077402202,2.473034833581665,28.12464556856921,1.9956561006941922
149309558,0.026947652257114842,2.2915039153664596,8.86158262107968,1.61875496278857
149309559,0.01725482853656396,2.079867941744611,20.591030485746497,1.556102872779557
149309561,0.01838918348978564,2.0263265021310852,17.883114485527983,1.820005814996627
149298265,0.008816898802879114,2.10105190921805,3.512080934640898,3.030579330569625
149298266,0.009230836495220674,1.7679760204566737,4.591393667377176,2.1927894267070234
149298267,0.009160666103522353,1.2663974403633844,28.976359893450876,1.32924750995831
149298268,0.00934816054154383,2.0081784446123305,4.673648457633234,2.837231276234952
149298269,0.008178000995822068,2.0646558198099587,3.328455317662958,2.5284184209826126
149299776,0.015063712165510463,2.6572724950199165,4.887897041249531,1.3281166407633647
149299777,0.015082295148609138,2.6592154465922953,5.080649813046124,1.35368671038125
149299781,0.016072431528336047,2.251493045398186,15.274313777207974,1.7996863436812212
149307884,0.014105257157348962,2.147248376918712,4.040961296918881,0.1234479574715999
149309731,0.026736695424383127,2.2744984687706924,4.788994329389919,2.703884534993108
149299266,0.006580235973394798,0.8030998384155378,41.33137856956015,
149300416,0.018298863102467523,2.088473679553029,13.73425203642984,3.6767907968995353
149300472,0.021217995733313143,2.8149527856187273,11.465892000343976,3.412653327100862
149300473,0.020162311350270065,3.0000973369203208,1.2376706021260426,0.02048183715135915
149300474,0.02116093083971419,2.8440092659879253,7.559453123798026,3.467248451367338
149300475,0.019597175978185763,3.0237203587722448,8.742368005585426,0.525590718029817
149300476,0.026092574181302248,2.895289183792855,14.664617839769265,1.7325083603988785
149300477,0.019619075127646914,3.026225006819821,9.050675169386887,0.5693432251357899
149297726,0.009206060073549736,1.539283883988323,3.236520006896873,1.7006976432617358
149297578,0.011232847031929543,1.859300855728292,13.915714512357292,3.8212872010601826
149297582,0.01231769485890217,1.964471818106543,12.798030077603215,2.860369325779988
149297583,0.011203078538502134,1.6866325162446019,14.302110658050495,4.599687958278973
149297584,0.011116927582576838,1.95112481857089,8.98265464195032,3.5275625310949463
149297585,0.012087905008611581,1.950539880736153,12.76190958310927,4.3087429924539675
149297586,0.011596734443858416,1.6412904725071005,16.661289820823725,7.6465977984391
149292254,0.01872532261685607,1.7769596317120324,8.342490445008105,
149292255,0.01776584139651288,2.1720079315480723,26.244598728361428,
149292256,0.018901850514825385,1.9757396600575738,14.315426209935037,
149292257,0.016506578193029177,1.8715675716784148,4.343175870379895,
149292258,0.017212343771598283,1.8729625490054853,7.39954002999123,
149292259,0.01765815877105144,2.202433244389062,25.85857395497009,
149292260,0.01881221708847792,1.7720583622040704,13.576617409223598,
149292261,0.017369110261494056,1.8970865939195265,6.628839435196047,
149292262,0.018603451508671966,1.771241143283757,8.00960070096177,
149292263,0.01677091497697969,1.9025023119941746,13.051501037805174,
149308392,0.01636342542717604,2.16191339753639,14.510726013653553,2.8890013057090735
149308397,0.01291479105333457,2.221896231053644,13.03109855923561,6.664404985141118
149308398,0.014236006097629544,2.1789532551365545,20.342054784512747,4.631616522593429
149308399,0.015678813604205553,1.979591456627148,12.339618028066079,5.672666143826162
149308400,0.014356865658701666,2.1971374764234826,12.177662109557374,5.420033864863225
149308401,0.01180607651540869,2.143647767606776,12.949675487269616,3.218605049509751
149306599,0.021130614582378436,1.8887559645723633,7.432773546561882,2.4067298918642686
149306600,0.021760440426707488,1.8600441961329444,9.454377938689616,1.8624663770216048
149306898,0.007731296627300594,1.872186503620504,0.570195325041286,0.0050279992335124785
149306900,0.007729985980205023,1.914005330812757,3.322352967017968,0.6394100524894559
149306901,0.007731893157305672,1.914640131791114,3.3039190237627993,0.6342012323257155
149306902,0.009515063139647895,1.964767331006332,2.5317090410910046,0.04379956903201459
149306903,0.009513288832330298,1.7260556987959104,1.0377687386378482,0.01890847231854151
149306904,0.009383165623324823,1.8477339248215872,2.27109440674645,0.02984229175392534
149306906,0.009927828545579482,1.6815850024220278,0.5867262780777236,0.006324434584009095
149306907,0.009531147351742028,1.973852117388196,2.4305358559206507,0.06038939686179147
149306678,0.015017703581721555,1.7742282211789397,10.8491548947671,1.3114306416969284
149306679,0.015304239467705101,1.8883214382016524,3.9279706963205374,1.221044264150841
149306680,0.015201923992277398,1.786912954120475,10.809758130442493,1.4328982557504608
149306681,0.016905263686059466,1.9440293076976471,5.983671423698477,0.95913959757181
149306682,0.014775118622181017,2.1708730340591793,10.809870177174812,3.3304995313574746
149306683,0.01535760202724385,1.7895495927830856,11.365849834884726,2.6326675314353394
149306684,0.015408937935617099,1.8056789115772192,12.833170678419398,2.8130187466783396
149306685,0.0162509881737604,1.8955250968309305,5.932517056537028,2.7390344015747554
149306686,0.015830033646423085,1.8374559254576301,11.223070423276676,3.3461267232412193
149306687,0.017023535292776476,1.937881626712613,5.949058672614351,0.9347958775251026
149307254,0.014924869709483276,1.6837412519453316,2.2125467055494052,1.6284834211987023
149307255,0.015234754234057986,1.799300787015955,2.2258656484070767,1.6635795771562207
149307256,0.01280734877811377,1.7233227232731596,5.816736852514256,4.115163698962394
149307257,0.012999430296528877,1.603254592607319,5.193242587005001,3.829005687893631
149307258,0.013268780456433569,1.5063580915542434,2.380534313663852,0.033355333070116476
149307259,0.014369504262677054,2.330247034645412,2.3027561503387712,0.23766941568879857
149298497,0.016022950749084237,2.2435399378503504,4.950257375255706,7.29080653399229
149298498,0.011457188481988166,2.529785953081741,5.3976479784116735,8.635053199044366
149307817,0.024822151273279355,3.6076803052902715,24.110512433026322,2.467558319247652
149307818,0.023174780984105085,3.9762840782326645,28.50381225096812,3.6178300079977332
149307822,0.02312875176015033,3.9748762193899942,28.293618898650017,3.2841499169391946
149307823,0.023870994208417002,3.9486720423932695,29.56594086020682,7.818248750408338
149307825,0.025378565241739988,3.4683613462454725,25.69357080162238,3.204659637629353
149307826,0.023937080653914505,3.8751228425529347,29.532304385088413,8.537391934514881
149297702,0.01643092966719073,1.0067870503113554,2.4352706601849805,1.988177714784631
149297465,0.01785084145408019,2.579574059478527,3.020637908737562,0.5869464402376456
149297466,0.028329473578466467,3.4340652315149347,20.922418281285953,6.612947829926015
149297494,0.013667172538623335,2.176660238666545,14.326150567321555,11.51253347107709
149297497,0.013771174558825849,2.078633679848719,9.42445536643049,10.089116569742881
149297498,0.013763615786595948,2.179388401555976,16.664564440725073,10.02993028785137
149297500,0.013437110844313104,1.8777372194790558,6.720312425319004,4.90699637156721
149297501,0.013548801145354358,2.336921802755298,13.389988897686106,11.60793571872411
149297502,0.015097065999739862,2.249909124061231,13.986454200676498,16.653909267967762
149297503,0.010859421896437052,2.1963774933930336,17.761794582005468,14.794369579184387
149292712,0.015052908111612471,2.722013072595989,6.942130313809415,
149292465,0.012071902637413845,2.060477797114358,10.798855325855872,2.942360828439802
149292467,0.011382219504360889,1.5356810567657981,2.2778393208726726,0.5291847370383601
149292468,0.012070917243753525,2.0637295020844277,10.667784607036925,2.9698071365970513
149292469,0.011171817279769337,1.5958306576928154,2.8849152902260977,3.2971789439315575
149292470,0.012465180754421762,2.141722704396129,4.846258887804934,4.401687691227343
149292471,0.01171365969231117,1.851029538367102,6.398118337216065,7.740321007583315
149292472,0.011404016760864354,1.9371203561162311,8.947728641582122,11.277387765068516
149292473,0.010917601650673396,1.741558696528095,3.4701435447695044,5.0602679566050135
149292474,0.01123314940040386,1.6702295082547902,1.6890563883330376,0.7249911373516316
149299328,0.009576016302417757,1.699803034103711,37.066100590354246,
149299329,0.009338985533651756,2.4888705253548067,39.58143824537112,
149299797,0.008840043293978746,2.509275137293135,40.45238656317532,12.994678851306361
149299798,0.007820937529407448,2.294804775372712,5.157454778402138,3.0364674608519064
149299800,0.007944507002650383,2.3040225515657573,5.346138822831511,3.0013463657191974
149299801,0.007398562161465417,2.557443331730553,5.973661833683622,3.4419366462573726
149299802,0.007430499515846113,2.5648975543478456,5.839599848973698,3.2415927085112815
149299803,0.007431129546767442,2.527891662492104,4.955844792178847,2.806670903540819
149299804,0.0074407009008686945,2.5234078491928646,5.167820671624244,2.9892696167461574
149299805,0.007795456592608976,2.5426419381632037,31.291501001012644,1.1942355341946909
149299806,0.007824744447330442,2.5687049816514325,31.923570070141885,0.9812677845709047
149292626,0.03427210339149094,2.3645285235482065,10.145976994596358,11.280485947825321
149292627,0.03164512758993573,3.0654300011213134,14.043131574347505,15.48382894900687
149292628,0.03429033361192576,3.0102713644116585,10.587808175168526,13.206928848008115
149292629,0.034297982935659097,3.0044233270757883,10.538586658700767,13.194349680515854
149292630,0.03226486804877406,3.381376531665216,11.450383709663598,14.805539610725958
149292631,0.034309135211102584,2.443087792389791,9.944448305027457,11.17166780102144
149292632,0.03510266453968453,2.9399452794751952,11.090936790918018,12.238453597567828
149292633,0.031611022973926386,3.059125407940846,14.188828852239144,15.471393317419533
149292634,0.03656490205316964,3.4656617570674304,7.6951500273757505,10.391101358746518
149292635,0.035062177772370536,2.939556626419908,11.138094334432871,12.309300432281388
149292435,0.023046865606498428,3.212067339210015,7.628966789517625,9.830536430715146
149292436,0.022930179057038494,3.21308278046514,7.632660854395081,9.814677869606447
149292437,0.022171957867977026,3.0794292144250592,10.153571250936073,17.302491393029136
149292438,0.023576995884867235,3.378250658755199,11.359396886617882,11.039545383466963
149292439,0.02242594611825379,2.7636309769316676,11.889717258915384,19.747532482472693
149292440,0.022523339462150998,2.737169671250481,12.119715451381888,20.14469247918272
149292441,0.023335466397818316,3.024337749681874,5.939657293466683,9.728399347986157
149292442,0.02224812856284834,3.0650593320656516,8.044694627488292,12.811295508538407
149292443,0.023261379555362335,3.0265036418468245,5.941994422887019,9.756498721394426
149292444,0.021837079523230142,3.290197221668766,6.0298552307343645,9.089003204837802
149298449,0.01634856987362335,3.2619052469133827,54.5567881008962,16.560508961027182
149298452,0.0166882296859026,3.0106207954256563,46.13856319416629,13.47995731953579
149298453,0.01785786862155017,2.85266967674834,29.88522368632172,17.806551157068917
149298454,0.01708359670524422,3.1092470856947645,51.21676399132633,15.748396698887793
149298455,0.01949918440518465,3.171200941236279,27.398821568108385,15.882600733355401
149298456,0.015325586206677271,2.7874402874095066,12.714195281058304,5.263518013034872
149298457,0.01613679344148284,3.1135142217928418,59.278229301897746,14.757966872646337
149298458,0.017143011577925204,3.2330737906622913,51.95762443259342,15.896003955992164
149298695,0.01983829264404907,2.267538895382951,6.340677399185226,5.162693055671858
149298695,0.021012565987008697,2.5566386451656435,70.38869839460739,4.252697839749762
149292224,0.013215967609668314,1.477417021803135,3.8770013242324532,
149292225,0.013836455257700997,1.3758466911038398,26.110359747601603,
149292226,0.013008200459958074,1.5925247135980942,9.349893112782684,
149292227,0.013445484175491329,1.595240523173962,9.809954721401226,
149292228,0.012916600927135544,1.9685717989724947,7.6972184795585346,
149292229,0.014588921634984927,1.7097320691806905,5.162885492188751,
149292231,0.014747400296150244,1.633325439215914,37.498706747909544,
149292232,0.01276742767717503,1.924597654217537,2.565161736270392,
149292233,0.013194693674897073,2.017982038295017,8.367817859104903,
149292366,0.021065594881913657,2.313042352857292,6.729374406778199,3.396955958363077
149292367,0.02089354133395985,2.3745018648537974,4.545552004968381,2.8944190848089075
149292368,0.021155218073062733,2.4273202805944254,8.454831173341901,2.1683763568027397
149292369,0.018589007953464628,1.8667273906401451,5.029029139668498,6.726242695274901
149292370,0.02124799118032541,2.398747917389973,4.433604621138697,1.7049544182773722
149292371,0.019197191528885504,1.7663961357808742,6.885782978926288,5.029310717209232
149292372,0.017380877440450925,1.7218159269059354,7.363553613715106,2.4002413254338557
149292373,0.018012382837577483,1.6258428573836219,8.955690661022116,3.24573096906189
149292374,0.019067641951965694,2.4528855718198543,11.82786495873472,4.343848456209898
149292375,0.018579573593983486,1.8564813764787949,6.746419676290374,6.036803061448109
149292357,0.023610292597491533,1.7855954367566613,3.7031355681562683,1.5521490319169797
149292359,0.023408154868353473,1.9673581197504493,5.877670710581049,4.397276820801361
149292360,0.022176535002466295,1.920905536482186,2.724551424810445,1.949086158074145
149292361,0.020859392390524745,2.28421433401481,5.70851331089555,1.7579928137348524
149292362,0.021277969386254713,2.239342750282355,4.832076779909638,2.91460832259384
149292364,0.023804439253820923,2.116865686355334,5.335665967884503,4.849158106782753
149292365,0.023477199308335875,1.996863458959719,3.9772193176755155,3.6661089919462366
149292415,0.025705304971663047,2.708030795342395,30.576260859872487,15.393548784166324
149292417,0.024404266072372838,2.3664595950514973,13.388721338541563,2.8254740500331366
149292418,0.026447672383616797,3.021530415349593,14.565061803977446,7.197318096910577
149292419,0.025753044885034906,2.542048352363906,31.84149540929766,16.969291082144213
149292420,0.02364608799294564,2.1485932426365615,19.159707510453597,8.625304306476098
149292421,0.025755485885575975,3.0140202873637634,7.712197468526449,5.862114817208608
149292422,0.025294064606447092,2.350546498325945,23.461723893409552,12.430655081618264
149292423,0.02443943416407092,3.111595958204756,4.7237460888908185,6.222994725231585
149292424,0.023452730633538428,2.501962506028168,19.80524946822066,9.276171644442735
149309080,0.03154781262506594,2.458871691774771,18.81710500505392,6.4490731274554545
149309081,0.03303569096053114,2.648131780076474,17.537025649607926,10.757163210916339
149309082,0.030459991054700788,2.39621574479522,26.06362456547291,28.117192894724614
149309083,0.032128736501630326,2.552158222393964,18.685780920430396,6.58929464553743
149309084,0.032852305817518634,2.6234726062628027,18.23027796781621,9.678046599422862
149309085,0.02816809454756182,2.7067720596438902,8.311003269005054,6.97706800949406
149309086,0.03250536761358318,2.4383298586184257,18.825498329685107,6.698244737751314
149309087,0.03166927613812872,2.4333888395750805,18.83081686808833,7.295076595239391
149309088,0.027128413905160333,2.850935674919826,9.721661900019281,7.288127196291508
149309089,0.030915728414054162,2.491283011219959,18.88634046095765,10.24997395344543
149297331,0.020302669269853784,3.1902130578702073,8.768768439647348,1.9481619095919032
149297332,0.01992620037801428,3.2668180696838336,7.76641250699929,2.666238285400739
149297333,0.020063281710188712,3.238379180767271,10.947423605406186,1.9711091305237247
149297335,0.017971500932183408,3.2350178099408367,23.756257387081106,6.629281450903814
149297336,0.01672534520628922,3.2758199376887593,25.31120451101683,3.37480278695856
149297337,0.016497634635519075,3.195920287331031,11.384207881792467,2.640953782796555
149297338,0.01584459605485405,3.1544655973417974,10.293451824539133,3.221182967639889
149297339,0.01735543797446911,3.424074053623604,14.05825883378384,3.166662560270915
149297340,0.018486352819331545,3.4177120022448553,15.83856261591141,3.107303202923013
149297858,0.02279581063704731,2.167697270177421,5.769244957861631,1.4586816231232609
149297858,0.023528156698620534,2.357494298774241,66.08283231251099,5.594496890409781
149297859,0.02058786201707648,2.5374185567414944,72.22746145720419,8.694263576251597
149297859,0.020877927678778507,2.495480775907606,79.67987552384635,9.554634530999257
149297860,0.01984257497340655,2.3954391894433336,57.20601721977704,5.849404904458081
149297860,0.020059858198166802,2.380883822570598,67.48936341891388,7.555290464305783
149297861,0.019967260672721948,2.200261484632772,73.18595805429017,5.000055619980575
149297861,0.021197452408106183,2.459801858475108,94.87161951741757,11.014240486632534
149297862,0.024330071267872646,2.1927876900372842,82.07013002477416,2.168962253224486
149297862,0.023434641355198974,2.174118034315658,107.03641723272656,4.715979710467162
149299501,0.030285721790546945,1.7977236699007053,3.850127807987303,3.0829330279426115
149299504,0.030253874091807735,1.7926035365634314,3.9037378340225724,3.069809655889977
149309258,0.01714167653403604,1.5773834805145717,9.940984271316404,0.41246597997548046
149309260,0.017966139693985105,1.5084240867396876,8.444741845751876,0.7156921366644192
149309261,0.011169663981678507,1.833512189605982,4.120888733159295,2.663208278340483
149307048,0.02329770640056679,1.8309100576040538,1.7159411794962802,0.44002582875059687
149307049,0.023527704997623303,1.8514850292419343,2.093069639474973,0.41169332759346383
149307050,0.023460681442934363,1.9827074396195916,3.324876499086869,2.098281030721727
149307051,0.023447442779281853,1.9816613479878868,3.274979801136018,2.078060013196212
149307052,0.019008000500286115,1.5965940205248905,3.8279910982875465,2.2310603373281483
149307053,0.018957370828794097,1.3901231919775783,4.307882637947616,3.246775718510218
149307054,0.01879066451545487,1.5085654302362381,2.828644315063202,1.7925897926962913
149294003,0.012548067936465408,2.112247056922921,5.082442843175277,
149294004,0.014526524819141868,1.8052162989742446,8.569265029774101,
149294005,0.014470043504938543,2.0874266305055156,4.868936512803837,
149294006,0.013916600365617933,1.830121656676117,8.01327086520329,
149292792,0.014642191747589286,2.3151823947319703,14.584631688110264,
149299871,0.024590718977203864,3.0452084487670597,21.102714623176784,7.605224415249466
149299872,0.024385174701583235,3.033776612070405,21.182836043453598,7.610497637989367
149299873,0.024670633385988693,3.047764344234732,21.52270828419063,7.957543563972005
149299874,0.024453107979295896,2.9858430688107664,21.04817208945127,7.535943241462404
149299875,0.024408734547838838,3.0211438752616364,21.244804398173322,7.357950738049737
149299876,0.024649684703571945,3.278950887279495,26.40601363572391,9.444457384910276
149299877,0.0242725231484763,2.9962758124601896,20.92422824807227,7.053062696423309
149299878,0.0257086808659542,3.276496622216106,17.549612485265513,3.4992062652083766
149299879,0.02438528986337005,3.0128564211601683,20.90055763850173,7.738276990461827
149299880,0.022036339557735745,3.196875844097321,17.541478959533585,4.714740909283133
149307018,0.020535251560606337,1.7403060263736385,3.351208805548004,1.3305322876291132
149307019,0.02109898931129498,1.7765929671318488,2.9536490566521327,1.161215330009033
149307020,0.020995935338714192,1.8895925911908182,3.412208803690388,1.6299583428289877
149307021,0.020623774618234,1.8971877377913884,3.789613774010634,1.0372364840775077
149307023,0.019314335040162996,1.8253926588181733,3.022847529039643,1.214870346119356
149307024,0.021588835828577336,1.7743359758704642,6.705647833868309,2.1305089663778207
149308009,0.019527899562646757,2.7350108106057522,19.151745454247454,17.668432764022757
149308010,0.019965751937384448,2.4440621357735575,10.028828379291182,11.495143201116706
149308011,0.020201933791297633,2.564367215491321,17.205806173786428,11.288817926007397
149308012,0.020636238566934435,2.765447966521545,22.284086056925155,17.180267659444443
149308013,0.01886103220927551,2.8673207307343644,17.20360107186757,13.523704093753233
149308014,0.01982333372270435,2.6695184054190837,18.800826428367447,18.16972034491166
149308015,0.01948249728772327,2.743708953629033,18.902635345522448,17.32642661435023
149308016,0.01869980751045926,2.665977883756714,19.81713391440398,14.531151780622949
149308017,0.021331949103008462,2.970917392090063,14.56185563128892,15.784571168061788
149308018,0.020643475246862462,2.7842170402145103,20.930542805929335,16.14493478189166
149298748,0.020936722332840427,2.087233988179199,6.531240794304144,8.320085453299747
149298748,0.021135750060539343,2.305614167290586,42.80186585957266,8.219971269461759
149294045,0.011470970477111118,2.056865956652904,27.213287747089307,4.264146347592421
149294046,0.009639743604616016,1.9700409758162858,25.883982045862883,3.8525161243187105
149294047,0.019069062667807907,2.5100957215613438,21.66246468443998,14.946270144730567
149294048,0.018923085435311227,2.3302607547180925,30.382882254305137,17.887780468567488
149294148,0.018276892404089078,2.308259370338655,8.333058362096411,21.30068350654195
149294149,0.015543799955372974,1.7307092966182038,6.769099367722966,4.671484988965079
149294150,0.01588639292931702,1.739587335644838,6.132237427539798,5.881360703114129
149292969,0.039654036839522074,4.318175476777804,12.648755441919727,8.352013349737742
149292970,0.043104036945135135,5.693413100150096,21.330786864027864,22.8820588362342
149293135,0.010579075780227277,1.546654986063926,3.67060098910923,
149293136,0.011284739222038364,1.4095167052441098,4.37063444307472,
149293137,0.009451940308470238,1.473568225646937,4.102677607444062,
149293139,0.008718021412489401,1.5507020657679675,2.897767805736238,
149293140,0.011403045671509402,1.4653976993696383,4.311391436255957,
149293141,0.008778747084205405,1.705412121393319,6.3974564324744945,
149293142,0.01051984273399057,1.4812092519592264,3.7739054971268025,
149293143,0.00859135311362761,1.6107913993990262,3.4641074266042855,
149306815,0.012878396676495365,2.0659727314261596,4.242641608892559,
149306816,0.014398472438474195,1.6520983875675155,3.4691274835860804,
149306817,0.013138670468698009,1.9433020837715134,4.178305682994604,
149306818,0.014320093167218557,1.6587645181387052,3.319617457775791,
149306820,0.014075871781692144,1.4901929648143348,9.370660345314688,
149306821,0.012509351411079124,1.727212403664232,9.5386156430623,
149306822,0.014137951939740349,2.118931403597271,5.016284981624095,
149306823,0.013426326122418489,2.1079085705531795,15.491100535583868,
149306824,0.01412164960184221,2.5462649799490897,19.580942184254226,
149292698,0.010456696964866875,1.4024087290489897,10.783265923694884,
149292700,0.009863597048752412,1.4942854178074934,3.357142967867143,
149292701,0.010055090406263232,1.550748333876017,2.094417993119862,
149292737,0.012704171087984701,2.173794550952572,4.3940877636850235,
149292738,0.014858627455730019,1.8248546148909448,6.275797021059602,
149292739,0.01389733866283208,2.2416678266753807,4.346577288690382,
149293036,0.007493764427849132,1.3129187181624329,4.236518556858827,
149293037,0.00734507575226042,1.2303989226710321,17.12576830757202,
149293038,0.006740985125879106,1.370611734407387,6.668067642159857,
149293039,0.006613628644694813,1.4156482418115635,4.720369732479995,
149293040,0.00653766859366152,1.3974707654522047,6.045885164344046,
149293041,0.006736953222234062,1.2593087625372545,2.678890417496587,
149293042,0.007246238871301853,1.2384286682329029,7.124287632390585,
149293043,0.008122463807880882,1.3774306521271784,4.762796929543071,
149293044,0.008221528053869328,1.6787183358306377,3.200291304271941,
149293045,0.0071736066868898305,1.390061152316831,14.418214242098989,
149309531,0.023619106502411998,2.0812458843899746,15.653049358166044,3.15030297811783
149309533,0.031100615292110258,2.0017448615280724,6.068466389093584,2.588817203946368
149309534,0.028688035252023788,1.872565622799541,23.900248087280826,2.5974721543017907
149309535,0.03420372625132634,1.7010269856710414,13.196392941930473,2.886261156486611
149309536,0.028782909515411504,1.8865674515407533,5.48542202619812,2.5313647274644513
149309538,0.030020280245209845,1.9941990956335747,6.7894598439866005,2.9709486878770686
149309539,0.025590706888802186,1.8473747463635846,17.52370088421465,2.4399258565327298
149309540,0.028829881835754714,1.6749959519337196,5.10715651485705,2.652022910860784
149298400,0.00601434275555154,2.0655745406506623,46.874407872087346,11.812205568393596
149298401,0.006404427305524746,2.0935379636185876,35.50475204952217,12.073030522066949
149298402,0.007673376440892159,2.2606974435979565,14.459474540369468,12.838054549767687
149298403,0.006134172844108887,2.4068183509250862,35.05578370688606,12.356477500347964
149298404,0.004145113428435281,2.3146591236219485,44.87604346109597,18.196049734479743
149300300,0.0231388594296344,3.487253821717583,14.581571278463912,1.680955393273722
149300303,0.023316226231237133,3.592263105866853,15.496903078296784,1.6152435334427167
149300305,0.025746470746491924,3.5471203230543398,17.99936730041968,2.565196321326615
149300308,0.0270688752805242,3.629095962657408,11.742822089353657,1.9031055766054772
149300309,0.025930945034621046,3.8216304323647856,12.142378437152809,1.7120828985219616
149292284,0.020236091594954524,2.159398038105975,17.168954657300073,3.707313398269375
149292285,0.020031831271756655,2.041591044829375,20.824660068237616,2.9256738154111748
149292286,0.013731086285744536,2.1499265354732517,23.760873215039602,4.2625735320471705
149292287,0.019400722280120727,1.5302540567500518,18.33115097362521,1.4330386082734934
149292288,0.017568760074733767,1.7483795380554488,28.844900452123877,1.7771291825255724
149292290,0.013452413717155437,1.7112762488387343,17.100621226996495,2.0817403100638767
149292291,0.013030040240783438,1.7071814564284478,16.491512617122353,1.7600415839513674
149292293,0.01781599651366714,2.0321327499624178,17.654409751341497,3.1588039706186053
149292445,0.03117680004707185,2.7546951823390775,9.555373291474377,4.965324640010271
149292446,0.03077482754020923,2.247543605737298,10.685131668000814,5.585880295679415
149292447,0.02809911559836992,2.811018938572135,11.914069875640859,5.010895548892257
149292448,0.031495381808770546,2.1648717965865845,11.229555937242825,1.66764736434076
149292449,0.028037886001799444,2.6968643242117043,7.470904994084093,4.411654273238111
149292450,0.028402236678228204,2.6359027256427523,8.625065798726528,2.9292322594885234
149292451,0.031186798596194727,2.082818702029325,14.235892896115375,0.8963991416060492
149292452,0.029725269715351763,2.491651100334824,14.893158839484686,1.1930581715452138
149292453,0.032034649888047356,2.2210035043363368,11.52596003821635,1.1946182851968599
149292454,0.029500011843108836,2.538685225789612,7.727245441164681,1.788590956142131
149307358,0.010296611884856772,2.192992288028092,2.666892554568217,0.79408933369762
149307359,0.01027355098077305,2.195526273160659,2.703966197201089,0.8112043890370653
149307360,0.009607713145017054,2.564718619415335,4.74113204920347,0.8049969721018252
149307361,0.009608861220963716,2.5649109278218405,4.802384424748719,0.8039464778846792
149308340,0.028221520338685933,2.662843778228579,20.81668141991315,1.5082499085209604
149308341,0.02825610822072194,2.6646626784128813,20.975265032206945,1.4797716266740106
149309730,0.03604009606843159,3.1981731287991293,0.000276667410564282,0.0003269268879377111
149308346,0.029836248593993208,2.311355805984161,33.69713563673616,11.485044056759252
149307378,0.012903146665023919,0.9399440056299155,4.502775164886084,0.8206229287049809
149307379,0.012910973649437016,0.9402227709789428,4.5342937060643065,0.8293777049566133
149307382,0.013905500441953319,2.4116056867402054,5.700343550069552,0.7386710970534779
149307383,0.013857205874167089,2.431858030646922,6.297650102016624,0.7362547490459953
149308292,0.02091697477577299,7.016272920631321,7.479984895730635,0.004876159669844537
149299263,0.014747326013078788,2.1254996943542097,18.588523271566842,0.0007716283515655526
149293410,0.015712125438476728,2.688371984659034,19.44709625767293,1.2295807369925804
149293411,0.01582073540040052,2.5415646365329465,4.362702261424757,1.3422472876208968
149293412,0.015816420339269457,2.539660545708883,4.367215088298406,1.3455190082221173
149293413,0.016160845653861666,2.376307338672341,26.33581418580344,1.3437304731630888
149293414,0.015881025967306076,2.6836035354642056,17.942682663699184,0.5798635266835485
149293415,0.015916109077924966,2.675850683412232,17.302372864638485,0.48499011167427697
149293416,0.016126201152074117,2.3781445166192925,26.598826566161886,1.3900121546242001
149299243,0.013059090007246038,0.9747827751001822,28.993805277250463,0.0004881446455516275
149299922,0.007330494267771522,0.7959951822570888,6.51585366479535,0.00010079084491771299
149299185,0.019245736681798124,2.5025882867879075,0.0005951682352793998,0.00012854932473549928
149299186,0.020550096511425416,2.049935953435678,5.4392725175837935,0.40658642092799274
149298903,0.01894239431064662,2.668860327918996,0.0063861393332788835,0.00789960151918466
149298938,0.018574286322742536,2.718093090118087,5.326581588079103,2.2451725783732526
149298939,0.018192547078780666,2.851531172964023,5.309741821327784,4.8831390335138
149307027,0.014946150768949411,2.083160353282857,3.2232523337040626,0.7247228515385645
149307028,0.013401752170769745,1.6316351122788204,2.828796666370677,0.8435618652249982
149307029,0.009388941096038753,2.196012860469774,2.565795827068813,0.34342420545545105
149307030,0.016661186979268203,1.945314326620076,10.566284781910506,0.9197185749840185
149306440,0.009982174347040903,2.1504750459342876,0.0014752053793544236,0.0009533103245503813
149309342,0.00891701693654479,2.3481491543678517,14.24635194661664,0.5495490457178009
149309346,0.007727172440547013,1.7905222512785397,15.417168651751744,1.5763007735165944
149309347,0.007741182150200866,1.7878886439841912,15.338933861668103,1.587746644948092
149306992,0.013704008919070384,1.7180219020621195,0.0007754716371195547,0.00024159838684077094
149307449,0.014971313946078901,2.193943015120071,9.656563372681825,0.49724621978422806
149307450,0.014336297903253489,1.49990109484854,4.825338431992141,0.792929272458995
149299033,0.019312297480129904,2.064084671829377,4.770009271894883,2.9689339208726784
149294118,0.021035264334808287,3.077812279571579,30.79397387306355,2.0908764002257945
149294120,0.018927014448437137,2.1775169450134277,7.460943003324647,1.2832345360231034
149294122,0.019212358474457722,2.1401216349630063,15.49545840077253,16.935332817953295
149294125,0.019755892036589673,2.018765946243199,6.723891653641274,0.6396657946934426
149294126,0.021164142128048166,3.0055885882474445,8.230299881286573,0.6052809313093749
149294127,0.020212996030452283,1.9800126144903574,4.8132171581711525,0.4262122232930532
149300322,0.03699887961271305,3.017404661100689,10.915648644810771,3.23068399674465
149298124,0.011021142875028972,2.1134613941075266,0.01329432515169911,0.0013705266772616768
149299525,0.007026301836295122,1.5572907881792382,21.67674632239815,1.7489189991582224
149299528,0.005656909636960279,1.6330009498821116,14.578374948297274,1.2696358244961294
149298110,0.01115220178815556,2.414421126931489,0.021115834973682586,0.0023140401280456854
149298111,0.011162187291569894,1.88937880745932,0.006852951593747267,0.0010503275039485827
149297961,0.01598766387724062,2.917476491074077,8.950346128786933,1.4200048851669953
149297966,0.016137720753808142,2.6744894451226413,19.429002435012922,1.038575775428417
149297258,0.016633798369636153,2.7200115892683234,8.963736980265534,2.08071012935713
149297260,0.017925770649087947,3.3243109356415954,27.782131532940614,1.713616881074601
149297262,0.01650090798587497,2.7980600917698295,9.407536095270808,2.0998059800044486
149309000,0.015345935628839047,2.4457255493231544,20.4233907104618,13.957604032034176
149306587,0.025119003251558542,3.0887479572108036,7.833104250204177,0.6822838530008891
149306588,0.01892926951630354,2.515459120147189,7.608042855660627,1.7144706734859578
149298270,0.010498400353232459,2.2663396116716923,8.462308735780011,4.843070315690612
149298966,0.018700892684503003,2.713779898003405,12.182102070666177,4.95727576636851
149298967,0.018717020569599403,2.728175475439176,12.312673582614538,4.974417741472925
149298968,0.02040020172427742,1.7776251803236525,10.539847786787616,3.105808989586652
149298969,0.020416153137938084,1.7799815539218082,10.870307318377181,3.13780099069237
149308517,0.01746974603866998,1.7378960936334866,19.20707318743723,1.5639291394146324
149308875,0.016982966536398292,2.0771771178821927,34.313365665916415,1.549974429441053
149308877,0.01875734151990242,2.4281746433565563,8.176199388183546,0.25835728268328595
149308880,0.022147253883847362,2.391380143488433,20.23022947733718,0.3107349367532554
149308881,0.019815514946337716,2.5959070115616525,6.202780169883886,0.6136672301575292
149308882,0.022131706246593587,2.3894507376459098,19.502847521455745,0.39674320526024676
149308883,0.016004332719930677,2.1518541481391145,9.656764566135315,0.642856850108614
149308884,0.014376882166287696,2.841015253461025,24.40494461625056,0.7153352566268016
149308885,0.01612368204260767,2.2913086369210114,16.512851359773975,0.6482478637905602
149308886,0.014002102043264507,2.6815716228890834,31.379879969684747,1.0539967605867293
149308890,0.018496380616476966,2.1893230151561527,18.673469059440514,0.44460340373486545
149306444,0.00660993370822048,1.046887929439225,1.6161285027759056,1.0827246431540969
149306446,0.00664118129897485,1.2733012594541901,0.13795208694095887,0.0004619024595860731
149309292,0.005525354373870081,1.1373371336618694,2.1695208060107647,0.8800363728610046
149309293,0.00714294793290449,1.7497123883939725,1.668978644365794,0.6814083807288183
149309294,0.007218834714287683,1.6529761774002751,2.1914739398133576,0.5434022197393615
149292685,0.05724056879322167,4.138747174381247,10.425044898995255,6.357626131890644
149292686,0.05742641369222245,4.333016217397828,12.89233863099917,8.307149964322685
149292687,0.05385256674352443,3.1082333292321005,24.238248072461634,20.658904911026024
149293945,0.01852756215481685,3.7437913514217414,31.743056334708154,8.869191267602133
149293946,0.017364529683962005,3.1546853557754786,15.588304139698636,10.215678441035594
149293948,0.014678693332221814,3.213569561517921,21.56343042211111,7.401830176280249
149293949,0.017111130833948062,3.595384926922097,8.175549130207832,4.703004735312519
149293950,0.017488808075574593,4.090759478837869,22.04438079420787,7.768537685038457
149293952,0.015448777886934719,3.188417119962611,20.13680598402387,3.871079484473783
149293954,0.01844467845285139,3.0959277810983674,14.463703026067037,7.5862813924556205
149298415,0.008106046481317119,3.541860627360144,23.27942133119102,10.779368635583618
149298416,0.00809715497755685,3.57224531191324,24.886640077870407,11.406009153754653
149297257,0.014419056378167634,2.9002345445264006,5.193690502609211,1.3401386461945057
149298469,0.0108594199739298,3.497916096333394,27.138415461973054,10.002185858722298
149298470,0.010968666999675006,3.508858158329394,27.895758947695427,10.434345582862699
149297997,0.015680907174993968,2.8408261530129395,11.925932641240909,1.5410666932181931
149298001,0.015196276498080244,2.2029372262434253,3.209384874474364,1.978440277183255
149300297,0.018428508355767797,2.375777833412394,12.137426402575878,0.22052525498183218
149293765,0.011032227002806873,1.7748019697871786,1.0811902201007013,1.1020297761235875
149309040,0.01852090802348266,2.3177861726378577,16.855810934597887,3.2856563835177517
149309041,0.01846171165540872,2.3153286189420483,16.523962980959638,3.2696606206895313
149309042,0.019154950541081815,2.390670335213888,6.6595562214534985,3.6094401395271403
149309043,0.01898321973839318,2.3931521216443583,6.76957731868309,3.5873062894163197
149309044,0.012929780552931624,2.0567925151173876,17.87985329264963,2.7584997223559697
149309045,0.012951258204080116,2.04868956527507,18.047730565157735,2.672229614192976
149299112,0.018274744413707092,2.1082296692015476,7.6048859575146945,1.3638249657801176
149299025,0.017728524477038942,1.951094075600957,2.970432653926762,1.9532921384955506
149299026,0.018327375787498122,2.115863131443367,4.425294644278029,1.9751995763507206
149298355,0.008594835940738371,2.0017841045013185,40.22847602486044,10.298782787443917
149298356,0.009795317015560679,2.9422626923822435,28.19841547779821,11.281345545852805
149307735,0.022109558315167675,2.954993355839606,3.870779545121581,1.2717808724317128
149299987,0.01446027461089813,3.0047534024729408,1.3130569443518023,0.4757572201673108
149298485,0.02918597052331651,2.663187526000911,3.9724611907198097,1.5002501300979292
149298487,0.029314591424482457,2.6238155248674984,4.824666891448315,2.653141453505279
149298488,0.02935687322657448,2.6207102691434914,4.822833834616313,2.6254280027974977
149298489,0.028026688047709584,2.484228816118899,5.957208506958316,4.889469220306156
149298491,0.027856509827794793,2.436675912511058,4.507870915698526,1.3939117547375095
149299481,0.026500908765108383,2.3157401167853275,10.559649618170752,11.184180090495445
149299482,0.026602337396831363,2.3406781221168456,10.63963715764629,11.174039123450406
149293051,0.012022098278527106,1.8751345973639277,4.082411680659493,3.0594639500962297
149293052,0.012075329952873687,1.8850184325867532,4.099454249369278,3.078343898305711
149298214,0.013896966075595287,2.1114170572818387,8.935802831654673,0.5073671250132192
149298420,0.015841556550973152,2.9383994321098097,16.271425180285267,9.535357070748704
149298421,0.015872604479522632,2.9218518138198037,16.551749436483146,9.736734969590529
149298422,0.019851713834146804,2.3333278953910126,30.22330957798497,17.01122908051786
149298423,0.01972369708111469,2.344607704114031,30.094515437953294,16.993823146384724
149297467,0.022873465862822233,2.236072703746197,1.0430989388459957,0.00520004938391793
149299759,0.01817864292319276,1.8744206255645781,4.84711523083522,1.4910642641091199
149291893,0.007603665530555172,2.1136802836269255,12.315615745062335,1.5252794137384298
149291896,0.006285503216168737,1.8829397221705018,36.468853595869184,1.2248064001884684
149298292,0.0084798794676286,1.7265041531187668,3.7275718126155666,2.96400208655424
149298293,0.00796517427757951,1.6183645900182808,5.037341860873027,2.791647825573352
149298294,0.008404931105711685,1.7933630899026607,3.8110571436689136,2.6323132477312052
149298295,0.008472145053107224,0.8781880990803655,30.08675513959925,0.9371626706780803
149300131,0.017962213483384695,2.3335499827976918,11.245712097781752,4.613603420907408
149300131,0.01994412786934383,2.8416495930846644,65.81374536877406,6.123301943024446
149297857,0.016480998272611957,3.06285402586241,8.070980137906373,4.2252921895973286
149309028,0.017413335675366272,2.0694767595194867,6.656742335686977,3.164429249610149
149309029,0.017235049805468167,1.9862836610810748,4.241953692218282,2.7251003608791917
149309030,0.017544043376119985,1.9618748740890724,3.545629681021666,2.4023760200662143
149309031,0.015611259194217218,1.6376109241489982,6.133139775938139,2.2374415840706527
149309032,0.018663278143892622,1.5586516545671043,4.310510901544684,1.7079690811093466
149309033,0.02285527832937388,1.6029224762212797,9.166829471066738,1.61177797226885
149309034,0.01646904381782522,2.230317992430336,12.545559957134195,1.1170789921954163
149309035,0.02190212349563545,1.5833305848621892,12.069086700763604,1.0727703518166938
149309036,0.02127110457232882,1.7202516190651982,11.29320633277131,0.800085060099732
149309037,0.017272881578930067,2.1508806632839055,2.790058063457939,1.8174985118446638
149297775,0.013178391289146236,2.3912182494189373,4.072879376100719,3.159684925285919
149306131,0.02129716649410112,1.9868237574088978,5.134571820602657,1.9138891583362692
149306132,0.020910956943049078,2.3269935435950724,4.8409085699239585,2.0422493250172518
149309232,0.021622437891038286,2.373581544610318,4.97700627324283,2.2793522820402106
149309237,0.020546625842896928,2.744534262262557,7.151231580719059,2.404550793255948
149309238,0.021001893000054686,2.9617560300617627,18.57414370391984,2.711064687046397
149309239,0.021675407337247207,2.04394157749487,21.59205933223893,23.94514438855691
149294286,0.03773062958385892,3.9028081424089023,12.577076162934185,1.3442631744389202
149294289,0.03790800838953514,3.883689751423577,19.18680820101162,2.2376641651934057
149294290,0.03782858905936401,4.136822245477268,14.687797728024012,2.2258493767844283
149294291,0.03839609269286503,3.304415955118798,9.011106994569039,2.34561414419197
149294292,0.033629320521098585,4.135545043536686,10.454752862916664,0.2714179993802675
149294294,0.03807234126804186,3.326923176756281,8.578816527928902,2.6782500294846767
149294295,0.03875655110332648,4.067286321441935,17.607433438766527,13.849486707412668
149293485,0.03848940410149055,4.237710302865014,20.896064138836586,1.7751400658598935
149293486,0.03758504241446773,4.012227153746285,20.9164950067894,8.11686273057467
149293487,0.03786195149690643,4.410372517515378,13.734186774828398,0.4893962718705568
149293488,0.03886958044709937,3.392375407811972,10.088983232277974,1.0222346728952767
149293489,0.03833779797261792,4.188501758542426,18.299884495172375,4.0901963374510215
149293490,0.03931009391506401,3.48236813410333,16.506716781326208,2.5510178771553953
149293491,0.03739338204817435,4.459084437266449,16.323652165001874,1.3920237333145637
149293492,0.03910304295118834,3.4202534663130644,9.922732193426414,0.8847170225999554
149293493,0.03793430878898911,4.71548772748742,21.511671383933198,2.8800085930952766
149293494,0.04087548938838433,3.5182200149232554,10.499201092302975,2.019036980542121
149300376,0.01699819252469821,2.3580373318203387,9.354017396473399,2.49949593070509
149300298,0.0203035618454221,2.4441905530950367,17.226836477751384,4.159628961632751
149300299,0.023291334579646234,2.4268115431413877,16.872267959301855,3.740380349360423
149299633,0.023006481520408868,2.330025845985213,6.379178823508998,6.142966198928141
149299635,0.020699727167561858,2.6127072135352543,6.40071858414648,8.823171152915629
149299637,0.021476265015556308,2.423870476425409,4.800423949820195,5.9006767974056675
149299638,0.022834113344049774,2.2811462354763243,5.409918624611734,4.663756565941456
149299639,0.022093702717593387,2.3369417701511455,5.475400342933343,4.9457544555096655
149300093,0.02150586947048053,3.1263004118262856,1.7274293213054692,1.3665030972962897
149300094,0.021945456021741763,3.1906805505314613,4.815516334183771,1.6745732881331
149300095,0.022015035188035437,3.1929494624685217,4.862246072985308,1.676837221448239
149300096,0.022274186310636587,3.332154147024084,16.647928097805757,2.2625473554217
149300097,0.021537590597586587,3.0221837174876067,9.983845635198815,8.675531340619457
149300098,0.021801644352811365,3.048858862033754,3.5173728334905237,1.4640536178518984
149291704,0.015143599940374614,1.3087830635772864,7.840622218586172,2.082928439715474
149292399,0.027524193821234656,3.1706569677694296,6.297998581890826,2.1613627933178665
149292400,0.027527660574758618,3.1766292605107593,6.243422055559606,2.2029840653489843
149292401,0.02246677420538021,2.932991618392887,9.78312791575936,3.4393508177680294
149292402,0.02242970286682335,2.921841348178017,9.641630212247403,3.3968215780357363
149292403,0.02712118774193743,3.1064363935958337,6.165023000100328,1.7316603230519123
149306813,0.015135677744647875,2.1483092121685434,4.19958425337474,1.107593625935813
149306814,0.0148609363220787,2.1539871434352693,3.6701636993677393,1.44021979629098
149292762,0.01412127327603697,2.3091157751391913,17.96799479725119,1.1166267943523702
149292766,0.013875848558161593,2.30710434197814,11.610754677456358,0.640418028863066
149292767,0.013880564162457563,2.411352555157387,9.4218203757613,1.157665167589976
149292768,0.013981548582490904,2.3388321655663393,6.956840054796111,1.3519773978749443
149292769,0.014027641727429223,2.3752357274683122,9.607028048608074,0.8647900869384654
149292770,0.014146644231233982,2.185804063217306,7.671828884240848,0.06808363047468065
149292771,0.01354025522797806,2.4756575319007537,13.711028790315288,1.5074575476914756
149299642,0.021344253962089898,2.1477238115471344,10.93784206570108,8.877904648339603
149299643,0.020889131517796766,2.4487052833833878,11.411359208995533,9.0325360595225
149299644,0.0213789247636819,2.3034038985341,6.1426439539217,5.427013824516973
149299645,0.021361284247674032,2.302485574727958,5.8392620245578355,5.316883412947987
149299646,0.020913162310511827,2.4433655621809693,5.596799927334273,4.84411098096767
149307457,0.021828467610858427,1.837772636040227,4.282662380885759,0.4112732988671774
149307459,0.021840524555596007,1.8312455931795257,4.184839000668927,0.38499894432526977
149307461,0.022482232720287047,2.16297829981549,9.075639454603582,0.28323353181983846
149307464,0.02184779865120246,1.8350762017282796,4.174284904201393,0.355904144016783
149307465,0.021801400905448125,1.8397920539993666,4.345492570077327,0.44808499979846284
149307466,0.022446071616946665,2.169784262910368,9.032575060400028,0.30276972228428406
149307837,0.014715937637265492,2.784491216400925,7.0304333743515794,1.35548748015369
149307838,0.01587896348784804,2.86855880597378,7.966336744348036,3.8252020988232402
149307841,0.015856503956087772,2.8856720171179826,8.017820536591948,3.962787032562686
149307868,0.01559501515676613,2.7663183876529907,8.471708465468405,1.879754399561358
149307869,0.016076011743158092,2.814997024072069,9.513192398574724,0.9742318374110365
149307870,0.01691837454895236,2.795557996574159,7.067523513726557,4.137559572815937
149307871,0.01651573316231161,2.847334014307819,9.229203847292453,4.13875689872842
149307872,0.015980022041622088,2.519076547170777,4.243869344076538,1.2774708936328985
149307873,0.017004148090093405,2.8228451613185763,7.790866832028637,4.370329580409668
149307874,0.01604924111470429,2.7707021927745337,10.031481048405187,1.7763913795132193
149307875,0.017223825006828432,2.8795493945419506,13.04356526273263,6.596097880722477
149292655,0.025913377557733094,2.9409436492168135,7.807926076378487,5.088118306515262
149292659,0.02695422092655706,2.8543229604702423,3.590105417484054,1.796471050903887
149292660,0.02698484914651928,2.854362702094884,3.5727309091798114,1.7985163234441481
149292661,0.025872946696996826,2.946581591479251,7.890918497974768,5.16261158355193
149292662,0.03010113930933154,2.9936227737009578,19.163491066289733,2.830923647517049
149292663,0.026189757485788712,3.0124001584419777,12.778126259758288,2.3286678921781796
149300102,0.03545261264663534,2.458376603388985,5.9899751859700165,3.365247811005492
149300102,0.03529429630263114,2.570058824278757,71.18259113119183,18.354840604249624
149300103,0.03526835276905609,2.940320630883027,70.3416830019219,7.804174741030584
149300103,0.034999473985587906,2.7964860820199897,63.619723994688464,9.56615954656948
149300104,0.024647830562849724,3.468442402567231,86.50797191615061,30.580094254872787
149300104,0.02446359749958651,3.397166631710655,82.43405303108817,9.535597659493952
149300105,0.029357091215513914,3.61562513649633,54.719214562088226,12.219424276611186
149300105,0.028641984608626762,3.3006466164992543,41.3734064661719,7.264248726708284
149300106,0.03470687973538063,2.537090892769518,85.69922276621625,22.728554437429747
149300106,0.03662581231923714,2.8794214406354963,67.690732385004,20.557889559385398
149306730,0.016842556773027303,2.195565867321004,12.804267798987084,2.1664489659034976
149306731,0.016406505288683582,2.0136509417493067,5.808247340399339,2.5755673367689726
149306732,0.017032019705704667,1.7647982153053843,5.259165002870926,1.4604750203712065
149306733,0.017487145515667102,1.8721435112881328,6.011414818615827,1.9847639887895308
149306734,0.017662795726798904,1.9647605560503851,6.990250267172573,2.07027716360032
149306735,0.018380293952086988,1.8964144832020242,9.288452738602334,2.3512116850926974
149306736,0.018429159234494986,1.972496015320478,7.105583185037585,2.5623283550305938
149306737,0.017262108235127794,1.912997735875737,4.331194478496169,1.5569286121505328
149306738,0.017230801463378242,1.7466389244428375,6.097308707505272,0.8599584686116545
149306739,0.01852089950434025,1.7265374878378505,12.076979759900707,2.0980755848085955
149306476,0.007984576659296007,2.12168120351291,23.619582961389025,1.3888241359422704
149306477,0.007403351300133632,2.02365347247633,21.725083941100976,14.233222905479906
149306478,0.008079079958833758,2.0596156738168676,23.26341608204106,4.07135810671307
149306479,0.008078353656494812,2.116196857009405,22.37361805918551,13.220949685049803
149306480,0.0077387325620648425,2.027477386240835,19.87120238765539,3.60073013197333
149306482,0.010309690572579662,1.8684653426858666,13.160474017561166,3.7855265441398727
149306483,0.007446047421856629,1.9818958855624322,17.30776770379701,2.625770256157664
149306484,0.011092895682335834,1.9096212620761905,15.167740163388606,13.665388675835384
149306485,0.010721836212373187,1.9178843888976256,14.278159523121914,4.794770426155105
149300112,0.017489680103655418,2.2819459399368514,9.872074226653172,2.2866585383369533
149300112,0.01800670144661018,2.311378886511871,31.32581878808989,2.3452472006641956
149300113,0.017960621131980867,2.235152491282261,51.64939444890778,4.861806311168663
149300113,0.017471167080726633,2.466786989952106,74.0363093393538,4.707472757663144
149300114,0.01732941532906507,2.1452620270820977,20.35512563430869,3.3176609159750843
149300114,0.017555634776144413,2.298561607588258,63.13599513828,1.0072155730669865
149300115,0.018228220848996772,2.6571396030374803,62.492132958824804,13.416260901250835
149300115,0.017959676582463426,2.5608779649644426,49.76276414854505,11.885730440117397
149300116,0.017023041597338244,2.203898906268663,61.747313567656896,2.4147656271749756
149300116,0.017632959299410843,2.1323992988019405,82.94971588850674,3.34111763119296
149293284,0.011760056656154478,2.296428556186821,5.947888473954925,4.786654217217067
149293285,0.010894088156112643,2.330835136673223,7.700987585912027,4.161202402007846
149293286,0.012383620702905647,2.2172662224310153,4.533139069260318,8.372243835335038
149293287,0.011103877746617936,2.3973908400581436,6.618103948356363,11.885420416432416
149293288,0.010259651834059016,1.7536957112846374,4.308783911416828,1.4885091596352857
149293289,0.01100756555756975,2.389479966487131,5.884548849194302,10.45056431238078
149293290,0.010402048718606336,1.7736094971286194,7.521049964826123,6.704972486230347
149293291,0.010484579469022069,1.8890907202517817,6.395364554307447,7.612248503614898
149293292,0.01103783105878425,2.320935580099575,3.9827980601728497,7.34081714489359
149293372,0.015938145881691654,1.3057972968718783,2.861171956210477,
149293373,0.01330191812283024,1.823259239405144,2.6348862344127855,
149293374,0.013444325217397367,1.7327484617097766,2.940458542352954,
149293375,0.016207801396243532,1.2191388357327193,2.017418622321072,
149297568,0.019435766598931512,3.28866060378066,6.847079574293127,1.3275561890238605
149297569,0.019338520415477897,3.361247980733495,8.00283082907195,4.195701704521324
149297570,0.019171620064379977,3.5590098135750488,8.520119064287512,3.8056456486809953
149297571,0.018765659148163166,3.5875451512021423,7.00243318391392,3.439231376935017
149297572,0.018110957737388494,3.273451105505574,5.115736870518903,3.6659985811781235
149297573,0.019141411137453945,3.3579696300775574,8.821558273156123,3.347956027826919
149297574,0.01936814427327051,3.3679594682615166,7.360725114345715,4.43949218599603
149297576,0.018389912719657644,3.2523130436658363,6.0291630015454425,3.2842399652722594
149297577,0.01773689381117291,3.348241135835763,10.045798247431366,3.713802294918717
149298691,0.01995034464224106,2.736032860709673,6.391093455103071,8.000420563189396
149298691,0.02029602279817752,2.7183719985854067,68.946511715149,12.398712017293661
149298692,0.01896288179520197,2.3777974217811217,61.57136179991451,5.6915079366715275
149298692,0.019872170534327657,2.340522046638834,88.08630370958714,28.66635239697792
149298746,0.01964334129508669,2.0204765323988494,5.8197404453993835,8.381604841610045
149298746,0.020470518085145467,2.642973628909956,83.96693673457028,10.616852400749652
149292112,0.019862564326136586,2.1283089455447723,17.842750067370876,2.742170266252781
149292113,0.017520284005714173,2.1914811129708722,24.729455180737205,6.5168580418623945
149292114,0.021874582082477133,2.4953345581240853,17.365343451473642,3.8872684276018656
149292115,0.01823187429545317,2.025227715479904,22.952212631961125,5.602566867965906
149292116,0.017416253359164597,2.1492575641106693,27.080790688642242,4.448759579405459
149292117,0.018269521976593595,2.027797093739011,23.345962087276995,5.485008033785716
149292118,0.019852005406707108,2.1325546975946863,18.020090941793814,2.6707894148959412
149292119,0.02055214526717081,2.083070667154466,12.452676874728903,1.34758280347858
149292121,0.019940850370909046,2.3812812152131206,15.99395502058426,4.032314869269028
149306373,0.009899112470777814,2.0927209471038264,3.7300200725195487,0.6013212617947289
149306374,0.009867415299907246,2.10545492762606,3.2288082881178117,0.1828757132524935
149306375,0.009702434763541405,2.106017462689731,4.596646316188022,1.3998419328772567
149306376,0.009922822547843838,2.225109565515808,3.608845029679232,0.011290805612942004
149306377,0.009608448599056019,2.1381812227097265,3.655641601462473,1.6412012653135524
149306378,0.009980196075202931,2.22242400538075,20.623138517420834,1.081765532371888
149306379,0.009633907629403086,2.1118552518028744,5.258757142541432,0.8413571036734466
149306380,0.009423863323718093,2.13894607102749,5.52198152599263,1.800210006178528
149306381,0.009847947585554413,2.236103624168571,3.781466830961954,1.944973245126769
149306382,0.0093114589650051,2.133114817862262,3.5790828365741043,1.4196346105645856
149299278,0.008225477156694597,1.3694602047731648,19.79524434256352,12.205247964661856
149299279,0.007904499266099117,1.3242284565116547,33.65498947163703,1.6774715527635349
149299280,0.007476268987725951,1.315933131955439,33.169212247221196,2.0607646231157317
149299281,0.007521738150299333,1.3117947615823093,31.458704347966027,2.404122992787592
149299282,0.008148502658432111,1.2979458089401987,12.732949641765197,0.905076987350799
149299283,0.008169920614357638,1.4096563988285458,22.30861996589909,2.45444542274096
149299284,0.008159978421412634,1.4043476719620531,24.36296046373811,2.465749933444294
149299285,0.00813300604443353,1.297462573775324,11.346595094223462,0.9384864146046834
149299286,0.007998354493935012,1.1764611440266677,28.135434649573327,2.683190596649986
149299287,0.007757183052212626,1.3279472855285288,23.202720081632055,2.6978731030418786
149299333,0.010422264455771666,1.815820318818977,29.280808322399494,1.8123684803084956
149299334,0.011007911554968136,1.9374616877843138,33.35287534005205,1.2439201488756308
149299335,0.010978673355531642,2.0683058306147704,30.608372530154192,0.784213823926592
149299336,0.010714704935364344,1.819777205254232,30.783104063460627,1.7606343613408242
149299337,0.010801322462070169,1.984586564855964,25.22913735479271,1.7428954329226831
149299339,0.010788147429497647,1.9509844973723067,35.5749149746276,1.7171457907256826
149299340,0.010249427398484855,2.2107337320086575,40.22758662146297,1.7887979075654135
149299341,0.011323801198042802,2.0641780250101407,40.551365843243346,0.6211144245965897
149299342,0.010955435146060857,2.0360970389843076,33.724499109503,1.4400263784798746
149308019,0.019999903203520117,1.8293064425607586,12.160850356389748,9.392597479013817
149308020,0.020004885168322783,1.8300180631452423,12.06304780825437,9.340532111288459
149308021,0.019725072652035415,2.277908936009652,17.232727484809114,15.898253038286786
149308022,0.019694252092677552,2.091792687671682,10.36258724319903,9.87703223897082
149308023,0.019522176666851493,2.1918126965161457,10.35883108669212,7.029243199297489
149308024,0.017499580922795837,1.750079674431049,9.262113669673676,5.5111716636116705
149308025,0.019545913007358372,2.2019557389495903,10.63646445189029,7.146187551145344
149308026,0.01756213422169311,1.7598263022814102,9.287968498251349,5.604594617916712
149307394,0.0209780800043362,2.0478028330830047,10.778160529888721,7.678865973438531
149307395,0.020172172094904964,1.912061499286111,7.121537926180925,4.8723436200938535
149307396,0.020204527053397488,1.879561193017698,7.0015720647691095,4.639144873656981
149307397,0.020180162985835002,1.9808886755222925,18.330622554278207,4.953732059301641
149307398,0.019525964545076442,1.9831953159242257,5.273575174510435,3.45551581621053
149307399,0.019484751073764805,1.924541124342061,6.531846425691686,3.6406371463380087
149307400,0.019475467417986413,2.0336663930919774,5.669372750627722,2.487555277633425
149307401,0.01983757044441572,1.9713178132169296,6.882887403396353,4.478830216573179
149307402,0.019286245878102397,1.9286303787100518,7.550742996884779,5.7051556057067145
149307403,0.02014067834499456,1.84921931819642,7.19603316845322,5.031297549721129
149291910,0.009152617680310487,1.8082332338313494,34.00716256212404,3.602185601097246
149291911,0.009103960979971314,2.1369783609277166,2.7562258348598982,4.197767895582387
149291912,0.009112420046290764,1.9521007330079605,40.47754931482611,3.7715283410540934
149293024,0.011600081532604731,2.1038544664540866,7.76122441891872,
149293093,0.011345652204767905,2.040739917530858,13.712602773226841,
149293053,0.018065000385697198,1.8790591759426847,5.871397742297849,16.921146074171574
149308925,0.014186335551400506,1.76319264398894,19.92324671869537,
149308926,0.014008576875224325,1.6600069784596276,19.65531887836667,
149308927,0.014217351450478916,1.7694565608668538,20.02195748072198,
149308929,0.014071174809645313,1.6437541618490077,18.733373725035655,
149308930,0.016376718218337596,1.78625231124393,4.2807747732970745,
149308931,0.014697530806482508,1.7293664598112144,19.796694911215297,
149308932,0.014037665862342572,1.6464116415522534,18.928320580700944,
149308933,0.016631469968941857,1.7772782110787197,7.534758877108789,
149308934,0.016532199838309666,1.7792248095647858,7.243843485063826,
149309440,0.009290328094063794,1.5927752771964843,4.4146211687511565,2.7159051446794384
149298563,0.024180119174364304,2.198865666671498,3.5144044716209675,1.9794475982585584
149298564,0.022216344538978475,1.971575603893056,14.768949292572854,2.2066463721224
149298565,0.021191378559802503,2.176394515335238,17.49856751000944,3.264789186465413
149298566,0.02120181172784124,2.1510700001810177,14.898952274214983,2.0867560556469407
149298567,0.022205378945601234,2.130049399859084,17.191465561144504,3.4984750571233403
149298568,0.02172459673922748,2.184172337840806,15.097014651071941,2.701024385056642
149298569,0.02181132260850483,2.174493394566272,15.206851884104102,2.6376164319108923
149298570,0.02284582985557634,2.4619096141568266,8.92249964770527,1.3586127060091857
149298571,0.022801268740121818,2.446931220145166,9.010029727311991,1.291430206087169
149298572,0.022120513470009272,2.326525660070984,16.864785918884767,2.592902187966845
149309280,0.027461047476817848,1.6967020378153166,14.888421224676694,11.267463084554855
149309282,0.02718196171644005,1.6747047516874367,13.668559560241167,10.552080651700717
149309283,0.027258874001351786,1.5813873839032995,12.934309194453702,6.383095175501877
149309284,0.027109812623520444,1.6437921143961074,9.704146688160582,4.684996801433924
149309285,0.018403403836444617,1.9659818471581367,6.596827430050918,6.766453083475414
149309286,0.020926072532634583,2.066479661859648,5.941116548157192,6.315563517386863
149309287,0.027666667539425868,1.6200200043116266,8.330637873720914,5.9644479271341755
149309288,0.02706951164680529,1.5793875354142328,13.187973526750117,5.992305683963034
149309289,0.028835028248661885,1.6353003249270148,9.102261348664221,1.8155674840660971
149291879,0.006675731316575337,1.5815375543368106,11.36327390155627,3.511508700496994
149291880,0.006943802217201841,1.7127676980682098,13.402757994649773,3.669014161208793
149291881,0.007111103468291435,1.629185150780544,11.730363938254625,3.4814205679263663
149291882,0.006782829793220612,1.653154762046192,18.167315935100174,3.6065564417034026
149291883,0.006775225369531627,1.7896801860248517,5.298958865500566,4.090985161549206
149291884,0.006773424433631464,1.7827350360956342,5.0704329525322684,4.079554762593791
149291887,0.007077263054286643,1.6401150316257718,30.904802311259804,3.170655314512706
149291888,0.006953335366670323,1.6382699354568564,8.444537583505115,3.657901455672663
149293115,0.010131203851501864,1.3921955906915373,3.495618677840689,
149293116,0.010753093875319595,1.5277093370548553,12.700849395244925,
149293117,0.0110649329197333,1.3346194989657316,4.536211134766299,
149293118,0.010924604572404066,1.4438939854663062,11.292382968877355,
149293119,0.011162854993280711,1.334943122721909,4.367395898115112,
149293120,0.009706353934128834,1.6544904080314842,4.286580409056173,
149293121,0.010430991375379693,1.2632789733239653,3.633153550718494,
149293122,0.010120779427936247,1.6285739314083405,3.9539132351791557,
149293123,0.009835996452799561,1.7117571701777365,4.699552136747627,
149293124,0.009681518533187024,1.5233382917579508,2.736117427843881,
149292102,0.011710461293247829,2.202652270221407,5.929488100919195,
149292103,0.012061325798956675,2.3829497625137797,5.756017357946871,
149292104,0.01202434467742674,2.3306801627337737,5.760141568737387,
149292105,0.011726348216946911,2.20771071668008,5.650365534531464,
149292106,0.014420118914588144,2.2401619493019265,7.111954245174257,
149292107,0.013390273016802321,2.481657274310913,32.84731502448653,
149292108,0.012088405515368923,2.37315601334047,5.638347398358217,
149292109,0.014454771127925257,2.282022604085058,7.222125692904271,
149292110,0.011871184174593114,2.4029974355672543,8.908770370541003,
149292111,0.012024853183936732,2.5891769173402372,3.1553745829948943,
149292214,0.01158762055314177,1.4483550912310565,6.718901353947146,
149292215,0.01262114408356337,1.379595181263788,11.44049924020968,
149292217,0.011401102242449241,1.7348517377935497,6.540001869979475,
149292218,0.01109391399122598,1.6013482225078526,18.475471955811912,
149292219,0.011826352697700559,1.7939504344844257,5.688329864373017,
149292220,0.011575459219053006,1.4538855162642685,6.4860165364830396,
149292221,0.010758055221174883,1.71348585833799,2.497991868691345,
149292222,0.011343577635411871,1.7109005506123427,2.675782727669613,
149292223,0.011629357784193413,1.5197475900737942,5.764992469287088,
149291453,0.0061608362421377615,1.4223214167112608,1.8048729604297045,3.1368900640026003
149291454,0.006103189612055682,1.3739246562503171,1.7468278636971748,3.181193996638392
149291455,0.005255630319633851,1.6152895057067091,2.9439631563951347,3.2385239813603413
149291456,0.006031077729036529,1.3130367179661437,3.5328314409814667,3.3542599212651116
149291457,0.0063842680628084176,1.2646019710495768,3.282705864694103,3.1191326644216923
149291458,0.0064268386904793124,1.2953845966449946,4.8687458789100795,3.233505202073945
149291459,0.006323260858932743,1.3393695069014129,3.1658934058141663,3.3664523244300066
149291460,0.006278997295005266,1.3387591668200238,3.0369287907195663,3.561902926611602
149291461,0.005956754200542448,1.2311250146283517,3.37135410781647,3.3576993066827856
149291462,0.005358770860328658,1.525606942021521,3.126066490417742,3.391478114222789
149291463,0.006124220969239902,1.3009006977987467,4.192898794295418,3.3103797836186906
149291464,0.006014599675810027,1.3376340703018856,2.0994679196290695,3.6476599194681016
149291465,0.005548926792273489,1.5204873120657276,3.9330256392120297,2.9931359451120114
149291481,0.006855844552630165,1.5068055014574349,4.382950090225842,3.0915502756278213
149291447,0.008286728616283203,1.4485189415903568,4.723505085226634,4.438019495380096
149291448,0.00806975997418788,1.5710696946518916,5.219119165783806,4.738797224487476
149292944,0.011058612017264427,1.8670571732292212,3.800471187926834,1.5396802742473226
149292945,0.011114558153436278,1.8718806619453048,2.789821656791811,1.2806572041470858
149292946,0.01052113764273121,1.5901444160841696,4.332374767009722,4.253070286258146
149292947,0.008802341889772252,1.7630816203060942,4.5020380679841026,4.460800601540362
149292948,0.009193529997428528,1.766276631500766,3.4958454376498596,5.12184813379738
149292307,0.02201258326352959,2.86053081225193,16.00363421101004,9.229808726623336
149292308,0.02225731582818952,2.7839067248089697,21.465391810397445,13.209167598303994
149292309,0.018214561743023026,2.4232110013728145,8.051958937659652,6.71425076729863
149292310,0.020404510935736274,2.3344083603273607,8.660088004205866,7.117457760191177
149292311,0.019733664785795153,1.9419058815557073,4.758280155563848,6.90971952418258
149292312,0.018851508336190592,2.3700879235716124,17.91926817889985,58.438450737508056
149292313,0.020323450649184713,2.3192879574473464,6.85866502681927,6.751210080604444
149292314,0.022719585667698466,2.930391118850551,13.539654449728372,8.44588833829785
149292315,0.020232697858933134,2.4336552068414226,6.559378599948581,7.545375466499171
149292316,0.018678290378828833,2.421888909260221,14.735574693872422,56.69252325268967
149293495,0.032272466898706165,1.7621753603867865,12.1582302376291,
149293496,0.03123262016329559,1.980545570499714,8.75376740937086,
149293497,0.03225839734319882,1.7643909687051764,12.068574844586278,
149293498,0.031191673358999174,1.9909803216642712,8.658964495430759,
149293499,0.03175333397547717,1.9542917142505174,11.378982484301346,
149293501,0.027015939780323038,2.1861576338613955,10.733406460756948,
149293502,0.02888417013953216,2.263671511879279,4.789776533396244,
149293503,0.02892394161932781,2.2538404340876936,4.641151798535873,
149293504,0.028405695343484492,2.0710392561933144,9.420005427021037,
149297387,0.006706060753459852,2.0369672580727056,2.3681494190993573,2.853792014862847
149297388,0.006739856819012111,2.017081133079004,2.609665327519855,2.9232811088879442
149297389,0.006831374548191097,1.9897301492238186,2.8334872508169155,2.9684100534718705
149297390,0.006855672838467537,1.9779949335173743,2.6282980361339674,2.876495509785379
149297391,0.006841004716756195,1.978003693430033,2.6845314965641793,2.9093903745190435
149297392,0.006746238614271863,1.9218085128472928,2.7255971013484026,2.7590094182228455
149297393,0.006514238137788569,1.8782020952329552,2.5337036930369004,2.4599663078208587
149297394,0.006674757643979677,1.8988633590304513,2.82512508208853,2.7062537100827275
149297395,0.006583224999225816,1.9233056343513815,2.458194085454508,2.6189206175980337
149297396,0.006658129004370813,1.8953465302154981,2.8751966296482276,2.719254162349405
149292549,0.014479713325634646,1.9305559154595555,9.7670489965663,5.467548214857994
149292550,0.013983422657760173,2.4504963330326253,21.547429255662223,39.07417176733786
149292552,0.015851938653538306,2.6130157882717397,13.940467285941079,2.5858718849514313
149292553,0.015771822494070834,2.6912898684075315,9.844608390056436,4.400566263605352
149292554,0.015859302465476004,2.432046169055089,14.238331360216199,2.672367532408159
149292555,0.017124828932606737,2.6770134943996315,10.037788191648621,1.1626167734355142
149292556,0.014750023923395219,2.4543845976018366,27.71849340741946,2.49894527048505
149292557,0.014873875398627376,2.8778512050466913,16.041902904747666,3.9781205910349486
149292558,0.017299112405220463,2.6196757441389114,9.312826207192654,3.6850885691708273
149292879,0.02646820747225583,2.5948366407624355,10.277102361507392,1.151171715049805
149292880,0.02666571450738378,2.5866937116027553,9.057572660592289,0.9145816983426441
149292881,0.02678816050323682,2.8922396958168872,9.042969103300026,3.914443622059012
149292882,0.026545765574935487,2.569406953317039,10.058817720913106,1.0201403866884495
149292883,0.021934409444150357,2.649169220097746,20.73219819911737,4.301595592963245
149292884,0.02511140236517742,3.1119301304055536,14.251982065103414,12.33843275961062
149292885,0.02677486090412778,2.5007187632041727,8.894537558950226,0.7295151380252621
149292886,0.02667967291357948,3.0181099005561673,13.555663157529022,2.327596670310432
149292887,0.02592178742514172,2.734299668065141,7.289999812976233,2.0186241602125374
149292888,0.02683974969004039,3.180216332019093,6.9527070134998965,3.867691372925736
149292386,0.032540995218631026,2.4427399222472648,9.597504169223381,3.960736224721355
149292387,0.032800389985712795,2.448584007998415,9.597514541006204,3.748827172031663
149292388,0.031103754805721386,2.5618511496379646,12.355740444637012,3.6478330125927414
149292389,0.030616045414803842,2.3213171788001215,9.79397953711685,2.207196661665878
149292391,0.028053778382880992,2.617916470947628,21.04995196776102,6.507007574430414
149292392,0.03481416154858333,1.9597488092462403,15.303924419801021,4.104121479340238
149292393,0.02822669283547122,2.6136723538156375,20.8647621573774,6.611183026848914
149306781,0.01485273024129806,1.9014886128827815,4.301137532914491,1.3080994374995976
149306782,0.014734263585043364,1.8961960227780714,2.038136164396883,1.1880949301979167
149308552,0.012172407461130711,1.6223330042817166,1.5354981229183238,0.9324879884732165
149308553,0.012186593087052083,1.6318959967745186,1.5720493437337575,0.9673862896580447
149306718,0.009772833763848273,2.182299181269107,7.020394306402251,1.0438558268225793
149306719,0.010480002266540653,1.5672929369899384,8.813310572454856,0.8384259352473069
149306890,0.02161294424044262,2.2875379797742874,4.104973975987086,0.6753593010588611
149306891,0.0215963778495676,2.2952904501897358,4.082988970995809,0.6902915129432268
149306892,0.021761471626955742,2.530133872524716,22.95931124369591,0.7415617964462248
149306893,0.021489545584518845,2.4756738379887464,5.8386025325136135,0.5515412286221253
149306894,0.025055453573382458,2.638164013490482,24.463105721329892,0.612901643268991
149306895,0.024394178631631125,2.3370260981400883,6.3762178668794345,0.5704582678638663
149306896,0.022275804982021224,2.284587799093252,6.5499742890226,0.7407520604644302
149306897,0.022303047847127357,2.2912148330239344,6.976707363821048,0.739631170226445
149308357,0.025694474915132957,2.227367443654871,31.311875444930735,0.0018068040363206077
149293430,0.016142951337737608,2.245342200436965,20.541597555292604,0.8222812544705518
149293432,0.016141513519989534,1.9243986887756803,1.9957089518049114,0.4871223117466222
149293433,0.016192321585588768,2.0330192147021373,6.547166981073307,0.4944572457546541
149293434,0.016641503742581675,1.8589902513361611,16.616117783632927,0.504767071291381
149293435,0.016252005915789694,1.945140969599324,6.622590038092872,0.41798898685370156
149293436,0.01628679919727227,1.9471045784763288,6.5779756702835,0.42988194317422934
149293437,0.016656639102032193,1.8641652860186784,16.650471737112795,0.4875990890112093
149293438,0.017533644754117995,2.2333225975406994,9.08705917654067,0.48869453382052114
149293439,0.015774976248845246,2.002579284335772,4.683711446177905,0.4470416570493623
149293361,0.013031711606882984,1.9015352418012632,3.517225335398466,0.43914785136274004
149293363,0.013812260705096823,1.5416432013703376,8.163399239502288,0.33411009019848587
149293364,0.013329782002495696,1.6676298825009386,6.256934807652378,0.354311678541069
149293365,0.012523935295475741,1.6161225487049018,22.043203222143156,0.43629596325014675
149293366,0.01478191278139173,1.4908931718654297,7.433753789290754,0.44434964031053686
149293367,0.014815077360639823,2.090552102205842,11.927801219710757,0.2373804292772945
149293368,0.01344680777525008,1.65622144784412,7.073380231220065,0.2841227932542365
149293369,0.01366629357605906,1.6862294256093913,6.654098339727686,0.4438271961491449
149293370,0.014114901126221385,1.5780505538325218,13.078721130428512,0.37758702650143905
149297952,0.026535464426270194,2.9071152990438964,0.6512793114413339,0.001499063761498596
149297953,0.02678521081946958,2.953696987455887,0.6800577734145175,0.0024255551217191927
149298514,0.01938581164478405,2.8005644880675127,5.449291013237652,5.730232062243318
149298515,0.019639148590861098,2.8845793065577467,4.413290369641972,3.724441363085996
149308865,0.015038395137185757,1.7872376851839777,24.795966099299566,0.4768809163628631
149308866,0.015286246944179063,2.0318811558950367,25.131766295847985,0.11975257984622532
149308869,0.015737741588111722,2.1382084370075054,5.1246969353091965,0.07950897126592464
149308871,0.015989618165129293,2.0987805467924048,23.635621714729275,0.19908930639807976
149308872,0.016309767978160677,2.1008491800745634,6.92219118593515,0.8113852171511424
149308873,0.016330526045905538,1.97808488634603,6.735329474407907,0.37217993105286656
149308874,0.014065600319397626,2.2545803154769564,26.909229524488907,0.3176474269715292
149299268,0.019617382644270827,3.073365874121138,14.165639843214604,9.988867560560294
149299269,0.01851701885830756,2.3116944841607316,13.630319704395681,6.386983946163314
149307342,0.012407790421231732,1.9958019846828243,1.9960283000928365,1.2960924859565632
149307343,0.011827831275858113,2.253994771438263,1.886737043565206,1.187454610885916
149307370,0.012360779862673164,1.0483699715554002,10.67446652723078,1.4067594656539326
149307372,0.01232419399055369,1.0440747036526412,1.8780893924792768,1.1560827155002666
149307374,0.01340717270872841,2.177246027232276,1.667121289845844,1.0589195528024753
149307376,0.013408313829102332,2.175343122904547,1.7102402939567216,1.1009446892446864
149307266,0.024856533661622902,1.9851447714360093,13.288436523430281,6.460457113211732
149307267,0.024470355385879782,2.25601972014164,5.081699354108063,6.772696033838276
149307268,0.024248486549119454,2.082316879351059,10.143070996800372,6.056040728042015
149307269,0.023761311753151104,2.0547745575510974,11.39889678873252,13.393812130498668
149298098,0.008922656848241853,2.112412213421707,0.029403833540198376,0.010941554062717984
149309443,0.01388445212565,2.7405425950581837,3.181084121015745,0.25596314748911125
149309444,0.01384594537859697,2.729338240023823,3.718634510061834,0.24479788239793024
149309445,0.012772853884370935,2.189545231887497,2.913418783424672,0.26474582866482965
149309446,0.012812004941420653,2.1764641312885167,3.1912013671369546,0.2470505667312106
149309447,0.013050271025677572,2.474252391286635,10.023476756715723,0.20153937497464092
149309449,0.014533461319544439,2.558677480592125,15.650343609401347,0.4409637207968672
149309451,0.014529291506137285,2.5617120089362118,15.771694040776868,0.4222196479312747
149308316,0.019257753756253597,5.995092175029001,37.20869263605581,1.084226843012979
149308268,0.016460675496919378,1.1703185088332178,30.85288763996057,1.2037518526613842
149308269,0.015290757286821992,1.8310898920412941,31.643703684197394,1.0050910366246475
149306447,0.013075704993250586,1.420721584425004,0.008224461228168266,0.006056631980078481
149308342,0.026852393751949172,1.3247509606113546,30.89025291634852,1.069511031804802
149308343,0.02556360615669414,1.9632706351305336,20.95868791842876,1.0266452435714797
149308344,0.025591058423161377,1.964558612225763,21.078195087995564,1.0277827464641072
149298117,0.010088486988375061,2.309024564996305,3.693506086282241,0.3139588753783593
149309039,0.014534138895774906,2.588591752754698,3.4593968009681544,1.2993504194690995
149308816,0.024932043974962695,1.902652921096139,3.6538605566267557,0.8768143618560493
149308817,0.024913025677422197,1.9077092465682526,3.49803289524688,0.9688246387634345
149308818,0.02517223373983956,1.9403155039183029,0.8926337726974178,0.3184987154497943
149308819,0.025031904393047345,1.896275803961973,0.9221040791671798,0.31138881756604736
149307653,0.016026743038450583,2.419274517683395,13.198389592364672,4.895731436483438
149307654,0.019805616708952544,2.7987731060595196,34.90339502459164,3.77340977928426
149307655,0.017648999335972224,2.6240590704924327,17.53446408874925,1.809350190574735
149298291,0.01540125303314943,2.678475335835924,39.72728868340009,11.045393754028794
149309796,0.028911684515464664,3.3285019266144213,36.66587111338895,0.3288103084245922
149309797,0.02844166399904881,3.028810185357023,49.29465042604477,0.05150303368791199
149309798,0.028238216106264053,3.0487739210952767,25.62697963641061,0.0644252938932084
149309799,0.03011902543161337,3.284389124062973,47.395521387498746,0.5068057580123915
149309801,0.02891531193998841,3.608126808386074,54.72047457434401,0.25924720917596933
149309803,0.02820621294731203,3.2195602042769953,38.91660386330486,0.3889692068261331
149309804,0.02860833034795725,3.163429232935648,41.32610502564703,0.21267691200682745
149309805,0.028414050652484122,2.526758663224984,38.28683733051351,2.6721933144262553
149306994,0.014550185134023287,1.4593946751136233,1.2823833625087502,0.8425506438293839
149306996,0.011054911771377173,1.6903112139013527,7.42447766074033,2.002976632756476
149307260,0.015107755951096348,1.9644342566095132,1.6665014841503745,0.996652184604564
149307262,0.013960375616286456,2.2623820880987053,2.850829592490805,1.1611808017760168
149307263,0.01262113858162241,1.7365285733707432,10.35515487624042,1.4689730922460629
149307265,0.012703193482305506,1.9215479546657188,5.304069752768353,1.179643040100978
149309677,0.013948400879425515,3.3919920497232288,5.838685084951487,4.054671187686951
149309678,0.013967902868364256,3.389494278741511,5.996065089845956,4.025033006630499
149299543,0.010635026002728157,1.484758162743268,1.4843874468387335,0.6542385787227676
149299544,0.008095765704853115,1.898755515708779,11.74984450151508,2.3906000539829577
149299764,0.01413484052178326,0.9399560446335481,1.3588104878071399,1.0601724105608423
149298427,0.00914574457380683,2.843956187750602,26.926675589915718,10.276761824346746
149298428,0.009147209956160574,2.8656667499507797,24.621473182264353,10.983924349779725
149298429,0.008265818808349423,2.4690762311451926,18.92056576480974,6.933839256681146
149298430,0.008284260777813286,2.4718258669776514,18.58925331959925,6.6801997525655405
149298431,0.007030214197240876,2.7598217326344003,37.09782967311409,13.358729751734744
149307362,0.02032304294553087,1.9200634621857644,11.262126793287715,2.3937312993092252
149307363,0.020306603891362348,1.9270456453138707,11.38156890528302,2.3001052654852923
149307366,0.021211357993111912,2.1839118186199986,11.895847030675547,2.179812863560599
149307368,0.021200904468903346,1.8653849098729045,1.5599073601600975,1.0549543490942237
149299164,0.018428396199873985,2.29252630255627,8.209325223614181,2.0098680069898127
149299165,0.018431639276701953,2.3145685258298427,11.57665278009429,2.7127008542978324
149298516,0.01726214446409888,2.8487038601506485,4.537289492842727,3.9082701281806806
149298517,0.017769935295175922,3.4148674196209363,13.82515881230878,4.086947370382417
149298518,0.02017169068675776,2.6507079717759563,4.613392260808276,4.727451714509253
149298519,0.020031388316580204,2.6331180335091853,3.968555742151916,4.100058680859569
149298264,0.017379103938771057,3.5468652201769983,5.754726180853217,3.3117223161224274
149308609,0.02928281198157204,2.8659183246770983,7.165103724558412,3.023931498183899
149308610,0.02551314106574384,2.9379055051256615,6.253062372807634,3.1260959585652714
149308611,0.020571697356873173,3.1818818022357105,18.139348896384632,4.716972887546207
149308345,0.027676062327541925,1.4411649513542335,27.606910164126486,0.5975325568116346
149307304,0.011605303547107138,1.6617950358478673,1.7811857144678378,1.1599278076002504
149307305,0.011617583677240998,1.6633459867104234,1.822604895430741,1.0718612563859784
149307306,0.01091918318420419,1.8990262952692742,2.1843165280444303,1.0832789021195228
149307307,0.010954740860159197,1.8839738198696114,2.2480851210303827,1.116163560240855
149309453,0.009504376009164825,1.5159246527664492,11.282357040541438,1.1324738388679356
149309454,0.010441011515574085,1.9198515047761493,9.607029599408909,0.4178886210555097
149309455,0.013685316359602356,1.928608403324096,12.741698586599679,0.7463888755532282
149309456,0.010741650080904521,1.9171748527954946,9.883450152637563,0.6590406753794396
149309457,0.009552282665899333,1.5257075180055697,10.605462575143022,1.0941463197134818
149309459,0.010977814161377037,2.101835573112949,15.894754893476593,0.7905797586111853
149309460,0.010957130465878465,2.048337849456869,23.374575094643316,1.1085891998154924
149309461,0.013668658299937124,1.9457399681748053,12.29857467589537,0.7613104051721552
149308535,0.032052860278829136,1.8625846895779445,11.825450169538875,1.0328779129348615
149308536,0.029363647655691213,2.703637569618164,23.132319143695053,2.429854365034648
149308539,0.031059609140815972,2.0580502210839646,14.54268930550034,1.934527050618864
149308540,0.031223113223687336,2.070614838424016,14.945257549760303,2.1982754837589735
149308541,0.02682558869337689,2.48104100314411,35.56042101600895,10.510362371280637
149308542,0.02869870186147827,2.475654495431002,13.376808977008793,4.130440399574488
149292492,0.015915180993045418,2.895308079481259,18.133879908968584,1.1743335420043337
149292494,0.014860669986042964,1.982060449388614,6.729483716585303,1.7677523337440086
149292495,0.013287396948184382,1.7974389553302652,3.790667285336711,1.125543414473808
149292498,0.012967553534361456,2.076756866212653,9.2694566476093,1.353192884651581
149292499,0.014705921752231926,2.8822226255922843,10.826417121008186,1.66390681602753
149292500,0.012779384867593686,2.3195813069381073,6.0047069619953755,1.068110722234775
149292501,0.013096531647985098,3.024141159475146,11.060449339376639,3.633997906563108
149293209,0.01936127881366132,1.9065318546385268,8.90156324135674,0.1962124912995479
149293211,0.014773961656332643,1.886811246318661,2.894360150328864,0.15852268306239425
149293212,0.014777219334081352,1.885227350643864,2.827020937498665,0.15603819933544846
149293214,0.018972165927983405,1.835064529963152,6.576255179753896,0.08948119512126075
149293215,0.01578765452000128,2.1336212436352855,2.451864389049192,0.1414159000911929
149293216,0.019351468019440335,1.73484243569706,8.209157270591318,0.26703240027668607
149293217,0.014549293096053838,1.8038175291438767,5.987248061945489,0.29449992188617075
149293218,0.015978039336392993,2.2270786357747414,3.302541067258069,0.11743302364536075
149308573,0.019192280321745556,2.531365192349391,8.645174801623426,7.140781651217685
149308574,0.019485082481152435,2.4046740587023185,5.428640966410899,5.62099383823896
149308575,0.01947375344077668,2.400563863082392,5.375923218621147,5.650595262009555
149308576,0.01913878910953605,2.4427001740433694,10.169275908086403,7.830745942224785
149308577,0.019096638859870445,2.4274797668698946,5.4900376712167605,4.557580285877303
149308578,0.019102269117221782,2.5830470735318887,14.3740853099953,8.573956798075002
149308579,0.019722511389142435,2.5084512498500007,6.229326594733151,4.689525760078776
149308580,0.019793341076725486,2.51886683900877,8.431679882697868,4.721348400864925
149308581,0.019638581620577297,2.591890658526238,11.705301892660636,5.354036460609602
149298499,0.01682471086957739,2.3268944830750975,5.369135634537848,4.392297049597508
149297273,0.025543995412029414,3.4214672136871638,20.481753396086486,4.903181408129671
149297274,0.02569252980806286,3.6423796402544006,25.797966642934902,5.104454590822708
149297276,0.023863236938112604,3.3320752780765077,21.145092946066928,5.549528465967705
149297277,0.024265417222208718,3.4980826713577984,18.46722354568121,5.55238645245901
149297278,0.024783186245879392,3.1556890999640004,14.251074341035695,4.330954027266539
149297279,0.024627186569916457,3.0993263826768294,16.043750681628314,3.892895716280297
149299529,0.007300323080695424,1.3473113293813888,3.3471659404531477,0.640041628800835
149299530,0.007522341721154118,1.3022217735821464,3.5609770633264954,0.7991021323433273
149299531,0.007238499407011301,1.3093978782782871,5.485016151505186,0.9082952971297756
149299532,0.007259864823568365,1.2392808429193554,4.943653728739637,0.9327539088228589
149299533,0.006395565080319161,1.4130624765690591,8.303888733976862,1.7161429126181078
149299534,0.006043387243154903,1.3630018082456266,3.556195337138106,0.8677157770591079
149299535,0.004369068319837221,1.3868959118520554,7.499010572446991,2.0297754579761103
149299536,0.004424151901483967,1.3083828133115354,7.410719746576935,2.059370508750488
149299537,0.006400276065530288,1.5169844017333296,2.840221014261657,1.171632099346619
149299538,0.006338792742284251,1.5101936766369082,2.0142347281591526,0.9939523097982392
149307419,0.021797116861906187,2.0756773843092056,5.739282638975118,1.4221322632728488
149307421,0.021942435015819217,2.092217317729148,6.772758330052705,1.1408302171747493
149307423,0.020513345676309386,1.8452571426908229,3.1486036118407292,0.8331617225602856
149307425,0.020533622670435105,2.0695832740939575,6.641368456553607,1.654100580941245
149293385,0.017186717834018653,1.6944425864605734,4.68011922415466,
149299515,0.027632914444787212,3.0472589701339357,8.668412391014083,4.227848685645681
149299516,0.027661084759331513,3.028011675617355,8.310397751336959,4.0361980600152165
149299518,0.02874721725880186,3.105689908304586,12.326554675096556,13.865920644124111
149299519,0.027336326931837546,3.0927020314455254,6.903056794193381,3.6658304114584714
149299520,0.027441506811130435,3.090401049469283,6.919612978843484,3.6602651619119
149299522,0.02875461098358473,3.09749955974265,12.22238370343635,13.790602814216323
149299523,0.02796866614403927,3.0269428117127686,12.653648107249436,14.576209030440364
149299524,0.027880808227660085,3.02732079859531,12.571235412619156,14.508353533982417
149308736,0.011045159995512439,1.6786131056250544,3.9326704593972,0.6718713657646347
149308740,0.011372218618324588,1.6581899123578465,3.691952077219496,1.3203078159857833
149308742,0.010096624226075475,1.5879487579079261,5.04527171351812,0.7612766182130043
149308743,0.01109241274565632,2.111773136039314,5.543214510439311,0.8313171838672601
149308745,0.010649251751956629,1.629304253492335,5.691626107762235,0.9914193213743109
149306667,0.01036264358937741,2.200659856783548,0.9473258247914992,0.012810439521119448
149306668,0.008868527851372652,2.7941116225838627,21.058250178540483,0.897776229735883
149306669,0.010128918991141196,1.9777314432421804,9.250765731060804,0.5612393632242394
149306670,0.010144678354374789,1.9848332051071562,9.114630671832813,0.5487333291221154
149306671,0.010611975801902651,2.1970653250222174,7.588666717584373,0.4877201918173863
149306672,0.010486553415144713,2.229571412926191,3.5380552180918228,0.7644732703382675
149306674,0.010670345817826226,2.1989528436922416,7.560687160569289,0.41759384317718057
149306675,0.011892111263456462,2.505555867777917,12.259282940006575,0.5864411231006545
149291500,0.011312864793950604,1.1364817180185514,26.38866870957808,2.5904150149617964
149291504,0.01172936891098105,1.2796211414321557,21.26137437120748,2.8854429577034946
149291512,0.011463938675201837,1.1665276664819857,3.9656100141544695,2.638281500188683
149291513,0.011894169261107599,1.3020656357019267,19.939940455681977,3.280024703346954
149291514,0.011752084519717801,1.2917555949821373,25.722348578063357,2.8537998568804563
149291515,0.01224226129359,1.3471577391132932,20.898596902147403,3.447882391828168
149291516,0.011619994183539852,1.2611102400785619,15.635922124784903,2.714387518664818
149291517,0.011655158012892066,1.27530425421111,31.53082473315177,2.8161509014022825
149291518,0.011664683253505722,1.300686126209371,42.66427545704328,2.638595742097135
149291519,0.01136114281198512,1.19531495961756,22.953888680074424,2.4022637856539184
149298857,0.018945436608297797,2.6124571842724182,20.811645519054697,11.343167056992584
149298857,0.018820395335095438,2.681051987223489,63.96703385031581,7.792782861397197
149298858,0.020063757278999443,3.2814166851940305,40.224521424741944,11.364010484481186
149298858,0.020375873894024052,3.039137913096187,46.8786167815586,5.686701179642034
149298859,0.019298251198444964,2.4213840409873613,56.12233114324418,11.334065796855995
149298859,0.01929241155848364,2.477131566399576,71.20564497074676,7.987608895386582
149298860,0.019498658349887912,2.972912749231224,43.85843745629521,7.1200510119856215
149293753,0.012519163794671733,2.439302846401552,13.053842411937866,2.0339911164848004
149293754,0.012184468110618301,2.344390844583204,2.9158256453581055,1.554106552923699
149293755,0.013772766870060507,2.247438796502416,3.8548141846332373,1.3905022948420716
149293756,0.013472014219635942,2.250258592499511,4.383066910300298,1.361762030983888
149293757,0.014017861961504873,2.3412735794193886,8.23469053256881,1.4886460931215766
149293758,0.014072346350464043,2.3913457153130673,4.167407892253235,1.3395886575604061
149294227,0.012280493596926859,2.3438400664140704,9.288970255251982,1.6879255906901414
149294228,0.012141466589381339,2.362761212479902,8.989199211511929,1.5137635025440053
149294229,0.012974019251387943,2.285207963316068,12.992639740792745,1.3745455220403902
149294230,0.012641553929541575,2.299397877300839,15.109060053292252,1.5708747503073024
149294231,0.01168659476291778,2.689053786975443,8.544144759168718,1.43561818632173
149294232,0.011747569662499449,2.636797655245024,8.723114313166372,1.7547642444471978
149294233,0.011775372411429952,2.732124414643908,11.541161326364426,1.4442777855019193
149294234,0.011221080519959296,2.752522825115832,12.639046432967241,1.5351586455751758
149294235,0.012591596600930403,2.831377018637657,17.641140182531966,1.6212370824000488
149294236,0.012436634838494692,2.8399225909067574,17.76668928536288,1.319428550162668
149293180,0.016232147879935762,1.723668390411977,6.05790641055932,3.426515880886536
149307905,0.017701416480516086,1.5925748414834655,2.7461337031911484,0.23902254127221215
149306720,0.015051225316365102,2.2242023758504192,9.419876418228823,1.229631201729904
149306721,0.012271755064109359,2.3566834123189384,19.74885330201306,4.786377351925431
149306722,0.0151273960586821,2.2695272691674124,10.654048566928719,1.4754168899665878
149306723,0.015013141422971136,2.066707698464872,8.165994668544077,0.8419525783279903
149306724,0.015353507378865186,2.1990922205847347,8.682628745781592,0.3949218906866867
149306725,0.013284064684118769,2.2900178243684053,10.582018367894035,1.0358944995134245
149306726,0.01474162470829678,2.3887397852858956,7.519834583409503,1.21645571295172
149306727,0.013031126766921645,2.2872882832931785,11.775316197086134,1.1455652122255844
149306728,0.012466333003693843,2.290866748404912,8.980697473355335,2.8196548512530013
149306729,0.014304390152216706,2.4754722827177345,8.816724184902576,2.833730991644221
149293929,0.018037164204927226,2.7052348932479475,6.661605404795695,4.381209661940159
149293930,0.01693513946106052,2.7253948675411412,8.92990673965052,4.268100941495568
149293931,0.015732916935669847,2.9995683892487577,12.108182427143737,2.8289988885901294
149293932,0.015825307498984385,2.7472175078823855,6.2222460759751455,2.744879891681273
149298306,0.01063092015812491,1.8879630656103206,36.603855430528995,1.2042633915288616
149298307,0.012150572328777294,1.9218151339459908,9.561519281917835,1.5496362029703337
149299449,0.027593841707175215,1.8195242282822837,7.625197577083755,2.025264148287706
149299452,0.02760174627342357,1.9056156120061012,8.196225238828161,2.2410615732377117
149294217,0.009078928384694257,3.104198124424933,10.860239429514763,1.2356266371347548
149294218,0.008862253077640707,2.89076184552723,14.962802539648848,1.2241677667070692
149294219,0.011204044055918867,2.618312130762152,13.130635891267334,1.2853223298734904
149294220,0.010402678279161841,2.701566294950011,27.648754362326756,1.5760157550494365
149294221,0.009433747389857066,2.6593595211728327,15.924010253962614,1.2653168696299382
149294222,0.009244641481779607,2.622394648127566,16.514368114763496,1.2717367197097147
149294223,0.009110193461194155,3.005632980959265,9.999254373761568,1.1732290787935995
149294224,0.00964058534652606,2.7911395320261203,12.414661587510247,1.199270090471554
149294225,0.012529105755903972,2.7585578615917057,10.901412072932455,0.9545921142916299
149294226,0.010629670494510458,2.815929352995336,13.150033657150834,1.8611640814418158
149291702,0.03443890094263802,1.6495245069304298,3.986884199682067,2.3061977025471325
149297950,0.011093609197713955,2.5180417391659455,7.888746407945868,3.0093494256928603
149297951,0.01069880581837636,2.625337380405262,7.140526727691701,2.163614573264414
149308362,0.01768012664315154,2.0203704428528453,8.399562675589285,2.0504849486709684
149308363,0.017377944447955193,1.9833473192356637,9.7042997681624,2.6545594636936265
149308364,0.018883541883352124,1.8769874974732894,6.566423255051363,1.4046809429083222
149308366,0.018045528382733884,2.0167817906329613,7.286005312869736,3.762782524334168
149308367,0.0187150608331571,1.9228536380022139,7.203355967724766,2.134634077797725
149308369,0.018300171280692886,2.11400814345909,7.497960002630222,2.789670878992178
149308371,0.02424529526866586,2.0789282758500613,16.19972771830145,3.6779336813260555
149308792,0.013583811411538126,2.0944409987319568,6.226279101056554,1.2347684173715412
149308793,0.01342359460069906,2.091581458091407,5.893126647750384,1.0836741463614523
149297824,0.01936889367859862,1.6306582475520197,5.232499518308226,3.3703727875371086
149297824,0.019496071027815608,1.7162302358844546,55.650898817717994,13.639632775240363
149297825,0.01896185376298287,1.7563581756977682,74.38204092293928,15.222741817694551
149297825,0.0193077267388784,1.8743620266449184,61.970959774460255,15.240047652694903
149297424,0.020621449077896332,3.3900852346839017,7.8930636445907005,1.490376848121522
149297425,0.0204796147755677,3.4441677879976407,8.035729386828207,1.6982267314268826
149297426,0.01871448448472409,3.490264671674662,19.333595200317667,0.7565997099811722
149297428,0.017463704658379518,3.1429737661551753,9.222748413481236,1.6343262448417593
149297429,0.017961512365555474,3.5338235560005606,12.950120087321881,1.192460293896849
149297431,0.017017052170148896,3.081235490728506,8.85376310373102,1.2555093956468344
149297433,0.017549541800315874,3.166531768097704,9.03856796788753,1.1168707186792284
149298940,0.01806668785366163,2.519276312680493,8.36698946410932,2.2727433489016677
149298941,0.017917061292317894,2.4553073383427573,10.231157387000723,6.946229488972816
149298942,0.017968762972505103,2.4501794581930962,6.257850425356464,1.24272612950553
149298943,0.018441645155889946,2.4698702220365405,9.818596789307396,2.863407857607844
149298944,0.01849714862179731,2.5145310684257978,7.1010134403970175,3.91502367333494
149298945,0.01786552800757048,2.601270687858627,10.656276983860229,2.844075004604067
149298946,0.018316855146221035,2.6278815672388505,8.70015229531083,5.31007823363093
149298947,0.01864481967054395,2.636525584830844,8.0495800485017,2.913333569478891
149298948,0.017367901241371882,2.398853681064064,5.77191093276613,4.789174650546819
149298949,0.01906928285106136,2.528475285864081,8.738221301098063,2.9248887172398708
149293773,0.012140171416707939,2.3859067908261262,2.004029164024773,1.926046080881816
149309786,0.021686050714602677,2.5716793049985274,13.490384203280541,0.18005891825681003
149309787,0.022122338460510312,2.8541635585280494,16.640038515317638,0.02773986839517252
149309788,0.022166432800919345,2.9037695412943085,18.196659844321463,0.8441998295902635
149309789,0.02189370907342989,2.6357508613475726,17.85086385557128,0.4827041842395012
149309790,0.021582344266951513,2.5870330496517107,14.21269640313105,0.25473827457025033
149309791,0.02197556714402588,2.245769809872107,8.907681861151888,1.950273649003732
149309792,0.0219229308321315,2.561755235302299,15.907624656710647,0.7415863087969067
149309793,0.022237325531698184,2.2213940903305525,12.858531400440782,2.5307024096599497
149309794,0.021367193133619743,2.742834253342536,21.002776346321124,1.0754972550530624
149309795,0.022328367324371264,2.882875100323414,17.55488221442223,0.6754543151829284
149292244,0.012306326452795183,1.8322976704316694,4.4418002015319775,
149292245,0.011182678988401076,1.920393714564619,7.780691521438004,
149292246,0.012675314380743988,1.9685784634688743,4.03626813475556,
149292247,0.012945249431949536,2.024586814913758,6.271739294634079,
149292248,0.011971348316543786,2.052949058964685,9.345760963435113,
149292249,0.01222935938357893,2.209742716749899,6.046875234522051,
149292250,0.012564534636839098,2.1340912870815893,6.89777364719239,
149292251,0.012950707854124447,2.1526580691847674,7.0185774606668145,
149292252,0.012686949621097546,2.1701819420394313,11.435227920847531,
149292253,0.012611529661070918,1.8644190350514938,4.359789528778748,
149291985,0.008417797324440306,1.5650304012058067,14.412836652514967,0.7214648892519328
149291986,0.00864063548785904,1.7946743210840697,16.817557401210742,0.7079095874888917
149291987,0.01091074423223097,1.8369888218738046,31.919095361665015,1.9626900041542206
149291988,0.008359553934544949,1.880106930823416,22.285149809819586,1.0124238035763402
149291989,0.011239952327653367,2.272907130100688,38.708883064117614,2.0812305247764464
149291990,0.010269866397284081,2.1986053758480275,36.52221949678862,2.0425743365176112
149291991,0.008367050872282072,2.0073325672177287,21.064964833271393,1.34324776409186
149291992,0.01095836333365836,2.0635909933328405,35.25810732599761,1.8772595481143397
149291993,0.01052203469649373,2.3277563460379938,36.30810324928381,2.7256185364321066
149291994,0.0084058941422194,1.79786754430328,13.46104349440995,1.2416148235023234
149292173,0.012262627519208555,1.915207006891901,12.165145281202594,
149292175,0.011289240566694898,1.8666397322589676,5.599527858343578,
149292176,0.01245414399259612,1.9073880479725316,4.433078975215129,
149292177,0.010184637635498638,1.781738465843756,5.498863652906607,
149292178,0.011416389645382703,1.8522970399647607,5.316269067051141,
149292179,0.011338099944556748,1.9615183149883613,15.58132097552733,
149292180,0.010962348866986852,2.035286739636569,8.323856046681868,
149292181,0.010587214022928303,1.789045233041538,8.795430954958166,
149292182,0.011687421797826515,1.8574727962882551,12.216385225532425,
149307110,0.015703370060117856,2.2024822534212505,21.070487576498813,1.4850273583714508
149307111,0.015742583134005592,2.162996580146929,10.228332811082238,1.3770912036980736
149307112,0.01577660603768047,2.161390449884531,8.086934777924737,1.3411546965044283
149307113,0.015101781413063696,2.2825139567906474,7.412954147373428,2.0105132006182003
149307114,0.015710271594392772,2.158418460425136,26.446818698581943,1.7165542654657788
149307115,0.01667441584183461,2.1910866421213036,21.23262359109495,2.4060805738115443
149307116,0.01563099555871658,2.150839480121398,20.822292056682265,1.5724535981462644
149307117,0.016732746154352853,2.108356925272309,12.704101505005678,2.5109678867590786
149307118,0.015822831381124444,1.4679683963199563,6.272484241701185,1.064317910621328
149307119,0.015073523540520333,2.2934933174773735,8.721155434163395,1.8373699679116953
149309501,0.016628399170198073,1.8520084964762347,5.29465595701297,1.4723796173469283
149309502,0.016625728714446383,1.8690286227047235,5.809544996011623,1.6681253605923723
149309506,0.017988532991849472,1.9626371366264426,7.51473616032434,1.2963246599320994
149309507,0.01822260735350231,1.979934205220153,7.129059425335028,1.5860141128960739
149309508,0.016918403903818994,1.8422650225812447,5.79670370846718,2.1287448647185117
149291948,0.011831451284200333,1.0639698536677837,18.26179814349918,0.4994743226012298
149291949,0.011712683499187755,1.4737273650296858,21.46976371722136,0.2761826152806484
149291950,0.011780580748084421,1.4452859802157765,22.089209155937795,0.425246086818799
149291951,0.011186043840348922,1.4914342931989153,19.856497055757142,0.579585698434289
149291952,0.01181071371596056,1.4194646162976647,22.840547093993194,0.48624863406383145
149291953,0.011349618861894657,1.83761135682313,16.249146108742767,0.8331224357738154
149291954,0.01182884178257211,1.3100128477066262,19.124069135592578,0.8321757099690217
149292194,0.01571856795446159,1.533829774015483,6.006307152463856,0.6887219238435205
149292195,0.01541666486427442,2.044644660182497,3.718258719481192,0.5110432060937584
149292196,0.01576415223921304,1.5526737853145054,8.14939111670223,0.693256868082872
149292197,0.015179436971452326,1.7416912381100262,6.077833464227883,0.7500082491555763
149292198,0.015363529445953629,1.6811466858087798,8.51629065626911,0.6436598559837304
149292199,0.015777572117511726,1.8399850755600577,8.437070773108346,0.5553839749748241
149292200,0.015733446654793235,1.8439210451412722,8.963980223201876,0.5833169552342067
149292202,0.015688449394376938,1.6473695178552457,3.027115145075062,0.6961595419305442
149292203,0.015403008623455498,2.236587493739156,3.194655858839887,0.3031347394288432
149291536,0.011433024600146122,1.5788355772484357,7.351165682870214,1.2525570254162413
149291537,0.011852219119620252,1.5778443659493049,10.489306815174672,1.334874422495105
149291538,0.012772383262850764,1.6614488996764258,10.619207128629006,1.2682829748235316
149298974,0.01633076165354481,1.807715549824849,3.5226718044461567,4.751982325049057
149298975,0.016249558767130412,1.807508765782462,3.6089310598903936,4.902886814394289
149298976,0.01781344796122969,1.9149722632495148,4.809458776214097,5.734520354643254
149298977,0.013123395163830825,1.8805180141808109,5.463240132890285,5.434457473479248
149298978,0.017754082267630613,1.921690643140909,4.618119862693613,5.357757270179353
149298979,0.015884448506539486,1.8193565356831791,5.178173036340543,6.320377007464919
149298980,0.017710791550670926,1.925850917821432,6.374266959499631,8.279711818945453
149298981,0.017737105567136396,1.973747064949205,5.335789988957849,7.001806959659914
149298982,0.018353766316087025,1.9791326064238492,5.362043766844019,6.970852045596125
149298983,0.01771461864554657,1.9670176291454875,5.2451835736133745,6.726537749776798
149292675,0.026489601335039602,3.016553955848227,5.86424696694968,3.995577336508127
149292676,0.028214167031896907,2.850246235194945,6.559510467612647,2.8885674037867175
149292677,0.02642202114693722,3.006464794132768,5.685881145398886,4.066267753801532
149292678,0.027727510963270433,2.8945530590359256,6.625715037180158,2.6776942073421
149292679,0.027007022731344338,2.954696359588646,8.220863934655346,3.2506894881502753
149292680,0.02686549967949212,2.8821576858837785,7.871655614139205,3.153396467804062
149292681,0.02705297188279259,3.4706572611106092,8.99699786304474,5.831606248966238
149292682,0.027059276904927064,3.391524806971264,7.043286424597211,3.023928726910943
149292683,0.02694932533321817,3.4786481339927002,8.743877104360799,5.635155013650481
149292684,0.026938032894957303,3.4173198735857535,7.35217706363782,2.986060934792018
149300406,0.01415158661358077,2.33429318307058,5.196830260163523,4.631449249677556
149300407,0.013480936097504205,2.3939940480745716,7.981143518732428,3.771949178481002
149300408,0.01386785566150399,2.387483626297351,5.594522018630801,4.500266563035837
149300409,0.014171852827668417,2.394479414080682,5.142432400218463,4.964228407156008
149300410,0.014000431946120915,2.2534294256160456,6.497528365206765,3.295076267418718
149300411,0.014018380179381047,2.383022204864053,5.641713705425386,4.726140154406165
149300412,0.014187750802275812,2.437064781842962,12.836519023167977,4.971667397279987
149300413,0.014369943721862862,2.3407723651315835,5.714462878687535,4.850973610946287
149300414,0.014735992855719091,2.370034934861298,6.166508659842648,6.142824421866138
149300415,0.014698625039182255,2.3320876899153924,5.977663747579763,4.746881907131199
149309351,0.01487920616481817,1.2024304603403781,7.737352976934884,
149309352,0.014855019243796598,1.396196672679958,9.854708940000057,
149309353,0.013515275705055955,1.1366516516128868,6.393560281347308,
149309354,0.01399629757890502,1.2050948314226844,5.566167309420338,
149309355,0.013393002768101367,1.23961477493714,3.5486885650352926,
149309356,0.015310247176249224,1.3301456846746988,10.13453156554315,
149309357,0.013979845969429479,1.115136508578024,9.96531293807231,
149309358,0.013152300471152279,1.2094347031958204,2.73901355394767,
149309359,0.013232257366690115,1.3850614742763263,4.686734172787996,
149309360,0.01176525946952086,1.45409308229432,3.330988370721329,
149309774,0.019360733782537463,1.5854548262179127,7.696683143073269,0.18252807863243065
149309775,0.020100932626099403,1.6623815681998289,5.398056189116839,1.803857951412149
149309776,0.019570063633953774,1.6535865753502432,6.0975187301577085,1.8813251137763114
149309777,0.01912081206257193,1.6538921136923217,10.021125153523492,1.2720912708882293
149309778,0.019300569666660564,1.5807921593711727,7.86997846009686,1.424292239233486
149309779,0.019561506248459783,1.642564891457245,6.025034967488252,1.7092913720845853
149309780,0.01894813662818339,1.637582199019178,8.155853142164144,1.6342555151405558
149309781,0.019034327902466536,1.6777558276520892,9.44424821484497,1.3044885723620199
149309782,0.020049235430901757,1.6536210110203542,5.214231504121717,1.7051140435757572
149309783,0.01856366334100337,2.059509725667355,28.67180503885373,1.8092070266904907
149306852,0.007568066249757923,1.2217335914604535,3.6244884831541038,
149297263,0.019492124419402714,2.7340728192219586,12.392023954272725,5.300645693835477
149297265,0.01970779419759894,2.820087084961538,7.7592829946489426,5.435602328168499
149297267,0.01945916298481929,2.4458529155339903,11.388615945250518,5.101375840588405
149297268,0.017903300327191465,2.9791428102201136,11.737918869256596,6.287770143781226
149297270,0.020921960635072318,2.9834344501074086,11.931968346249292,4.919629533709583
149297271,0.019340021454737604,3.1816294473764817,30.408855019439347,5.231988325698759
149297272,0.019798535058401037,3.2070392041181583,9.51176528286549,5.3089670954211705
149308317,0.022132237463461636,1.2636820637378463,20.71520019463567,
149308318,0.021634227799603372,1.3239445773734313,22.22348404818828,
149308319,0.022124392706918527,1.2676595967375635,22.0468540935044,
149308320,0.02208128861234193,1.29655369204293,21.09325532909101,
149308321,0.02208350299199793,1.477004767454396,18.4539939024698,
149308322,0.022010591038663162,1.4765824225174164,18.357267604972645,
149308323,0.021243481226535174,1.691836996024391,5.105269700129519,
149308324,0.02176427141287169,1.534768226227512,20.077281242486205,
149308325,0.022083185683754808,1.4680126893180785,21.78602226160104,
149308326,0.021660999159910134,1.4363886681621942,6.058377504151981,
149297455,0.01701760104170679,2.747057505596276,8.217875448448995,2.564049056087303
149297456,0.01763620866713767,2.568633981507745,11.158839407486278,3.253315929050063
149297457,0.01988021231691061,2.3857521876777947,14.932074345876428,4.9792378250163045
149297458,0.020540037916564297,2.4457966979401173,7.50748937363766,3.1053898687211636
149297459,0.01716812153241844,2.5643226110951334,5.389954387047347,3.3416927727593726
149306153,0.015003920080565615,2.5155711042048345,6.471955964665462,1.8931319407972311
149306154,0.01452822210232098,2.477440740275652,6.528403196329437,1.84603350439056
149306155,0.014159703138157367,2.409713298417761,6.0798585272203285,1.9099996405823823
149306156,0.015032978261965655,2.4412627368478397,5.326030411273481,1.9599064250715748
149306157,0.015981428586054395,2.4667822624767433,9.09290826079438,1.8615993827592388
149306158,0.014829915445394673,2.5349295611559115,7.372628220782884,1.5500604980759822
149306159,0.014754764804064057,2.4480436772567873,6.1080636311001895,2.526338015058525
149306160,0.01635362194411063,2.520304122492473,4.7469678183880495,3.286756124107377
149306161,0.014705921406771464,2.4924927224030133,7.612535931478448,1.7434499010704407
149306162,0.015147487400847311,2.437939701100932,6.283931318569612,1.8499862190225647
149291845,0.010625526535936037,1.6615896033642148,5.25379267381792,1.8957097006232264
149291846,0.010657479913519367,1.6468736134800928,4.932533073351566,1.8909773572857584
149291847,0.010632351927092373,1.6252067915212007,4.902249711857271,1.8776629039242498
149291848,0.010540224898651824,1.7055829617236828,4.891996097057597,1.9101132143253083
149291849,0.010560219420220196,1.6069590007908359,5.202076310431156,1.901450547777141
149291850,0.010551101560055854,1.775378363810713,5.311022180098017,1.840448487396039
149291851,0.01056061894433698,1.8208355562001866,4.497525934594222,1.7472518618775716
149291852,0.01007337661957059,1.7136956427449903,4.830609078500399,1.8041454678053286
149291853,0.01021004225111609,1.8577644501278736,3.791834748932055,1.81562737870774
149291854,0.010195790122428444,1.8563190075214275,3.7973043733745437,1.8235540885089636
149293451,0.015247476621816324,1.3790675186198926,3.8949634343277237,2.911065924446524
149293452,0.015237559584487727,1.3800823142877383,3.8079182128368156,2.8809279658619795
149293453,0.01472218791499019,1.3114581898938844,4.768308927691971,2.7580126101983025
149293454,0.014685650028894553,1.3077616615256338,4.746521056988009,2.7526446682588883
149293455,0.01558106872295988,1.196255076614718,3.603919931335752,2.9370791793154174
149299343,0.008879497670155794,1.484336250150075,30.890605431581058,
149291629,0.008971517714870172,1.7506927432162285,14.168685591575835,3.175981466339442
149291630,0.00894340306589255,1.7504253610102096,13.997463784153965,3.2446392309897276
149291631,0.008967013642523877,1.7054829220544954,12.780762212445087,8.747766159872297
149291632,0.009008038670011662,1.710395901133526,12.894238844578746,8.934418030306112
149291633,0.009103110526317642,1.9922574945744767,6.26808006602125,9.235414674619152
149291634,0.008893687065957312,1.9108113792463075,15.01088466193854,11.976208015331826
149291635,0.00887860447181977,1.9102413590492133,15.051800929161331,12.005407107707475
149291636,0.00892183583114832,1.9662453829080344,9.325291160937113,4.0832815927048305
149291637,0.008907058538255495,1.9564761811693063,9.18498207686294,3.9115391459827507
149291638,0.00957905250030498,1.9340446635998878,11.855839125785261,3.0429797533605916
149299363,0.0246748845289393,2.2701635625417484,10.800340453622509,18.927670023199944
149299364,0.025166339700859536,2.374245757914309,5.330976473307247,4.315730921615937
149299365,0.02442484995095706,2.3918326154193115,7.11443862399178,4.26668713180735
149299366,0.02530817838006143,2.4518188656025193,15.057032576138127,23.349633296639414
149299367,0.02416115502608154,2.3614097159887706,10.863073382346307,18.74272736644491
149299368,0.02392373583592366,2.2180752175347522,8.014936736016278,4.464680807760351
149299369,0.024172637323525942,2.1607417894678043,9.068269524909102,4.4210546765844
149299370,0.02418653090866382,2.3682198909828998,8.982921448981337,4.412407365454062
149299371,0.025178022680431976,2.259729044064748,12.518316796934053,18.914197102814896
149299372,0.024309980140994128,2.04143709038494,14.927640818048857,4.5542416465498246
149299641,0.020617558000918162,1.9824647586198838,19.66375865503161,5.1033743697848575
149309133,0.02368551160426142,2.6409095779085736,21.706157333342563,7.704136166232134
149309134,0.023649037369946856,2.6240386168450756,24.534391303671313,8.5244145001298
149292077,0.01643060194281748,3.1627968082318936,18.256667611027968,1.641234042254456
149292078,0.015824512042494063,2.683267534231563,8.748545958471125,3.5968804243397487
149292079,0.017703767776634072,3.1147929976264224,10.128530673802898,1.325683725433146
149292080,0.018020807055206874,3.3232061416112315,12.778010199129778,2.6598500418897415
149292081,0.016313316047984663,3.1402876311658923,17.145440837050177,5.453819188981066
149292082,0.019793668457736103,3.043932990591152,22.90010965558106,2.394644960590431
149292083,0.017945038281232246,3.1331067457665,13.070222458037865,8.885569638836618
149292084,0.01647539190213833,2.9474386557510166,23.13932526133877,4.59315228928375
149292085,0.016548552242369986,2.788160258571633,22.18080729681873,6.124438528541192
149292086,0.016145925226094027,3.1146137079043417,16.875740586327165,3.6526906686215583
149306850,0.009640038717493984,1.2064718754079984,3.0620184494963856,
149306851,0.009621584155181169,1.2088391971317363,3.1237039466117067,
149306666,0.01045884690424426,1.1322512865559338,3.2414228916007772,
149306589,0.016837648518946292,1.5439902626366246,3.405400330100452,0.6750649317391317
149306590,0.017007700710418017,1.5605478666570254,1.6786439929363715,1.7041272275690011
149306591,0.016845403947873296,1.5369879523575591,11.151730654472207,4.378903595171578
149306592,0.01670881944673665,1.6409415999901191,3.0519993098991454,1.0123972364646345
149306593,0.016772427046135036,1.7360413500767564,7.388757458500127,0.6491226731060066
149306594,0.016891654999219147,1.521648615173177,2.619217768216047,1.5441899457277521
149306595,0.017003738213600756,1.5535732353619172,4.621983291426419,2.7708043752590794
149306596,0.01707219759059155,1.674529938642246,4.40860698025635,3.7288727821154093
149306597,0.01708698580899909,1.6228344458195114,2.255307463765747,1.3518120822871376
149306598,0.016757826798198122,1.7318233705492476,19.322994475001043,2.089117642050753
149307406,0.020207495382525188,1.5881661207923254,1.8950067503064547,0.26822661750961607
149307407,0.02021581505194333,1.5897761043646006,1.8517903737251542,0.3763902177770678
149307408,0.02026354396957136,1.685831702205894,2.573690037565691,0.6860665174523706
149307409,0.02022139732506401,1.737625447299082,2.871230502773733,0.6901264809435613
149307410,0.02015232182352192,1.5739638053142628,2.1215878693958397,2.0067652106597484
149307411,0.020311687622424083,1.7393582760226451,3.4686678689128807,2.1699893473182525
149307412,0.020240888415319593,1.6816409132323982,2.7457302029076476,0.6992740679168
149307413,0.020582332815965044,1.6312220324886626,3.4033284915768953,2.2730133757806747
149307414,0.02056320111510663,1.5914528225792581,2.9168585656944153,0.23900616642422445
149307415,0.0202014553980736,1.6341432171986439,2.0766396932888855,0.38952586852518195
149291760,0.0034044511774467125,1.2984681909072362,8.618862139750954,2.86085340283698
149291761,0.0044717943537180066,1.1858200182900136,8.243195718097981,2.1877596302502336
149291762,0.005797575088912753,1.2556343570581248,8.351897690270928,1.0968690471370994
149293105,0.008108245985720406,1.490486160788452,6.49593129737206,0.7305209800063339
149293106,0.008619593519343341,1.2337533635675055,4.6288495453090555,0.4948781299309468
149293107,0.008877928722137244,1.5716221409341558,4.180079618780678,0.6332411509786376
149293108,0.009141457186000835,1.452264163929384,8.119935317634827,0.6807802878769083
149293109,0.009416003642566357,1.7126423717643038,18.213755825496367,0.7436821247208939
149293110,0.009697133723867194,1.6553138359722281,5.343611162271837,0.5703732030215435
149293111,0.009864860392037274,1.5067182708302145,10.911219404493288,0.6346165448897265
149293112,0.008258652020175221,1.5600395781929208,7.194922562132524,0.4330588434146612
149293113,0.009386380952483949,1.472963354172969,12.394168697772066,0.6786107045800278
149293114,0.009596667594635837,1.515192456422214,8.917918888111748,0.4681336782536231
149300256,0.015615277291729223,2.432946787620125,9.710195280869629,1.5609955402661673
149300257,0.015476519794560899,2.435799560891719,9.794884810939331,2.185669856412582
149300258,0.015603996684124951,2.416459777665012,9.749646001582665,1.442904314413059
149300259,0.014783789150356812,2.448502172011865,10.392170171588832,1.9493947957393454
149300260,0.01594781125251658,2.613951502710894,10.700491791828009,1.6030893156553696
149300262,0.01468979077794315,2.4102905989889454,10.234164873832865,2.2046426847378036
149300263,0.01509302699704276,2.489416264730915,10.24354905913536,1.6923309106186113
149300265,0.014788924035832571,2.405115344277489,10.02598004709319,1.9096099724541789
149293167,0.011031135871004627,1.477905620253215,5.686639121386947,1.0729817268739241
149293168,0.010489039295601806,1.7787682475417261,6.913555022626163,2.717390365139407
149294065,0.00964092187586127,1.3842824411022028,15.062384305967864,4.999197205080991
149294066,0.010908197360696436,1.45207609842352,16.57665620047954,1.7748105294305874
149294067,0.009616377758178253,1.480499666841738,13.218923345310786,5.666550861068028
149294068,0.014690742522947279,1.9624999285337466,24.51220220843296,4.628957530128685
149293177,0.011001270311177163,1.3676589564657067,6.207811471030313,1.0946696038027834
149293178,0.012877580260913705,1.6865572122860788,7.3559309259349615,8.718783357989402
149306558,0.018083401203531545,2.223038549717268,7.485627375304471,4.61603385850379
149306559,0.017597782930040728,2.2006749408487574,9.37483340358868,8.231626904542068
149306560,0.016656808448818533,2.1310935620093523,6.655500617736028,6.893477924860706
149306561,0.016361577674497772,2.2109910397249144,5.1342408876231564,2.3623944834427624
149306562,0.017916681135648413,2.0407324214954325,7.843836359150706,4.307419850944392
149306563,0.016944031631946476,2.0428027393135655,5.234035181043754,4.920228174417625
149306564,0.017231319579928597,2.385751752597965,9.431761543823104,6.032704757934597
149306565,0.01802499788237892,1.894019534755384,12.701780033299029,4.077723658503585
149306566,0.016649401043083625,2.3107792750334655,5.638796303363227,4.341671719791167
149306567,0.01660909219525717,2.310269736196712,6.994554926817925,6.586492988019804
149291933,0.008477247038543715,1.2461766132823409,27.305489350747703,0.24809315123641498
149291935,0.010382161092794086,1.3756367730629384,34.76405478252567,2.495723243035969
149294247,0.00903572537896771,1.8679991226000958,10.872695577368999,
149294248,0.0098383674008045,1.5488352727003407,19.39891737779558,
149294249,0.009028357595802025,1.8678578493849602,10.788116891082856,
149294250,0.009118502125326566,1.82995948253388,11.372561018684818,
149294251,0.009993370086610952,1.5402378279779487,19.394347585708662,
149294252,0.00980806475224517,1.3953457149793222,5.051046343627424,
149294253,0.009877158199747736,1.5284763530551428,14.07728718684607,
149294254,0.009966624856126814,1.4959211858144608,7.9792595455221775,
149294255,0.009871956604479324,1.4901772036673764,7.389216303141719,
149294256,0.009747645543880192,1.3964678829559956,2.708769816660114,
149293545,0.04945356386158326,2.6498540408090263,6.202941672867653,
149293546,0.04994903384457,2.552675253547939,5.5278193253348515,
149293547,0.04988682962117615,2.5521861155169927,5.725424316715263,
149293548,0.049961576551068296,2.5492500194275056,5.507105833029725,
149293549,0.0492267200010086,2.742412014678202,7.037483576674816,
149293550,0.04994612813297892,2.6060733731269328,6.795204012605483,
149293551,0.049914004386867515,2.568543092131231,6.458262593314131,
149293552,0.04878312215361765,2.792464459946676,9.828400076312944,
149293553,0.04860623788576775,2.9338994272216454,10.975661442903801,
149293554,0.048729481979198686,2.9431492102509087,12.684896612096015,
149291530,0.003916782266402498,1.245568700846397,2.4755742993641334,1.714311765612788
149291675,0.012552438298775375,1.0164991153104206,3.485569581543435,
149291676,0.012559203684179124,1.0132446435541296,3.4482691250624113,
149306656,0.010434175350607859,1.9400695493845947,5.202290221883629,
149306657,0.01042748556360877,1.9470310696236386,4.974347148358126,
149306658,0.011277226756816845,2.199643589463445,3.8143830712993223,
149306659,0.012929232085024661,1.8329205322842022,3.4952952567384292,
149306660,0.012490749257817488,2.017789096196378,11.52928214253285,
149306661,0.011799205946713959,1.8139561961159538,3.611709323246036,
149306662,0.011356089574758482,2.160262220636697,4.2848428233701075,
149306663,0.012407731498859494,2.190695972666752,6.335727570436366,
149306664,0.01230902507641548,2.0299260226495566,4.48733772379833,
149306665,0.01288160395781488,2.110904415112912,7.934847890535647,
149292297,0.028084743840301105,2.547709030993676,11.663098118310383,2.8585273880398594
149292298,0.02838686051627321,2.1797471420020487,10.188771562827451,6.610668597072889
149292299,0.03058410151154894,2.2404360418522278,9.358477579684436,3.146877957154573
149292300,0.03019636009907568,1.8417178409718782,9.242162647082553,4.0364430588862685
149292301,0.025986565469103627,2.6668878315787934,19.91420083687343,16.504711518676423
149292302,0.02671406207218886,2.670243400198577,12.904456113842796,2.561794605614882
149292303,0.027516974719629415,2.420861533153422,8.153067596276204,0.9555145802513882
149292304,0.02816383093280153,2.538313129970743,12.373979727328264,2.7240936360257706
149292306,0.027673119151655927,2.164460980792757,9.327456772521382,7.005461474546712
149292502,0.014394486471745259,2.5297993035594466,9.726808335812548,2.537384976684214
149292503,0.0147755867393328,2.5863455818905137,10.043666247486739,3.595768644424555
149292504,0.01445938119274644,1.8032733201535946,8.269468869942592,6.896135128840242
149292505,0.015939918706035554,2.294976045692805,8.539417446149042,2.7072832165707594
149292507,0.013636174596307777,2.350217632156374,19.298227589137184,39.596892693534635
149292508,0.015466597814776705,2.3448924122521686,13.50655079272398,3.6185008153841425
149292509,0.013941667324866456,2.3866498384414996,22.232668200249627,3.139459530810927
149292510,0.015719189202185787,2.4273184296664776,13.076622700926839,2.8516464263305084
149292511,0.015717289525755015,2.56749555463876,9.440818946744846,4.474935557814784
149306769,0.01835382512246944,1.9241151754866463,1.5753111403371352,1.080242547008429
149299664,0.015480318428005202,2.7140076354230023,0.007977847686293628,0.006300074991263559
149299666,0.015914709385773346,2.8695597730283144,10.360463899038853,4.726293650415706
149299667,0.015924603775952378,2.860536854026712,10.478255466173422,4.424079344702454
149298950,0.018307920859180666,2.8953503643220393,0.007307264599947521,0.002323457792295816
149308935,0.028314972886888164,1.6753291923086153,1.717349018599321,0.9408032547280141
149299583,0.01725778748052947,1.8149715629118652,0.0006003489475509336,0.0004937342682968253
149299647,0.028713921414048604,2.4076939349062974,5.670632858517024,3.984295705323634
149299648,0.02862668339223649,2.403330093936868,5.60507005457388,3.913704840217238
149306317,0.017944790269975253,2.8556421741934486,7.926594052836406,2.2230115429622104
149306324,0.017968398056398188,2.8514312773324524,8.251271840854818,2.2637733788694767
149307064,0.023716778541467746,1.8841275212893822,0.012047515107685512,0.008176033716545988
149307065,0.0224199219118815,1.8563957813668934,0.013010613236111227,0.008502655846354507
149306766,0.013992354570407924,2.346426078704392,7.348177604645452,2.5393090803432887
149306767,0.014315882546856059,2.3335751775834463,6.924116666441796,3.2488170162765844
149306768,0.014248800215370781,2.348477416869018,6.377124831856796,2.964737460888587
149300442,0.01992756812221896,2.6006954937141438,0.7920527375090469,0.021549427296263992
149300443,0.018750797457119724,2.942857845394857,0.9234738274313755,0.01752585951536056
149298226,0.030939805706516495,4.004052608310248,2.219677130439519,1.2523921737322963
149298227,0.02992222852819872,4.0116192196822436,6.109011725764613,2.3448689647207592
149308190,0.02451533961907278,2.143420518236871,0.6020572258102287,0.02873050501586959
149308191,0.024329376061661287,2.1160527351085086,0.6126101948474079,0.035041382082537126
149308192,0.026188250441575852,2.2599943970452467,0.5527883015564264,0.0019255268590069017
149299212,0.013546962124185343,2.1630054737485893,34.890862219007786,1.6167181599542073
149299213,0.012536534998695831,1.83173606832448,18.64548423040683,1.7849111882417565
149299214,0.013737172691986411,2.113064683032155,4.5108647558225545,1.094200690712969
149299215,0.014094903093333156,1.8791052499681646,15.072858643311676,1.1289974670034517
149299216,0.014307074830802851,1.9660325347053542,11.61791456841312,1.2926527311616278
149299217,0.014164136130332267,1.8867314083950288,41.389390495595464,0.7825252854251911
149291897,0.008097354521621723,2.14706396185866,36.77267820387118,1.6039356523043253
149291898,0.007986441591394222,2.1198582724506143,36.54697775788606,1.6015487655856637
149291899,0.01075168456636422,2.4791116805022324,2.548979770143308,1.8595626417783424
149291900,0.010672491102419197,2.4602677682732614,2.479446888720678,1.86076462299571
149299265,0.008291915271026563,1.2195526165364692,33.72929671113705,0.008524885812602578
149307621,0.020294473331928395,2.627899159264581,17.20080222278925,2.997173031319476
149307622,0.020290711998407995,2.6287075964328794,17.053043963714533,3.09603178172012
149307623,0.021129750225347292,2.301524457929298,17.760567082136753,3.9213112305286413
149307624,0.02113990883106959,2.3095969235956164,18.148461885055262,3.931113535230895
149307625,0.020791869053622593,2.5052369830613754,13.170926731558673,2.8125337694974695
149307626,0.02087751975090514,2.519893473311207,18.334134674817978,2.96575208703053
149299663,0.02870093264646239,2.067210402238584,3.4063387594085337,3.477479063005106
149298099,0.009663285296287016,1.9148387127091948,10.35635985986494,1.6688551686633495
149297614,0.011249170249666483,1.8837063772630953,4.809980418249989,1.069555552831154
149297616,0.011516696375593136,1.6905014858609757,16.385843855293583,3.5483530313701976
149297617,0.009946001885416004,1.6191947552152743,7.3859705336405375,1.5490933693926663
149297545,0.022606691830845488,2.3949543165527545,14.468979910584029,2.704428247594977
149299782,0.05617211042504858,4.0921287752496776,13.552184901769133,11.115609823242403
149299783,0.05624803245195688,4.0924158892032,13.400574158080365,11.113157685701147
149307346,0.03107776248631702,5.046170673140524,0.0007065145953045389,0.0008300857461849653
149306770,0.024062738099843446,3.793573653509761,2.0614687676868177,
149291442,0.02729287200730047,4.1011308551352,4.443775208829644,5.516806235344372
149298557,0.04152265453658742,5.860304501849334,3.2599457066018607,3.1270525067335497
149291440,0.026577653042876168,4.756812794041237,4.463362621433495,5.908500539237657
149300441,0.017450180864927695,6.0373844294652415,0.010303860678073094,0.010543386274725999
149298417,0.016698268805769904,4.133124715441355,0.030797216906413082,0.03020716142554616
149299881,0.040699033079067415,5.043153918722622,38.41501363181145,2.744235930279488
149299882,0.036670347629465784,6.066558746629027,35.939822758721725,2.30279921102909
149299883,0.04112504180214832,6.30629143132024,35.894439990687374,2.15130551445407
149299884,0.040696013936470925,5.045872490836803,38.14742394680129,2.7056408622589823
149299885,0.04220228664600938,6.20838623198586,39.193090470766585,2.120019500331138
149299887,0.04279630949474258,5.3146764575462395,62.72508850464902,2.100585055977327
149308514,0.025947791708963112,4.445628739912781,31.63775604313846,6.139166752150407
149308515,0.022677834050964747,3.8470349078936166,34.642268322070535,4.6655716991322995
149308516,0.022475774041527,3.08823988650083,6.87582287778997,3.7443347846379007
149308844,0.021125728435168373,3.169900504516807,55.8020103014248,
149293599,0.04990667321902175,6.019826396648497,42.29437119646733,
149293605,0.05145370766613299,4.555546580028086,17.920902141978754,
149308983,0.03205630255604755,4.206528785820483,21.620102967974052,2.1780057604331406
149293955,0.028841258560230586,4.835318400230143,14.542106935147137,
149298432,0.008250225133184661,3.9922600689695042,21.99311761618366,11.449094859986802
149294304,0.055219390554978154,4.659525562782583,14.812987641655186,
149294305,0.05364039817936312,5.590538841917286,19.39953917877528,
149294311,0.04733655359116616,5.876370211693024,14.793947788910696,
149294312,0.05019746552499403,5.787109647085791,27.616521678826228,
149294313,0.05341934848252515,5.304119318728824,28.611718870721624,
149309187,0.030021331257644418,4.969503951120305,25.457746392363035,6.522918888207643
149309188,0.020412150959203953,3.907534696114636,60.314572858839846,9.128089105810714
149309190,0.022899499819347687,5.017832889227828,54.992588883245304,34.84579055880996
149293689,0.06648312822328849,4.94295686397868,17.20856345140228,
149293690,0.05970380437770798,5.622281937930529,28.98057211614254,
149293691,0.06264971204491415,5.783269448619311,23.800893830106023,
149293692,0.06402194147158305,5.6008629207500364,20.113316715891738,
149293693,0.061471568613217696,5.572171801852576,15.918716305597226,
149293694,0.05579691163432426,5.720987627748643,30.89637393714583,
149293697,0.06391723982154163,5.701529821095672,19.80450363822335,
149298561,0.0721635464499009,5.817573725398773,29.595669745122414,5.253951087352269
149298562,0.06833573491745856,4.580030882095351,30.62608541229335,12.140575017063961
149299869,0.057939383813789935,8.40519001893296,40.27452984442322,0.18364262863772626
149299870,0.05709924320370513,8.665668609476217,49.91230715613414,0.28448993830724845
149293450,0.014385787239736537,4.4533560624949144,0.7747646064913336,
149308715,0.020341538267854918,3.797444501548894,8.59668282517123,
149308670,0.04565212558897402,3.9441011629422276,34.79748266197202,3.4423479815634903
149308671,0.03928801807465024,4.824433509878864,31.32203374744416,3.698506482895352
149308672,0.04620819937383933,4.524605058070946,60.52568007523017,2.161406429312677
149308674,0.08294473104641627,3.1632201238216604,31.76023542287335,2.8531120761359836
149308675,0.02970894891942562,3.09469689766915,1.096242601176147,2.031535680285783
149308698,0.09099806389114579,4.545074775157137,14.5395858046196,
149308701,0.06769050612934861,2.2753781676090146,8.686534113140413,
149308940,0.02751979071927808,5.737054185485312,75.55620944725403,
149308941,0.038162072957619565,3.5897722452630987,12.639968949717659,
149308945,0.026985652708059533,5.734906274864481,30.981239651877193,
149309325,0.010568652208380748,4.535992165750096,3.996393786945131,
149309327,0.009793448665271593,4.779690608202468,6.4606909965747805,
149309328,0.009785384242925714,4.777615307297506,6.455635710583305,
149309263,0.030363889804865693,3.34293446836096,16.06241164308456,4.792802746649877
149309251,0.07991732833174851,5.226411450045783,23.804907682961005,11.407694018561921
149309253,0.08232246667766034,4.721080424767269,26.654471564600343,6.636954769777267
149309257,0.07956154647829343,4.952638989180843,64.23684092523139,16.533846642966505
149293483,0.07571790264028762,7.448795209124102,20.093674721969844,
149294277,0.06105901978471156,6.125212613000795,18.279820591645567,
149294283,0.06215905490172999,7.961386691422821,21.16363861497703,
149293608,0.060600466737652216,6.968498445569069,39.66500562022123,
149293610,0.07071687615957818,6.0042523232504195,16.939739092063526,
149293611,0.07120103617697118,5.998351602820582,20.169375656264144,
149293612,0.0687348092978134,6.158303867457253,15.886929543066394,
149293613,0.06648886042316399,6.21112568569904,19.907315144121505,
149293614,0.07074752769356094,6.00878666349182,16.92771639947774,
149293615,0.06958290862288997,6.756533887290744,27.100217549759417,
149293616,0.06839290651441085,7.854978629552243,37.78183068358783,
149293617,0.0663583890392171,7.517525372749497,30.156748648884612,
149293679,0.06105453156900389,6.656205113024645,29.85502776255549,4.0952175270781614
149293680,0.0639894200268198,6.10325589755927,28.12015910255878,2.4483901394880485
149293681,0.062306395011317864,6.835569458542293,40.52747860954581,0.731741247524225
149293682,0.06799774828697808,5.628518291820091,17.297761124052094,2.266704612161488
149293685,0.05855935800601466,7.089396162303973,31.042460026151673,2.35538721675322
149293687,0.06574526391626857,7.512602123627652,66.33589058760259,2.7301590380033613
149293688,0.0623649962182201,6.793954991038199,23.22028446441694,2.3638885714765356
149294296,0.11381878594913086,3.366771140749505,2.067774279545698,
149293618,0.08717918342409131,3.034620945387744,2.126710342396379,1.2910657008631523
