,rmsd
149300610,0.09935534563923006
149307738,0.3046541520747945
149308037,0.1137341955010401
149308038,0.11743040783914023
149308039,0.1462217702728531
149308040,0.6174308234053671
149308042,0.22301348668273951
149308043,0.2079052658170851
149308044,0.6146987982113168
149308046,0.14794597091962355
149306873,0.04686017601063826
149306874,0.06170799199201668
149307532,0.4255224250430844
149307533,0.3943088005314687
149307534,0.23734158165819808
149307535,0.23174206705777364
149307536,0.2520774501061588
149306849,0.12374681989209745
149307786,0.5128526426734705
149297695,0.052046231459018766
149307280,0.32160181333196136
149307281,0.32609536478910894
149307282,0.2868131194216459
149307283,0.27123117609082065
149293094,0.2555923263728378
149293095,0.3796222289031353
149293096,0.3683125644698417
149293097,0.17763295873681637
149293098,0.30615954993990685
149293099,0.36758006595247456
149293100,0.23932767039693476
149293102,0.18402502407460342
149292396,0.7295691667163348
149292397,0.11127369486435063
149292398,0.8682090903806627
149299154,0.13038272169351395
149299155,0.2365690195393367
149299157,0.2418266392316111
149299158,0.16127873170202323
149299160,0.13060863466231382
149299162,0.16083793926779344
149297935,0.07413004782045825
149297936,0.08364539136200669
149297937,0.06461747395347686
149297938,0.062067208649113706
149297925,0.08221871259524191
149297926,0.088495979144583
149297927,0.07792176864998528
149297929,0.07657673387495208
149297930,0.09051267250089452
149297931,0.07107062980798086
149297932,0.08380519806198847
149297933,0.06633902306617218
149297934,0.1372101189413418
149306208,0.5220778534899658
149306209,0.228290401955017
149306211,0.10409684089745473
149306212,0.1897383795346444
149306213,0.5176481681986473
149306215,0.6959091912554851
149306216,0.5180358535668622
149306217,0.2237536750382073
149297435,0.0493175639689431
149297436,0.06563816370118494
149297705,0.3000735175369078
149297706,0.06612225819923512
149297604,0.23691516044243124
149297606,0.10327525180298149
149297607,0.06169216540522071
149297608,0.11453306857307094
149297609,0.06768868391442431
149297611,0.22104376305216655
149297612,0.2996604777888409
149297613,0.48646163543109927
149297598,0.07814325060837723
149297599,0.1077425727584306
149297437,0.09007334157413763
149297438,0.08022650804214815
149298951,0.28784805792211926
149298953,0.21495586690464266
149298954,0.13096942001510042
149298955,0.6084001490471194
149297600,0.28039406134014516
149297601,0.30688274438243
149297602,0.17785826848221511
149297603,0.17047234706740869
149300133,0.08934625340793775
149306450,0.051201760938585875
149306451,0.09317212853132088
149306453,0.07441119745794332
149294197,0.2843302866956377
149294198,0.13849330561409087
149294199,0.9152075501630894
149294201,0.12573168248467428
149294202,1.1475261486539632
149294203,0.39953540871421805
149294204,0.2905695737732578
149294205,0.18152461913525764
149294206,0.2698855720750105
149297834,0.13495156468184044
149297834,0.8959746748794901
149297836,1.7199681709678118
149297836,1.6362694094452575
149297839,0.7767397466600879
149297839,1.740898927273532
149299102,0.17300935401344855
149299104,0.13809543611088615
149299105,0.1360744686529586
149299108,0.24016785454310952
149299109,0.24450701606490452
149306689,0.12590383068461752
149306771,0.40473368840544477
149306772,0.8586175524523503
149306773,0.2405386400286466
149306774,0.5336149496727225
149300557,0.29037205028757035
149297808,0.1499696387494502
149297809,0.14296946493823817
149297810,0.2235281777325563
149297811,0.2196748666211056
149297812,0.24174753779140631
149297813,0.6156891690981664
149297814,0.29019460960763915
149297815,0.1983470982452429
149297817,0.41542235880965883
149299763,0.0766093281782565
149299113,0.3555060654455113
149299114,0.19795109452919835
149299115,0.325097608508277
149299116,0.1453084033887331
149299166,0.39444305269876334
149299167,0.14320042627448493
149299168,0.19212490657898013
149299169,0.2732462751309288
149299172,0.12099177000032718
149299173,0.5403138703338307
149299174,0.20132588941597843
149297404,0.1953733654946351
149297405,0.060136846164211326
149297407,0.2714832225238151
149297408,0.08101166992121199
149297410,0.21093235292119145
149297413,0.0924795997647187
149307560,0.3952475749129724
149307561,0.43540456013029094
149307563,0.09268470428274836
149307566,0.2777823330433758
149307567,0.45197884899470986
149307569,0.5796765212423927
149300313,0.10915088371316603
149292047,0.3584548275881085
149292048,0.5082165764389563
149292049,0.12664643338538
149292051,0.18631247949980617
149292052,0.4849557642128821
149292053,0.21790868812945216
149292054,0.6359801279527415
149292055,0.09410217711099501
149293144,0.17703965857332757
149293146,0.23221822659865388
149293148,0.18275282748673194
149293149,0.1637276415630923
149293151,0.3978900043471112
149293271,0.7721280217990788
149293272,0.08139529430188135
149293274,0.1931965929249833
149293275,0.22524150653497396
149293276,0.15873994556991164
149293277,0.28155202186166867
149293278,0.8429889234504
149293279,0.25150419451318873
149293280,1.3747443652115834
149297463,0.16699595911848722
149297464,0.14234292354452355
149297449,0.11370794514300109
149297450,0.0957242529809911
149297451,0.12225011464531542
149297452,0.15611890213570923
149297453,0.17119584175511843
149297454,0.13063191280490627
149298271,0.08803571628220115
149298272,0.09989819453801368
149298273,0.06811474198145992
149298274,0.06285847485662178
149298275,0.13334568326596966
149298276,0.12502444656847136
149298277,0.14869343107961705
149298278,0.22726509076174756
149298279,0.5990325163406552
149298280,0.09699216619804472
149300145,0.05073918380447021
149300145,1.9292668208035009
149300146,2.119367035940749
149300146,1.4170621763940023
149300148,2.360119625809691
149300148,1.245025321856813
149300149,0.7930327200770128
149298483,0.10447750652752723
149298484,0.10989504419116718
149299963,0.12367667901866491
149299964,0.12136932186719826
149299965,0.6272298883411435
149299969,1.4910775983667293
149299970,0.5748283441970657
149299971,0.24106196220375545
149299044,0.17686789609374948
149299045,0.5413944748176809
149299046,0.25294123271273766
149299047,0.8313393709644235
149299048,0.3916224392107629
149299049,1.0197013374196728
149299053,0.2813174851058302
149299994,0.25539110681354354
149299995,0.7636415734296255
149299996,0.23898111910246697
149299997,0.2668594830032879
149299998,0.26853767942442847
149299999,0.2865297305820724
149300000,0.6180054625791626
149300001,0.17661311007050629
149300003,0.08614825084831415
149308612,0.20538865140888518
149308613,0.15526937837013008
149308614,0.12885553967688113
149308615,0.16640489472141778
149308616,0.19364911493183473
149308617,0.19459020079895292
149308618,0.2716225834600117
149308619,0.10962282990183625
149308620,0.12375108434514186
149308621,1.1641794805231556
149293966,0.23421532120169913
149293967,0.15889051048606542
149293971,0.08842566027889345
149293972,0.08998987541420442
149294187,0.27137227537955194
149294188,0.36379209475021107
149294189,0.2817794653687333
149294190,0.22185106654147912
149294191,0.15968488992541352
149294192,0.3362353863942523
149294194,0.7425957184986998
149294195,0.19254401605371652
149294196,0.163225542040083
149292122,0.07699310042929074
149292123,0.075970679881806
149292124,0.30097765340800137
149292127,0.12871485357445406
149292128,0.0689535362484643
149292129,0.19807838475554457
149292130,0.16518486715038563
149292131,0.2123470466757451
149307878,0.1581300424985846
149307879,0.22535904071933896
149307881,0.15766905760560848
149299471,0.29023952771312866
149299476,0.25897499387867023
149299478,0.23862334067491342
149299479,0.2860489201032844
149299455,0.129248978659776
149299456,0.12542967522176823
149299460,0.0676514650955184
149299461,0.08045864208772846
149299462,0.0821821418651581
149299463,0.11667764580445315
149299464,0.11194088355287474
149297707,0.07879284278254879
149297708,0.1375591553415838
149297709,0.057101986888624404
149293239,0.12616742786417706
149293241,0.08433451528463284
149293242,0.1455881020652057
149293243,0.12779367735098346
149293244,0.1320961940160698
149293245,0.5752394971668646
149293246,0.1379704710040417
149293247,0.40851049088207897
149293248,0.408506693015122
149309585,0.07907468181271532
149309588,0.1419954044365781
149309590,0.09743598388463694
149309591,0.15023280258223376
149309594,0.08984240702230761
149307191,0.23617532188067056
149307192,0.24905959717132378
149307194,0.7580425938569655
149307196,0.7194645231261351
149307198,0.9886072017494499
149307199,0.16855972122287202
149307200,1.0079796645992294
149297946,0.23206630402608747
149297947,0.31117202493131735
149306133,0.06017266448458669
149306134,0.06398057869264324
149306135,0.06680086790821016
149306136,0.06872463337136737
149306137,0.07939022563232659
149306138,0.06745607221591847
149306139,0.08391254877373215
149306140,0.0904525971065171
149306141,0.13808036646463956
149306142,0.10913805649686469
149307827,0.20398365301161364
149307828,1.1894657812288085
149307829,0.18921652644661668
149307830,0.41952338207828893
149307831,0.4320019360555742
149307832,1.2175165899711131
149307833,0.25112517497885456
149307834,0.25075110817295215
149307835,0.15407362754304704
149307836,0.16815520090619468
149300373,0.6199450536959805
149300373,1.6069482578484025
149297483,0.14323355055588954
149309720,0.1964835167938642
149309722,0.22007075479543314
149293983,0.41904251980856755
149293984,0.17552444383360474
149293985,0.12121801946097228
149293986,0.21870219943502336
149293987,0.1736195030133646
149293988,0.2446741873182688
149293989,0.11338378530317064
149293990,0.10065762264683638
149293991,0.17407748349877006
149293992,0.2333967130143196
149299187,0.180530667171801
149299188,0.3987995183056841
149308382,0.7373152726668897
149308383,1.1524404186939636
149308384,0.7553400564767774
149308386,0.8742543718278839
149308387,0.4134907098741281
149308388,0.20740895877500862
149308389,0.7256431503055476
149308390,0.2119874552473051
149308391,0.776163249696024
149300479,0.41061326047701957
149300480,0.2522165199905936
149300481,1.0603758469614397
149300482,0.41846611899136205
149300483,0.3044682118410883
149300484,0.21655899727051722
149300485,0.38494539237988656
149300486,0.2492283264014044
149300487,0.4497646796644528
149300488,0.8334753918086809
149292317,0.12436932683159105
149292318,0.12004114411493229
149292319,0.09714148459242763
149292320,0.3336040515556067
149292321,0.3349385890207885
149292322,0.19649587491302015
149292323,0.1924333870388643
149292324,0.0834297633227482
149292325,0.13771055479001565
149292326,0.13723248728470863
149293193,0.06131792367106071
149293194,0.05610719730524223
149293195,0.5898046108497651
149293196,0.17044970465141662
149293197,0.09892981157397965
149293198,0.6263865884724718
149293199,0.36952004239939895
149293200,0.18232411142645796
149293201,0.09996885326938783
149293202,0.27493673962184617
149306198,0.08795416485743128
149306203,0.08503782631240799
149306204,0.23104317495410348
149306205,0.1643546058331814
149306206,0.2652224574745541
149306207,0.2607041365208637
149293249,0.08299147317792072
149293250,0.08588265408072081
149293251,0.37187933277940655
149293252,0.4810999378271147
149293253,0.08290287713494172
149293256,0.5301891893246244
149293257,0.09070335165466892
149293258,0.0990817052484283
149309830,0.0219222505625312
149293067,0.1986280445619347
149293068,0.10575845607059295
149293069,0.5080691139061515
149293070,0.5503320084896374
149293071,0.18751665240153195
149293072,0.27512489500319465
149293073,0.2295801504113078
149293074,0.20527732421446537
149293075,0.28452562032521345
149293076,0.2592867791846679
149306408,0.5930482374659172
149306409,0.24964693877911426
149306411,0.28793032744919356
149306412,0.22806924982533935
149306415,0.46875247783833945
149306416,0.4620726179567438
149306417,0.3080482922828652
149306466,0.26660133744488296
149306467,0.7213030566112111
149306468,0.7404624068452891
149306469,0.5102660552585111
149306471,0.17617900077955578
149306472,0.4941263400168128
149306473,0.324255832585532
149306475,0.4495121535384587
149308705,0.27203561050404984
149308707,0.36513571392791305
149308708,0.323654515822027
149308710,0.98298076232517
149308711,0.5365186789214083
149308712,0.6364375323537234
149308713,0.5623087673521787
149308714,1.0452428687203266
149300176,0.33015411366015823
149300178,0.4222269842189748
149300180,0.2828541448481134
149300181,0.09150928682420256
149300182,0.07162182983227501
149300183,0.09427037317673141
149300184,0.0893410013124003
149300185,0.11807046391879339
149307100,0.27017240267556586
149307101,0.1762189856098497
149307102,0.517699053898314
149307103,0.8166728475032287
149307104,0.22190364946636637
149307105,0.9760088392399227
149307106,0.904246162954582
149307107,0.2632136408751972
149307108,1.0522914719711878
149307109,0.42279350572915764
149299014,0.1439404254991002
149299015,0.14996105774729104
149299016,0.307311598997689
149299017,0.10958719391137872
149299018,0.16968850552068981
149299019,0.2007059984443684
149299020,0.17753611237158373
149299021,0.2129263594201583
149299022,0.23548222404201155
149299023,0.2732193877965444
149307842,0.2613964710358898
149307843,0.33284680818052165
149307844,0.33390444507684214
149307845,0.30096257737585635
149307846,0.3285527966742882
149307847,0.2225129455460176
149307848,0.22853094265257876
149307849,0.29885423668734684
149307850,0.3003428449958659
149307851,0.2521433519768612
149299383,0.33859270863106017
149299384,0.23496545792587212
149299385,0.1986911881217683
149299386,0.18525914899685292
149299387,0.21286483847827706
149299388,1.1699474512162304
149299389,0.2601971804195381
149299390,0.32816506918005534
149299391,0.21004951139119046
149299392,0.2654045583592336
149298520,0.17165903245750982
149293919,0.2536227817457529
149293920,0.28574891852040857
149293921,0.18756608290164134
149293923,0.360370432383643
149293924,0.4132462632898672
149293925,0.19576946354075478
149293926,1.5504770177233083
149293927,0.14820830311633254
149293928,0.2688454998294629
149306418,0.16301069447923108
149306419,0.5715959161276131
149306420,0.3107985320142648
149306421,0.2998275022413999
149306422,0.3391772290678736
149306423,0.20369340416111084
149306424,0.2994902833772718
149306425,0.1532060508902038
149306426,0.28769967747360203
149306427,0.2162460570424635
149294207,0.24477852363916136
149294209,0.22972803995794294
149294210,0.39251927790340524
149294211,0.4236743253410378
149294213,0.2523541601835472
149294214,0.32143936346919455
149294215,0.26639518674877055
149294216,1.0421795874464914
149306607,0.18896916408852357
149306608,0.18369688874186244
149306609,0.14400163544306296
149306610,0.14144634178466567
149306611,0.6069748580644426
149306612,0.18525640323996317
149307627,0.20346666055882948
149307628,0.19226939536324736
149307630,0.5171462096061787
149307631,0.10080541563164522
149307632,0.09024541260494044
149307633,0.5291206195625523
149307634,0.7862448045694657
149307635,0.7923777877023082
149307636,0.771450352353677
149306506,0.45984108146806824
149306507,0.4460940543977603
149306508,0.5759697348030506
149306509,0.6017566558260392
149306510,0.18945784089525752
149306511,0.8694806547473014
149306512,0.2681866063178098
149306513,0.268998653432644
149306514,0.8033348657766636
149306515,0.8695304305514515
149300314,1.0056717663717063
149300314,1.274969092053207
149300315,1.0103521685003825
149300315,1.3639070250712522
149300316,1.1614957927167888
149300316,1.1791972154945412
149294069,0.8164585924548122
149294071,0.29869903019575755
149294072,0.3740275268751449
149294073,0.5945075193382484
149294074,0.8273490652443833
149294075,0.6111904109346602
149294076,0.339816038599808
149294077,0.5111733048993786
149293313,0.13902921582277122
149293314,0.20750439329252846
149293315,0.175420986378292
149293316,0.365084193009387
149293317,0.9107011884149311
149293318,0.18602779025549845
149293319,0.13836649767815307
149293320,0.1590007912956129
149293321,0.17031348986759812
149293322,0.14025229665277134
149294297,0.6325486815490523
149294298,0.601834834750171
149294299,0.3817950083526396
149294300,0.3601973619348673
149294301,0.5968120683717747
149294302,1.0437250788925687
149294303,0.20363633171697207
149292405,0.10469613283958852
149292406,0.07571627916772886
149292407,0.07561003975264331
149292408,0.19635170221567866
149292409,0.19912756132999623
149292410,0.16369213920249698
149292411,0.16589127462740663
149292412,0.13732694576987817
149292413,0.2159245234427028
149292414,0.23527943504941332
149293154,0.035975864627885136
149300287,0.1172709730251711
149300288,0.11276887762650566
149300289,0.10770428897534075
149300290,0.1609912882588932
149300291,0.10757430523351594
149300292,0.466882887961518
149300295,0.1664681395750926
149300296,0.1124336792320966
149299430,0.09388791473474944
149299431,0.8498523334982567
149299432,0.09079738018755565
149299433,0.11370941340452535
149299434,0.14678367412683307
149299435,0.7949298453968746
149299436,0.2583748769865443
149299437,0.06330242280753429
149299438,0.24990982201107173
149292833,0.18997684058703374
149292834,0.22406855415678578
149291483,0.2011979243938868
149293014,0.05107710686431593
149293015,0.033199029913718175
149293017,0.22571730109540541
149293018,0.06376442626487254
149293019,0.13409867243673868
149293020,0.06811238568227254
149293021,0.22645052040641836
149293022,0.12453296732933533
149293023,0.09448370368660489
149292616,0.8595650394240061
149292617,0.638635193180443
149292618,0.3002536059009435
149292619,0.23409387206831814
149292620,0.6599487604738307
149292621,0.3954002201454663
149292622,0.21019408813350035
149292623,0.09359735617546663
149292624,0.2666580912072158
149292625,0.11679903598517828
149294174,0.5291422500643517
149294175,0.1761950594758015
149294176,1.1146774813315927
149294177,0.5376071231925975
149294178,0.1547868345566304
149294179,0.19922276700289554
149294180,0.7841076762709781
149294181,1.0960498930562528
149294182,0.18439208840962476
149294183,0.17992234138055616
149292522,0.46667312585953225
149292523,0.4953225783354712
149292524,0.47697625930511306
149292525,0.29047890524492914
149292526,0.27464129109778357
149292527,1.2046319160196282
149292528,0.5826226204043153
149292529,0.5308656891378482
149292530,0.3513984493415295
149292531,0.9999180252866746
149294031,0.1364011446210514
149294032,0.6454910362247678
149294033,0.22428040069086524
149294034,0.4932309057050662
149294035,1.01144686274708
149294036,0.6149377969478199
149294037,1.1577857933725655
149294038,0.7786641304653034
149294039,1.1062224765643929
149294040,0.3570022740746144
149293712,0.4850465330111141
149293713,0.4848560129019076
149298250,0.45521723082503424
149298251,0.3736079632584861
149298252,0.3790748173840683
149298254,0.10972630897386013
149298255,0.10878057975423243
149298256,0.1165856454079008
149298257,0.1154056201883793
149298258,0.4555421386566063
149298259,0.4890766883619882
149298904,0.08271196159864067
149299225,0.19102537929882119
149299228,0.07951977457764188
149307559,0.09922335286707762
149299888,0.06733372530048327
149299891,0.06144843241007484
149293417,0.5612482207784959
149293418,0.6662232892165874
149293419,0.2324223954303587
149293420,0.653115460902578
149293421,0.10063730013585215
149293422,0.10281521157927664
149299892,0.0732945303713805
149307484,0.2723942914210528
149306496,0.23281867002772197
149306497,0.3712561969587654
149306498,1.687881765672491
149306499,1.7200832183834156
149306500,1.0895118264605541
149306503,1.6247637491868157
149306504,0.8455795317472075
149306505,1.0110063691907658
149308460,0.30103945701268997
149308463,0.3007717185521111
149308464,0.3422761196971128
149308465,0.6206059662713327
149308467,0.5597923511743621
149308468,0.33666076555452157
149308469,0.6234421455824317
149307469,0.1417236418595941
149307470,0.6725832772952116
149306443,0.018061376806690677
149309315,0.1565268829998936
149309316,0.13937561579866564
149308543,0.15235320473923666
149308544,0.16698366839484177
149308545,0.17570355843565932
149308546,0.08931408532420618
149308547,0.10920549614345308
149308548,0.07209080269415803
149308549,0.09244754559751499
149308550,0.15185697175299875
149308551,0.12822237752317575
149292153,0.27914518188626614
149292154,0.129207135109028
149292155,0.12849480521831294
149292156,0.0840169360671527
149292157,0.08005558437929274
149292158,0.717156559676198
149292159,0.48081919231429665
149292160,0.1593982979639623
149292162,0.14663392214388704
149299573,0.21457983548220133
149299574,0.22163403211904104
149307852,0.25222381781913655
149307854,0.3060679857184294
149297851,0.20632994704450627
149297851,1.2422285731215423
149297852,0.6800261492826981
149297852,1.3711961808216915
149298716,0.2558477010960761
149298716,0.55544219114302
149298717,1.4089441905951443
149298717,1.605913770094441
149298718,1.0662392849814757
149298718,1.0583027024172116
149298720,1.3737135054817722
149307802,0.10460592790275416
149306630,0.5469872433485108
149306631,0.5419902391928083
149306633,0.2760232301224451
149306634,0.0932145467865595
149299080,0.0793600503129751
149309242,0.12585558647523976
149309243,0.5037118851206074
149309245,0.5482948864130478
149309247,0.22394364059691363
149309248,0.17987670107120834
149309250,0.15950707485132498
149297361,0.37530413366835824
149297362,0.6880988368497934
149297363,0.6865309927021325
149297364,0.6823394874981171
149297365,0.127743959633862
149297366,0.11961760827954589
149297367,0.44433841810541236
149297368,0.1472793609718986
149297369,0.20312403319821987
149309709,0.9106121739293205
149298206,0.039700700619488355
149307746,0.1039790622631348
149307989,0.1993033554535004
149307990,0.09794813644764962
149307991,0.19477918665656044
149307994,1.0148271340014734
149307997,1.019757302966674
149298527,0.19204449943458274
149298528,1.222928913274377
149298529,0.253248426741788
149298530,0.2820914147511179
149298531,1.1186193179909303
149298532,0.7466779435411444
149298533,0.7286629723250899
149298534,1.343363957154814
149298535,1.3392669475492265
149298536,0.38833931761491103
149307549,0.5840301507005836
149307550,0.5950414174367739
149307551,0.5671264626284449
149307555,0.947302688408501
149307556,1.0645042217233815
149307557,0.6594567138073733
149307558,0.6572866094306107
149306586,0.03183730485556607
149307946,0.1665100434160474
149307947,0.1703329732672068
149307948,0.17267929223796255
149307949,0.165555808711042
149307950,0.5681379436919594
149307951,0.5252206768985042
149307952,0.5547175441581931
149307953,0.5235958371678794
149307954,0.1623899334793964
149307955,0.16791398630721904
149294151,0.07085330168324651
149294152,0.07507167519482981
149294153,0.283650752810352
149298212,0.0538484276042551
149298213,0.07682747426394397
149299256,0.565431409518878
149299257,0.11750874025570543
149299258,0.12768839717687455
149299259,0.5014993788895334
149299260,0.2956606418485279
149299261,0.15670829753248214
149299262,0.22787518113346333
149307724,0.12561178905232787
149308628,0.10661003637151215
149308629,0.10682570974255434
149308630,0.4331979579648774
149308631,0.441101386871361
149308635,0.10295079726743432
149308636,0.10441333632140719
149306605,0.2237304540338506
149306606,0.21874470566754825
149300014,0.12499874636458606
149300015,0.08381181974256147
149300017,0.12838387421828035
149299578,0.07217246830043646
149299579,0.09443428388784032
149299581,0.08405682728583588
149307956,0.13600713316130328
149307957,0.3492792504350843
149300078,0.2963891715187308
149300079,0.3332192970054959
149298500,0.21642161037034263
149298502,0.18845191195315542
149298503,0.10971522224381178
149298504,0.2626114700452609
149298506,0.120926161945723
149298507,1.690379462366492
149298508,0.2649307285308594
149298509,0.13073961111629212
149299550,0.16616868929345532
149299551,0.05226606042033382
149299554,0.06535504316569869
149299556,0.26774122062573413
149299559,0.0777815485691082
149294021,0.4146939945937902
149294022,0.6266927126297389
149294023,0.1517395963753519
149294024,0.5462533144196415
149294025,0.5326498476050396
149294027,0.20681195855810386
149294028,0.1610873189951041
149294029,0.2107611997787274
149294030,0.15589199529583478
149299483,0.11264296205369106
149299484,0.10888723372338524
149299485,0.14567778467504328
149299486,0.1316138808732172
149299487,0.1301417377684086
149299488,0.12894576298087373
149299489,0.11189570928505715
149299490,0.10676151561463415
149299491,0.7592229401715971
149299492,0.7307712444992395
149306835,0.1162498900919727
149306838,0.09905928877539552
149306839,0.29790300577759987
149306840,0.4926689105379683
149306841,0.4754540500548412
149306842,0.13244926280254365
149306843,0.4754891080754274
149306844,0.2907922215836068
149292899,0.12366759928644654
149292900,0.14763903403429468
149292902,0.16813231622967567
149292903,0.28063226939413133
149292904,0.1251697637101957
149292905,0.09877668124258673
149292906,0.2117837391693349
149292907,0.23960743585206015
149292908,0.12274355027531637
149300559,0.14602464028481482
149300560,0.13797556094204314
149300561,0.10945522256680705
149300562,0.20034300827401916
149299761,0.04321083901719886
149299762,0.02892461561816284
149308057,0.20441090378573223
149308058,0.21897323674713984
149308059,0.22622716424014297
149308060,0.21577068043726988
149308061,0.468318142799121
149308062,0.49398812447845053
149308063,0.6025397334436123
149308157,0.729864821643707
149308158,0.22879459378547
149308159,0.2448951525213272
149308252,0.18876818421775493
149308253,0.22525225443149333
149308255,0.14194221049526806
149308256,0.19881730581301132
149308257,0.6782620013916173
149308258,0.20095831807224548
149308259,0.21165882791906213
149308260,0.19907957966088377
149308261,0.27661887536185154
149299288,0.10139890701917868
149299289,0.08983163591553092
149299292,0.21725621645134244
149299293,0.3995292415964319
149306121,0.2262407584136588
149306122,0.23401510157082658
149306124,0.9307394528195642
149306125,0.1576717396586044
149306126,0.305920460322536
149306128,0.2672903807705392
149306129,0.26010823544389683
149306130,0.13237774981183406
149297514,0.18482697827469224
149297515,0.4893730971832206
149297516,0.07065828740392731
149297517,0.16882151480648525
149297518,0.19534190068849
149297519,0.2062674938940695
149297520,0.08099338693212667
149297521,0.3952193341661785
149297522,0.09732909214252132
149297523,0.40085463073908245
149307055,0.21743574873756522
149307058,0.20372962644950293
149307059,0.15004050109732814
149307061,0.28547700717405095
149307062,0.23729874105440282
149307063,0.2095327892231592
149307315,1.000059555964566
149307316,1.0610592039656832
149307317,0.19498629805792836
149307318,0.7839302918904594
149307319,0.09604392901979038
149307320,0.16942470956046962
149297778,0.2776277268855878
149297779,0.28782155899867506
149297780,0.18247368686011017
149297781,0.1723284838009975
149297782,0.19361908323480712
149297783,0.12265954300699683
149297784,0.2113665915865152
149297785,0.1508119906190931
149297786,0.08951815391065579
149297787,0.07414336922704447
149297948,0.1311585879335561
149297949,0.13361937759090567
149297371,0.20408972985119814
149297373,0.14722035172630518
149297374,0.09200330661907587
149297378,0.9377725808133831
149297379,0.10748975047051905
149297380,0.2742960850026751
149292713,0.36676184484069435
149292714,0.27022381792380906
149292715,0.16730079396084335
149292716,0.2563845414450482
149292717,0.1415635514369616
149292718,0.16557810153289595
149292719,0.15180667301715225
149292720,0.5898288198978351
149292721,0.17608500880329098
149292722,0.10364301349930993
149294138,0.1497037614778509
149294139,0.21246632741896482
149294140,0.11677177192434525
149294141,0.25960518501739344
149294142,0.5339247390133924
149294143,0.12618010709962002
149294145,0.21822168355726407
149294147,0.09026183710640891
149293179,0.30744236253937046
149307885,0.5480592504355617
149307886,0.4733372955292445
149307888,0.28789014182816886
149307889,0.48616547317205105
149307890,0.23782184602525572
149307891,0.7880958575789819
149307892,0.05931331358666631
149307211,0.058754052900636414
149307212,0.05830666237604384
149307213,0.05465951357862801
149307214,0.08507223644512703
149306793,0.11426397378715689
149306794,0.06511944012407178
149306795,0.12679228949355362
149306796,0.11536285960623861
149306797,0.12795505544094193
149306798,0.16452850033572788
149306799,0.08417146560472305
149306800,0.08992641956419607
149306801,0.12089087204411433
149306802,0.10384167646302465
149300378,0.2718845102501651
149300378,0.9760655195556952
149307121,1.3989608124576152
149307122,1.4632323560311957
149307123,0.3861418061172244
149307126,0.3565591608511571
149307127,0.21269590096090388
149307129,0.2376995739249913
149307130,0.8731161519698037
149293889,2.3663268989404997
149293890,0.7115608722651902
149293891,0.27468410663783216
149293892,0.3559921257594405
149293893,0.283395111846217
149293894,0.29165199436052897
149293895,0.6801640892486345
149293896,0.3145184223807462
149293897,0.571279977783636
149293898,0.49553345767748863
149293935,0.3976421026300683
149293936,0.7582966535139618
149293938,0.5757493489834227
149293939,0.452177431416959
149293940,0.12273425860840301
149293941,0.3027301334730902
149293942,0.46493161609989175
149293943,0.6401569335782767
149293944,0.4132159261139683
149299393,0.5815862927671532
149299395,0.36887908352105386
149299397,0.4459892884118149
149299399,0.326537173975017
149308242,0.38328177471569863
149308243,0.2769689227907138
149308244,0.3328184243329811
149308246,0.7465792293835883
149308248,0.22401578414416162
149308250,0.28906927400470156
149308251,0.5250214245023856
149293343,0.3145814976606188
149293344,0.19392819519553034
149293345,0.15462059147355603
149293346,0.657037732617139
149293347,0.11684836388327913
149293348,0.12941926710303
149293349,0.1314412379534131
149293350,0.1359777127265972
149293351,0.13488487577236713
149293352,0.13473918169540774
149306188,0.23961051904557218
149306190,0.644426149942897
149306191,0.7602570846275334
149306192,0.32969204667010393
149306193,0.7747198863189465
149306194,0.9424162193146959
149306195,0.8292091656134148
149306196,0.734266056584771
149306197,0.3266947458842594
149300598,0.09990265786276789
149300599,0.2546956424898869
149300600,0.23323608732194182
149300601,0.15313587958410327
149300602,0.14066496116754712
149300603,0.19863564240425674
149300604,0.1875327849509967
149300605,0.26282662591915396
149300606,0.17801679878645446
149300607,0.1819593802336611
149298521,0.10279042410511856
149298522,0.19972431123272008
149293026,0.15843079703027738
149293027,0.20643439337506586
149293028,0.2967143221283053
149293029,0.16860552645100352
149293030,0.23301668801446784
149293031,0.17398603945299954
149293032,0.28273571412764836
149293033,0.24055987198576592
149293034,0.3125699939090518
149293035,0.19297000500208944
149294237,0.2111281603536457
149294238,0.5481527277197039
149294240,0.3319457172850258
149294241,0.4739652871605695
149294242,0.3819342328066075
149294243,0.23064932766935084
149294244,0.3348797191854412
149294245,0.20376684752949892
149294246,0.1674650215311422
149294102,0.2162045703656877
149294103,0.14412318995885443
149294104,0.15562590904378762
149294105,0.16661134972230215
149294106,0.5714613446497828
149294108,0.16585088275706042
149294109,0.25180080768523383
149294110,0.14728490050642143
149294111,0.7762050920737807
149292645,0.8002375935454406
149292646,0.3284347343384544
149292647,0.28684208094370706
149292648,0.3087942286472538
149292649,0.6142741984858265
149292650,0.6391474098042682
149292651,0.3810075291614499
149292652,0.23870285505015745
149292653,0.2501709537344239
149292654,0.357150434327522
149298424,0.15840556331831207
149298425,0.12780040818806837
149298426,0.14293345157299162
149307331,0.5216841497255986
149307332,0.09096626419849926
149307333,0.08020921560428555
149307334,0.09160018202266805
149307335,0.09792096399363705
149307337,0.11805564507931861
149307338,0.13045299298916094
149293659,0.30928101878989617
149293660,0.2905331880433001
149293661,0.29972784530904245
149293662,0.2600306923832779
149293663,0.19840498843563856
149293664,0.37561141360481515
149293665,0.3041030484962217
149293667,0.30440350058031673
149293668,0.324912001744956
149292752,0.15708521887379176
149292753,0.2674855214240751
149292754,0.128768695515661
149292755,0.1573980941379642
149292756,0.2093422929136155
149292757,0.10604909672487384
149292758,0.07276857902390678
149292759,0.2753919743317719
149292760,0.14855491002583768
149292761,0.7759463156081436
149292539,0.1030635422239115
149292540,0.2053820323858831
149292541,0.3119907556761198
149292542,0.4224830791088861
149292543,0.11279757893499247
149292544,0.27758549916427316
149292545,0.18743567576585032
149292546,0.428163442025933
149292547,0.23146479998537697
149292548,0.3882193245803277
149291740,0.29657030459632105
149291742,0.3980690813961221
149291743,0.5929778152949521
149291745,0.7125383224285422
149291746,0.16288813144328929
149291747,0.16894266769064806
149291748,0.7916704609112547
149291749,0.17070024593312066
149292772,0.11259640055457246
149292773,0.08643897219125411
149292775,0.18998598997651664
149292776,0.37539737239574916
149292777,0.09130779214475666
149292778,0.13205531565900502
149292779,0.08913735342601559
149292780,0.2632519446552272
149292781,0.3556451500764395
149294314,0.5158052271597361
149294315,0.5212892455732767
149294316,0.5059640932754892
149294317,0.37597441959908195
149294318,1.0609683842993698
149294319,0.572569309158232
149294320,0.45795692671251015
149294321,0.29376690703862607
149294322,0.4030984056397672
149292559,0.3234844880029587
149292560,0.892472287222608
149292561,0.5488328527558783
149292562,0.30502890210890116
149292563,0.3185496848589506
149292564,0.4161275857061001
149292565,0.5264367843430765
149292566,0.5807623987536379
149292567,0.6232429968933326
149292568,0.9503516357622133
149300087,0.0828618834105143
149299632,0.0890334996452562
149300435,0.24374405882545563
149300436,0.6352657939722186
149300437,0.3943307361381357
149300438,0.3955493487439274
149300439,0.09842025827443593
149299244,0.04236860576306713
149299921,0.03570333146304625
149308304,0.039171678807269426
149306876,0.06537529602880263
149306879,0.17700340268193657
149306880,0.15566952311823676
149299211,0.027478712840138964
149299239,0.07404765003360207
149306635,0.20985614041433595
149306637,0.09515238542706822
149308470,0.16692686202265616
149308471,0.09801815201080644
149308472,0.6758905930782437
149308473,0.08942063037269361
149308474,0.18532625126637908
149308475,0.5239422454830741
149308476,0.14813679038626695
149308477,0.3765487267776567
149297955,0.15623613757358995
149299054,0.04997561697572278
149300310,0.15228554239612815
149300311,0.15346430123456903
149300312,0.15133459553489478
149309274,0.12066347179648258
149309276,0.6523828666846937
149309277,0.3717874962508699
149309279,0.5189088227978995
149307737,0.1507552480124588
149307537,0.1854019284036593
149307538,0.1819832319290941
149309541,1.547082526558371
149309543,0.35850687699036415
149309544,0.6050819822372282
149299101,0.09509458373549022
149308997,0.2797529793460069
149308999,0.2900859952114366
149297954,0.060868214591749945
149309728,0.08804612361004849
149309729,0.06106218640861583
149309735,0.10668175730491963
149309736,0.11312217777055847
149309737,0.13090095881171054
149309738,0.058926566610615995
149307968,0.5001252700343229
149307969,1.0438933872410632
149307970,0.18268050802696048
149307971,0.3346336608304041
149307972,0.15434756439959477
149307973,0.13678637328545026
149307974,0.34397706028457425
149307977,0.06630047350073931
149293879,0.3739989207173876
149293881,0.15731610012056077
149293882,0.18142052582916066
149293883,0.18897413484405506
149293884,0.3803731755127981
149293887,0.1370981005135997
149293888,0.2474170088998697
149298308,0.1195485174943908
149298309,0.29991314371108685
149298310,1.1387210088572606
149298312,0.2201321331187144
149298313,1.233776308520048
149298314,0.1652944611103976
149298315,0.22896355745657884
149298316,0.4180446883758569
149298317,0.6451323421070422
149299685,0.10562614889544777
149309857,0.11575336536752578
149309858,0.127909672567169
149307745,0.3312166859932384
149307637,0.10733822622874466
149307638,0.11004397839937129
149307640,0.21088390388512643
149307641,0.21363152471068853
149307643,0.12961874723961547
149307644,0.09996028162356466
149307645,0.1909164516428443
149307646,0.1489854680678312
149298956,0.3316228853087177
149298957,0.2919916317449361
149298958,0.3179967861614867
149298959,0.26843540618291223
149298960,0.8190531361015438
149298961,0.34102073348962864
149298963,0.16495892178074686
149298964,0.14355705371475203
149298965,0.17960224414661985
149298778,0.5172867045009316
149298779,0.4003637951990433
149298780,0.4061487329893309
149298781,0.320257033014527
149298782,0.24819971791105652
149298783,0.4232140689515012
149298784,0.3956758376056611
149293281,0.45488550520955434
149293282,0.2847058112838238
149306268,0.0502715987921655
149306269,0.05999563898299647
149306270,0.10123346368790233
149306271,0.16994080850937088
149306272,0.05308096822628934
149306273,0.04601281647752067
149306274,0.04167757765722682
149306275,0.045313591044221085
149306276,0.3774331012180052
149306277,0.3745103849862674
149298318,1.0283340794756828
149298319,0.5769946865425716
149298320,0.2989598500396073
149298321,1.0842254035941186
149298322,0.7455049374761568
149298323,0.9226918640640462
149298324,0.47175710070068927
149298325,0.528417661223996
149298326,0.8780179155364847
149298327,0.28257330719430057
149308170,0.19743595957578164
149308171,0.17415577849603062
149308172,0.3385317111219065
149308173,0.45325756328251054
149308174,0.35928261474955836
149308175,0.38418906212216436
149308176,0.5000201948190128
149308177,0.2876816417580124
149308178,0.2731824211523888
149308179,0.5310862800461875
149297696,0.09662025243131113
149297879,0.17503853950416187
149297880,0.1578010503700676
149297881,0.2551763131017551
149297882,0.1718382375061282
149297884,0.1426202813095561
149306957,0.23893015522183508
149306961,0.1512699139163319
149306962,0.24715278469741986
149306963,0.236540040684922
149306965,0.15954291927019323
149306966,0.15043234438623077
149307495,0.1309311329479324
149307496,1.4505575532241994
149307497,0.9405791036008123
149307499,0.09089264015067375
149307500,0.1258970660621527
149307501,0.13868880908252845
149307503,0.11325068078349602
149307504,0.11066741486304084
149292596,0.4148524046747233
149292597,0.3159348173028364
149292598,0.2780620915994852
149292599,0.40945777858656346
149292600,0.15160596558109457
149292601,0.22170091117529914
149292602,0.514991724196115
149292603,0.4652984168396506
149292604,1.6483763329424692
149292605,0.16784325814172862
149309212,0.16241810399858056
149297956,0.2888380009078009
149307804,0.11586400316175208
149307805,0.15779105726989132
149291905,0.16108786708565898
149291906,0.4188444315628837
149291907,0.26327116702581654
149291908,0.29504309393875533
149306983,0.549214230831881
149306984,0.4934454053081179
149306987,0.36586297816840885
149306988,0.4221552150815487
149306989,0.5434736863284197
149306990,0.4226536266812131
149306991,0.3444624043834671
149306845,0.26367659339665767
149306846,0.5095174125105888
149309810,0.17870711341688245
149309811,0.2634824598799531
149309813,0.5808691657069959
149309814,0.351144924114961
149309815,0.2252463036660111
149309816,0.7101686539150069
149309817,0.4570397704210958
149309818,0.5320023947791019
149309819,1.2717154673239355
149297828,0.1744502371017819
149297828,1.653382998951707
149297829,1.4635730480788722
149297829,1.6707780597451443
149297830,1.447987559842763
149297830,1.5612135153646325
149299314,0.057021124126221984
149299317,0.37458241098425626
149299319,1.1022120717927628
149299320,0.38023904021068516
149299322,1.0998451955565878
149297546,0.17375613681186555
149297549,0.16391219916474029
149297551,0.1556701993792462
149297552,0.15630047903777325
149297553,0.16013437123413482
149291681,0.05472206459611947
149291682,0.051916453980635206
149309491,0.2350322248330517
149309492,0.282699987820042
149309493,0.26054527605504635
149309494,0.8096998046136381
149309495,0.8060471621405918
149309496,0.6626649104079525
149309497,0.7257511318039811
149309498,0.5126988662402715
149309499,1.0840981604236752
149309500,0.9144937269550375
149297739,0.2541651494881785
149297740,0.20441310209008898
149297741,0.21470370447656603
149297743,0.35359835404859596
149297744,0.27300730023591435
149307755,0.07048068529262663
149307756,0.06940471685681403
149307757,0.06799318465033638
149307758,0.16109172536424607
149307759,0.20152137951999316
149307760,0.16850293093453275
149307761,0.1333638631201371
149307762,0.14916844672076793
149307763,0.12489638192502753
149307764,0.11099992555469149
149307916,0.06835242850735537
149307917,0.06866281737710354
149307918,0.14121744941551062
149307919,0.16840718495580217
149307920,0.09496567278368252
149307921,0.13717518029246456
149307922,0.16632936187628952
149307923,0.0866588024185962
149307924,0.09190315812642506
149307925,0.09168144855026102
149309488,0.05034201722171273
149309489,0.0614362603509864
149309490,0.33196877095242194
149292274,0.7803146250235798
149292276,0.15386984876573312
149292277,0.3586200856432415
149292279,0.29525937983056494
149292280,0.16460750574514227
149292281,0.2739043961957721
149292283,0.11998627124235722
149294082,0.5065640043056195
149294083,0.2452046123684004
149294084,1.0042116859250072
149294085,0.18861436144593047
149294086,0.4829031599076066
149294087,0.557775895680318
149294088,0.33809185285253446
149294090,0.28836351559652385
149294091,0.17869071982659068
149306967,1.2190768192551258
149306968,0.34500803451893913
149306969,0.8384537587735232
149306970,0.30455989858375415
149306971,0.8316364434176443
149306972,0.23524200732296807
149306973,0.10466207070138671
149306974,0.145435439010097
149306975,0.9251618610282417
149306976,1.042744434130486
149292639,0.19616551239756122
149292640,0.3156401645936305
149292641,0.3244551140204783
149292642,0.2009174046418262
149292644,0.3677543826630138
149293770,0.045256159487625826
149293771,0.11570282905214668
149293772,0.5027027842553224
149292688,0.3489185648447016
149292690,0.09474999454946291
149292691,0.14232488598552212
149292692,0.12725554975860462
149292693,0.09770751658421123
149292694,0.27117566152509565
149292696,0.1907902155724683
149292697,0.14402897898990227
149291719,0.3277619327937997
149291720,0.3428702298824007
149291722,0.4387511153056587
149291723,0.2892883402035638
149291724,0.2861250620581927
149291726,0.3482795428206342
149291727,0.566730619903221
149291728,0.44942415634658345
149293381,0.20422893742568246
149293382,0.12773417980246066
149293383,0.14250869160685264
149309108,0.33299882202115005
149309109,0.31528208693111465
149309111,0.1228683532658285
149309112,0.19330061231092158
149309113,0.30723246162951817
149309114,0.6107420321025513
149309115,0.40298782487670065
149309116,0.7055445127905503
149309117,0.7202478645052689
149298994,0.8706190428191941
149298996,0.4857775840767743
149298997,0.44365561946315696
149298998,0.6321996904731598
149299000,0.5231148548903163
149299001,1.221590482308983
149299002,0.7106233842397695
149299003,1.1721046483193798
149293229,0.24190335680479977
149293231,0.15990238405042545
149293232,0.10472766818189136
149293233,0.2002753040462809
149293235,0.19481954371791976
149293236,0.2352013168141588
149293237,0.10494664830472525
149293238,0.10045941832189478
149292163,0.14178076270948808
149292164,0.15044379165068145
149292165,0.17721837648232897
149292167,0.1458495836342595
149292168,0.15273094776788085
149292169,0.24829870714569377
149292172,0.1628986690838163
149307131,0.163518959653617
149307132,0.5221616086631705
149307134,0.24228570773390096
149307135,0.3153411873918898
149307136,0.27024461985619064
149307137,0.4874157384830164
149307138,0.3955851136431014
149307139,0.26767340981486
149307140,0.1410112288982641
149297312,0.1388668586631215
149297313,0.1128562061728327
149297314,0.11197096668701466
149297315,0.2813403699991818
149297316,0.17199524270113653
149297317,0.10730923945334295
149297318,0.08822331309364054
149297319,0.0935690813283029
149297320,0.08715724374609699
149308413,0.41629905049418764
149308417,0.5779015837537839
149308418,0.44041639835781127
149308419,0.10901212404766854
149308420,0.7623826746431127
149308421,0.3884722511810976
149292636,0.11732151355223407
149292475,0.0987045277984222
149292476,0.34638510248726995
149292477,0.08355830281636312
149307474,0.11443867518624747
149307476,0.1287576691923553
149307477,0.1370992246597914
149307479,0.13696507239358294
149307481,0.4515690259071923
149307482,0.0767247190503835
149307483,0.47350178434554996
149306363,0.4760965618562125
149306364,0.28349595234662145
149306365,0.23377148464393235
149306366,0.2790437036700567
149306367,0.33342837167801226
149306368,0.41677831108781427
149306369,0.2185895201039773
149306370,0.5734333139545931
149306371,0.5179049046611107
149306372,0.40296578281935097
149291450,0.11651189371860109
149291451,0.11595963743305984
149291452,0.039364493425571336
149297625,0.7380998861073342
149297626,0.07450664587723282
149297627,0.06278061928518529
149297628,0.49048940707875877
149297629,0.676158275857164
149297630,0.408133454852846
149297631,0.3729423022420417
149297632,0.15407113264388664
149297633,0.07440959033147045
149297634,0.41588853837326933
149297895,0.07231534235452904
149297896,0.27716770934495183
149297897,0.10179998568916566
149297898,0.06923305839275094
149297899,0.0791239492309465
149297900,0.07784750666037915
149297901,0.09389059497959432
149297902,0.06854440018555788
149297903,0.09467084721093509
149297904,0.27608032974512725
149291477,0.12421666510912172
149291478,0.07917563101327148
149291479,0.19436229745537098
149294154,0.4607281457746398
149294155,0.2755575070351993
149294156,0.47664102419046006
149294157,0.33306876253669787
149294158,0.33889343936943467
149294159,0.27193808076162396
149294160,0.3696609610184034
149294161,0.25994104074185387
149294162,0.4801120973224436
149294163,0.3785728452128539
149308845,0.23999324948789977
149308846,0.37877984579574275
149308847,0.3808105948601449
149308848,0.32235393891840564
149308849,0.37882029277010176
149308850,0.30438763515593603
149308851,0.31373982578373344
149308852,0.4251990735133025
149308853,0.3345025597916943
149308854,0.4541543723967567
149306825,0.1548339724936173
149306826,0.1556488652777891
149306827,0.17551725581327388
149306828,0.17775067487963891
149306829,0.18080849625081877
149306830,0.169447060637824
149306831,0.25977184067311293
149306832,0.17187568171467363
149306833,0.29589440635818365
149306834,0.24075164452707432
149293473,0.602320777716261
149293474,0.31355827572373296
149293475,0.6445573388060174
149293476,0.1706437655937878
149293478,0.5523750730861575
149293479,0.4018087939439896
149293481,0.1470393411354891
149293482,0.4459199813266726
149291965,0.7298575784802136
149291966,0.9139125608306738
149291967,0.95104448704386
149291968,0.9599972105908007
149291969,1.0318488139203665
149291970,0.8010992439741246
149291971,1.0525439680102182
149291972,0.6588052768302035
149291973,1.008331916995729
149291974,0.6782561743080758
149291923,0.45286678984926443
149291924,0.944450030185994
149291925,0.6848037305215248
149291926,0.9525272788902163
149291927,1.0932720970808456
149291928,0.6996419347495829
149291929,0.724456329009819
149291930,0.7654566062066944
149291931,1.127342355934524
149291932,0.41225701583585234
149292727,0.4125852093546208
149292728,0.1332418571306746
149292729,0.2655595458385519
149292730,0.20578541017609872
149292731,0.09479305314673633
149292732,0.1048544132646953
149292733,0.11463133575465569
149292734,0.1853690681042891
149292735,1.1512435900965357
149292736,0.1120611582782326
149291709,0.04884000473562089
149291710,0.03581614112860232
149291711,0.04453284740763187
149291712,0.07047852838211026
149291713,0.06886234353773184
149291714,0.09613716635152768
149291715,0.06489112747323512
149291716,0.0731220509670196
149291717,0.059950302830759535
149291718,0.12153712103377402
149291594,0.09402515060888325
149291595,0.06581105032054003
149291596,0.055996954534574546
149291597,0.4027047054031411
149291598,0.06822922479756659
149291599,0.07223591379739605
149291600,0.03878878252903373
149291601,0.06771478558220448
149291602,0.06118713709283362
149291603,0.09997240233487761
149291535,0.03402461465401794
149291660,0.11076930018818132
149291661,0.10609142265847882
149291662,0.06354605398686244
149291663,0.04600378323773261
149291640,0.047563063962821873
149291641,0.04582271749004921
149291642,0.04602588065148352
149291643,0.04072898312556048
149291644,0.0675329314463842
149291645,0.035208959448952054
149291646,0.11208637539082203
149291647,0.05213442991248493
149291648,0.030648425360727823
149291649,0.10483875333924299
149293515,0.41525137301301246
149293516,0.17030144607384376
149293517,0.3865088939966718
149293518,0.35462236089724447
149293519,0.25042155948611344
149293520,0.5672067718581774
149293521,0.17159447269587538
149293522,0.3344599815171903
149293523,0.43900269347804244
149293524,0.24602573071843523
149293909,0.5274455574705609
149293910,0.40929998405175516
149293911,0.6621374736137501
149293912,1.1324358383571471
149293913,0.28757798318114985
149293914,0.35975660623543554
149293915,0.6865780963633189
149293916,0.25590131158076723
149293917,0.7636951189895063
149293918,0.35959181001462187
149299420,0.11710058262623484
149299421,0.11157625562578367
149299422,0.08721259494218839
149299423,0.6849634758313979
149299424,0.07887782492621218
149299425,0.08725479387145076
149299426,0.06989241880744496
149299427,0.11136534431671895
149299428,0.08152022321197111
149299429,0.2691850950046266
149292376,1.3821806948505826
149292377,0.40364587261542073
149292378,0.4001850337682188
149292379,0.3950819806809266
149292380,0.3893710929860423
149292383,0.52589808281645
149292384,0.45801019993542114
149292385,0.6300696973541812
149293737,0.37251670550853233
149293738,0.44888256088440603
149293739,0.4078285935286616
149309595,0.5065646111745926
149309597,0.33778831866185727
149306325,0.7850695588346985
149306326,0.766200325968109
149306327,0.0495703614541471
149306328,0.04953775182001295
149306329,1.0184114834312068
149306330,1.041909747831147
149306333,1.1310645206478096
149306334,1.1367966735751527
149308347,0.12443867075828219
149308348,0.1102945493560025
149308349,0.1402227042046426
149308350,0.07983029005454405
149308352,0.1460904263935107
149308353,0.06746234280634011
149308354,0.17875784509667786
149308355,0.10386251498161347
149308356,0.07183617718690831
149297414,0.2413475894570022
149297415,0.24088579233347251
149297416,0.29066812183117025
149297417,0.18492234559938195
149297420,0.6504056954567985
149297421,0.0909983070985985
149297423,0.6013273548618657
149299686,0.4397947092983375
149298929,0.06524445428932656
149298930,0.063290533766043
149298931,0.05377820952952532
149298932,0.05346982796400551
149298935,0.0604428542631126
149298805,0.12169320318462905
149298806,0.12061581167788234
149298808,0.11084378624050831
149298814,0.11374519212384557
149298203,0.40102532983384953
149293776,0.20201404749086763
149293777,0.20816123902879904
149293778,0.6508418842389306
149293779,0.45735176610369
149293780,0.49215214178731664
149293781,0.16090211156968606
149293782,0.604089785280033
149293783,0.15707111887407013
149293785,0.2547341380851221
149306248,0.4296680047307459
149306249,0.538960559365187
149306254,0.28152433802236876
149306255,0.28541734491455034
149306256,0.32322895801011325
149306257,0.17939935100665907
149293806,0.3078439485972341
149293807,0.33987835640796715
149293809,0.3800365157124639
149293810,0.09477672804041122
149293811,0.09596691682690124
149293813,0.16143328610273414
149293814,0.10990473084768557
149293815,0.18594686741953664
149300462,0.1788085195418714
149300463,0.3115981076808646
149300465,0.19445550652660037
149300468,0.29705791402455667
149300469,0.19792901821224912
149300470,0.31147875117855395
149299560,0.12126268254512428
149299561,0.10238771707761021
149291730,0.4800116390509471
149291732,0.18722123262945276
149291733,0.46596848051086687
149291736,0.1750000492790494
149291738,0.28706515058152604
149291739,0.2851348663150133
149308642,0.4922237334476348
149308644,0.13969234788161577
149308645,0.2977537648664255
149308648,0.11693629052857793
149308649,0.23323001819289935
149308650,0.3264292020297231
149308651,0.11258823297969453
149307736,0.15906290097169984
149298523,0.7258029290388722
149298524,0.6405509068233817
149298525,0.5940934456250423
149298526,0.6440531362009002
149298471,0.3752121536133686
149298472,0.3827603390142296
149298877,0.29432594587804245
149298877,1.2730010192130583
149298878,2.7353071668860403
149298878,2.6319503419334813
149298879,1.6011908097027532
149298879,2.8085586539778373
149298880,1.5585013751238828
149298880,2.3694831948004405
149300381,0.12502947431054773
149306948,0.7335085942521586
149306949,0.28813826302972206
149306951,0.4583284762256009
149306952,0.36650316961167073
149306953,0.3424541174402522
149306652,0.14068996911772338
149306653,0.11991422953653026
149306654,0.1301305946480855
149306655,0.11032113106267873
149293763,0.10920556768339276
149293764,0.14206181965551748
149298418,0.12981127858478625
149298419,0.13198469156391443
149299721,0.5111147454187536
149299722,1.2291273301180035
149299723,0.29062465388108977
149299724,0.3836677724012424
149299729,0.25005337413027284
149299730,1.1122815872400906
149308654,0.3158572828128594
149308655,0.42772744131188656
149308656,0.10005493640672128
149293973,0.2659887311645062
149293974,0.279370973766505
149293976,0.13640173058938948
149293977,0.28238580425598847
149293978,0.23835421985253893
149293979,0.05222366520389985
149293980,0.05217755661223898
149293981,1.0331763349572713
149293982,1.192378316887105
149297957,0.23618917756653118
149297958,0.17566878264297908
149306526,0.16014945220782775
149299786,0.39464753166522254
149299787,0.9095667876241105
149299788,0.5100797879686111
149299791,0.9973901475532848
149299793,1.156929991498793
149299794,0.9744237437104961
149299795,0.5273037593164892
149307904,0.09908114240734688
149299585,0.06954475733640947
149299586,0.14435868259166404
149299587,0.09444263998579086
149299588,0.10570536552396655
149299589,0.1286784282872119
149299590,0.17247458679887487
149299591,0.08393895185061684
149299592,0.2254709169346202
149299593,0.12519093574039591
149299594,0.804364007081827
149300392,0.1478829632318221
149300397,0.22124145402716935
149299894,0.11596326535433771
149299895,0.07092764460369819
149308782,0.4314329732814451
149308783,0.28108717587762355
149308789,0.6011855254895061
149298936,0.36896860718090757
149298937,0.33418671362411617
149292919,0.17973253203583417
149293155,0.17769700770202723
149293156,0.09596293577815304
149293157,0.11512826160785081
149293158,0.057478733355773214
149293160,0.13561780180044425
149293161,0.10730948460926266
149293163,0.12413347941877195
149293164,0.2500978771830502
149298215,0.09180766216586667
149308423,0.39244786270612136
149308424,0.3575057866974429
149308425,0.44671666277877864
149308426,0.21803743503010833
149308427,0.3339783977288663
149308428,0.1870517512555572
149308429,0.29731812997013274
149308430,0.22720506630087708
149308431,0.43614387195406906
149308432,0.6215600619664048
149307741,0.41926323948021055
149307743,0.3034884300498209
149307744,0.32295066821016477
149306623,0.1963195083689024
149306624,0.1156463743163105
149306626,0.19595096690031172
149306627,0.13284589443113293
149306628,0.6032958836147456
149306629,0.6842998302634771
149306914,0.1676318342918879
149306915,0.1052850781940619
149306916,0.1435086303646269
149306918,0.22060035810318124
149306919,0.14555797003559984
149306920,0.11760426144743183
149306921,0.14173134911561888
149306922,0.20411171200562458
149306923,0.15576883715470757
149309123,0.4333438479198286
149309124,0.3608295671344975
149309125,0.48621506727664926
149309126,0.5360927843471583
149309127,1.714110690088838
149309128,0.5528390180650735
149309129,0.7958262259887134
149309130,0.448602224247699
149309131,0.27607925302730174
149309132,0.523999217202157
149308526,0.39288068593821834
149308528,0.6790382717943942
149308529,0.5111422380392685
149308531,0.618987213463755
149308532,0.5088795666543073
149308534,0.34534620370901936
149308749,0.36228719866420017
149308750,0.3323510311449339
149308751,0.301059929977741
149307485,0.23034700304401465
149307486,0.18334167268530702
149307489,0.3025732829118277
149307490,1.3296894333715186
149307491,0.16461591715842144
149307492,0.13464169246277888
149307493,0.5148313597236861
149307494,0.4938673699756544
149308746,0.35805761736996966
149308747,0.2818547703784421
149308748,0.12056139156236835
149299562,0.36091263546672064
149299563,0.5886471967827235
149299565,0.4394900618392697
149299568,0.41315119217067386
149299569,0.18592386338903316
149299571,0.17979367169790142
149306648,0.049070181046104895
149306649,0.058436751552980476
149306650,0.05210503110613857
149306651,0.07277620649749973
149308327,0.06979235890294903
149308328,0.08599716005754506
149308330,0.1072433914546766
149308331,0.08059313727089781
149308332,0.20656832223449112
149308334,0.19413531820466073
149308604,0.16819612201443976
149308622,0.447595821911405
149308623,1.385214169781399
149308627,0.4037629159174142
149308660,0.15951541677249248
149308661,0.1336772495578919
149308662,0.3234275805054889
149294092,0.21301072833310877
149294093,0.21091706347870043
149294094,0.2187529684340701
149294095,0.21585975865149962
149294096,0.11313738290371605
149294097,0.1103137193086716
149294098,0.6795016631933781
149294099,0.8301367252401299
149294100,0.7736687653811765
149294101,0.856105380037357
149294128,0.12842337695464176
149294129,0.12042768351846223
149294130,0.24057221404667312
149294131,0.11746380081464194
149294132,0.2791929596449733
149294133,0.18395653047899174
149294134,0.1884366704311748
149294136,0.2038124336960297
149294137,0.1399498097268856
149293323,0.24834143755359553
149293324,0.4589881342261026
149293325,0.4999127226736552
149293326,0.6326568998766108
149293327,0.6185217198226959
149293328,0.10697793473693153
149293329,0.7142176896861315
149293330,0.1582534538576261
149293331,0.3319172069181315
149293332,0.16771950547259484
149299324,0.1067214502459918
149299325,0.641449486569657
149299326,0.5877324815393361
149299327,0.08866467999190546
149300588,0.19725482101884567
149300589,0.08565647522100807
149300590,0.10171318516526547
149300592,0.32107298621534397
149300593,0.22015939966377845
149300594,0.1058527068859734
149300595,0.16149751130500817
149300596,0.1290954991433512
149300597,0.21274180571877643
149298068,0.3564172365663093
149298069,0.4183025343840789
149298070,0.24912131737404755
149298071,0.3530935207385398
149298072,0.5482371488402409
149298073,0.6151777514813692
149298074,0.36197156790843743
149298075,0.1975226379948518
149298076,0.11770755011559873
149298077,0.3657554478948081
149294013,0.18175950240181918
149294014,0.13335067106985382
149294016,0.05505877437059502
149294017,0.2903535660918816
149294019,0.16261276647511433
149294020,0.16571880795687316
149292337,0.22529103950227522
149292338,0.3736187558831248
149292339,0.15995200944126786
149292340,0.18846135290914967
149292341,0.18908555155194368
149292342,0.3048147196594863
149292343,0.18276185463151473
149292344,0.23498939734880323
149292345,0.18889169491126756
149292455,0.2332284017514202
149292456,0.26063789725325126
149292457,0.15741054160904897
149292458,0.14986607637997887
149292459,0.17890061169705285
149292460,0.2991806901932873
149292462,0.46136403240223417
149292463,0.22033621195571243
149292464,0.4131649178783183
149308372,0.1712689424988242
149308374,0.8443553331771791
149308376,0.28371018919526186
149308378,0.40323376501682323
149308379,0.34069129339206156
149308380,0.5480579628996489
149308381,0.14664617420645723
149307426,0.13627378992466252
149307427,0.13802235441800867
149307428,0.06828387842573554
149292665,0.1974995351036545
149292666,0.16172144210214698
149292667,0.20036746530242314
149292668,0.15957858284236115
149292669,0.21459292189226342
149292670,0.23344042911597546
149292671,0.45655819285449883
149292672,0.21279330111091682
149292673,0.2497453772796454
149292674,0.4681804697437374
149298631,0.4068715691985837
149298632,0.5522102328251123
149298634,0.18267114852442853
149298635,0.21624590753688047
149298636,0.8983500807640269
149298637,0.19791251839357557
149298638,0.5213688110305699
149298640,0.48447838336404764
149291683,0.10303458697755795
149291684,0.12395238647498344
149300499,0.5911502163119023
149300501,0.45275010843412955
149300502,0.32311249031360734
149300503,0.41680794745091
149300504,0.19929747859111052
149300505,0.38966955453659685
149300506,0.5105097277530457
149300507,0.3329010327210094
149300508,0.21916142974271766
149292823,0.201834510132662
149292824,0.41673149534883125
149292825,0.3559192475604794
149292826,0.16947291629885025
149292827,0.4433519383991294
149292828,0.47550799778187686
149292829,0.597291410622415
149292830,0.57750660735668
149292831,0.3312269634032604
149292832,0.16178191186374752
149293796,0.8297538514116506
149293797,0.38446962501658644
149293798,0.8359867756476398
149293799,1.1087295867563662
149293801,0.24455819612851362
149293802,0.3969755189196672
149293803,0.3775572862405407
149293805,1.0851761267189053
149299184,0.029739840233012863
149293440,0.13734874269315242
149293441,0.17724413210952034
149293442,0.10293994773484133
149293444,0.17288171427970478
149293445,0.2754800705998558
149293446,0.1398835146803022
149293447,0.8111181848510131
149293448,0.16014029722261175
149293449,0.9244024021594248
149299222,0.19275249458166274
149299223,0.18037688373831706
149299918,0.1786322151305817
149299920,0.17424639583417792
149306977,0.31293445712009066
149306978,0.3988863519788999
149306979,0.34016730897833486
149306981,0.3204401569831657
149306982,0.41005045466737416
149300613,0.11264106231404013
149300614,0.11327395546044672
149297818,0.1406971941459505
149297819,0.12310433727812087
149297820,0.12615398923615684
149293826,0.6206103631631517
149293827,0.23582760575559167
149293828,0.29242777358322675
149293829,0.6377874539808892
149293830,0.38553920104832196
149293831,0.28866602015696374
149293832,0.202958273182985
149293833,0.4259457982203292
149293834,0.21695033014287093
149293835,0.41227136276849485
149298367,0.38645023635464193
149298369,0.9376559253656861
149298371,0.17747662459484245
149298376,0.36462929922793647
149298919,0.49560650094418274
149298920,0.45964321377701733
149298921,0.4124758070374217
149298924,0.4488979747029212
149298925,0.07245872404743464
149298927,0.06328424866476302
149298928,0.458440823084147
149298867,0.5559725690299295
149298867,1.8731460073787363
149298868,1.9968672719941318
149298868,1.2803317776521652
149298869,1.6082739057770914
149298869,1.3390586348273636
149298870,1.7694381356711626
149298870,1.3800600831247447
149306889,0.0444374856057829
149299218,0.10127710450017946
149299219,0.062357076916973606
149298048,0.22124399114393245
149298051,0.21753419746290065
149298052,0.3236994259983755
149298053,0.19064259416341864
149298054,0.33394460841088336
149298055,0.4279076000215672
149298056,0.9764729590791216
149298057,0.9471601882209776
149298118,0.1468440173541318
149298121,0.30927504868798067
149298122,0.05297382112678371
149298123,0.10106312694723235
149292132,0.41547261178989287
149292133,0.4689734467289882
149292134,0.26496677055850243
149292135,0.5940515134549134
149292136,0.4343729432128972
149292137,0.3110771843762699
149292138,0.11664248809349569
149292139,0.08668343826280776
149292140,0.10880192466863031
149292141,0.08827294183314659
149298238,0.17867741532200862
149298239,0.22980529889968015
149299493,0.12854012966300796
149299494,0.10450161414209763
149299495,0.16618202770125004
149299496,0.17837955982163828
149299497,0.49327180944923826
149299499,0.9178402037781386
149299055,0.14911302382211583
149299056,0.1567449015568687
149299058,0.15218608975378145
149308564,0.0383923971701265
149308565,0.09375370679924355
149293219,0.07489516742312298
149293220,0.08010973710864043
149293222,0.08102942104238472
149293223,0.07326953196255166
149293226,0.35643143205515715
149293228,0.17167700483508377
149309050,0.4054954510266399
149309051,0.24409496088323301
149309052,0.4310009374887982
149309053,0.46505069235545055
149309055,0.16496220414994722
149309056,0.24886794218117328
149309057,0.18251267514956954
149308504,0.19202996810448536
149308505,0.19318740595175363
149308506,0.19642622353468164
149308507,0.17468532602409337
149308508,0.1658304776619756
149308509,0.18716926528419417
149308510,0.24642314955784295
149308511,0.28929675878960365
149308512,0.1902319403372726
149308513,0.15911913340472023
149300546,0.07826311515777915
149292606,0.731236210248747
149292607,0.7988415580135878
149292608,0.3564648635108992
149292609,0.25086816906088666
149292610,0.5940815189683251
149292611,0.8062023168992727
149292613,0.5363610910240537
149292614,0.40875007443542843
149292615,0.4471821162956121
149293303,0.24786825950174424
149293304,0.23890653774176795
149293305,0.33534167051332797
149293306,0.3127049964814993
149293307,0.12287161597524128
149293308,0.19404895553248824
149293309,0.1442231180453072
149293310,0.47386805023405154
149293311,0.9422832480843817
149293312,0.2790068873897761
149291436,0.17469975391102574
149291437,0.10215452270672062
149291438,0.1768316711664218
149307776,0.14312351714337787
149307777,0.10481612692797289
149307778,0.34053026208646925
149307779,0.33456660325668786
149307780,0.18808391286160472
149307781,0.1885481633138355
149307782,0.25018056120444715
149307783,0.26445495064644536
149307784,0.34062504219644296
149307785,0.30124205571809054
149293259,0.16580537620326743
149293260,0.35101670080079167
149293261,0.25624992732767
149293262,0.2555323632707868
149293263,0.19704564047968762
149293264,0.23983356161244387
149293265,0.14153749071718177
149293266,0.33194839517352726
149293267,0.23924725036941608
149293268,0.265916755978551
149308796,0.15337726529394205
149308797,0.21103587763388956
149308798,0.08477163396872575
149308799,0.20787870811451348
149308800,0.14543155399139476
149308801,0.09113598900582767
149308802,0.1684069607875112
149308803,0.27899113756933447
149308804,0.4824590753626263
149308805,0.09793924987383598
149309468,0.707494745636981
149309469,0.27611276729934786
149309470,0.15990091283716498
149309471,0.9936109586093893
149309472,0.5062982153751694
149309474,0.3313795510336082
149309475,0.14743253917476795
149309476,0.2764169495834033
149309477,0.09420978362102962
149308637,0.17955974915236741
149298621,0.4568824967432512
149298622,0.3812126547596079
149298623,1.375573796089002
149298627,0.49269633315620837
149298628,0.5747175704659835
149298629,0.25098648854552796
149299626,0.03068185662250594
149299627,0.027486216408051236
149299628,0.02714763271256778
149297566,0.1473828943196591
149297567,0.20228533591791673
149299936,0.20686951620208413
149299937,0.1989465199993329
149299938,0.050772411914879016
149299939,0.1752988942246878
149299943,0.17467438260823612
149299944,0.2086873395020767
149299945,0.10336999685149642
149298357,0.11444404385154551
149298358,1.2323406083503765
149298359,0.2728280168362372
149298360,1.172215928253636
149298361,1.1647823235033825
149298362,0.15862170798917907
149298363,0.3170064174305933
149298364,0.24039073717233886
149298365,0.3257293859033556
149298366,0.24585698625672853
149307748,0.3106935653477332
149307750,0.354884206120409
149307752,0.3621738076400661
149307753,0.27554926286904846
149307747,0.472118528213509
149308762,0.21964861785770737
149308763,1.0857579618464366
149308764,0.22369336591400682
149308765,0.4948327455056025
149308766,0.10454925269463984
149308767,0.1697845335870451
149308768,0.13647188978392932
149308769,0.479502454885198
149308770,0.405828935558401
149307855,0.8382587174819776
149307857,0.5255647054553199
149307859,0.27932083194396606
149307861,0.18348437957986932
149307862,0.14653110452885795
149307863,0.41854401254410584
149307864,0.23033630465203106
149300226,0.1560409698880426
149300227,0.3912037944332327
149300228,0.19484880052183434
149300229,0.3005384731119007
149300230,0.2945448809239485
149300231,0.07618982724074931
149300232,0.8278276248132456
149300233,0.2908634209177358
149300234,0.20844578611465553
149300235,0.31035910575288217
149297728,0.20615990028533573
149293054,0.056572406748500385
149299926,0.22800922989026404
149299927,0.6150324753421033
149299928,0.22710476861794238
149299929,0.245354738217948
149299930,0.2953983661381142
149299931,0.44346132708992647
149299932,0.5071936348064164
149299933,0.22250298202446708
149299935,0.11918094642951163
149291913,0.49603854773970796
149291914,0.10035018741275029
149291915,0.10983116181062659
149291916,1.0104671220417767
149291917,0.24422037574608155
149291918,0.36211917332469973
149291920,0.23588980883346666
149291921,0.05658166327833158
149291922,0.10354427383334884
149291750,0.4190752039938631
149291751,0.33395309257716455
149291752,0.6269900734495512
149291753,0.6210470639027116
149291754,0.3338455817230122
149291755,0.33112340479549995
149291756,0.25030484295522326
149291757,0.5562597126883146
149291758,0.827223702648274
149291759,0.2920380502362578
149300548,0.30275478646826703
149300551,0.3003163721281563
149300552,0.4661740543507942
149300553,0.1912718805000878
149300555,0.11501918097680304
149300556,0.1081342011217998
149300196,0.40715611125165935
149300198,0.4130160875842529
149300200,0.2030519368144345
149300201,0.7544286965740696
149300202,0.3722287310480148
149300203,1.3666780081712373
149300204,0.4281226078194494
149300205,0.2645475480888735
149309305,0.17585874550836306
149309306,0.09677179475156074
149309307,0.16589404526379622
149309308,0.08023733972811288
149309309,0.1324345066366097
149309310,0.32809345299642034
149309312,0.09062300702133848
149309313,0.19728850693500746
149309314,0.06827070528417156
149300563,0.5382435837703441
149300564,0.19344983620819167
149300565,0.2375558958616215
149300566,0.2404438650728381
149300567,0.2664879787674333
149300568,0.4287008136808747
149300569,0.2884286198037358
149300571,0.38673247732984484
149300572,0.3126751146438872
149298661,0.8644600751818206
149298662,0.33508750873000026
149298663,0.20188001436019964
149298664,0.20821850040420198
149298665,0.49770033092711474
149298666,0.39407796504846004
149298667,0.7769771621558298
149298668,0.7918996999426563
149298670,1.2741142672786812
149309478,0.12789526484162664
149309480,0.7511200449615356
149309481,0.08599821822426008
149309482,0.1890060281021489
149309484,0.11433854142658316
149309485,0.17255272946133499
149309486,0.1205059457368919
149309487,0.39050154993651315
149292576,0.15278628354837695
149292577,0.15149008938818004
149292578,0.32509249905784315
149292579,0.5661048998797316
149292580,0.5480366189456912
149292581,0.8126301286907163
149292582,0.2879139932410937
149292583,0.2940925211097691
149292584,0.5090069484342181
149292585,0.4259179581622243
149297619,0.30404107275355197
149297621,0.2224606556841731
149297622,0.16404367877049836
149297623,0.10771785717435733
149297356,0.2721455928464914
149297357,0.4882051736001999
149297358,0.11548623608522866
149297360,0.16321906583611062
149307294,0.06563646098183754
149307295,0.13940581506229524
149307296,0.05739448412813233
149307297,0.06957777196999534
149307298,0.07400842895414393
149307299,0.06413851441489035
149307300,0.05998561915860957
149307301,0.32609357372345027
149307302,0.08826079890803126
149307303,0.04860911022778286
149293333,0.1503085792683639
149293334,0.6551594161488429
149293335,0.7541553974913804
149293336,0.3982633786240061
149293337,0.21993008328150415
149293338,0.3982172183437756
149293339,0.4145635092094875
149293341,0.39370110746208387
149293342,0.35127597683142253
149294049,0.4322540654608734
149294050,0.4082131984285717
149294051,0.5202999305835666
149294052,0.8567468942679627
149294053,0.5435176309235732
149294054,0.679021008357111
149294055,0.7476105198174177
149294056,0.5484502653540433
149294057,0.623755695778852
149294058,0.7673563573002203
149292327,0.13506131848766573
149292328,0.2328738820621111
149292329,0.11272131218124463
149292330,0.12339400085111803
149292331,0.0897666458021739
149292332,0.3057131859859833
149292333,0.08053857262139548
149292334,0.16674303305238677
149292335,0.1713942285524028
149292336,0.246062708121924
149293046,0.06925304361544754
149293047,0.09615183103229454
149293048,0.07086998729200854
149293049,0.16524353661458727
149293050,0.0651373186585712
149300608,0.30083781183758596
149300609,0.20119742072238256
149307348,0.06485296143844453
149307349,0.047743870812540876
149307350,0.0942157152386379
149307351,0.06156445119038559
149307354,0.0686986692127297
149307355,0.08516440751754042
149307356,0.08392434225022219
149307357,0.08364011787635917
149299180,0.049844716781025505
149299181,0.04875889047232665
149299182,0.10936588511083206
149299183,0.06955884803967008
149297727,0.9438932976965696
149298510,0.12395379205155735
149298511,0.11301791703022505
149298512,0.11293136145509712
149307066,0.2354830673802476
149307067,0.10163786761231271
149307068,0.10244099376253368
149307069,0.20947956612627497
149307070,0.2106048659183783
149307071,0.21761169834484706
149307073,0.19997724679472645
149307075,0.20295023655763558
149299330,0.3584049435631875
149299332,0.2945652212131999
149297776,0.08237538203474977
149297777,0.08358126782478308
149306908,0.31100014201285653
149306909,0.3145960266465186
149306910,0.270274065216703
149306911,0.14353714230935885
149300418,0.24303034404884574
149300419,0.2670779607489494
149299575,0.12014984848084842
149299577,0.09355044084122535
149306339,0.052697445290074314
149306340,0.05310706743969609
149306343,0.06647737658282034
149306344,0.04343506663891614
149306348,0.043337615541720685
149297701,0.03700411869095053
149306954,0.12906241177596406
149306955,0.16454683336532414
149306956,0.13076274925483647
149298537,0.5977829835885334
149298541,0.7381342296097614
149298542,0.40814558474713963
149298543,0.7933877943684962
149298545,1.0180845645243042
149298736,0.2842694409454989
149298736,1.6828130358917113
149298737,1.6206145364220599
149298737,2.2299835304900224
149298739,3.00947454187268
149298739,3.982152702810066
149298740,3.9873133681007804
149298740,3.0722795392286417
149297655,0.1633864139979952
149297660,0.17108761347122867
149297661,0.2338630929437676
149297663,0.6958821280531379
149297664,0.28142155213128195
149308525,0.21877469610964037
149308530,0.15654399089797397
149308533,0.15726845353172447
149308583,0.12292255549675726
149308590,0.1488337009519255
149308591,0.1983614030492293
149308593,0.2432861552567974
149308596,0.16027253782479398
149308599,0.2270243734827391
149308723,0.2624903235896499
149299344,0.2072790426734711
149298199,0.053377856325012324
149298200,0.07556656878243323
149299207,0.16273232232700524
149299208,0.14547275745516813
149297665,0.16560342037010586
149297668,0.14795554022310742
149297670,0.4647467255539042
149297672,0.2985949925973978
149297674,0.1749267723236658
149299081,0.11415520608767113
149299082,0.08466514917006107
149299083,0.10616491646946302
149299084,0.11674558722424967
149299085,0.11730557968428752
149299086,0.11224473929859817
149299087,0.0837881672855929
149299088,0.12996004799956598
149298838,0.7977130032970541
149298838,2.1691270415726684
149298841,2.812360222189995
149298841,2.803456063219519
149298842,2.685292378993994
149309177,0.21328364644831269
149309178,0.1731154632578965
149309180,0.20645963251908045
149309182,0.19432445411861846
149309183,0.2172024118590735
149309184,0.2228220055255917
149309185,0.18196674927916137
149309186,0.20297262636176355
149293846,0.3412778333101504
149293847,0.22433044898771734
149293848,0.22719435350911124
149293850,0.2788583702220993
149293852,0.2502901365974251
149293853,0.5832082844013665
149293854,0.3586444662216487
149293855,0.5589282706256246
149309640,0.35664368217422515
149309641,0.318510188617844
149309643,0.5407221267734086
149309644,0.4176871385294062
149309645,0.2212917963143748
149309646,0.15476799243142633
149309647,0.24218713948235665
149309648,0.1969528105975809
149309649,0.2695473854491863
149298378,0.13514873471487693
149298379,1.5707249057191304
149298380,0.4916835740944085
149298382,0.818287527115984
149298383,0.5282847990427526
149298384,0.3142496935804086
149298385,0.33144134428677147
149298386,2.035998715344375
149298387,0.749475315842158
149299117,0.11194862888004732
149299118,0.12782054681910876
149299121,0.19905035144903135
149299122,0.24747524287452238
149299123,0.299846603837046
149299124,0.15536395215108723
149298216,0.6061182305114325
149298217,1.3626519358011744
149298218,0.2523490608566928
149298219,0.24414321641647962
149298220,0.3558653299146433
149298221,1.1728643409989017
149298222,0.1700252874356772
149298223,0.3232376057272878
149298224,0.37376859448775424
149298225,0.5442553123617504
149298847,0.8319557872209793
149298847,1.9910180473242443
149298848,1.8940284697333378
149298848,2.464833214121446
149298849,1.5056329596948084
149298849,1.7458533205264697
149298697,1.0947933116464952
149298697,0.876949074565439
149298699,3.374229974302657
149298699,1.277902731876555
149298701,1.8160067444028558
149298701,1.6755675717707221
149298702,3.220368641666626
149307883,0.17600577436573447
149299668,0.09626997093346211
149299669,0.2591565085932301
149299670,0.10629270882862384
149299671,0.10300215736295708
149299672,0.11475672215129948
149299673,0.11109290536797863
149299674,0.15242537420477595
149299675,0.10669170262075725
149299676,0.14659375138525088
149299677,0.10999602337627658
149299680,0.5224019639521293
149299681,0.4110157025891669
149299682,0.3735667758083757
149299684,0.3192182325306818
149298439,0.3989674829692752
149298443,0.39534566571926044
149298445,0.7002316721356538
149298446,1.2600375911271828
149298447,0.42806220050451166
149298448,0.7678507992031555
149306278,0.17987202144394907
149306279,0.18041693493127017
149306280,0.1509323510101031
149306281,0.14906153455185628
149306282,0.13994194307660027
149306283,0.20938945253382124
149306284,0.22826547826514024
149306285,0.17955292851076746
149306286,0.19421766313869698
149306287,0.13182771391584744
149297885,0.19637835253964014
149297886,0.20130441240320585
149297887,0.17015551342491733
149297888,0.23781354130061194
149297889,0.46281950305930386
149297890,0.20865547422716252
149297892,0.28779349060969583
149297893,0.45985697032879985
149297894,0.19203299337016455
149298825,0.08916919817926484
149298828,0.08792635984900421
149298829,0.13916671675321615
149298830,0.13620025434932578
149298831,0.08665436643360272
149298832,0.0855104246608495
149298833,0.43072553205591
149298179,0.5604946081920913
149298180,0.09948231842329087
149298181,0.10607834945240165
149298182,0.15581583337103252
149298183,0.1900619813179258
149298185,0.13406851848550727
149298186,0.42464132258749326
149298187,0.15548264227496422
149298188,0.24444640279173688
149308160,0.22196329649106186
149308161,1.59449538939971
149308162,1.2251167011192665
149308164,0.13036799622234146
149308165,0.31305726903372105
149308166,0.2896833975778095
149308167,1.3963739594750397
149308168,1.2598537528037892
149308169,1.898887189280558
149306288,0.5960485849011296
149306289,0.3840864049664546
149306290,0.5518698117893946
149306291,0.3883616570970405
149306292,0.16283906576500828
149306293,0.18116381232892678
149306294,0.19635856963755494
149306295,0.2737020687080445
149306296,0.3748306816862857
149306297,0.16749121338345008
149300186,0.08557502601808196
149300187,0.08340269982354656
149300188,0.14195686956807424
149300189,0.06515965259233884
149300190,0.08925511378423455
149300191,0.14068040697587944
149300192,0.0651207624253612
149300193,0.09643990402895426
149300194,0.12598482418165988
149300195,0.17277257799688847
149298388,0.6971502435656814
149298389,0.7148568750271903
149298390,0.3007853065083385
149298391,0.3735746430657052
149298392,0.1911577511261383
149298393,0.47703348476133256
149298394,0.46960526666949265
149298395,0.3637656312349027
149298396,0.27120842355276076
149298397,0.3931971988942779
149297685,0.17220602483989897
149297686,0.2553404441160675
149297688,0.7656774550960016
149297690,0.2896602532015324
149297692,0.12643219666879224
149297693,0.17087692657096645
149297694,0.1136687559322314
149299294,0.046411250010087696
149299296,0.12107432075425209
149299298,0.054891690505077924
149299299,0.13303327147232713
149299300,0.08114420034883661
149299301,0.1248241652649903
149299302,0.049886810560910065
149299303,0.055583371111789785
149307270,0.12330243394390059
149307274,0.2087652644373875
149307276,0.1213084845736939
149307278,0.21788454433532753
149307279,1.3962662350583845
149300206,0.193321571738154
149300208,0.1512479001446742
149300210,0.24017105723041177
149300211,0.12428842457740935
149300212,0.47917800693333645
149300213,0.14754551744357647
149300214,0.11072388506104298
149300215,0.10090459643320623
149299304,0.14250199888397264
149299306,0.2283261526445978
149299307,0.17957393966701435
149299308,0.2880847810892909
149299309,0.14141819304128908
149299310,0.15726153735285786
149299311,0.370916591976945
149299312,0.30605278920358675
149306613,0.4190373244886264
149306614,0.3243938886561515
149306615,0.05654808666248273
149306616,0.2842970117099413
149306617,0.08488950641379965
149306618,0.22410993897618414
149306619,0.09644271295648715
149306620,0.17417700539996506
149306621,0.1724356468304805
149306622,0.07084181140623017
149307161,0.17707074827398098
149307164,0.1915715864108846
149307166,0.7755569006518643
149307167,0.28943806098242547
149307168,0.1515770275515218
149307169,0.21968871554174166
149307170,0.22403570776957132
149309820,0.35354347968446814
149309821,0.25605449551031273
149309822,0.32894781455773525
149309823,0.09905409805909908
149309824,0.10302998142019834
149309825,0.3073095802467908
149309826,0.34666565069914135
149309827,0.3646709368598828
149309828,1.063113011044735
149309829,0.5940252563881796
149293293,0.2243709652327917
149293294,0.15256733437978673
149293295,0.18519641558922606
149293296,0.1836560333625124
149293297,0.2977843395725456
149293298,0.2545373535091469
149293300,0.17817947078477256
149293301,0.4446804459808335
149293302,0.1881694137970805
149292347,0.2959915587598775
149292349,0.24757527803979748
149292351,0.6090251040245723
149292352,0.22750370550368407
149292353,0.2662210457526359
149292354,0.2660351777698547
149292355,0.19569728319777452
149292356,0.19858676133414863
149293766,0.11982536965952141
149292512,0.5273317276466002
149292513,0.28115659468156196
149292514,1.3124858743741366
149292515,0.7427211195636704
149292516,0.41514429722794555
149292517,0.47076718419753033
149292518,0.3712819263594981
149292519,0.46294059435413376
149292520,0.43895396380222146
149292521,0.2801094740691717
149300166,1.0039262526373744
149300167,0.21438671161369768
149300168,0.5450578760195526
149300169,0.35475316274353025
149300170,0.2610815484062081
149300171,0.6871229422041688
149300172,0.25627692561757415
149300173,0.37490266885685863
149300174,0.6439501600719993
149300175,0.1401999282389192
149293619,0.9662633203748087
149293620,0.7927732310598965
149293621,0.33575871071391616
149293622,0.2382059201328486
149293623,0.46295829528218485
149293624,0.31616688597116505
149293625,0.5051728290463972
149293626,0.8057443613906916
149293627,0.2985724235165984
149293628,0.17087983963353978
149294324,0.4630374073363648
149294325,0.24837900321188303
149294326,1.6026572234668417
149294327,0.5539939801825912
149294328,1.0532185357740227
149294329,0.47723911105926153
149294330,0.4829727364267906
149294331,0.9264475934897846
149294332,0.5278796074367622
149294333,0.5644267103116127
149299630,0.1053622170817523
149298032,0.23411236903350505
149298034,0.2192293119720316
149298035,0.23622087079434403
149298036,0.2281865035810426
149308270,0.08026564210085127
149308279,0.17672888125239292
149300627,0.44951551622039343
149300628,0.9530288382009937
149300629,0.9477555823321053
149298970,0.24398021206729323
149298971,0.2409965023361859
149300639,0.11326336497027259
149300640,0.11394044039354173
149300641,0.1131261714610957
149308521,0.2971258238422904
149308664,0.5573354039618931
149308666,0.09204289130608777
149308669,0.3203272350403366
149298125,0.21490082041312442
149307648,0.07526465611547917
149307649,0.07081981836279701
149308732,0.08434753787421748
149308733,0.08037439154028757
149293786,0.7732391394865824
149293787,0.48778454568831087
149293788,0.35505880717216026
149293789,0.3304466616213885
149293790,0.47420198717576567
149293791,0.32622767147314535
149293792,0.3365384270912224
149293793,0.452660871824797
149293794,0.9378592391439436
149300018,0.05211541049398674
149300020,0.04744291817966163
149300022,0.04696378868568783
149300023,0.051867450788975526
149300024,0.19583174627447084
149300025,0.17951014281503036
149300026,0.1978223721454774
149300027,0.24002866937025807
149309620,0.15713403714012195
149309621,0.7725944459776826
149309622,0.1385721942676459
149309626,0.4889209750719982
149309627,0.6571170124187462
149309628,0.17868020096921924
149306638,0.44614505661044046
149306639,0.4926932069514068
149306640,0.6759404014765414
149306641,0.45403046104018463
149306642,0.49624184791091136
149306643,0.44630705663502285
149306644,0.41088288085645525
149306645,0.7014722383739744
149300630,0.11489275503414487
149300632,0.38390143626311934
149300635,0.1621889471244081
149300638,0.4001675127300618
149309441,0.15408665256391152
149309442,0.150356011791788
149292087,0.3597868486190393
149292088,0.21624024782678855
149292089,0.19897479297066728
149292092,0.11011318710926342
149292093,0.1184058034430965
149292094,0.2764926773959596
149292095,0.24358462362121042
149299896,0.07974773839645402
149298100,0.14996008526199112
149298101,0.1755231158624955
149298102,0.5611554581286409
149298103,0.5564733346972224
149298104,0.08907520303822009
149298105,0.08754803401757026
149298106,0.2364953482731545
149298107,0.19277467886534588
149298108,0.5956447659933664
149298109,0.5575706423485094
149298296,0.23709950302790878
149298297,0.2390047541205002
149298298,0.44797044388793755
149298299,0.45545644254080264
149298300,0.27111710895874414
149298301,0.22159093368029947
149298302,0.2579584910289065
149298303,0.2752121300939022
149298304,0.3092057299451862
149298305,0.2977553646750648
149308232,0.10464845150810266
149308233,0.08675613882171582
149308234,0.11503700319290797
149308235,0.08722667874563302
149308237,0.23436277012245918
149308239,0.2152293752327022
149297915,0.22602727655350363
149297916,0.9032008873501
149297919,0.3796196145552259
149297920,0.41624504273245433
149299711,0.5600210731894307
149299714,0.5847048209101295
149299719,0.1541560640821707
149298752,0.27386249070012214
149298753,0.2493003813858218
149298754,0.27421037856091124
149298755,0.2513979227557109
149298756,0.23110516717741114
149298757,0.22994468423277709
149299196,0.7410197249601584
149299197,0.7428894091156972
149299202,0.7545196131901188
149299203,0.6629140331938236
149299205,0.9188691427257236
149309118,0.4757219268437005
149309119,0.15017965876623812
149309120,0.2187314906811
149309121,0.13881788403150952
149309122,0.1879905448344642
149308641,0.29836820095518224
149291793,0.9298189359498348
149291794,0.9406468167584743
149291795,0.7754147496996672
149291796,0.6644152311708813
149291797,0.7379794361469011
149291798,0.7959088064270614
149291799,0.48548148184533246
149291800,0.1983960723859837
149291801,0.3127546464038885
149309006,0.2748459705621493
149309007,0.3244642459598025
149309009,0.32582602800122634
149309012,0.2569357115154096
149309014,0.5928389336098178
149309015,0.5568873980191761
149306924,0.10983491829893838
149306925,0.1597486193280128
149306927,0.15538407284088618
149306928,0.10573126847676088
149306929,0.1606944976658332
149306930,0.16362735783851656
149306932,0.1982484398035823
149306933,0.11278775369148723
149298329,1.0912843429546386
149298330,0.9916760955795955
149298331,0.9548479003811866
149298332,1.3065662648388565
149298333,1.121334190425556
149298334,1.3533395067834793
149298335,0.3134243448678706
149298336,0.6492629109812226
149298337,0.5804026422750822
149298338,0.40872650553810946
149300058,0.15968000850507308
149300059,0.14619194245849315
149300060,0.07616955889573475
149300061,0.06766224471874555
149300062,0.18018181000656514
149300063,0.13869020718904537
149300064,0.5103448983842319
149300065,0.14492052358391344
149300066,0.258577833858254
149300067,0.14379985809804763
149307979,2.14582134703017
149307980,2.241386325754651
149307981,0.20121420798268136
149307982,0.2000357472327099
149307983,0.19745381173212934
149307984,0.5717577533166801
149307985,0.2623630656982943
149307986,0.19862932323321666
149307987,0.2567285761655602
149307988,0.27284878294377385
149297645,0.1388767854078664
149297649,0.30677215371673144
149297654,0.2590023771493677
149308966,0.26233915843776007
149308968,1.3499819918698543
149308969,0.23406423906338625
149308970,0.17569092976784034
149308971,0.2380783051522736
149308973,0.6182753265106387
149308974,0.22201162079654504
149293004,1.1062555089536859
149293005,0.148186501691018
149293006,0.150524836042486
149293007,0.1800584749876041
149293008,0.16121500745567083
149293009,0.1710514655424836
149293010,0.49497744788080483
149293011,0.2274691755628763
149293012,1.0999795913061043
149293013,0.1433317361835591
149291697,0.07700590173516218
149291698,0.07760410486310115
149291699,0.09079205664593303
149291700,0.1595897478711834
149291701,0.20913012780465548
149298343,0.16347700879589627
149298344,0.1454210997151748
149298345,0.2290573310847274
149298346,0.21169740960203734
149298347,0.13590277610830456
149298348,0.21166936121414004
149298349,0.1546477258074136
149298350,0.1258525233774245
149298351,0.23674581784883658
149298352,0.2525499459243992
149297439,0.4169267545030055
149297441,0.680659733095709
149297442,0.30088781380965235
149297447,0.2608113917132676
149307657,0.11626064889106319
149307658,0.21729353648379288
149307659,0.2562819737477947
149307660,0.09785829010450006
149308624,0.234657262886494
149308626,0.3602205666802941
149308638,0.9161339142586019
149308639,0.2530957556284607
149308640,0.5339560778936853
149308646,0.5981773774505654
149308647,0.4811193163068983
149308653,0.5078223784757435
149307978,0.2761822336085222
149309404,0.15622574088763094
149309405,0.44920714147404295
149309408,0.3290984325911664
149309409,0.12939494286305747
149309410,0.47033057432782416
149309412,0.08423694561393139
149306863,0.15263852830802693
149306864,0.15479113587926105
149306865,0.18323084584726024
149306866,0.19289330055436654
149306867,0.4132289763292759
149306868,0.3135708018405336
149306869,0.14472364058995527
149306870,0.2758156242871093
149306871,0.18870143703365228
149306872,0.230677719247425
149309725,0.09764821221839624
149309726,0.05013345999039421
149309727,0.066390270467853
149299144,0.07864998238488066
149299145,0.1022434318845204
149299146,0.0744466314418994
149299147,0.0768099742637321
149299148,0.1731902943563356
149299149,0.15240647062877952
149299150,0.1421203115010015
149299151,0.07649645278030698
149299152,0.12397247749155701
149299153,0.1413839275864084
149300216,0.5719967500907077
149300217,0.2370596948590121
149300219,0.424343768489617
149300221,0.18715327606937604
149300222,0.4136479237706667
149300223,0.13791833677959486
149300224,0.4170142303640794
149300225,0.14150327214853975
149308752,0.16204167532174066
149308753,0.15998097472581468
149308755,0.5543210387795034
149308756,0.7626538859387556
149308757,0.3753894290255324
149308758,0.15922253868471997
149308759,0.14633325240405096
149308760,0.3878052779056749
149308761,0.5748934942883106
149299690,0.10927014969278316
149299691,0.5103174191352121
149299692,0.33061903906334045
149299693,0.3762262079748364
149299694,0.4732069287191841
149299695,0.46681507121928106
149299696,0.11112222290928532
149299697,0.23120908635580742
149299698,0.27263084390647757
149299699,0.28405474434048783
149297535,0.7654207003429825
149297536,0.19391256168950277
149297538,0.8738420786514935
149297539,0.20831179056146648
149297540,0.31080743368002245
149297541,0.36197628901667667
149297542,0.24143267892264822
149297543,0.13979246867571238
149297544,0.32368964272228884
149309091,0.07712838528362408
149309092,0.07946118761529722
149309093,0.0780287297204928
149309094,0.08011362036234791
149309095,0.11565603282753582
149309096,0.12522363876380546
149309097,0.06769018246246708
149309098,0.26113717412214343
149309099,0.0706234256495735
149309100,0.07367454911192525
149294334,0.1973139915832785
149294335,0.11622849641308548
149294336,0.2565331020808883
149294337,0.12011602355260179
149294338,0.45855566652902857
149294339,0.4832760389796166
149294340,0.8368450494719901
149294341,0.5154098860673323
149294342,0.2093071512512845
149294343,0.6381956097165928
149307593,0.2498745734634946
149307594,0.17311804889670307
149307595,0.24991534414331817
149307596,0.17659132011518253
149307597,0.09080586918778259
149307598,0.10318128243286517
149307599,0.08853892465834734
149307600,0.10269995951226556
149299631,0.30199399796537657
149298916,0.8257894640511787
149298917,0.8590496721381334
149298918,0.23381087136992051
149300088,0.27030761583572455
149300089,0.2901643459154727
149300090,0.05650378949281047
149300091,0.9079474825015184
149298915,0.12821067343204748
149309724,0.12568732799121174
149298785,0.23974456484804282
149298791,0.2606594614124616
149298792,0.2106434098875246
149298794,0.4051253388299506
149298207,0.1120854780964119
149298211,0.10405651951243353
149300004,0.22504534619405842
149300005,0.22945248159733275
149300010,0.14787434613724149
149300011,0.14538082580479864
149300012,0.10840087856734033
149300013,0.10801046902378121
149308222,0.13708627551318117
149308224,0.14250829009041677
149308226,0.09611754354435545
149308229,0.2864863140047233
149308230,0.17787907225989977
149308231,0.1260963046308988
149299061,0.14352089997050282
149299062,0.14511139782035296
149299066,0.1506507420795175
149299067,0.1522396701651066
149299069,0.07490062901796712
149299070,0.1999489671497275
149298601,0.1932046860446728
149298602,0.19077645725265888
149298603,0.4572967906461253
149298604,0.5021875557203375
149297556,0.2602004184342681
149297558,0.18816217385208414
149297559,0.16746369662369195
149297560,0.15999225917606352
149297561,0.20408857648135745
149297562,0.1898168921785572
149297563,0.18474987650399358
149297564,0.6522793859671031
149297565,0.23921862334301705
149306228,0.07450526321823796
149306230,0.06045741819103438
149306231,0.046729648834313874
149306234,0.07580833368598291
149306235,0.04992448318305635
149298459,0.3928941589669731
149298460,0.3760536809155199
149298461,0.35110934918749576
149298462,0.3698068041296944
149298463,0.2643110035971366
149298464,0.34605879881187
149298465,0.27689688903422516
149298466,0.372408384094918
149298467,0.1645428949688479
149298468,0.16418152788327547
149307308,0.602211478053246
149307311,0.11887549084267736
149307312,0.6737555886554601
149307314,0.12592464024293112
149306335,0.2581603449145778
149306336,0.6042139257854063
149306337,0.838835794968001
149306338,0.5635137402941695
149309650,0.16067896509002852
149309652,0.27296342568400367
149309653,0.42270620948197213
149309654,0.1768180215273915
149309655,1.3438060572655621
149309657,0.45505542277614386
149309658,0.6488484651007881
149309659,0.4846779445291361
149307714,0.8140655953110875
149307715,0.7906801621091509
149307716,1.1541333319726563
149307717,0.940121965842015
149307718,1.4962316291163926
149307719,0.7449119496408901
149307720,0.6184183567163042
149307722,0.7194376268091942
149308206,0.25828631812949915
149308207,0.22125692263552907
149308208,0.27371585431760825
149308209,0.2265855139077551
149308210,0.2240248763567961
149308211,0.22031306156805475
149306998,0.9639631228756486
149307001,0.2318579100117506
149307003,1.2732296469429423
149307006,0.20821018681086145
149307007,0.20651411960485117
149309147,0.2940920473727291
149309148,0.5042274951626776
149309149,0.5129635524674874
149309150,0.2533352972919297
149309151,0.09550988315259436
149309152,0.4864803500657197
149309153,0.3016524544829864
149309154,0.4990496675684794
149308721,0.10180678106932345
149308725,0.10271553629824665
149308727,0.1124244923100404
149308729,0.11776530924003238
149308730,0.10098962447551388
149308731,0.10361882321861328
149297469,0.07256861222598539
149297471,0.08161845664197333
149297472,0.07173410773929326
149297473,0.0817220243395606
149297475,0.071230247489455
149297476,0.07590707571824791
149297477,0.08640453381160855
149293856,1.1310616493056544
149293857,0.3894498585800168
149293858,0.39804393939398114
149300236,0.15297409953271937
149300237,0.15937427689853673
149300238,0.10673454440780962
149300239,0.27095327948335884
149300240,0.19215631145398235
149300241,0.25038537730060983
149300242,0.2090111369097876
149300243,0.14072273125540932
149300244,0.10664597841085366
149300245,0.1262972406600777
149291783,0.3794938065215012
149291784,0.2679516338247098
149291786,0.3558222040701316
149291788,0.5977021884635677
149291789,0.13613979946813132
149291790,0.22405314418166955
149291791,0.24159463802693748
149291792,0.3065491994148525
149308903,0.377197734963321
149308905,0.21327594740154318
149308906,0.214190693858632
149308907,0.8026089760260281
149308908,0.18920171280378897
149308909,0.14830310973426858
149308910,0.3590536825269932
149308911,0.1699878617692482
149299134,0.42506305797786625
149299135,0.22778580021948433
149299136,0.12682889339742426
149299137,0.12503059461493776
149299138,0.12433611479385179
149299139,0.32934962408285495
149299141,0.18919711657311047
149299142,0.17069675552933336
149299143,0.47857491213876713
149309739,0.10283040523339093
149309740,0.1523118284835392
149309741,0.2938817905592189
149309742,0.21754037524061942
149309743,0.08206774997517134
149309744,0.0385017118401692
149309745,0.20514675477363056
149309746,0.04518575087007906
149309747,0.4180474467865273
149309748,0.03843753284165495
149306516,0.90859220192247
149306517,0.954413560689059
149306518,0.8887334039380893
149306519,0.18067228183770248
149306520,0.18827268021492122
149306521,1.023695947647868
149306522,0.5337028701852389
149306523,1.0121249238519379
149306524,1.1717607224709905
149306525,0.3218259059268902
149308027,0.3022298880360915
149308029,0.35011108944577907
149308030,0.29368881087472104
149308031,0.2980566807054687
149308032,0.4184472404910395
149308033,0.30308786017120776
149308036,0.3581484477260868
149309679,0.22633199224021525
149309680,0.4150628095441126
149309681,0.4321598277637966
149309683,0.25550002633099295
149309684,0.4058848220436048
149309685,0.468949838091313
149309686,0.13538404826079634
149309687,0.3748613063826607
149309688,0.13982674938200934
149309060,0.342993890083764
149309061,0.49711140843148915
149309062,0.3757869444155432
149309063,0.36657918141015317
149309064,0.5339680567866868
149309065,1.3395657771446572
149309066,0.8448314336793119
149309067,1.21761637951231
149309069,0.2712072604482367
149298815,0.07404815453146321
149298816,0.3979765600625619
149298817,0.08675164441522985
149298818,0.4759664769513418
149298819,0.5344844544331675
149298820,0.09470755898042649
149298821,0.34742138306483605
149298822,0.3523399318690788
149298823,0.08675354045972429
149298824,0.5781098203072721
149293649,1.0487803049789193
149293650,0.6984379075812662
149293651,0.5393123258163859
149293652,0.38017810221923937
149293653,0.4068400102991746
149293654,0.38287281835334136
149293655,1.6282597562396355
149293656,0.37833593799198373
149293657,0.3775649425674827
149293658,0.6400091721115
149300573,0.15210533836581067
149300574,0.14806043780059883
149300575,0.2353339960174495
149300576,1.7447110936387697
149293956,0.09837020436950691
149293957,0.07959048547342365
149293958,0.07615739349596597
149293959,0.08153207195214324
149293960,0.07222669205519013
149293961,0.0531587114444775
149293962,0.08101683550797499
149293963,0.09163225219965758
149293964,0.09424855418927205
149293965,0.04809701563741975
149300080,0.22653247899707735
149300083,0.23007115246646215
149300086,0.07209636100733298
149299240,0.2486462567034868
149299241,0.24417255631049434
149299242,0.3006373634406199
149309689,0.3469721494921371
149309690,0.34164584078260524
149309691,0.3676403546863623
149309692,0.6594375641462601
149309693,0.566108448377798
149309694,0.406340608706242
149309695,0.08540308247016638
149309696,0.11215871429318441
149309697,0.4272934949715602
149309698,0.5253359885199177
149309831,0.19079070218992983
149309832,0.3401426383043054
149309833,0.11794443395083214
149309834,0.8957960940551747
149309837,0.2914882119791556
149309839,0.13894645886090617
149308482,0.15355045702609224
149308483,0.05902762197910102
149308484,0.12304599158820043
149299229,0.37790557892854937
149299231,0.6656015440535599
149299234,0.3769805327990535
149299236,0.4350078205311654
149299237,0.5181878961853834
149298088,0.18252409732014604
149298089,0.15114200305489095
149298090,0.12055964006588948
149298091,0.11608114008055669
149298094,0.1637730271851553
149298095,0.17753841262115105
149298096,0.49694880836646854
149291606,0.307770196474441
149291607,0.18324321733862198
149291608,0.1539738766722328
149291609,0.15619100477139694
149298240,0.5452848988840346
149298242,0.26329212425449194
149298244,1.415496613893108
149298245,0.45057113891086703
149298247,0.3686955619382983
149298248,0.1921724476084831
149298249,0.2066761262348371
149297675,0.26031523085238056
149297676,0.7577175765896169
149297677,0.16636272296792484
149297678,0.4129490364343638
149297679,0.4617017482966233
149297680,0.21238141544074196
149297682,0.5741918406450238
149297684,0.2461138101453179
149309167,0.4470706384045425
149309168,0.40669372022013867
149309170,0.3167230325463704
149309171,0.30466242137299065
149309172,0.3675799926003416
149309173,0.4438682935353332
149309174,0.45089520328571625
149309175,0.3786662250815004
149309176,0.4025187739986473
149306349,0.12114088679344662
149306350,0.13521654970160088
149306351,0.18711571039097935
149306352,0.35018554026074283
149306353,0.7444172328860316
149306354,0.26215222675734173
149306355,0.6338147229888907
149306356,1.0052905577902376
149300343,0.3521397755276371
149300343,1.3747773786157431
149300344,2.229811143097044
149300344,2.275009754261868
149300346,2.1832262548794668
149300346,2.140261767102224
149300347,2.4110179657987034
149300347,2.469649438126952
149300348,3.05508954575218
149307573,0.3244064898909995
149307574,0.26014197293869296
149307575,0.24702975886817244
149307576,0.3548758535462515
149307577,0.24950465996631876
149307578,0.3236542178066255
149307579,0.2452906729126132
149307581,0.5727972819166794
149307582,0.24465678765538
149292782,0.21810153606617705
149292783,0.16580234687301576
149292784,0.09799565563041505
149292786,0.25110687156366607
149292787,0.43830964872331085
149292788,0.12090252396168819
149292789,0.1380898890496531
149292790,0.11556687003514851
149292791,0.10807244196342619
149293077,0.11379176797993891
149309564,0.14448792084950332
149309565,0.38477892600034286
149309566,0.1608185961777139
149309567,0.38228359650272004
149309568,0.4565470109659574
149309569,0.5245195564368382
149309571,0.18627354002297836
149309572,0.15209578232145857
149298641,0.3321881276095296
149298642,0.370149367029381
149298645,0.17633455000253165
149298646,0.17399998123090252
149298647,0.4206199836664619
149298648,0.19999041702969872
149298649,0.5194831907839483
149298650,0.19864814368661743
149299977,0.13050740987862097
149299978,0.04149906560506936
149299979,0.14643619383097886
149299980,0.12156422277218938
149299981,0.06384831291115768
149299983,0.054437921161345944
149299984,0.060722290657420644
149299985,0.10433640260684303
149299986,0.06104985785659257
149297939,0.11917119564425523
149297940,0.1391450734932133
149297941,0.1344194379140036
149297942,0.15429959630339934
149297943,0.10736957108143512
149297944,0.15805939279332493
149300617,0.1692736335992753
149300618,0.13306073098559182
149300619,0.11284826837786528
149300623,0.20605933652025404
149300624,0.1873522444909483
149300626,0.1289942690886792
149299091,0.19801584813344753
149299092,0.5915262579905942
149299093,0.337899033947416
149299094,0.6189351292979122
149299095,0.45115485796962485
149299096,0.28515844021763015
149299097,0.19768730130888454
149299098,0.31179939691401143
149299099,0.5753704566409088
149299100,0.4227525977770243
149293088,0.05152553772645032
149308830,0.12645137351774233
149308833,0.5543441771318409
149307151,0.05662742779898197
149307152,0.058286417562506146
149307154,0.05760573394056373
149307155,0.057892625258266585
149307156,0.08922948185667559
149307157,0.10122780598945742
149307159,0.08563057277867671
149307160,0.058393992655927804
149293775,0.40883012355459175
149299246,0.547064603874947
149299247,0.22067959608532342
149299248,0.5721920650971666
149299249,0.15998504569083127
149299250,0.29021007252654896
149299251,0.5260446166045137
149299252,0.25945603793965477
149299253,0.3852429782807785
149299254,0.6074546541994965
149299255,0.46957269076558594
149308180,0.22753967922195242
149308181,0.3754777368205283
149308182,0.6432185452018548
149308183,0.4989448766654654
149308185,0.8893368569397508
149308188,0.5061729205238319
149308189,0.6035770550739494
149308958,0.08797758782278607
149308961,0.1796580903805294
149293993,0.19016318725656184
149293994,0.22929301341107547
149293995,0.300995044445899
149293996,0.6771448632097492
149293997,0.329393274543714
149293998,0.23232554432328217
149293999,0.3822096571196348
149294000,0.17927117219935776
149294001,0.17175302643715024
149294002,0.3124100952606059
149306938,0.2236097411266805
149306939,0.1455656423517666
149306941,0.15083560758114203
149306942,0.6764499397079587
149306943,0.4131019240249159
149306944,0.18646230105983017
149306945,0.6166378932145459
149306946,0.3215413394399312
149306947,0.39759672376721555
149300516,0.39307261634651064
149300517,0.5959915555165685
149300518,0.45533658050797315
149300519,1.1750608569984136
149300520,1.2210941116624559
149300521,0.27548876297958774
149300522,0.5518927602953935
149300523,0.49918508216834373
149300524,0.527697049780617
149300246,0.12127610330397458
149300249,0.11911090663543797
149300251,0.1234303643169539
149300253,0.12440674825793797
149300254,0.17735164227180114
149300255,0.17823355496431562
149309213,0.17203226418080034
149309214,0.411302176497267
149309215,0.2426866037321621
149309216,0.14765919360086122
149309217,0.15924955960101045
149309218,0.17863469065540366
149309219,0.2042351734526856
149309220,0.20718506816356747
149309221,0.19027845622223286
149298581,0.710057647477428
149298582,0.8353062214633602
149298583,0.2883224031627391
149298584,0.25865877426380124
149298585,0.4127457299140562
149298586,0.3946583841962416
149298587,0.3366127832286066
149298588,0.3110333242696641
149298589,0.7307658170967489
149298590,0.40402391986181313
149300134,0.08081951861912919
149300134,1.3902966881822112
149300135,1.5301119601752624
149300135,1.7470024415931455
149300136,1.663438861966697
149300136,1.6710210076573182
149300137,1.588770922538054
149300137,0.9633552343493277
149300139,1.593452992939757
149293066,0.17027881115421145
149307522,0.7253919554510493
149307523,0.6390991154862026
149307524,0.7165040346165076
149307525,1.3227474589246082
149307526,1.1684793476469018
149307527,0.45001135559408506
149307528,0.42931892711688163
149307529,1.1097137276207103
149307530,0.8294672339506155
149307531,0.563503083830245
149291604,0.06523216323020223
149291605,0.07591687347898733
149306803,0.1823953640829121
149306804,1.946367236170658
149306805,0.16546016035779187
149306806,0.1718980186409953
149306810,1.331002994593895
149306811,0.5671859967312568
149306812,0.23710048423299793
149293396,0.190804370237848
149293397,0.19616460898979568
149293399,0.059632407446519604
149293400,0.0850126271813451
149293401,0.07881936851356056
149293402,0.09101619752467538
149293403,0.10784230810423709
149293404,0.07653914738151227
149293405,0.08852158431182584
149293056,0.10354384446769072
149293057,0.20585167167442453
149293058,0.2579411292104113
149293059,0.0880496785590963
149293060,0.5165977791819835
149293061,0.3096944632430487
149293062,0.2341052935687156
149293063,0.5686384496218533
149293064,0.20746046847455646
149293065,0.28401901522979905
149292183,0.21735671930662068
149292184,0.20270220313379825
149292185,0.18910197766880874
149292186,0.18834909085322346
149292187,0.17792665207199035
149292188,0.2171848776794774
149292189,0.17352179354072783
149292190,0.24165622636607634
149292191,0.2190225082417611
149292192,0.19740040035323553
149291520,0.07001008653777817
149291521,0.05900827102438539
149291522,0.05934136726971231
149291523,0.0724373127444839
149291524,0.062181709286927046
149291525,0.060150969048791976
149291526,0.09366933546575743
149291527,0.059377125619198605
149291528,0.07341635869716197
149291529,0.051789025205142676
149291484,0.06122516681894727
149291485,0.18022722031009314
149291486,0.06328672574050191
149291487,0.05701111069491957
149291488,0.6771134724401504
149291489,0.061818967499812055
149291490,0.23495416821909015
149291491,0.4190571524710175
149291492,0.05177694924358327
149291493,0.46789354513383224
149293740,1.0826445113184238
149293741,1.0738794596400854
149293742,0.41190020975478536
149293743,1.0065065564291726
149293744,1.0054375060068272
149293745,0.4450441014605292
149293746,0.7474181131973178
149293747,0.752191679073442
149293748,0.8001440837237033
149299595,0.043301201155254807
149307330,0.039520515637817326
149307999,0.2481941386145131
149308000,0.33766611982147376
149308001,0.23681837569368475
149308005,0.3105086170126371
149308006,0.3316737090346048
149308007,0.299489100353879
149308008,0.3021436272949476
149306258,0.33494126871948415
149306259,0.34519074360004554
149306262,0.6030522482291347
149306263,0.5449417599692652
149306265,0.548591709173021
149306267,0.5918830230666371
149308402,0.18646051681732453
149308403,0.1938212826406876
149298707,0.42415405440420856
149298707,3.2985844999626237
149298708,2.711390636262593
149298708,1.0951686658419004
149298709,3.231675865304855
149298405,0.3000856527689726
149298406,1.6631489237687598
149298409,0.40426005210549654
149298410,0.5544599154985221
149298411,0.5897692149302034
149298412,0.4497485110345112
149298414,0.17141545673925712
149306430,0.21308149243211774
149306431,0.2199413058526196
149306432,0.14775863401397835
149306433,0.14298466467003193
149306434,1.0451348223734909
149306435,0.5414304191359082
149306436,0.2397879364902646
149306437,0.9059655658150694
149306438,0.2308833368659129
149306439,0.129414386085325
149306359,0.04514449089862125
149298339,0.4132371808885949
149298340,0.42436903082933963
149298341,0.5586193898838113
149298342,0.5373405272700477
149298905,0.3062512803390665
149298909,0.4252794391936543
149298910,0.3433080308462653
149298911,0.2665994995865114
149298912,0.22240382295362815
149298913,0.35874133745998665
149298914,0.3351920575878203
149292425,0.09868175619958491
149292426,0.10905516260630631
149292427,0.0907432675456876
149292428,0.10566550998780731
149292431,0.08098909279226564
149292432,0.22360256236464357
149292433,0.1010931194487192
149292434,0.2620824879299536
149298795,0.23227049174998976
149298796,0.6011960911746322
149298799,0.11000927959783402
149298801,0.757583266411858
149292937,0.10703308662079988
149292938,0.11805055599233794
149292939,0.12354081182675088
149292940,0.12008306151809696
149292941,0.13992110024310028
149292942,0.14570566107518534
149292943,0.06527349821545815
149292920,0.1109792275911216
149292921,0.12321736167958332
149292922,0.1166863686265687
149292923,0.13195118480834303
149292924,0.10813106671568662
149292925,0.20431225734736655
149292926,0.1546637353248192
149292909,0.1466246570835394
149292910,0.22045918997541603
149292911,0.3975880057876406
149292912,0.16650683508156522
149292913,0.16513239699890686
149292914,0.2164046476442746
149292915,0.11007525278441359
149292916,0.17188420535610163
149292917,0.24214719075971347
149292918,0.09262744354369945
149306298,0.38411784485059425
149306299,0.09804762828020092
149308597,0.13843383003428794
149308598,0.12520356060358745
149308600,1.006350473200648
149308603,0.7088796650526974
149308605,0.09791672463721741
149308606,0.1329508978902788
149308607,0.6273357983022264
149308608,0.35727556010916306
149308582,0.14956656439298444
149308584,0.08132088988196848
149308585,0.08612961308709194
149308586,0.07694885853337534
149308587,0.07858266044229144
149308588,0.12835030530836286
149308589,0.17851868867020748
149308592,0.10319823660751822
149308594,0.12598026301653495
149306300,0.1899169097356332
149306301,0.16882225263209796
149306302,0.2978936423509574
149306303,0.28405649903543745
149306304,0.29768289880982457
149306305,0.25562406824714673
149306306,0.10758528918019888
149298611,0.8476469217620535
149298614,0.9847920890219318
149298616,0.5916355149415747
149298617,0.41851219033210013
149298619,0.18743643142115488
149307201,0.17210130047121636
149307203,0.17856394023448735
149307204,0.21382305274395275
149307205,0.380405794036856
149307206,0.157658279567848
149307207,0.4976040452753961
149307208,0.1573592782491545
149293836,0.18030627437341265
149293837,0.14037874570049774
149293838,0.1315686547158708
149293839,0.17159927502443958
149293845,0.3129137185389294
149300038,0.10296960433967814
149300039,0.14004273918357296
149300040,0.06937411298697532
149300041,0.0630145929810214
149300042,0.10029436284921012
149300043,0.12093226139802007
149300044,0.057921225479213564
149300045,0.06730613642571873
149300046,0.11620232613745478
149300047,0.10635390835727337
149307675,0.17655508711999487
149300123,0.0730669084969958
149300123,0.9124428050853783
149300124,1.2473683691129749
149300124,1.5918411956923506
149300125,1.7458307660641725
149300125,1.8164334147915024
149300126,1.0901794648653378
149300126,1.5633622207498856
149308913,0.09301661230838525
149308914,0.14646869953770772
149308916,0.3923326118733759
149298591,0.46731836179460207
149298592,0.3230568840527312
149298593,0.13478808954598823
149298595,0.207792838852792
149298596,0.6778380822817768
149298597,0.12951658168411595
149298598,0.18722691857846946
149298599,0.40969381337541516
149298600,0.329903102623171
149308683,0.06228167879182667
149308686,0.06291414155545894
149308687,0.10883649788576816
149292803,0.16505709853991365
149292808,0.3328426326108976
149292809,0.3367312512136104
149292810,0.3352181367753727
149292811,0.30015315693495637
149292812,0.15179806629826315
149297525,0.19621019708013754
149297526,0.15889738884602939
149297530,0.2196044555452657
149297531,0.20436467524935759
149297532,0.15130870261939852
149297534,0.2430634877181564
149293183,0.5549670126549567
149293184,0.7081279237637667
149293185,0.17186547256761292
149293186,0.22009609455654167
149293187,0.7656636744676738
149293188,0.312726604720296
149293189,0.24522512297019744
149293190,0.3937414228632635
149293191,0.25631954292119
149293192,0.5025503933654208
149297504,0.21188153297394505
149297505,0.22751365840113216
149297506,0.1720803639627632
149297507,0.36054698580737016
149297508,0.19439968785317557
149297509,0.21842299220256922
149297510,0.21287206890028548
149297511,0.4344028709887032
149297512,0.1990337093558454
149297513,0.32743080800400765
149298038,0.10953145740598938
149298041,0.33346163575100535
149298042,0.10275432300862161
149298046,0.09224063027706846
149299973,0.08926097032824874
149299974,0.10547996384930709
149299975,0.10119298006438668
149309855,0.1285871356635337
149309856,0.1226270088949371
149300536,0.16633460882186654
149300537,0.17545938275157696
149300538,0.1264282526302358
149300539,0.1302213884119451
149300540,0.08590356871164964
149300541,0.06635216978952181
149300542,0.15180422975610802
149300543,0.14961335345374174
149300544,0.3256431523373173
149300545,0.09723297556231329
149300323,0.7780741990140255
149300323,2.6625032736027605
149300324,2.2609856779880495
149300324,1.467473014442653
149300325,2.5980538482317863
149300325,2.610410868213536
149300326,3.121804657797006
149306706,0.09221321287967543
149306707,0.15906138337556974
149306708,0.21316151838933922
149306709,0.1356965792545868
149306710,0.47519430915522304
149306711,0.272747234719652
149306712,0.08590310541950834
149306713,0.07646867303113487
149306714,0.18311381300689822
149306715,0.39460981402231826
149300382,0.7159096253275662
149300384,0.4551432946412095
149300386,0.35659306098240173
149300387,0.3660115807981715
149300389,0.34823894842739805
149300390,0.7636834011975884
149300391,0.7500975450687537
149306307,0.3998169086768203
149306308,0.42293802800813507
149306309,0.17128821134386032
149306310,0.16566151819624927
149306313,0.5363446224072265
149306314,0.5377114328883683
149306315,0.0873240500629187
149306316,0.09373874047465791
149307958,0.15371281643172804
149307959,0.15531061816499478
149307960,0.1364251886239345
149307961,0.1390595260838373
149307962,0.1451182263848305
149307963,0.12031754002215951
149307964,0.5279830753487553
149307965,0.5048484632841351
149307966,0.15348488577165678
149307967,0.15266287628510788
149308820,0.2584260671049402
149308821,0.2384038661671312
149308823,0.24960973003106193
149308824,0.18534120599703102
149308825,0.12033532858286572
149308826,0.12494494504722489
149308828,0.13570190476728192
149308829,0.08725184945028971
149292835,0.2181139517106454
149292836,0.1537067010824685
149292837,0.4312333364211485
149292838,0.16342331844312236
149292839,0.5084988435730756
149292840,0.24333781452036388
149292841,0.14960479484750022
149292842,0.4377358116449468
149292843,0.350186610125359
149292844,0.2174017541855366
149307611,0.36393602224489907
149307612,0.23710181602133926
149307613,0.4545888287037966
149307614,0.12519676326291665
149307615,0.3048060192930329
149307616,0.14578437024408752
149307617,0.39784245714673155
149307618,0.3660466724554942
149307619,0.2004199062443349
149307620,0.2267637163103389
149292971,0.1539727916970625
149292972,0.16824173454434782
149292973,0.24755486145603778
149292974,0.5065802440838527
149292975,0.16415168024703244
149292976,0.19970382621229674
149292977,0.12186417402400426
149292978,0.2528537676749956
149309018,0.22019080073118474
149309019,0.28546534926649525
149309020,0.2392576935640589
149309021,0.1699945008648781
149309022,0.31991472419619355
149309023,0.18308438282229247
149309024,0.19301748601697405
149309025,0.25073832434083737
149309026,0.179339796789986
149309027,1.968300330727712
149307704,0.1276414239253002
149307705,0.6310382790375262
149307706,0.7445730237542095
149307707,0.768734742060384
149307708,0.5930635683534519
149307709,0.7445827460954819
149307710,0.5225008030175542
149307711,0.4920328421554495
149307712,0.11524544695993168
149307713,0.11334457625786327
149297765,0.29913804049916787
149297768,0.4318472833066585
149297772,0.8221162749428488
149297773,0.1794244607928472
149306357,0.08919385320004383
149306358,0.09393306252560425
149292702,0.49723854492328695
149292703,0.4249802687232892
149292705,0.5159618445721592
149292706,0.4321667830439356
149292707,0.3316345204284004
149292708,1.1882132707959425
149292709,0.429643436731669
149292710,0.3636130680732904
149292711,0.4255625540310004
149293629,0.594031136991486
149293630,0.1806633718693917
149293631,0.6530937286986521
149293632,0.4179868279453165
149293633,0.18078579510101372
149293634,0.5239728424541094
149293635,0.3859906525203775
149293636,0.29900091308971793
149293637,0.5162198756455282
149293638,0.7483047894593063
149299545,0.13192762732189528
149299546,0.2256748722960964
149299547,0.18730825523516206
149299548,0.18448600462881837
149299549,0.224400612487324
149297398,0.16904843742911455
149297399,0.12874235594544978
149297400,0.17804534862826193
149297401,0.17211748785792813
149297402,0.07349258364632706
149297403,0.06362366151376714
149300028,0.07850440468789885
149300030,0.08558786725622156
149300032,0.08703339330895637
149300033,0.08255261425270735
149300034,0.07965670609375662
149300035,0.07915989213491638
149300037,0.06419909980432915
149309157,0.4436111730643288
149309158,0.3607454566413293
149309159,0.34065317026019465
149309160,0.3139788917895686
149309161,0.17414221351115958
149309163,0.3513371650587276
149309166,0.5224848422462246
149307141,0.15451903106310597
149307142,0.24395767718811845
149307143,0.6858523388212094
149307144,0.23796832076957275
149307145,0.6212071899077449
149307146,0.404216221902102
149307147,0.11508352436860608
149307149,0.21920036351007105
149307150,0.3485832228794839
149291869,0.46140591551641097
149291870,0.24136455791628095
149291871,0.13817576124015205
149291872,0.35371136575768053
149291873,0.20141866698184455
149291874,0.38459914169441783
149291875,0.10835541266255258
149291876,0.3782124092999156
149291877,0.10094322799026421
149291878,0.3930079938053063
149308047,0.240080616251741
149308049,0.1517609540572711
149308050,0.1918879218142046
149308051,0.16275161682819406
149308052,0.21113212298174958
149308053,0.22783830556005674
149308054,0.2994028515471447
149308055,0.16068587225553216
149308056,0.17929140201634852
149298547,0.39146825420711545
149298548,0.67478214499498
149298550,0.5268635800379187
149298551,0.8382759917801261
149298552,0.6935253450934143
149298553,0.41881180631924664
149298554,0.7280460709144289
149298555,0.8247704932942603
149298556,0.3761292327239045
149300155,0.25859024403320413
149300155,2.161634370353948
149300156,2.2329059667492284
149300156,2.148874105028871
149300157,1.9309274184664975
149300157,2.495691273266196
149300158,1.8167336669344554
149300158,2.12864740066824
149300159,2.1396204157965726
149300159,1.2094567406679912
149292927,0.09778132354291279
149292928,0.10894366216888901
149292929,0.10966274797335006
149292930,0.10169883200094772
149292931,0.22331096102520018
149292932,0.26973123337369054
149292933,0.19407283474279466
149292934,0.22746605474732842
149292935,0.09454817017889398
149292936,0.09186373606474035
149309070,0.28593881709578056
149309071,0.16754378489096125
149309073,0.10255386658831794
149309075,0.16716806155182537
149309076,0.22987365799983808
149309077,0.25095657378584163
149309078,0.21732811952171882
149309079,0.22326419511678
149297798,0.13210442465885147
149297800,0.564975412257718
149297801,0.31650102573712524
149297802,0.13878469218334144
149297803,0.15631133374207404
149297804,0.13036425122241366
149297805,0.12596670736122553
149297806,0.17196088057209558
149297807,0.19384713073949053
149299439,0.14937518775440062
149299440,0.228263530601481
149299441,0.2533526678411606
149299442,0.3216595490677851
149299443,0.16713437608024412
149299444,0.19804606449447723
149299445,0.2165741324544259
149299446,0.41120509832913665
149299448,0.12261368423214207
149291687,0.04584029213327539
149291688,0.06586695895572575
149291689,0.04234733468883006
149291690,0.05774866040027083
149291691,0.04680723843478561
149291692,0.13335236304278103
149291693,0.15210986202809396
149291694,0.04236695510252161
149291695,0.055385046655622445
149291696,0.053572763379184436
149308950,0.49118707595689914
149308952,0.3542157770943391
149308954,0.08086717168343789
149308956,0.06400407340452752
149309600,0.07697894286251014
149309603,0.07693100127649156
149309604,0.09698544511001446
149309605,0.06993226589345455
149309606,0.06957509962736555
149309608,0.08554996448817999
149309609,0.08495518457395479
149309749,0.098325099740746
149309751,0.25164038109247666
149309752,0.10004846258031684
149309753,0.24647829900220883
149309754,0.10650819503750553
149309756,0.10700242045328165
149309757,0.10985417930863835
149306934,0.22607298331066433
149306935,0.2473205156008366
149306936,0.5728839026328171
149306937,0.5415626367857856
149291547,0.4530189978938811
149291548,0.454540015512692
149300404,0.2993963860848399
149300405,0.31255061353740293
149291539,0.27752802079857564
149298758,0.19774027378203965
149298759,0.18858653437073372
149298761,0.10902422054071001
149298762,0.2430188523468296
149298763,0.22056049617718948
149298764,0.17119410901582938
149298765,0.37597264934921176
149298766,0.17871777592589905
149298767,0.1629528015282716
149307893,0.07378117547893881
149298651,0.19589649317285637
149298652,0.206967119252538
149298653,0.19157017062010837
149298654,0.18194455947018212
149298657,0.18898151933283056
149298658,0.20517722271255934
149298659,0.21267411861877702
149298660,0.19294974960206812
149308212,0.20076248321605236
149308214,0.16788527300616665
149308215,0.1771062445589857
149308216,0.19929945620728018
149308217,0.21564010975204786
149308219,0.1871960776766007
149308220,0.23500368840583805
149308221,0.3496261509595875
149292204,0.15502421655452944
149292205,0.3781524973972666
149292206,0.36547815309598675
149292207,0.11947999959184465
149292208,0.2907322629843024
149292209,0.12446766406954576
149292210,0.23415810956483016
149292211,0.5623595227551208
149292212,0.10602699840668961
149292213,0.3086065653030083
149291955,0.5797345635055055
149291956,0.6031418917030518
149291957,0.964896010638495
149291958,1.6658411773492146
149291959,0.3805597642327718
149291960,0.5066802891873353
149291961,0.34835127498061325
149291962,0.6238822543519988
149291963,0.5246067410177717
149291964,0.9802802263985938
149291531,0.04341759509555423
149291532,0.042818348550026065
149291533,0.1716812366887972
149291534,0.15278029549849245
149297844,0.37192337530387926
149297844,1.3132576010597161
149297845,1.0481622846432515
149297845,1.111463779480469
149297846,1.2637821414269814
149297846,1.1095243475138055
149297847,0.891917680883031
149299731,0.2440919377017314
149299733,0.11112811938575488
149299734,0.19511771866995767
149299737,1.7768853775564224
149299738,0.1619701735464131
149299739,0.13298996816067157
149299740,0.15953669688161526
149307321,0.18370530472794744
149307322,0.2081427078247161
149307323,0.16826464409712685
149307326,1.8977937556329556
149307329,0.2195260665204027
149300276,0.14951812982745705
149300277,0.11470186827452387
149300278,0.10607431207743673
149300279,0.14222401054018707
149300280,0.10187447939034579
149300281,0.10565497216283469
149300282,0.10419080756850904
149300283,0.10399085817892956
149300284,0.1029378914550545
149300285,0.11032465326128629
149297869,0.1874355242601046
149297870,0.7805508956165611
149297872,0.14682268589265327
149297877,0.18081662152468647
149297878,0.20263373088199085
149291805,0.06406789638261258
149291808,0.06379372141296684
149291810,0.0725056415948228
149291811,0.043972327412286974
149291813,0.08081642063377004
149291814,0.08454842758260198
149291825,0.13346499651984398
149291826,0.06507725738060499
149291827,0.06379096346022155
149291830,0.064392657113392
149291831,0.17374068695908834
149291833,0.18264585181902337
149291834,0.06345316228844029
149293582,0.6452529770495771
149293583,0.38106509812262973
149293587,0.10303350371617731
149293588,0.10048573480936301
149293589,0.369683644488866
149293590,0.593277095908454
149299272,0.22655422125022992
149299273,0.22784161249670193
149309630,0.30965995081550923
149309631,0.1707385024319944
149309632,0.21699047075379824
149309633,0.24367000818151224
149309634,0.7325910890246141
149309635,0.6178845827181044
149309636,0.8454531331450732
149309637,0.8636994687879447
149309638,0.6634978390841
149309639,0.3250040617430455
149297868,0.18984532633606066
149298671,0.547419353742121
149298672,0.12171287591914412
149298673,0.3943517153120324
149298674,0.14041241765266946
149298675,0.6013354704403966
149298676,0.3040011941826876
149298677,0.633961830733967
149298678,0.6537382802861588
149298679,0.5254805633815468
149298680,0.2524717781814527
149299701,0.205564181087093
149299710,0.6251247966708473
149309137,0.25710228490193066
149309138,0.13942782334227596
149309139,0.07562483928103841
149309140,0.3168648267956782
149309141,0.10398120316790598
149309142,0.3630888702357215
149309143,0.11777564283311212
149309144,0.14057422373989778
149309145,0.28179944607463153
149309146,0.14831800417161928
149292959,0.13002799341282534
149292960,0.3781152745022514
149292961,0.3908953753540604
149292962,0.18187442389106756
149292963,0.1554881170976923
149292964,0.1642139519516625
149292965,0.15125728065222718
149292966,0.1192852297399088
149292967,0.15571843209256636
149292968,0.2474594303838244
149300048,0.14900150578942017
149300049,0.17752495088628223
149300050,0.15163152208648786
149300051,0.15752095744686043
149300052,0.14127745982394527
149300053,0.16989982487111452
149300054,0.20308641360985166
149300055,0.1286809945408565
149300056,0.13582651197431736
149300057,0.19582673475351445
149293750,1.2077078299981514
149293751,0.881809850420247
149292855,0.8306804075171738
149292856,0.14951571583216863
149292857,0.22738307415165407
149292859,0.6824932758280037
149292860,0.25488895071320733
149292861,0.20911781089666337
149292862,0.18398236124564768
149292863,0.32207180450604406
149308836,0.29934338311879644
149308837,0.20568350807219657
149308838,0.1785967130408918
149308841,0.12325778352560475
149308842,0.1301371979095428
149299741,0.21761756899006887
149299743,0.07553854283549648
149299746,0.18243953988177297
149299748,0.41358541965730544
149299749,0.2013974634296795
149299750,0.6240074401495158
149299898,0.47597077115697556
149299900,0.5553622504671966
149299903,0.06710762754201452
149299904,0.0767453580929468
149299905,0.28811160934362007
149299906,0.37273111025678146
149299907,0.15014159816034928
149299127,0.14392726676152165
149299128,0.15475645394271406
149299131,0.1450146960223996
149299132,0.15583209081406477
149291763,0.29523416137863523
149291765,0.38503105014924544
149291768,0.22401569648056704
149291769,0.3039576170237723
149291771,0.6248174397160988
149291772,0.24790923795106048
149309806,0.23577517460161132
149309807,0.22703855007455664
149309808,0.1133612472957259
149309809,0.14970458540501835
149298204,0.15526216568706738
149298205,0.5064425320641124
149300363,0.5422428664343992
149300363,1.523662825276342
149300364,3.7291567222210484
149300364,3.0501382904207386
149300365,3.567552779234092
149300365,3.1610033309976147
149300366,3.4925912087311293
149300366,3.2920563329715535
149300367,3.2100329252893385
149300367,1.8528552616604428
149298473,1.942514869060918
149298474,1.7343319144672562
149298476,1.9843838007031858
149298477,0.35755745053995186
149298478,2.159007437293829
149298479,1.317251828022092
149298480,1.9392121195026275
149298481,0.5899876644582364
149298482,0.44956213279772667
149291665,0.2948410732727752
149291666,0.3153103797934556
149291667,0.16486357165435006
149291669,0.18108986495788082
149291670,0.25322894963229076
149291671,0.2518506317562301
149291672,0.19614963375891353
149291673,0.27276512060092445
149291674,0.19517688796790741
149308433,0.20585428463250688
149308434,0.6176042375089695
149308435,0.4180967358382425
149308436,0.32393111234141564
149308437,0.473904899612416
149308438,0.2576488951294014
149308439,0.323873933808534
149308440,0.21328446174289198
149308441,0.15004931054592097
149308442,0.15955572670942433
149299040,0.3937305543759478
149299041,0.09481281336518527
149299042,0.3805017714838067
149299043,0.19910407746420833
149292845,0.2332973151587272
149292847,0.1673649887590685
149292848,0.47211404413461705
149292849,1.002220520816163
149292850,0.1397123808077325
149292851,0.3340318336983433
149292853,0.5658348985720665
149292854,0.20452355208063316
149307539,0.4906680893696319
149307540,0.0702416538655006
149307543,0.5973975760114338
149307544,0.6109827268640378
149307546,0.07756599186982446
149307547,2.019374718162221
149299505,0.27237658936922976
149299509,0.22770758995368418
149299510,0.2666570269782784
149299511,0.2260209819954602
149299513,0.2237736462178694
149299514,0.26491669819418684
149308893,0.19105685943048947
149308894,0.15766627399264344
149308895,0.6309139269900892
149308897,0.2720895322627022
149308899,0.2341788497016545
149308900,0.286994860792491
149308901,0.21418193164966912
149308902,0.15074226380870284
149292949,0.2812239632154775
149292952,0.29905843017463735
149292955,0.2778630413384533
149292956,0.28254422730509726
149292958,0.41789851999961164
149309610,0.10512116114231504
149309611,0.2537116385203251
149309612,0.33359186142864516
149309613,0.21192877788345196
149309614,0.608888092790337
149309615,0.9492934176744925
149309616,0.2121610787272194
149309617,0.4755378323809706
149309618,0.627446922244436
149309619,0.9490260746503819
149309521,0.18414794406996662
149309522,0.19194163528983527
149309523,0.07533407833751882
149309524,0.11478175646231725
149309525,0.21037978908701405
149309526,0.07446054063957347
149309527,0.2680469567640884
149309528,0.0967979111022497
149309529,1.3246188411457789
149309530,0.19507724676355823
149307284,0.23353260630975492
149307285,0.1693862517356986
149307286,0.16214418906260145
149307287,0.7589587265320825
149307288,0.1678135318610624
149307289,0.18426091702379735
149307290,0.1663849356888735
149307291,0.13070947630281288
149307292,0.19465492730660186
149307293,0.15796980758485826
149291703,0.08945115467965842
149298281,0.29073204125962887
149298282,0.21099459686633765
149298283,0.3093574977895332
149298284,0.910817485664341
149298285,0.17997674890863968
149298286,0.5030530679465395
149298287,0.1862258870583022
149298289,0.20637125203048098
149298290,0.16902584584934105
149300445,0.23439774134811087
149300446,0.2231802854703267
149300447,0.23420971913492988
149300448,0.25151536758420995
149300449,0.3448262790181227
149300450,0.3262830703980173
149300451,0.1679669502793714
149300452,0.15792343062839126
149300453,0.3153413573436975
149300454,0.14789863682228602
149307171,0.12275007715141273
149307172,0.10398124681849512
149307173,0.12798610531007304
149307174,0.16923137621647602
149307175,0.09435783985416459
149307176,0.20635614208745193
149307177,0.09188028359931863
149307178,0.09928453137105715
149307179,0.10250517658399444
149291563,0.13121502478500643
149291564,0.1620700221338167
149291565,0.2697914051097765
149291566,0.16860512824321847
149291567,0.7178367071027207
149291568,0.1515077003117188
149291569,0.26171659851016943
149291570,0.230150699020857
149291571,0.7143984701420425
149291572,0.27519711123432217
149293639,0.7057098439414387
149293640,0.3733137680401974
149293641,0.27502361956902766
149293642,0.2922225964597505
149293643,0.3084441258213606
149293644,0.49782291287907765
149293645,0.6094997049435047
149293646,0.6642981985083763
149293647,0.790734684052642
149293648,0.6004891941897585
149309223,0.32317747329312335
149309225,0.335285678244722
149309226,0.23610896088428204
149309227,0.31495495215018227
149307694,1.344822010492362
149307695,1.0382187534759066
149307696,0.8867209720290592
149307697,0.37201564325640907
149307698,0.9283980561416948
149307699,0.8648580109158444
149307700,0.8574356798585374
149307701,0.36210570360285016
149299347,0.1374609394584749
149299348,0.17296340423709083
149299349,0.9751880475675341
149299350,0.16514643002504215
149299988,0.08688827212298367
149299989,0.07359734230491724
149299993,0.08087510967161336
149300400,0.6189012096883756
149300401,0.6295451287648017
149300402,0.4357877972826208
149300403,0.28277458573340525
149291856,0.25766898622883483
149291857,0.290673944868094
149291858,0.12323880002963274
149291859,0.2235585314489079
149291860,0.21211489141983875
149291861,0.13664262880973696
149291862,0.1452844074854653
149291863,0.11617626731222179
149291865,0.3251862953668298
149300526,0.20633156352958482
149300528,0.11948964604863073
149300529,0.14258769169009877
149300532,0.1287489753204372
149300533,0.19844619880329598
149300534,0.19584107482371604
149300535,1.1153352604393247
149309660,0.2171174482500692
149309661,0.10488461390431189
149309662,0.12588353531784563
149309663,0.10884277963304824
149309664,0.32209077052218327
149309665,0.27759070873606007
149309666,0.21896101922375916
149309667,0.26795161407792434
149309668,0.7214998254322239
149309669,0.13939655984792598
149307671,0.18906118335128236
149307672,0.15319132946982
149297346,0.1198248662487735
149297347,0.13103238633029612
149297348,0.09871992472254885
149297349,0.07188792323951006
149297350,0.0856701802707544
149297351,0.06686508330429912
149297352,0.06524885751511714
149297353,0.07105835046835905
149297354,0.09858741800991178
149297355,0.11271685673296365
149293078,0.08554474178596749
149293079,0.27408131074247255
149293081,0.4483014054922849
149293084,0.2975757240090828
149293085,0.2313748358009437
149293086,0.06588453027833684
149293087,0.06417353032978707
149292264,0.12220005807860354
149292265,0.33022124727987073
149292266,0.28733610534080306
149292267,0.3796439279265985
149292268,0.3956450308828345
149292269,0.18333660321602077
149292270,0.16523571311548227
149292271,0.5487292145603194
149292272,0.4519923963711148
149292273,0.15796428843321922
149292478,0.20026928285037254
149292479,0.3130048380493228
149292481,0.3032604719957415
149292482,0.46380223087046746
149292483,0.17067844932818305
149292484,1.1955592874098713
149292485,0.12924760163827653
149292486,0.8984216880864405
149292487,0.29916775615967717
149307180,0.2764723569080831
149307181,0.1366493865063957
149307182,0.3378356597740492
149307183,0.5544925790930759
149307184,0.1515657081109694
149307185,0.5252375744297735
149307186,0.19168327813805897
149307187,0.29832440752446154
149307188,0.5469521101457284
149307189,0.25376940670746856
149306537,1.3318237969052902
149306538,0.3286057011431845
149306539,1.0132121977818356
149306540,0.27495075409223946
149306541,0.10999174254031699
149306542,0.2712570064258384
149306543,0.6851371617942976
149306544,0.1861520882709853
149306545,0.7667296439960877
149306546,0.21439943778800216
149306568,0.29895481005063607
149306569,0.9696095251214787
149306571,0.3327272641609205
149306572,0.19398081615364982
149306573,0.36008595813652
149306574,0.26717715003510306
149306577,0.21948910805857852
149291975,0.5873290116987047
149291976,1.3489660626640676
149291977,0.8143367559114881
149291978,0.9138475138348853
149291979,0.5944248564101847
149291980,0.5805922198381664
149291981,1.5256255020498775
149291982,1.0721229239631513
149291983,0.8418846164219671
149299616,0.4551103715965138
149299617,0.31993640769955084
149299618,0.19941739229284985
149299619,0.31006540598387927
149299620,0.14763918808228862
149299621,0.2685059708989789
149299622,0.06460564424302088
149299623,0.20210028881752357
149299624,0.11127935496185637
149299625,0.3230658264527674
149297716,0.07419884257028783
149297717,0.3396069867306915
149297718,0.08097230811374055
149297719,0.28543351782412024
149297720,0.1427846457092415
149297721,0.07284201590720314
149297722,0.37056858217544614
149297723,0.06688675908996533
149297724,0.07488343926242719
149297725,0.06812633173532383
149300333,0.354781708143594
149300333,2.7156848190492404
149300334,3.6581581047869323
149300334,2.9521726675972113
149300336,2.370091721364409
149300336,2.6312048298930493
149300337,2.9398721681866613
149300337,2.676254809017139
149291495,0.18717536995174522
149291496,0.1873391622495465
149291497,0.525139144470177
149291498,0.47721838419065776
149291499,0.7145945829338582
149291501,0.7985879299891218
149291502,0.5101815296068632
149291503,0.1992712780949372
149291505,0.47068198758954427
149291506,0.2654224594071174
149293767,0.09522348052544896
149291815,0.06085881522244457
149291816,0.059990024693403865
149291817,0.05973065695474523
149291818,0.059311533277160634
149291823,0.04517484459143641
149291824,0.041915487337748365
149293386,0.25238437154773297
149293387,0.16134255882976759
149293388,0.34380612556789836
149293389,0.20438845777635842
149293390,0.3185077884356547
149293391,0.19372074145478047
149293392,0.23812460518792425
149293393,0.34498644155789243
149293395,0.565201500410916
149298078,0.8526539089872371
149298079,0.16846598631129545
149298080,0.179196870999497
149298081,0.2767874023046764
149298082,0.6434925045768466
149298083,0.1290669144516447
149298084,0.753666573941577
149298085,0.1689413512853852
149298086,0.23272278849903252
149298087,0.2992422178385971
149300068,0.24675318662511603
149300069,0.20510211025311642
149300070,0.22920679123936843
149300071,0.23986865598218224
149300072,0.3055006125408351
149300073,0.19460171547156674
149300074,0.23984125381799282
149300075,0.20295075732681406
149300076,0.3329842990614662
149300077,0.22743037095729732
149291803,0.07696911160956435
149291804,0.1608921182386008
149291937,1.3120253086978033
149291938,0.33266361194828004
149291939,0.3130380472693812
149291940,0.8322027101237153
149291941,0.3879901537285284
149291942,0.954899933403824
149291943,0.6790491747117899
149291944,0.7779688408631772
149291945,0.8544738897598892
149291946,0.4618837805058312
149307792,0.14950240821581245
149307793,0.1601717520491373
149307794,0.8968823107359772
149307795,0.8895652491771533
149307796,0.32844685879330726
149307797,0.5876732869526231
149307798,0.10396500618292355
149307799,0.6540516781794342
149307800,0.4003599226868371
149307801,0.10625642406840585
149299908,0.09564075763510752
149299909,0.39940810338941674
149299910,0.2666004699301433
149299911,0.9884009674516829
149299912,1.1685412112468965
149299913,0.32998007579237754
149299914,0.3066869772796501
149299915,1.6640351752124543
149299916,1.5741150973218698
149306763,0.24832867237690073
149306764,0.22690382408779666
149306765,0.22300468440402993
149306238,0.052220201204668325
149306239,0.048923452249418145
149306240,0.06310565393284492
149306241,0.06868854642611608
149306242,0.05276701262855084
149306243,0.052156838746518455
149306244,0.06108662258391614
149306245,0.06285792178822829
149306246,0.046690324996971046
149306247,0.12510535150133134
149299345,1.3182968254687457
149298228,0.9353462998232543
149298230,0.7770192865373711
149298231,0.7080143459564411
149298232,0.3434196793044593
149298233,0.35740828906629857
149298235,1.1271066478868532
149298236,0.9723700262940677
149298237,0.5670169150732078
149293859,0.6605922097975506
149293860,0.4539473952367293
149293861,0.2877817812998499
149293862,1.0482527936018697
149293863,0.6696967772141736
149293864,0.7546066466211367
149293865,0.1858772461342079
149293866,0.31114448486334867
149293867,0.21275234910516508
149309201,0.22248723599041564
149309202,0.3529188321490928
149309203,0.19620036927629186
149309204,0.20907070816126205
149309205,0.21841742663942895
149309206,0.2088271905509758
149309207,0.19497011397759298
149309208,0.19078072722803863
149309209,0.6157560569986261
149309210,0.20111988586668847
149298768,0.21304853272640062
149298771,0.3242232476321646
149298772,0.16068147329445653
149298773,0.2680377840266229
149298774,0.1193734780832561
149298775,0.14937092889945353
149298777,0.45247457523440265
149293714,0.7446516881461958
149293715,0.7766971984841882
149293716,0.8000506780068579
149300511,0.2002518216692459
149300512,0.21782381296640888
149300513,0.24128219339882367
149300514,0.22318142367831498
149300515,0.1879308163955932
149308806,0.8907545902117399
149308807,0.5168294160160497
149308808,0.28007811009732175
149308809,0.9215923012177227
149308810,0.14627720003254374
149308811,0.0875094352936558
149308812,0.23733675156939746
149308813,0.16222512993988145
149308814,0.3477584302749326
149308815,0.9988117941164022
149297905,0.4081494954795614
149297906,0.21799493491137065
149297913,0.28196592938276743
149297914,0.23428451151449287
149308772,0.40405551643682186
149308773,0.3980075486645694
149308774,0.5585174634322843
149308775,1.115405525657889
149308776,0.14369172285930207
149308777,0.6978876138233974
149308778,0.36180956876166737
149308779,0.3448892495401325
149308780,0.2929951325303831
149308781,0.34894560624304605
149307583,0.19859233199033602
149307584,0.2450268441884002
149307585,0.09910800831916583
149307586,1.786796192107016
149307587,0.47113487438611734
149307588,0.21257003784958461
149307589,0.14596668448741018
149307590,0.7808552357655477
149307591,0.19199399055209915
149307592,0.1429189418424984
149300353,0.4406737130451452
149300353,1.8534697746573943
149300354,1.9121688048489756
149300354,2.76887667573435
149300355,2.4405721083141056
149300355,2.883511577966567
149300356,2.441175062173708
149300356,2.155345829745934
149300357,1.950535318074114
149300357,2.2031481826051333
149291855,0.14243691406576042
149308855,0.1699559692948247
149308856,0.47769915190622153
149308857,0.1264609810861624
149308858,0.3142269992291678
149308859,0.33224490918817706
149308860,0.10397651354574987
149308861,0.27806853913023205
149308862,0.2241328656036852
149308863,0.13414517284674937
149308864,0.4600193800685118
149299629,0.47155393485549874
149307739,0.46004649832699634
149307740,0.44957303186554654
149308262,0.18745126920259972
149308264,0.15650244988583611
149308266,0.19909396780971747
149308267,0.15386724359312764
149299606,0.0652010324401107
149299607,0.07285550076332174
149299608,0.06288959289040992
149299609,0.20026337929901047
149299610,0.06886662962134456
149299611,0.06823485948588019
149299612,0.07441237782515625
149299613,0.07241633835046425
149299614,0.07535767623782327
149299615,0.0838591282477498
149293727,0.6393447745275758
149293728,0.7141521106483558
149293729,0.49537259575080145
149293730,0.8625005811781314
149293731,1.2658096407930328
149293732,1.0541820461014573
149293733,0.9838223790775794
149293734,1.2379265564780755
149293735,0.4261571349668008
149293736,1.0002466858882348
149298058,0.10849590885298503
149298059,0.1349614374327324
149298060,0.15379243311795956
149298061,0.13951200530895055
149298062,0.1405660936388414
149298064,0.1274242659489032
149298065,0.29605525541998023
149298066,0.3377581092457038
149298067,0.2624742463155083
149292813,0.10356655063580944
149292814,0.1523074846417764
149292815,0.11666551039341763
149292816,0.24444073392564286
149292817,0.20107140631795248
149292818,0.3162143902095485
149292819,0.5927382066735469
149292820,0.850711819237155
149292821,0.3874606530331723
149292822,0.3250128172748436
149291650,0.21827211616173692
149291651,1.0520425134635358
149291652,0.5087523603080986
149291653,0.40073008341753175
149291654,0.8614117538582134
149291655,0.7168141422064425
149291656,0.7313553312678948
149291657,0.34354762274504863
149291658,0.6067547176230722
149291659,1.071417455843343
149298750,0.2053904680399517
149298751,0.23531005783356596
149291610,0.10303231262411952
149291611,0.10406880156867944
149291612,0.11224305102041254
149291613,0.10366588546106058
149291614,0.09626537765391009
149291615,0.11985969572893114
149291616,0.11567160135509352
149293816,0.6357369429030167
149293817,0.6931794227560681
149293818,0.2886852548243616
149293819,0.45675219599220673
149293820,0.41929483377450244
149293821,0.6556848956749972
149293822,0.4170729556439594
149293823,0.6680491582584069
149293824,0.8316640259287081
149293825,0.5740847175432584
149307076,0.1951141969294736
149307077,0.2719741942272341
149307078,0.3381145722558459
149307079,0.2175288260902164
149307080,0.2234206173859189
149307081,0.2001860409728966
149307082,0.24450403063782994
149307083,0.4194735749463882
149307084,0.23247290352911246
149307085,0.2971437869904567
149298148,0.2945452982006044
149298149,0.27256265770708465
149298150,0.38655442522354655
149298151,0.16659228739285256
149298152,0.400869248675347
149298153,0.42644218093825176
149298154,0.5056483269750582
149298155,0.601253946352624
149309191,0.29343887999182894
149309192,0.21199678977589614
149309193,0.23788871928258237
149309194,0.27435643403830307
149309195,0.19161085332743572
149309196,0.19614990198534127
149309197,0.21298153329641936
149309198,0.22960943930366634
149309199,0.1828507502392202
149309200,0.1658450858784326
149293768,0.05412879185024573
149293769,0.22014801573758194
149299596,0.751063168132018
149299597,0.25705885288690883
149299598,0.16563869248981264
149299600,0.7210864869184974
149299601,0.209712524745547
149299602,0.20695958217772603
149299603,1.356973535876161
149299604,0.527832729818905
149299605,0.4452351322892719
149297697,0.2457361516750502
149297698,0.14232768932195006
149297699,0.3232869111861932
149297700,0.4196549209188145
149307344,0.08161104601672592
149307676,0.10119399473612797
149298836,0.046118182002821737
149298573,0.8646116881765147
149298574,0.8592254280981105
149298576,0.8415675180490053
149298577,0.8436543276832414
149298579,0.7563684166225255
149307031,0.08752701574223966
149307035,0.6750798629857286
149307036,0.6784875083031856
149307038,0.22015587410847617
149307040,0.19946364157067972
149307041,0.19582758374947976
149307042,0.2441757806284757
149299796,0.20484276632008735
149298580,0.11486862697683854
149308408,0.3089752924500884
149308410,0.5122147360385947
149308411,0.5782299030779476
149300440,0.10070328057514205
149300455,0.11929361502101239
149300456,0.13323231913692996
149300457,0.09113932131185586
149298433,0.02875501040763421
149306428,0.5054202548496143
149309436,0.32547077255959994
149307253,0.07083522218850342
149293409,0.07971653245374066
149307693,0.13227356086681025
149297524,0.0898728684552531
149308404,0.4776443486214796
149308406,0.33743738903981824
149308407,0.1674341800361744
149299819,0.46204665837572806
149299820,0.4804520472749623
149299821,0.8758609483267374
149299822,0.8668633103414591
149299823,0.5573836200380086
149292865,0.10426950177449348
149292866,0.09494691857029566
149298377,0.03656786562939218
149300547,0.07296078287478419
149307803,0.12767721814531854
149299177,0.04288576201926581
149299178,0.05085474147085251
149299179,0.05014407661701843
149298353,0.8320539456159011
149298354,0.8323713294405954
149306400,0.05517269487570184
149306405,0.13735131515745366
149306406,0.07639167516938455
149308923,0.09265598700329303
149308924,0.09718734994563118
149309434,0.07389161499426536
149298398,0.8044301884758124
149298399,0.8373992602813191
149308976,0.06912503492711704
149308716,0.07308492438939372
149308718,0.13106066699162855
149308719,0.2716929591291393
149308979,0.23291195991767294
149308980,0.09230002316336167
149308981,0.2946057271754395
149308982,0.2646631072298233
149300286,0.08086316953645133
149291889,0.09408685696130822
149291890,0.5658573451166317
149293353,0.45234908515168687
149293354,0.12396264254252531
149293525,0.8450965148087614
149293527,0.29305749314590823
149293528,0.3143426489821806
149293530,0.25250527622497554
149293531,0.2931168412241614
149293532,0.24792810700874865
149293533,0.2553357375411197
149293534,0.469023331568922
149306775,0.09015271294092096
149306776,0.0897018586445161
149306777,0.03925275224551691
149291480,0.07998224475356748
149299346,0.1956133772894486
149298201,0.09910876982861405
149298130,0.14856673906205453
149298131,0.20595022276022526
149298132,0.330212793752359
149298133,0.27393293192172125
149298134,0.09158924504219253
149298135,0.1349466768781964
149298136,0.7674561259560325
149298137,0.31234844988430743
149298138,0.13970467416502083
149298139,0.13862497388873735
149298140,0.10670877942425509
149298141,0.1818621299383998
149298142,0.7768293471142644
149298143,0.5621255343917468
149298144,0.1585317756700442
149298145,0.10126540683176109
149298146,0.09564378050517361
149298147,0.16969695133585197
149309759,0.24686582735455634
149309764,0.35065193504435405
149309765,0.07675058436414786
149309767,0.16748228198221138
149309768,0.6130268920043809
149300489,0.35686240183422263
149300490,0.3902461152421391
149300491,0.8404697624400959
149300492,0.6313923292419475
149300493,0.4656706078883275
149300494,0.36124717525904715
149300495,0.6868157910270359
149300496,0.3783426363271004
149300497,1.208367032802398
149300498,0.7194004190588373
149297711,0.1252093791803289
149297712,0.12178962900613328
149297713,0.3099445084900731
149297714,0.38185548490359283
149297715,0.4578214098505021
149299765,0.2945553858852313
149299766,0.11346559519793761
149299771,0.11233259755642817
149299774,0.09069705391654213
149292979,0.19987889123217475
149292980,0.6259878431441779
149292981,0.1689347132384601
149292982,0.40029701318947764
149292983,0.15233102371620688
149292984,0.2945994131533477
149292985,0.12134200117979864
149292986,0.23013737127538397
149292987,0.5291011439490491
149292988,0.15872877919756778
149294257,0.14696121785848543
149294258,0.2716959199698766
149294259,0.23360783470277832
149294260,0.1599807029901917
149294261,0.15517529268342936
149294262,0.2888065160332803
149294263,0.34416890338197026
149294264,0.1808430912691578
149294265,0.26017942019462964
149294266,0.2572014276007167
149298126,0.08492872396004128
149298127,0.14153100898719145
149298128,0.12111995678857435
149298129,0.11057980194220068
149308194,0.19404568019544685
149308195,0.7038311704077883
149308197,0.185944085318183
149308198,0.24838594273392123
149308199,0.6167667854737581
149308202,0.2351619091310605
149308203,0.1942011359095837
149306218,0.09487802296361365
149306219,0.3203680225553235
149306220,0.14385554910960602
149306221,0.3324027044702414
149306222,0.13474369653100823
149306223,0.4243872240041819
149306224,1.1219541128692487
149306225,0.19189986971777628
149306226,0.08942468707262122
149306227,0.1036078543588188
149308204,0.12233865199576387
149308205,0.12112772149724962
149293717,0.8243988386717469
149293718,0.690307811009407
149293719,1.3344693661055058
149293720,1.2257900105609183
149293721,0.9275212949953037
149293724,1.384051023137138
149293726,1.632885381515204
149299662,0.058194898033431385
149293669,0.601927795732964
149293670,0.25364337481256183
149293671,0.3028360380788656
149293672,1.220039086951148
149293673,0.4450439116177298
149293674,0.2362073417176168
149293675,0.5061253243701084
149293676,0.7163540527544197
149293677,0.3582288953087476
149293678,0.42301424502594864
149299176,0.05461286656995216
149306692,0.08329898429184647
149306693,0.2802204000033133
149306694,0.26856314257962477
149306695,0.06459584551143004
149300444,0.07598807571368908
149298835,0.19311141586675715
149299351,0.1368052868074967
149299352,0.14465443526862895
149299651,0.051625294767735044
149300509,0.07750740136527526
149300510,0.03528550886059716
149307190,0.05113153207117197
149297960,0.03615079762960539
149298866,0.09315743318216875
149307876,0.03465422964376947
149306360,0.06805043487294532
149306361,0.1943763437926788
149306362,0.7450952532386846
149308495,0.2119655644532289
149308496,0.2123072303844411
149308499,0.20072669421824063
149308500,0.18037967195847726
149308501,0.1638453255076935
149307468,0.03946408024401162
149306778,0.06651756472133011
149306779,0.18551602754538757
149306780,0.4368324656855851
149299031,0.17639916505772846
149299032,0.17744150797880073
149299036,0.21133299687693477
149299037,0.2730194686090916
149297287,0.06505335745728166
149297288,0.12299985090251736
149308336,0.04167881505027792
149306888,0.06302522083095644
149307339,0.05405869932902064
149291866,0.06154248373146973
149291867,0.13281989519336915
149291868,0.10715808375989296
149299267,0.02038592546456294
149299209,0.03812391360645127
149299210,0.04853475617829771
149298025,0.08610049768652463
149299784,0.15552850320070452
149299785,0.25109159572722933
149297381,0.12709992470946888
149297383,0.3355093619238303
149297385,0.18597779867226538
149308448,0.09096426669799056
149308449,0.0800658228074665
149299270,0.09299918378508147
149299271,0.07664697375836779
149298434,0.6174188796998641
149298435,0.7705211098065989
149298436,0.6365133212366179
149298437,0.6374042443042633
149298438,0.7091064322732399
149307096,0.21136602398925927
149307099,0.08050976290961177
149307877,0.06506085886619074
149309437,0.4447406101355858
149291639,0.03733372670294711
149307025,0.035779056777415025
149307026,0.26730893565324004
149307416,0.06557091017544729
149307417,0.040960787964179055
149307418,0.04073344627849959
149309463,0.09937312982863954
149309464,0.11235729749049445
149309466,0.4708715517508185
149306582,0.1259265945663922
149306583,0.11372890169111272
149306584,0.21570323578157052
149306585,0.08462178127654056
149307505,0.03915273500756341
149307506,0.06349581882538295
149307471,0.2836593533681904
149307472,0.2898812623595907
149292993,0.09494845663232507
149292994,0.1370670541197449
149292995,0.09362574595553148
149292996,0.05485372500629709
149299027,0.09067491931449782
149299028,0.14859704102027677
149299029,0.130270975433048
149299030,0.1293181803663188
149297310,0.05516920551441516
149297311,0.07649673646500003
149297434,0.17814282424237773
149306393,0.1021219192852719
149306395,0.13795724279657132
149306397,0.13348427670232613
149306399,0.15502491842916477
149309295,0.07398151936175927
149309297,0.13219607622691748
149309298,0.10023912092759597
149309299,0.11224175060497174
149309300,0.07540145531498434
149309303,0.1404763871741635
149299826,0.5525069882159493
149299827,0.49419557796353974
149299828,0.4758478379092087
149299824,0.48504854137617925
149299825,0.8753014708875576
149308450,0.24506319968022577
149308452,0.4934593084266886
149308453,0.09472575104520148
149308454,0.16131088683197067
149308455,0.13322221360019496
149308456,0.07986226959908811
149308458,0.34302121220199944
149308485,0.10072717464339541
149308487,0.1343713531255903
149308488,0.518861057322476
149308489,0.18949401203391344
149308490,0.08594128829972492
149308491,0.14223530950089455
149308492,0.2462240454168266
149308494,0.13911874387341766
149306547,0.031223604125973175
149307404,0.09655847675845063
149292035,0.14839263716849718
149292037,0.10415486212700274
149292038,0.23163562462433204
149292039,0.100371284048515
149292040,0.15286337231167946
149292042,0.11063503904993283
149292043,0.11676623691563133
149293700,0.7142016212615327
149293701,0.7249474660031422
149291627,0.0354348652763565
149291628,0.03612582807444103
149291995,0.056751924140262214
149291998,0.1281721774135703
149291999,0.4012012003046073
149292001,0.2007172616142244
149292004,0.2047041060294086
149292057,0.18078795893217495
149292058,0.3536689069534262
149292059,0.13207601410940406
149292060,0.2297149888293428
149292061,0.6251480241651725
149292063,0.21720414522140744
149292065,0.17321645460833862
149292066,0.3042326267441879
149306179,0.10830303302331727
149306180,0.0623482714015979
149306181,0.14096787717758066
149306182,0.0750850410362518
149306184,0.11490859750669778
149306185,0.22621354729310328
149306186,0.1562319233146399
149306740,0.09426376293672259
149306741,0.09720696077182554
149306746,0.08051368265175299
149306753,0.05729754932734254
149306754,0.05440316798529566
149306755,0.08970263326684477
149306756,0.06426641651346666
149306757,0.07688861252190879
149306759,0.1252748079432807
149306760,0.09214020436522054
149306761,0.4025982009864998
149306762,0.12216725803519107
149309317,0.09447302067392227
149309320,0.10524648993631297
149309321,0.10306512973493144
149309322,0.14761149332423168
149309323,0.14776194797409611
149309324,0.784826665695379
149307766,0.06701117672917309
149307767,0.0872818490072479
149307768,0.08939240521109029
149307770,0.12774915075869714
149307771,0.1305304463088892
149307772,0.22685214150165872
149307773,0.5231274110155578
149307775,0.11924278317735927
149297254,0.04770128712805212
149297255,0.044532386823256345
149297256,0.06499393434871115
149297468,0.03131496168996599
149308977,0.2512970122527036
149309670,0.04876294275060174
149309671,0.05509098776499823
149309672,0.055605296881955105
149309674,0.11376223185522549
149309675,0.11373801744985747
149309676,0.337112555292731
149293104,0.10966526828576784
149291936,0.3498940998308068
149292745,0.0781784480722311
149291507,0.12415694715058198
149291508,0.14108007328076777
149291509,0.08751908574626306
149291510,0.16184831953623338
149291511,0.09538903698588644
149293269,0.0460485870354489
149294184,0.39643002497768776
149294185,0.1735901497665378
149294186,0.09946470508920342
149292142,0.10395969555420179
149291619,0.23851969145311885
149291620,0.2359062785455606
149291621,0.18272256294369904
149291622,0.2394951904320784
149291623,0.1111526880165436
149291624,0.20995782052696996
149291626,0.2990002188929478
149291617,0.011641021667829966
149291664,0.03543013808780855
149300612,0.1022483306868278
149292877,0.11078548294736339
149292878,0.10307878546160565
149293355,0.17715283301133253
149293356,0.1719457105142622
149293357,0.12514509656548667
149293358,0.08101447097007806
149293359,0.03877984918487941
149293360,0.039038129321792917
149300165,0.07056920203441774
149294063,0.40196933545292557
149294064,0.5686152122678974
149293182,0.13865389307463435
149308917,0.12762841898879584
149308918,0.08687824368248313
149308919,0.2426144088313124
149308920,0.10109855907856673
149308921,0.09707933059176208
149308922,0.14998590108559445
149291773,0.7584852237009408
149291774,1.4541238346445873
149291776,0.6919978742690962
149291777,0.7809030078176066
149291778,1.386992019643728
149291779,0.5721340813876624
149291780,0.8070527264543349
149291781,0.3373801584240751
149291782,0.5220076986205576
149309549,0.08540336418102569
149309550,0.7566579639227002
149309551,0.2760087843131849
149293505,1.688818721395643
149293506,0.43784027947637566
149293507,0.6607677499644194
149293508,0.28067179483248805
149293509,0.40427941344442364
149293511,0.5334812531055708
149293512,0.19257609636254594
149293513,0.2984736030584213
149293514,0.8335076084798662
149298726,0.5522312599702582
149298726,1.485292744654033
149298727,1.0815567267478412
149298727,1.6017381926750354
149298728,1.0225619631188456
149298728,1.5487497716050436
149298729,1.442583078268787
149298729,1.6591986724410543
149298730,1.4916775397055864
149298730,0.957508912557262
149309101,0.34243031217487874
149309102,0.10171202226629457
149309103,0.37507519076462337
149309104,0.4984028158875604
149309105,0.27302633643220814
149309106,0.1496926782039928
149309107,0.0728666064440918
149291549,0.11214672490410975
149291550,0.14516328406366064
149291551,0.15712552631430807
149291552,0.14539366771309004
149293203,0.15494134810641338
149293204,0.07459859188054004
149293205,0.1766670085950257
149293206,0.06866127243582132
149293207,0.08597393681226746
149293208,0.35787278861381644
149291475,0.060555616577128706
149291476,0.08214174855908517
149291439,0.035116940250695915
149293899,0.6700190926399725
149293900,0.27595547598497533
149293901,0.12376050700945164
149293902,0.618584009393757
149293903,0.1574836542226505
149293904,0.7378051453621001
149293905,0.42323641766161935
149293906,0.536486070171895
149293907,0.17711258913767175
149293908,0.38828751146545454
149300144,0.06965611304388386
149306486,0.0777358174571889
149306487,0.07646006193965305
149306488,0.22127430226436173
149306489,0.13632636017153174
149306490,0.2129547354899336
149306491,0.059930202253627614
149306492,0.15578686255417687
149306493,0.2867805253969698
149306494,0.14466341142515332
149306495,0.15822580088274707
149294061,0.06500851478123894
149294062,0.6813743190248718
149292488,0.1567722036419823
149292489,0.18657741655898444
149292490,0.4591967704575517
149292491,0.5600545195708896
149293869,0.25644482475234714
149293870,0.14234313838880489
149293871,0.14971318875568324
149293872,0.13886698163022068
149293873,0.2167829564415705
149293874,0.55382739514281
149293875,0.15372071268581425
149293876,0.28102114822484464
149293877,0.31919159228289434
149293878,0.34050162152471863
149300458,0.09062474685876613
149300459,0.09683459973220651
149300460,0.4842367565745596
149300461,0.08654971247635414
149299649,0.06515518318006214
149306884,0.1113468556688539
149298897,0.07009297895651387
149309732,0.047891130066070646
149299807,0.11389871747900039
149299808,0.2848586064376716
149299809,0.4835049011671485
149299810,0.26549186979425143
149299811,0.48546357181055805
149299812,0.7725149365883928
149308337,0.05463946035166925
149308338,0.25151167362512605
149308339,0.24422083089331942
149298005,0.18110353783611577
149298009,0.1914391856922604
149298010,0.6112485156204577
149298012,0.07997497560753147
149308290,0.5122476036924616
149308291,0.1814945526012164
149299839,0.5508290693565148
149299841,0.9207058674729848
149299842,0.6204303597696778
149299843,0.5720096362285085
149299844,0.6044293404268979
149299845,0.7141804423809074
149299846,0.5921763832161362
149299848,0.8388040172507968
149306748,0.12223888717100927
149300611,0.061799171771899385
149307507,0.06489025060026096
149307509,0.5139645419662556
149307510,0.3495314323456829
149307511,0.511628295283282
149307512,0.3388086893948375
149307515,0.7808997285808863
149307233,1.7240060195194662
149307234,1.7323016112415193
149307235,0.3751224102294172
149307236,0.4168627434847138
149307237,1.2005698225371852
149307239,1.2050268151632824
149307240,1.463327883155717
149307241,1.6945164369805654
149307242,0.10917839882664056
149309784,0.16391413513955577
149309785,0.1336927549991466
149307120,0.06747098832918301
149309859,0.06429671008627079
149309860,0.08200984030722348
149309862,0.1054815237647209
149309863,0.08364324655662711
149309864,0.11869714705444985
149309467,0.12234552797547191
149307429,0.10348389695456126
149307432,0.16737393511035242
149307434,0.16678864782439468
149307435,0.7697165699065912
149307437,0.5148719970478043
149307438,0.7695411306608558
149293384,0.09585870535603672
149300558,0.08191315045305864
149298495,0.06340063203412291
149298496,0.07547488229194477
149299190,0.06877836446509653
149299191,0.15169350010325416
149299192,0.14693496940224457
149299193,0.24561782256187498
149299195,0.2512611993843182
149299687,0.5127174705483101
149307384,0.07552585403424372
149307389,0.21441016028044976
149307390,0.30964477492819537
149307391,0.21617299030204254
149309016,0.3762027001307502
149309017,0.1242186530417545
149307806,0.0769321353583939
149292723,0.2632562720742504
149292724,0.353221733562711
149292725,0.22177157694966634
149292726,0.44572732073628574
149299038,0.31080855759366294
149299039,0.22707079330561752
149297588,0.14534213441151458
149297589,0.09152269246169979
149297590,0.17740282734043236
149297593,0.17409064620355924
149297595,0.12684908164018335
149309229,0.26682475644717013
149300478,0.17067867322386934
149309090,0.06736661820990845
149306163,0.04146562027484811
149306164,0.05206296299504049
149306165,0.05208263670781242
149306166,0.06559215798397981
149306717,0.06670436507326818
149308939,0.04867953099130159
149309584,0.16893090693425108
149307215,0.0894177340680294
149307216,0.06344931628090773
149309562,0.059902843804328525
149306688,0.2523076088584562
149292997,0.2138499074173541
149292998,0.3006769305519338
149292999,0.1383445819718053
149293000,0.1406757240034752
149293001,0.22218747150339468
149293002,0.10767145178166418
149293003,0.20125464650373248
149299034,0.11450368105253149
149299035,0.14838993497561997
149298114,0.057789061826284155
149298115,0.05822905608608355
149298112,0.08765475107618756
149298116,0.06030733981828874
149307647,0.049102910939507936
149291892,0.0824288389930916
149299688,0.04517203440680896
149307340,0.06878367757048527
149307341,0.06958173555326508
149293371,0.03640703303569649
149299024,0.2719548631960478
149307787,0.14119969964619467
149307789,0.14032643507498296
149307790,0.2539806059960278
149307791,0.2198007149521791
149307733,0.23911502633200496
149307734,0.23504410264828834
149307765,0.04796326148947039
149307467,0.14683196272410426
149307570,0.08249500146672106
149307572,0.17407044323662413
149300122,0.057641107621589104
149307086,0.12270868521194621
149307087,0.14558309578562276
149307088,0.13477638046028448
149307089,0.07355068275097208
149307090,0.2239035642808965
149307091,0.07614845052802857
149307093,0.13312910337537123
149307094,0.2216430798641107
149307095,0.2237792581778946
149307217,0.05795248574821132
149307218,0.0817565294986736
149307219,0.08231902414612681
149307220,0.0726521179110187
149307221,0.08617236319847549
149307222,0.0668156922415562
149307223,0.10356431350366611
149307224,0.10340515932800769
149307225,0.0634246111227843
149307226,0.12274133734435809
149307227,0.05963933321800899
149307228,0.10519320354294434
149307229,0.06563557780951651
149307230,0.10865436800461617
149307231,0.07028171098307966
149307232,0.08991555655664996
149292889,0.06850955934922456
149292890,0.07417680179832484
149292891,0.09942000297653897
149292892,0.21770361078934822
149292893,0.0908486501655554
149292894,0.12155729147920498
149292895,0.2060002463619486
149292896,0.10268369915747598
149292897,0.11409046729460676
149292898,0.12476742271652998
149299373,0.08436645461845567
149299374,0.1188875320033329
149299375,0.14840509245183747
149299376,0.10269141275866242
149299377,0.10278280143996336
149299378,0.12018892101209752
149299380,0.07462201032108152
149299381,0.08721513662553955
149299382,0.07113983630819012
149299829,0.6028953071422241
149299830,0.5314826006746302
149299831,0.6768169285551148
149299832,0.5311190757594292
149299833,0.5256042578763259
149299834,0.6998800250129699
149299835,0.6145379501379018
149299836,0.6222703652141903
149299837,0.5423233990018274
149299838,0.5382277765637894
149307680,0.08345744886922861
149307681,0.14403139642354038
149307683,0.16927767743369523
149307684,0.09334359536113945
149298178,0.06110743409099612
149297462,0.06271581691582845
149306169,0.08358016088069253
149306170,0.11293041348313779
149306171,0.08615897960551525
149306172,0.15967364938805542
149306173,0.13757957012512514
149306175,0.0937954720713139
149306176,0.19752157957646088
149306177,0.10985364466367081
149306178,0.12583351381335994
149309574,0.12232648258805147
149309578,0.09167464451145677
149309579,0.12503860471372133
149309580,0.08589409395230725
149309582,0.12461946933460746
149309583,0.09952833214418742
149306696,0.1017931633236238
149306697,0.0785923421577172
149306698,0.2079195969253858
149306699,0.12265757712289885
149306700,0.1166556448054322
149306701,0.1691708766980533
149306702,0.0787507616707818
149306703,0.20388213612886405
149306704,0.08130181996815691
149306705,0.09256031585902938
149298158,0.2258329514388828
149298159,0.09428580522237631
149298160,0.09944788154719413
149298161,0.20585159797872912
149298162,0.1359414398236354
149298163,0.12709581613492404
149298164,0.11473476621837167
149298165,0.1252528546792043
149298167,0.06566276385441482
149298168,0.09063555031249318
149298169,0.10014611388339302
149298170,0.1046894724742489
149298171,0.09671608255953024
149298172,0.3587084447208202
149298174,0.18254344229704375
149298175,0.07926730104480076
149298176,0.2621207843431424
149298177,0.12085414204542377
149309402,0.07161535457788738
149309403,0.06844552504051903
149309840,0.0771969754433752
149309841,0.0770905629619955
149309842,0.13795763301550035
149309844,0.1447609790569608
149291891,0.36285312500601286
149292867,0.16573616070708128
149292868,0.38998079092426136
149292869,0.5383256759533294
149292870,0.21161252417312923
149292871,0.09400651890633369
149292872,0.11476975551936283
149292874,0.6029099911643714
149292875,0.22733172076503125
149292876,0.1430652692264157
149297300,0.2095896518799429
149297301,0.1329535882060644
149297302,0.2325360876193739
149297303,0.08427013765465359
149297308,0.13804753325987315
149297309,0.11326527149207402
149300266,0.14812609951147077
149300268,0.12422820420285376
149300269,0.09665500562445072
149300272,0.1959792875554982
149300273,0.23151070338077687
149300275,0.14940665587294305
149297822,0.14509016567387245
149293933,0.19584133178847218
149293934,0.1108871583273373
149298558,0.08371882621035767
149298559,0.27238900456611703
149298560,0.23572676982345717
149299353,0.10744324494441349
149299354,0.152824607043131
149299355,0.12057413811862332
149299357,0.15402962323407055
149299358,0.1496186536027039
149299359,0.09382657414200213
149299360,0.1313193481110527
149299361,0.2599594695644508
149299362,0.14189854937662483
149291901,0.12457498091340098
149291902,0.4234447289597933
149291903,0.17473810976540974
149291904,0.926280527790238
149292067,0.14563968330416485
149292069,0.13033318575368266
149292070,0.1486082097160555
149292073,0.3553268946245681
149292075,0.5229248934018813
149292076,0.3433289611516488
149292045,0.4167530849811084
149292046,0.30110293553290485
149308688,0.07936780914530933
149308689,0.1651203506184578
149291729,0.3411875150080481
149293089,0.16208944789657048
149293090,0.11114987755338018
149293091,0.11556278652458336
149293092,0.08346343697328543
149292740,0.14304211679652898
149292741,0.10905182747785652
149292742,0.34663686457538834
149292743,0.11380961820991246
149292744,0.06457081843604161
149292015,0.6930542368771652
149292018,0.14732877145469592
149292019,0.1468533783259645
149292021,0.13199693139979465
149292022,0.1223645609227834
149291707,0.08085210685852483
149291708,0.0372106467045195
149291677,0.038844094044314686
149291678,0.07352327971937897
149299775,0.06314406199158713
149297967,0.08015232401929231
149297968,0.08911493915889433
149297969,0.09407264125401123
149297970,0.09841603794124613
149297971,0.0787933878399347
149297972,0.10240562859917093
149297973,0.08213145062862841
149297974,0.09267671229792018
149297975,0.13296848284101387
149297976,0.11422546627903474
149292569,0.2142136835055538
149292570,0.12142263597814638
149292571,0.1336021948720283
149292573,0.13659151491453866
149292574,0.08009325196829885
149292575,0.07555167242975017
149292143,0.555060918151999
149292144,0.2030259185673992
149292145,0.4474296735380476
149292146,0.19089970101213213
149292147,0.1918811456531475
149292148,0.7459243812648759
149292149,0.20300846958681898
149292150,0.3880438919524371
149292151,0.604253215122933
149292152,0.2890041723618108
149307894,0.14509833545338763
149307895,0.2908257197189283
149307896,0.29339475799543735
149307897,0.2035195274626148
149307898,0.20213214777715094
149307899,0.36200574028338545
149307900,0.35812459276535263
149307901,0.23242676318310915
149307902,0.23958009923253967
149307903,0.2890362831337198
149299962,0.05492392197279067
149308443,0.06064968955643841
149308444,0.09137247493880693
149299700,0.08103113255374637
149300092,0.08780933315398115
149300101,0.0905763508828852
149297959,0.12111802016179786
149297341,0.045504665082426385
149297344,0.05473204704581534
149297345,0.06671172089748545
149309349,0.04006363014262287
149309350,0.06406593532979309
149291706,0.05706829054206271
149298260,0.1940977080680103
149300417,0.046952724384719674
149298015,0.15173032605006595
149298017,0.11813487197613128
149298019,0.13803464318988076
149298020,0.10679813929297777
149298021,0.19083715052691488
149298023,0.17289824818663196
149299923,0.03445108354497472
149299924,0.3994015201274173
149299925,0.3080172433102797
149297945,0.05421117577786641
149297703,0.11217502453283491
149297290,0.05690307608909188
149297292,0.32509499781320284
149297295,0.3553958847841263
149297296,0.3504941471439395
149297297,0.5542715440203854
149297298,0.10419899202432276
149297299,0.5576915649917326
149299751,0.16507925542780386
149299757,0.2864819967686433
149307650,0.04062801964435346
149299274,0.07039356519540528
149299275,0.00831923740782827
149299276,0.5942844853656596
149299277,0.5989074115631671
149297788,0.1689986861590253
149297789,0.08565509844636107
149297790,0.07479996749062387
149297791,0.23800420990904703
149297792,0.10260596940483292
149297793,0.21621318603190776
149297794,0.14234049268412374
149297795,0.21880368629611996
149297796,0.15664388997633155
149297797,0.1375613804157174
149299264,0.026630708910318032
149299245,0.008996357674725298
149299689,0.6069790304531463
149308294,0.2595285652723789
149308295,0.6710838427890466
149308296,0.3235790226664172
149308297,0.4535007385412224
149308298,0.8400127933459622
149308299,0.5696700560895446
149308300,0.4400517223401571
149308301,0.5175653298015717
149308302,0.26117253432350374
149308303,0.2505785787233809
149306383,0.19391962119661796
149306386,0.13814211365332169
149306387,0.16899890367148973
149306391,0.15435393058026184
149306392,0.17238890950514116
149299859,0.5611518405800916
149299860,0.5891642041541318
149299861,0.5448731569950646
149299862,0.5729107322900002
149299863,0.9655119702642466
149299864,0.8832205259594974
149299865,0.9824026376622726
149299866,0.8344807976594747
149299867,0.5706573961812146
149299868,0.43230203854415983
149309511,0.20739089555795104
149309513,0.30467313508494387
149309514,0.18516458150743756
149309515,0.1815054412227512
149309516,0.20956392678633598
149309517,0.24308662761762342
149309518,0.15917047853613944
149309519,0.27864771230271695
149309520,0.17404995248091176
149307045,0.19705808226681407
149307046,0.40429692743023743
149307047,0.29005757768240237
149308305,0.042568154700233854
149292193,0.02375712643193941
149291618,0.06287951707172501
149293423,0.3884586947714233
149293424,0.3930924020344108
149293425,1.2969125793540184
149293427,1.2862273532795423
149293429,0.08639583748908886
149293702,0.6080993027481012
149293703,0.6950459733181061
149293704,0.6197334023720685
149293705,0.8142848958254217
149293706,0.7185984484308962
149293707,0.6208232077533877
149293708,0.6541154490622103
149293709,0.7177976494796121
149293710,0.702550046703785
149300420,0.12798570283325986
149300421,0.11778099787716696
149300422,0.06985553202941493
149300423,0.09807393263262737
149300424,0.8121715853063206
149300425,0.86564395600204
149300426,0.14823655196110314
149300427,0.16167924899396718
149300428,0.34449939673436153
149298261,0.09578339086271952
149298262,0.13399884009292698
149298263,0.2939485258539518
149298002,0.1035776930291535
149297729,0.2002347360254639
149297730,0.6200262868378522
149297734,0.19964592422986424
149297736,0.19094260851834466
149299849,0.6233500512696819
149299850,0.8516633366138264
149299851,0.6855403104552568
149299852,0.5452182548271816
149299853,0.5822621789082936
149299854,0.6031565000851872
149299855,0.8941846961244699
149299856,0.577087952804805
149299857,0.7722227374098246
149299858,0.758335198821178
149307664,0.09554803710541913
149307668,0.09174253652052593
149307652,0.28626658518587944
149299071,0.13735875271950687
149299072,0.09689854449075247
149299076,0.49590775297706396
149306601,0.1284471334452195
149306602,0.12825854756265478
149306603,0.7534916154906536
149306604,0.7475486706385595
149307243,1.2455816502337416
149307244,1.2496672941381286
149307245,1.3831126909380766
149307246,1.3815976669748609
149307247,0.6265916105283595
149307248,0.6581350960167135
149307249,0.7429783748536904
149307250,0.7571383910330647
149307251,0.9612371553361798
149307252,1.2793962148264446
149309769,0.1516887290809402
149309770,0.05051413300418228
149309771,0.17533051593957444
149309772,0.13742400098651952
149306853,0.22992499080031711
149306854,0.08752857480459056
149306855,0.07676594930668186
149306856,0.2725841530785367
149306857,0.2058733960746874
149306858,0.13919205533968343
149306859,0.3502361808909421
149306860,0.07575408775000245
149306861,0.22421077881730817
149306862,0.3686859498294651
149309414,0.14710356678767542
149309415,0.27018863231931206
149309416,0.29720373248218696
149309417,0.2521580534425453
149309418,0.14653223968168264
149309419,0.24433510975026854
149309420,0.16639631323084614
149309421,0.36706066307410123
149309423,0.15548670082885716
149306783,0.15160078996920623
149306784,0.08344218276338743
149306785,0.10554129428781284
149306786,0.4967262485072902
149306787,0.12595422052783203
149306788,0.5438321563867364
149306789,0.0803565999840548
149306790,0.3636420801421532
149306791,0.46629965632837794
149306792,0.37558774325970407
149292234,1.219718109796859
149292235,0.2879116805568213
149292236,0.1971871587994241
149292237,0.4301548500588645
149292238,0.32206228944796655
149292239,0.18263461440891937
149292240,0.27197958884865553
149292241,0.1418761099666641
149292242,0.45993845067182115
149292243,1.1429191208096001
149306847,0.22225978776343366
149306848,0.3131974869592732
149299946,0.1432407901717429
149299947,0.16646145998105794
149299948,0.04978970940239323
149299949,0.10868734775155922
149299950,0.0698217044365813
149299951,0.07215198481049925
149299952,0.0522200979009129
149299955,0.08887106024084979
149297987,0.099831787265618
149297988,0.15001291345378368
149297989,0.07615958759561542
149297990,0.2781474299562841
149297991,0.10552831647142685
149297992,0.10514719222776016
149297993,0.1251074591417916
149297994,0.23681249141534094
149297995,0.23380493419200635
149297996,0.0889938885545187
149299401,0.20269301178492324
149299402,0.6803458260616038
149299403,0.1564216856812409
149299404,0.25723238144491556
149299406,0.2984285331912434
149299407,0.5726274452396853
149299408,0.3492308816659969
149299409,0.16129681084823405
149299410,0.5201844818195746
149293463,0.8025772676983474
149293464,0.2690729284273042
149293465,0.41140697361175127
149293467,0.2757936832301113
149293468,0.2504472657715182
149293469,0.9491640320424968
149293470,0.152938067160121
149293471,0.12676119060113197
149293472,0.2131420076474827
149298113,0.05960084154817744
149308280,0.3309297002348268
149308281,0.21308030823875213
149308282,0.09960037389523997
149308283,0.2287276708918567
149308284,0.2826501466792535
149308285,0.48617564582975975
149308286,0.08067162836396045
149308287,0.6449829057767932
149308288,0.21308857797428946
149308289,0.5504317538218514
149307651,0.11631527825631548
149293025,0.14015816654664945
149291947,0.01526129919114729
149293270,0.018668846373150645
149306111,0.4879932307154157
149306113,0.4815433168844369
149306114,0.5077697833956515
149306115,0.5124063481688395
149306116,0.46588569909843497
149306117,0.39314708530953274
149306118,0.5591402221448398
149306119,0.5857762002902623
149306120,0.2124161851815191
149292025,0.13160093567257927
149292029,0.6459928927352203
149292030,0.14013101422917545
149292031,0.13363135361321016
149292033,0.14548598637159252
149292034,0.19606268514945027
149291680,0.16796668599652156
149291441,0.06268580390163427
149292586,0.7996542554163284
149292587,0.17801601460108235
149292588,0.9976550407777411
149292589,0.2397551309156645
149292590,0.5435624196477471
149292591,0.9194878257207655
149292592,0.331497349203779
149292593,0.4553397286228241
149292594,0.5832027850412556
149292595,0.1205158723507727
149294112,0.14719854071177912
149294113,0.11216569943809704
149294114,0.10790583454209765
149294115,0.14348902487737275
149294116,0.4799647748652679
149294117,0.4961393526464013
149292532,0.08155030973629397
149292533,0.2683088964220267
149292534,0.1667947620164693
149292535,0.08113917021901097
149292536,0.3554221358040977
149292537,0.3517272671254614
149292538,0.13897237902804685
149307807,0.10632052400723743
149307808,0.9041786899111555
149307809,0.24185125866065027
149307810,0.10703822486584144
149307811,0.26620410932985217
149307813,0.158064870328115
149307814,0.1612142680457336
149307815,1.1531122052880507
149307816,0.9830585598627823
149297635,0.12426768657761411
149297636,0.6725589131430825
149297637,0.22469477264195437
149297638,0.1011099954362917
149297639,0.17434475896083565
149297640,0.1438548732257341
149297641,0.13048204559480747
149297642,0.10872817378626137
149297643,0.5393118415779278
149297644,0.1236627562195715
149308554,0.163131188191777
149308555,0.2091385753242436
149308556,0.1012286270874344
149308558,0.09879491646415665
149308559,0.10988317871831889
149308560,0.18960075208522503
149308561,0.12007182972197122
149308562,0.10512975761819895
149308563,0.13345728744028373
149306456,0.3073447774956337
149306457,0.8337035891907972
149306458,0.1625830845066567
149306459,0.12228939746471489
149306460,0.7091780291213824
149306461,0.8771907748431687
149306462,0.20263259465288874
149306463,0.1496372176441152
149306464,0.14788530734705896
149309710,0.3024205013615509
149309712,0.20331698046247262
149309713,0.26709390368453634
149309714,0.5764577443852437
149309715,0.7059668864198363
149309716,0.1702583288672274
149309717,0.5376787495147385
149309718,0.18073973577819571
149309719,0.2769748321436065
149297823,0.05346090257814414
149306578,0.055400826909969496
149306579,0.21192804768623583
149306580,0.21245324166055476
149306581,0.06638715300350684
149307601,1.9418905880453723
149307602,1.9463512845532551
149307603,1.287850676480795
149307604,0.519918900782902
149307605,1.3081118955090134
149307606,0.5269034662735292
149307609,0.6173000149345218
149294041,0.911102454500606
149294042,0.2370764559956381
149294043,0.5619885634562132
149294044,0.19196201442305366
149292637,0.06717304189525658
149299678,0.08089590954888877
149299679,0.1875835468888139
149299077,0.18359558278219223
149299652,0.25738561690108314
149299653,0.8861952708181701
149299654,0.15280533948575867
149299655,0.20708698461194783
149299656,0.5822523360476086
149299657,0.2238887027171785
149299658,0.23877905739483807
149299659,0.26963040004503797
149299660,0.13666069409114
149299661,0.21872951590521897
149293181,0.19732662904411777
149306716,0.062103948076666
149309845,0.05694133456723912
149309846,0.06719606336654749
149309847,0.08867480948415425
149309848,0.07489427750375569
149309849,0.07378388088224565
149309850,0.0817695620103884
149309851,0.1100994871471522
149309852,0.047369390591304746
149309853,0.11651643388983841
149309854,0.10747620382902723
149309438,0.09063491486139688
149309439,0.09120641032415695
149306691,0.14392999734840126
149307517,0.04755729023321248
149307518,0.27935359413493766
149307519,0.04753631806881396
149307520,0.3069291270793821
149307521,0.3901333431892621
149306690,0.21010103985221595
149306677,0.05013386096400471
149293169,0.2249027451432161
149293170,0.18508894369069587
149293172,0.14905506376622493
149293173,0.24582781923859384
149293174,0.24025550996536327
149293175,0.19703365959973082
149293176,0.23672249927253364
149300578,0.14467858875826045
149300579,0.10445269164244815
149300580,0.12359850140420732
149300581,0.11409403113683358
149300582,0.16248206748326036
149300583,0.10140515607351508
149300584,0.0882337277762868
149300585,0.13296226224520588
149300586,0.1587791400207869
149300587,0.11556689881321253
149297755,0.1122424072525995
149297756,0.13429140916404828
149297757,0.12534874891621822
149297758,0.10074868809145908
149297759,0.12432781646378693
149297760,0.10950826857663619
149297761,0.1234197881409283
149297762,0.1319876388344579
149297763,0.13061449414112825
149297764,0.07820437907343314
149307685,0.11013028779774318
149307686,0.12225128528455925
149307687,0.19664896818582905
149307688,0.182697775989149
149307689,0.15859456662833182
149307690,0.15703609361894943
149307691,0.1809940314059999
149307692,0.138507679634369
149307936,0.09334246185516469
149307937,0.13569593254705936
149307938,0.11740297298427534
149307939,0.16510730806106066
149307940,0.08540146802711761
149307941,0.06751101333648057
149307942,0.06750927849307432
149307944,0.07941778132509213
149307945,0.10428721190335499
149309265,0.14169122807404722
149309266,0.11921062456826959
149309267,0.11824954233123394
149309268,0.16694895351236352
149309269,0.6709362609336627
149309270,0.16479234297136577
149309271,0.23260032814315273
149309273,0.16300127738196027
149308690,0.6519831591083973
149308691,0.1315595571475772
149308692,0.14636332000671295
149308693,0.2833866550947349
149308695,0.11229907822205973
149309332,0.07871459275881547
149309334,0.08303627438855671
149309336,0.14741082975438372
149309337,0.1834909837483117
149309338,0.094494119854013
149309339,0.08184364722946692
149309340,0.07852792405165013
149309341,0.6015665612995457
149292793,0.20485802238418077
149292794,0.1975375795898042
149292795,0.12998086353944183
149292797,0.1380685032894623
149292799,0.15124436189215143
149292800,0.1514494200867958
149292801,0.13702937020039804
149292802,0.23534597116799025
149306143,0.501587377811113
149306144,0.2138763213830066
149306145,0.2736007397645536
149306146,0.2992025226262618
149306148,0.3327392813787284
149306149,0.16294468289346806
149306150,0.1665543198297343
149306151,0.2626982070677938
149306152,0.1889594385434139
149292005,0.12272977962371495
149292006,0.1625781335086568
149292012,0.10387135197850714
149292013,0.10211851211676501
149292014,0.10267893235525162
149291435,0.04782708205200122
149293376,0.08196063357919312
149293379,0.10147981693811677
149293380,0.15654309774793684
149307439,0.17857421573820179
149307440,0.20282247319875474
149307441,0.11704609331498474
149307442,0.07616008279842532
149307443,0.17012929682836045
149307444,0.07626759765656572
149307445,0.5312376036497877
149307446,0.08320322485192358
149307447,0.1192504230684315
149307448,0.22984295479618722
149307451,0.21362895027550868
149307453,0.27104769984527194
149307454,0.49569191747950525
149307455,0.4742552514407337
149307456,0.27246152210545166
149299813,0.25234788556679316
149299814,0.2093113474217334
149299815,0.21486531836690176
149299816,0.3118595130877348
149299817,0.31992818687169905
149299818,0.6771739936726204
149297977,0.12095623165465647
149297978,0.15314068067856687
149297979,0.14330072993877746
149297980,0.12265539602526569
149297981,0.1451861867547371
149297982,0.09966539345012493
149297983,0.11821379576719776
149297984,0.10580606227695903
149297985,0.15288164533517826
149297986,0.107633958923919
149298681,0.13343852610058238
149298681,0.9292876630507566
149298683,0.8127740911210742
149298683,1.6354347528270254
149298684,1.5995612399128016
149298684,1.5906904656322234
149298685,1.5843928552865383
149298685,1.0739633549178784
149298686,1.0177909871697433
149294059,0.6021980491159806
149294060,0.4242340977369105
149292294,0.10990299787401175
149292295,0.09319629422313003
149292296,0.11709754899664887
149294267,0.575242484568132
149294268,0.606159100071892
149294269,0.11866675286600477
149294270,0.16862767775966828
149294271,0.665488402682622
149294272,0.16655617753177418
149294273,0.2057118078702154
149294274,0.35150197892268115
149294275,0.5393054131611406
149294276,0.29142282683145493
149308936,0.12385388920674084
149308937,0.17909073702761533
149308938,0.6279644643654481
149309699,0.076064043018625
149309700,0.10687051168369174
149309701,0.12359700812044465
149309702,0.14833632241073164
149309703,0.6892147549365013
149309704,0.08560059186675331
149309705,0.11125870074495685
149309706,0.16473129536943998
149309707,1.0633899647840428
149309708,0.7272401570968167
149309424,0.08637281464830347
149309426,0.34500106647022766
149309427,0.37141668566292013
149309428,0.07894779395798306
149309429,0.27615306810672513
149309430,0.18044401496461834
149309431,0.5307558180703654
149309432,0.4694574606471693
149309433,0.11970254006880245
149307926,0.07575651408297086
149307927,0.08494713291258431
149307928,0.06513313783098729
149307929,0.14669567743667783
149307930,0.11355654985858844
149307931,0.13091328974984134
149307932,0.3120306446018322
149307933,0.08011067831562176
149307934,0.15122040166984838
149307935,0.1792721393048652
149299411,0.08221207697166172
149299412,0.08297782655156881
149299414,0.08134628680454414
149299415,0.08587386561383806
149299416,0.08537506569565648
149299418,0.08549565537717727
149299419,0.09336521306181218
149299465,0.08390116172767165
149299467,0.09936753856604492
149299468,0.10010376551446278
149299469,0.08679403145413968
149299470,0.09474469146036106
149292989,0.03528296228036887
149292990,0.1193743240578168
149292991,0.13072544009371523
149292746,0.20328929299945755
149292747,0.12038895451775918
149292748,0.1332787143296111
149292749,0.0352044542750602
149292750,0.0696967324495091
149292751,0.12178839123488168
149294007,0.23769619550608165
149294008,0.08573975915680226
149294009,0.056739678140758365
149294010,0.05087246231658009
149294011,0.04996544388535244
149294012,0.11007290930466801
149293125,0.19290495476051495
149293126,0.23510474379948385
149293127,0.24300738146325915
149293128,0.2977774553913115
149293129,0.2847111226598202
149293130,0.2791937831814119
149293131,0.11957683197945632
149293132,0.7828377581962631
149293134,0.27117696480628845
149292097,0.13880924042354767
149292098,0.08908633583925542
149292099,0.15208530197422668
149292100,0.07334879463306479
149292101,0.0880177839730039
149294164,0.3245253063573043
149294165,0.6921566491247009
149294166,0.5586547817978603
149294167,0.15685568540682565
149294168,0.20840283564517326
149294169,0.6087687120028031
149294170,0.7374681676736698
149294171,0.7427948945232845
149294172,0.9083112717190993
149294173,0.23999201176038357
149291685,0.08308370984203722
149291686,0.10751534696123198
149291443,0.041200010907974254
149291444,0.02703418967255718
149291445,0.029130460421780413
149291446,0.05742218849197818
149291494,0.045276675598996195
149291679,0.026624432390076773
149306527,0.15026455650675724
149306528,0.12441148617246979
149306529,0.31090736835242966
149306530,0.30275959008400893
149306531,0.5034343087397447
149306532,0.537462305081031
149306533,0.6048931960775049
149306534,0.4473102729219418
149306535,0.20273028828934872
149306536,0.2167649107956838
149293165,0.1485033348602242
149293166,0.1330176822712579
149291449,0.08861564578796027
149294078,0.4502579829234005
149294079,0.7203624871068247
149294080,0.6835425510089947
149294081,0.4504211406988997
149309211,0.29528500012320397
149292638,0.12307896698612915
149293699,0.7004334371188701
149297397,0.07071928459387244
149293456,0.21103956503224874
149293457,0.6475754506575513
149293458,0.19817396069464963
149293459,0.6561421417343277
149293461,0.08166881928023446
149293462,0.08178511271835624
149308566,0.35424045669721427
149308567,0.3248651689378904
149308568,0.3316195275373821
149308569,0.342372421430859
149308571,0.3657416347017937
149308572,0.43371778969971597
149299206,0.015174092299716769
149298902,0.06880707044054984
149309548,0.16041640657752432
149309547,0.09337239135994628
149293406,0.5606154827909358
149293407,0.5740135109094575
149293408,0.0868932813984039
149308518,0.42971939137457826
149308519,0.6271041559835053
149308520,0.04783520334945063
149308481,0.09973019956175261
149299189,0.02949128415471786
149299541,0.057259461383959216
149306455,0.05200047147681373
149308446,0.30380729644101334
149309563,0.04841798217118882
149309290,0.7123633485211174
149306448,0.02698490026203483
149299539,0.06489904581802992
149299540,0.05954783402660808
149298004,0.0597852227266472
149309038,0.07710606678200523
149299956,0.14573431246908994
149299958,0.11334173315398734
149299959,0.11552320383035802
149299960,0.1580509556011595
149299961,0.15794545140634247
149300642,0.10388855157568923
149300643,0.10495880321833065
149298898,0.08764135796624191
149298899,0.092951830971102
149298901,0.0580272393846759
149309733,0.04350546539148495
149309734,0.9169178787084585
149308445,0.15274702583091063
149298328,0.17288416369627022
149298156,0.07129141676081718
149298157,0.1742735105250791
149308987,0.2485680578650671
149308988,0.6145451062494195
149308990,0.8443232525835437
149308991,0.17627574222048428
149308993,0.6771558016647841
149308995,0.8311744993845274
149298028,0.0795104022591645
149298031,0.15071696051810451
149297280,0.07926945011365501
149297286,0.14575469040066139
149291434,0.016992443907412703
149299572,0.03427600438252382
149297321,0.0734241295068996
149297323,0.09463240676101559
149297324,0.09712321776593534
149297325,0.06209098310890347
149297327,0.08798379629554023
149297328,0.0612494212574582
149297329,0.3400708174128074
149297745,0.12349741977413109
149297746,0.16871146626814576
149297747,0.2213720090239988
149297748,0.1401181100643167
149297750,0.11608331714279223
149297751,0.20554749359166305
149297752,0.29432428013373035
149297753,0.6563782231445485
149307726,0.08572848377976722
149307727,0.08902983219671462
149307728,0.14516728768946022
149307731,0.1573153141472357
149307732,0.10368808601697814
149298887,0.10591946049852081
149298887,0.9420909168792478
149298888,1.2743165082493986
149298888,1.3627675109074044
149298889,0.7120161789904565
149298889,1.273421209705539
149298890,0.7565872978077679
149298890,0.8993304216246159
149298891,0.9245248545089391
149293752,0.04084908202256415
149306548,0.05360143791491689
149306549,0.08061000723299296
149306550,0.1126618834350675
149306551,0.16276992913808203
149306552,0.13036216214926685
149306553,0.06478948293237999
149306554,0.11099069121119638
149306555,0.2672964061549001
149306556,0.2461266516262027
149306557,0.05638639859038065
149291466,0.04651767148377032
149291467,0.030524564747695496
149291468,0.03061859476393413
149291469,0.10793213987567032
149291470,0.19262598575783071
149291471,0.1811369378571569
149291472,0.11503468815699451
149291473,0.11028747206377335
149291474,0.02011498665417433
149307670,0.12258839218308273
149307008,0.1076750290945253
149307010,0.14022040060525495
149307011,0.120480010303367
149307012,0.07878063245451661
149307013,0.16222700904334847
149307014,0.6986915814722603
149307015,0.5600541290683683
149307016,0.0823795945707831
149307017,0.12991908242256042
149307865,0.30078133435342713
149307867,0.3451489472733056
149308306,0.3319726210773031
149308307,0.28319013775257074
149308308,0.2550312951792314
149308309,0.3264020241387448
149308310,0.26801369337341696
149308311,0.5177613395461595
149308312,0.2950578821031451
149308314,0.5939578211020866
149308315,0.7804977336477424
149306445,0.037251039413220055
149308480,0.13449987314310724
149306449,0.029922206710637583
149309552,0.46656193168787014
149309553,0.35209064113063626
149309554,1.177632143685999
149309555,1.0330316992817057
149309556,0.36054037101091196
149309557,1.1689149780762849
149309558,0.41027668613713925
149309559,1.1161513628262432
149309561,0.7649796033117992
149298265,0.04658649497507894
149298266,0.04773916484654627
149298267,0.23573457126653916
149298268,0.056074141160091066
149298269,0.03919052210248955
149299776,0.14596045628268076
149299777,0.1521517884133412
149299781,0.20852985809013944
149307884,0.07813679437877809
149309731,0.10196933058265469
149299266,0.0345406107240029
149300416,0.076758141669736
149300472,0.13616306427085742
149300473,0.06987329742825164
149300474,0.1026344212259809
149300475,0.13463320240663304
149300476,0.22872342227425313
149300477,0.13857512882215994
149297726,0.056073946780921695
149297578,0.10630090451989355
149297582,0.08257385253996449
149297583,0.1266661362123875
149297584,0.1731236200040388
149297585,0.14812567792522846
149297586,0.22624819771869673
149292254,0.4356974413398275
149292255,1.4670500459790925
149292256,0.5339931020084586
149292257,0.15737402513620938
149292258,0.3882450598963678
149292259,1.4659673425863615
149292260,0.4812992511694181
149292261,0.35323457580429724
149292262,0.4043413176530915
149292263,0.6005862669339248
149308392,0.3698680793046495
149308397,0.15953489370811147
149308398,0.6368274225187405
149308399,0.1476460295047314
149308400,0.20529457143017085
149308401,0.30081084475035613
149306599,0.19207149008015792
149306600,0.2379536080716613
149306898,0.12279084912110158
149306900,0.08783026063242125
149306901,0.08700654126536131
149306902,0.0526500787265609
149306903,0.038530384321841
149306904,0.040976830815882825
149306906,0.05955233499671153
149306907,0.048323259247267214
149306678,0.5195783631391464
149306679,0.08564476893159079
149306680,0.515518826015779
149306681,0.13207604388364788
149306682,0.2359768245166505
149306683,0.4531799085112548
149306684,0.5835972288439867
149306685,0.13565172330118808
149306686,0.2554361095391201
149306687,0.13101409591808813
149307254,0.08454147776358731
149307255,0.08060833947337377
149307256,0.09266829816337245
149307257,0.08628068106983948
149307258,0.06490274345917144
149307259,0.10201989360784562
149298497,0.09919808864252033
149298498,0.11911103636266064
149307817,0.4396836324737871
149307818,0.42206637227100213
149307822,0.42696753229583867
149307823,0.4059853260998568
149307825,0.3958492975651185
149307826,0.6696582952227713
149297702,0.04199637793943095
149297465,0.06519354272118816
149297466,0.717695572004533
149297494,0.31119212174605526
149297497,0.16629814733501616
149297498,0.36938561205805703
149297500,0.16013257007923457
149297501,0.28972646487454057
149297502,0.2782395322117984
149297503,0.4666514085925979
149292712,0.1135433507918067
149292465,0.19599180051615347
149292467,0.04266055807475005
149292468,0.19490046981339829
149292469,0.07772189095771884
149292470,0.11753977032013137
149292471,0.24831262220375164
149292472,0.3915180621229584
149292473,0.09212053015435219
149292474,0.041724457355726906
149299328,0.08736050434361566
149299329,1.0579454377152164
149299797,1.153313448052319
149299798,0.14851186250100137
149299800,0.15702236983812812
149299801,0.19600654003819468
149299802,0.19164996238935136
149299803,0.15328613896444407
149299804,0.1578488595193873
149299805,1.0381893429142612
149299806,1.0770126847547055
149292626,0.3214611452778718
149292627,0.6716543981778792
149292628,0.2649882564955655
149292629,0.26162687541752266
149292630,0.37051434008958584
149292631,0.26151910315356436
149292632,0.40135417661160677
149292633,0.6696185940392443
149292634,0.241300524651878
149292635,0.3994054785780299
149292435,0.23514322209483604
149292436,0.2451257392061256
149292437,0.26679538391198243
149292438,0.4514970797272175
149292439,0.2448316342475456
149292440,0.24607397908004278
149292441,0.2125576223964484
149292442,0.4037549017661269
149292443,0.21089261690526084
149292444,0.26182737992848626
149298449,2.4547590613219077
149298452,1.7386849507331572
149298453,1.2916201927087985
149298454,1.415589805688671
149298455,1.0643989592690561
149298456,0.3191171818345019
149298457,1.9314192597940372
149298458,1.3187846715911453
149298695,0.14687395942244796
149298695,1.170603445791241
149292224,0.11041327719713863
149292225,0.19802944493377167
149292226,0.18188348563249404
149292227,0.2528663220885085
149292228,0.29986380826694337
149292229,0.2784077920834711
149292231,0.5937054450434637
149292232,0.15944569740975675
149292233,0.36060399307443713
149292366,0.21212462310122196
149292367,0.20868045126749077
149292368,0.14038697008134388
149292369,0.19311073402053303
149292370,0.18319905943611178
149292371,0.20550394115035292
149292372,0.12040734197639413
149292373,0.15577508014842956
149292374,0.3481432864507607
149292375,0.20650512868333204
149292357,0.09395635739294067
149292359,0.2859605668276577
149292360,0.12700622771501435
149292361,0.08362628236701085
149292362,0.07055170482068768
149292364,0.1624142427364541
149292365,0.10320776085591095
149292415,0.9261511564738039
149292417,0.334180592482425
149292418,0.289631484416726
149292419,0.9420551816988321
149292420,0.8941534774679532
149292421,0.40935748160506963
149292422,1.295727325329511
149292423,0.1326152069515481
149292424,0.9318839878578943
149309080,0.3030312903825806
149309081,0.292023983385247
149309082,0.4993184481193954
149309083,0.33328425125607025
149309084,0.18378176972211305
149309085,0.21504642492364553
149309086,0.3504165911784025
149309087,0.3566125209998974
149309088,0.3011310630860962
149309089,0.4012296758709444
149297331,0.21708774527313945
149297332,0.18174384623303028
149297333,0.3048424896654507
149297335,0.6906618937095284
149297336,0.7414910613822647
149297337,0.3554683794944572
149297338,0.20641406258768394
149297339,0.6076841060379051
149297340,0.7582296746524212
149297858,0.0867026828296813
149297858,0.7747791304132807
149297859,0.6835363579474766
149297859,0.7779438114444769
149297860,0.7489431886525257
149297860,0.8190847316466842
149297861,0.8767776767849249
149297861,0.897985772391037
149297862,0.9776979004704948
149297862,0.7516641556065983
149299501,0.09406786665930025
149299504,0.09488923015962274
149309258,0.28843153506305286
149309260,0.11841059655508122
149309261,0.08377169554652589
149307048,0.07251814425121911
149307049,0.07000249304922955
149307050,0.09371431268656498
149307051,0.09279464748419793
149307052,0.08190604405482683
149307053,0.0758363181757739
149307054,0.04389936175048781
149294003,0.26013273793895364
149294004,0.04552094063556979
149294005,0.06897885976420888
149294006,0.057140790251174266
149292792,0.3224063575812247
149299871,0.8278582777340083
149299872,0.837403555419588
149299873,0.8565805513805994
149299874,0.8559879569738775
149299875,1.1261092856537143
149299876,0.798092792565121
149299877,0.7811286615218263
149299878,0.9375842796281348
149299879,0.8919847331800295
149299880,0.7856923499772422
149307018,0.0690971386295303
149307019,0.06877638999311592
149307020,0.0735315328912232
149307021,0.09697375456159908
149307023,0.05768069971890729
149307024,0.10365481685345147
149308009,0.8190484474825384
149308010,0.28134946743788525
149308011,0.7578286864673665
149308012,0.9168402681204155
149308013,0.9059371004442562
149308014,0.6719385973333256
149308015,0.7992594479285535
149308016,0.9457946573141974
149308017,0.5335829839643756
149308018,0.8770607586845646
149298748,0.078943574059632
149298748,1.0090175104054169
149294045,0.6722885502201024
149294046,0.64529127131985
149294047,0.47512425471403563
149294048,0.5664933441232812
149294148,0.21586534423705042
149294149,0.14489446200779343
149294150,0.10495655334460093
149292969,0.2485985974818883
149292970,0.5175805286883194
149293135,0.08417816092317111
149293136,0.15462581565672748
149293137,0.18892189854205
149293139,0.09626068299332476
149293140,0.17236359996344414
149293141,0.2556897138382069
149293142,0.08063692005409945
149293143,0.10491543441732576
149306815,0.10752114470377427
149306816,0.09080546955063722
149306817,0.10167169741580143
149306818,0.08815079296592591
149306820,0.5939505113414141
149306821,0.3428559587053507
149306822,0.21268302203577713
149306823,0.8472334139983867
149306824,0.9855756935327107
149292698,0.4722676759691203
149292700,0.09387056153879837
149292701,0.06229404130070165
149292737,0.18878801463526934
149292738,0.044537300176766756
149292739,0.13556235245132425
149293036,0.1260658022986092
149293037,0.5382644445298527
149293038,0.2589484500238984
149293039,0.18620308669227278
149293040,0.2655697150201499
149293041,0.10301720625253409
149293042,0.34061902124872295
149293043,0.18041730407066556
149293044,0.09885084395560946
149293045,0.7373813239879657
149309531,0.987559256928257
149309533,0.46189866349356196
149309534,1.5460063572862794
149309535,0.9580301845882121
149309536,0.1824085451508524
149309538,0.3178725835969893
149309539,1.1840027564996094
149309540,0.2103059006537855
149298400,1.1645231123873763
149298401,1.1544084905534102
149298402,0.3691122743869243
149298403,1.2768458610125872
149298404,1.082719148088477
149300300,0.24100614360822697
149300303,0.17636523087720019
149300305,0.2833820388789969
149300308,0.14276399650373867
149300309,0.11263299302978881
149292284,0.9526950205445858
149292285,0.6871135771830332
149292286,1.4761665413302167
149292287,1.129360382946651
149292288,1.3220710815267809
149292290,0.6818472705363121
149292291,0.40654885110153743
149292293,1.04402556753186
149292445,0.5595226806258693
149292446,0.2904785376666643
149292447,0.7311740655956864
149292448,0.27372096139342084
149292449,0.36369280844424556
149292450,0.1828803036815171
149292451,0.9550228239386606
149292452,0.9665255413589072
149292453,0.6789106659860407
149292454,0.18422975422325583
149307358,0.07453390969842787
149307359,0.07519652454049636
149307360,0.11093162409698742
149307361,0.11199416672339353
149308340,0.5166821330989857
149308341,0.5129322632384297
149309730,0.11731118791227878
149308346,0.04294958717082857
149307378,0.15138682837618414
149307379,0.15253160728302328
149307382,0.1997489988623559
149307383,0.21915460159193192
149308292,0.30224894237879574
149299263,0.047608252548494975
149293410,0.5755797162324776
149293411,0.15026964855184932
149293412,0.15144201885604905
149293413,0.44607657902567643
149293414,0.5108644316063486
149293415,0.49558506690496185
149293416,0.4489221449847038
149299243,0.017255904068821354
149299922,0.010907102779280952
149299185,0.0563684808301705
149299186,0.08345400474085801
149298903,0.04781740728574194
149298938,0.11733104726427426
149298939,0.08497233523704036
149307027,0.07511298354688789
149307028,0.042520851120494314
149307029,0.06424283776915192
149307030,0.26909944177434675
149306440,0.07090164016795249
149309342,0.36386037293878987
149309346,0.35897828625286565
149309347,0.35625743017078365
149306992,0.038222109016086185
149307449,0.25057753194227667
149307450,0.10964826002759044
149299033,0.09118214870203507
149294118,0.6730999868204283
149294120,0.14119302337991343
149294122,0.12224351690517948
149294125,0.17076098477308685
149294126,0.11653504139278026
149294127,0.06852223091570643
149300322,0.2282238600091979
149298124,0.06213222768590948
149299525,0.5005167621303167
149299528,0.2507338206175813
149298110,0.06874837484573569
149298111,0.05329959029639327
149297961,0.21426922764698025
149297966,0.4139399694836961
149297258,0.19588493581628574
149297260,0.5553307953858764
149297262,0.23336655164141523
149309000,0.512822565543767
149306587,0.1908212574033108
149306588,0.05548104195955612
149298270,0.10945044275829387
149298966,0.16580404527294806
149298967,0.16791478915458802
149298968,0.08578041035971348
149298969,0.08611433563223878
149308517,0.20458428901745823
149308875,0.47840266933077813
149308877,0.2357621079828981
149308880,0.5657924990605497
149308881,0.14399081900339647
149308882,0.5458805581081352
149308883,0.22294083850317192
149308884,0.5884924679564202
149308885,0.41167750496638544
149308886,0.6540516206238108
149308890,0.4962101950967832
149306444,0.02223948523121543
149306446,0.03236029543490716
149309292,0.04336921880927235
149309293,0.034133595289835165
149309294,0.07849084422522128
149292685,0.2691085311520868
149292686,0.3677162828789165
149292687,0.3174852947154348
149293945,0.37450751714757213
149293946,0.17377261558456555
149293948,0.09640398333129206
149293949,0.19175623974791717
149293950,0.47267804568981037
149293952,0.14713921856978504
149293954,0.3159422384425502
149298415,0.5854604867845653
149298416,0.6359086572030422
149297257,0.09503422969555608
149298469,0.653319000644305
149298470,0.6738825573856911
149297997,0.2929507539762344
149298001,0.0967817486447775
149300297,0.10088614764846753
149293765,0.025574345827397035
149309040,0.4409406970669358
149309041,0.43106417763526583
149309042,0.13731108998603797
149309043,0.144824154480517
149309044,0.47390845022248074
149309045,0.4883076743020191
149299112,0.08888958239713692
149299025,0.08394559853429606
149299026,0.12611549387028242
149298355,0.6422899304287559
149298356,0.6596294024257096
149307735,0.17017176184295035
149299987,0.06453229314482252
149298485,0.15000115648176301
149298487,0.157720029627718
149298488,0.1583881790958983
149298489,0.16162365785072372
149298491,0.136382383911583
149299481,0.10626355016528935
149299482,0.11197075946430746
149293051,0.10732277359501215
149293052,0.10539430446389669
149298214,0.1873963867264493
149298420,0.3172621249022207
149298421,0.30541719310121856
149298422,0.30922013854072966
149298423,0.3205387594660957
149297467,0.04942485426668826
149299759,0.10590109375791268
149291893,0.1739988422620656
149291896,0.5786958311159593
149298292,0.05018044632538226
149298293,0.10089243163881588
149298294,0.06543274108255275
149298295,0.10760459613826422
149300131,0.3127507925773659
149300131,1.102349466753512
149297857,0.11345180988522285
149309028,0.2174309002396961
149309029,0.11664883983446594
149309030,0.14050031370903032
149309031,0.12201252066963074
149309032,0.09338062072142646
149309033,0.23499433446264076
149309034,0.5729383376655264
149309035,0.1442232521123159
149309036,0.1692371439361686
149309037,0.06506748892861934
149297775,0.11317310622002194
149306131,0.12449014764276456
149306132,0.11061068495701477
149309232,0.11888628183084826
149309237,0.13030029599740642
149309238,0.543252734384412
149309239,0.21759137629926728
149294286,0.26747230443661757
149294289,0.9045561643718937
149294290,0.22626274591355786
149294291,0.1214116807373736
149294292,0.2883876818828767
149294294,0.12788381804109694
149294295,0.48249574672011597
149293485,0.8238159647236609
149293486,1.295663393466684
149293487,0.565993996161514
149293488,0.15459121801971767
149293489,0.566874131546216
149293490,0.6247623057368665
149293491,0.5127544804837015
149293492,0.2941323329286287
149293493,0.9237548839031051
149293494,0.27358527846048636
149300376,0.11983927832138995
149300298,0.1642920793540508
149300299,0.14677842335032446
149299633,0.17905312173863683
149299635,0.15270777709743305
149299637,0.1407221615428177
149299638,0.1174313626948713
149299639,0.09473886181917053
149300093,0.12154788685037594
149300094,0.21017282366320097
149300095,0.21130415134666364
149300096,0.5501148034787223
149300097,0.32971971945894235
149300098,0.14565533795574684
149291704,0.2921062759286021
149292399,0.1390022231158279
149292400,0.13983766065171077
149292401,0.14812238241469006
149292402,0.14573165897213666
149292403,0.11171813084222919
149306813,0.1208036823737074
149306814,0.10453216459842561
149292762,0.30453309896280933
149292766,0.3169336160518508
149292767,0.27062901684548973
149292768,0.20801821932715947
149292769,0.17418698098385138
149292770,0.27688168803525975
149292771,0.47979308044247343
149299642,0.14358853662086055
149299643,0.18391566989308764
149299644,0.20791510992784074
149299645,0.15382597677184875
149299646,0.24702816787707052
149307457,0.12228383373412348
149307459,0.16612217157404402
149307461,0.4778376529367818
149307464,0.16543846992803804
149307465,0.12611246034259868
149307466,0.47879352274176096
149307837,0.17549770522562466
149307838,0.255690513895315
149307841,0.2373841491075574
149307868,0.2188247316416248
149307869,0.2817808990714107
149307870,0.20300617431750362
149307871,0.2807961642312696
149307872,0.23840294373402968
149307873,0.1901074281661602
149307874,0.27252039072111534
149307875,0.25281704055603804
149292655,0.41021704851218715
149292659,0.15580184174713854
149292660,0.154302357072697
149292661,0.4154514998559487
149292662,0.4231300592429985
149292663,0.46463849981919964
149300102,0.24504676945647763
149300102,1.4697104726059977
149300103,1.6716482469596374
149300103,1.4277734849340067
149300104,2.1879777000548533
149300104,2.13035044416605
149300105,0.9716229157854951
149300105,1.705348738963793
149300106,1.1926669966720242
149300106,1.748326322139132
149306730,0.3404923258500714
149306731,0.09011112444028041
149306732,0.11206776942091595
149306733,0.18377330201044167
149306734,0.2018595234189362
149306735,0.3298054745183275
149306736,0.1775575108027158
149306737,0.08003687346101235
149306738,0.14414978736334855
149306739,0.4915224341208786
149306476,0.4867711211932286
149306477,0.43607873050067064
149306478,0.5252239801259303
149306479,0.4767715990551065
149306480,0.40961534447918296
149306482,0.23448072378429835
149306483,0.36380063251726086
149306484,0.28643074119375206
149306485,0.2561627653196997
149300112,0.2377946148453735
149300112,1.1175258685489287
149300113,1.8552767596191797
149300113,1.812380486923589
149300114,1.2505526515941328
149300114,1.5827623592902318
149300115,1.428507106638123
149300115,1.39541406205818
149300116,0.8661400613819554
149300116,1.6237406552553777
149293284,0.1280323464970268
149293285,0.16646359141524367
149293286,0.08339366699279036
149293287,0.19640693718041327
149293288,0.08291430696651278
149293289,0.1382705661862027
149293290,0.295349233313297
149293291,0.2513146670961701
149293292,0.0680760391464438
149293372,0.042467565642573805
149293373,0.07659790583125119
149293374,0.090166772539836
149293375,0.029670005368364026
149297568,0.20822448522899467
149297569,0.3020687832973839
149297570,0.3008090293262799
149297571,0.22722986329748882
149297572,0.1877707222372715
149297573,0.28564573070106924
149297574,0.2380433330808092
149297576,0.18407381961041883
149297577,0.21990822572910634
149298691,0.14478364975838778
149298691,1.0837455409304573
149298692,1.1241311670265246
149298692,1.2354134087818662
149298746,0.06712249944457659
149298746,1.3341683673340008
149292112,0.2588469073402767
149292113,0.4144497697865986
149292114,0.31110721113707274
149292115,0.23142104488992302
149292116,0.2752401538884299
149292117,0.2280027674798551
149292118,0.27265307563127417
149292119,0.3173858618890276
149292121,0.2527338778909382
149306373,0.07431904019776309
149306374,0.052447949999311724
149306375,0.17204752685286617
149306376,0.046218057376744455
149306377,0.06892410137094448
149306378,0.15992971513369592
149306379,0.11859520497048466
149306380,0.13409806031501542
149306381,0.055881399739622396
149306382,0.08535999645065409
149299278,0.2893264768174518
149299279,0.22496433191227078
149299280,0.31975136809053584
149299281,0.3380647735937085
149299282,0.1552768835680899
149299283,0.19943329809814359
149299284,0.19921383800829656
149299285,0.14798646180927488
149299286,0.2147908752401393
149299287,0.036048039830766446
149299333,0.11983622927714725
149299334,0.44672757036618577
149299335,0.5425298721491015
149299336,0.1759850264900949
149299337,0.52214337554937
149299339,0.4357026045563116
149299340,0.8532425870158304
149299341,0.8214876253515995
149299342,0.5529996524348667
149308019,0.19041357610560097
149308020,0.19021810188038846
149308021,0.5410517256223151
149308022,0.17676846221136566
149308023,0.39801901312261506
149308024,0.2471633689510566
149308025,0.41826651352091887
149308026,0.26701827745924717
149307394,0.16707997859855556
149307395,0.1047584273408178
149307396,0.08690722949332348
149307397,0.6185143477068905
149307398,0.08807950514689238
149307399,0.24592893445657815
149307400,0.17999224117988671
149307401,0.12349545978130058
149307402,0.2119003275762784
149307403,0.08516084756047235
149291910,0.361804723376009
149291911,0.0749351469886154
149291912,0.6112843302276383
149293024,0.1325629351044191
149293093,0.4021512003158196
149293053,0.07499289849276523
149308925,0.3109098209563237
149308926,0.19537427725690845
149308927,0.2798419641336166
149308929,0.39417615603165684
149308930,0.08816383552651266
149308931,0.6430488030371614
149308932,0.39447305211625516
149308933,0.5697252783389215
149308934,0.5301514240150325
149309440,0.18215110477531313
149298563,0.11529868548557656
149298564,0.47996148398451705
149298565,0.5298372900698456
149298566,0.40145221175352763
149298567,0.606639789645871
149298568,0.3494111877866379
149298569,0.37500634631045593
149298570,0.16790179243181053
149298571,0.16324769644724188
149298572,0.6446175083687713
149309280,0.22488032235602842
149309282,0.21671948918926737
149309283,0.12487460110658655
149309284,0.14676278266303497
149309285,0.11753717453404781
149309286,0.07419805084270613
149309287,0.11307889357537261
149309288,0.12710424934362133
149309289,0.11121273993013828
149291879,0.4520870452692793
149291880,0.7805585710467154
149291881,0.8118333296476344
149291882,0.8092563313014964
149291883,0.24022318734031156
149291884,0.23517723141331126
149291887,1.4393077836032278
149291888,0.4774750182478373
149293115,0.0902786812805964
149293116,0.6534101791537447
149293117,0.2287915192262486
149293118,0.47884002057998803
149293119,0.15037558794574793
149293120,0.13309312966879774
149293121,0.1086975985953379
149293122,0.17714956487819766
149293123,0.1756199213415782
149293124,0.08803061478483562
149292102,0.04527668872141348
149292103,0.3648455292914821
149292104,0.06759705350767657
149292105,0.0456496488093907
149292106,0.1281586031189393
149292107,0.7903678827919254
149292108,0.09739530984237804
149292109,0.11527610069269516
149292110,0.06372877211218486
149292111,0.10979285443149535
149292214,0.3070628570408932
149292215,0.5637663219815355
149292217,0.29647053647043564
149292218,0.4142336605066286
149292219,0.2131737338356107
149292220,0.30630189238948324
149292221,0.14606395494221225
149292222,0.10335966533487469
149292223,0.25343859498940574
149291453,0.06971036352946221
149291454,0.04705646729080277
149291455,0.09803694193242062
149291456,0.16626225170963932
149291457,0.09650572735541432
149291458,0.16194191831510285
149291459,0.09153573497343206
149291460,0.13835970405072803
149291461,0.13761848552454467
149291462,0.10072837637926857
149291463,0.13755079213358548
149291464,0.07074700997418801
149291465,0.14442732231443298
149291481,0.06251740335559575
149291447,0.03381704232977826
149291448,0.1123858427841457
149292944,0.07978907259426146
149292945,0.09937288905565692
149292946,0.11714040202457875
149292947,0.12510051646210613
149292948,0.08842085725636682
149292307,0.8284662403634412
149292308,0.1660506607995192
149292309,0.29305484695223216
149292310,0.4277253114701276
149292311,0.23690809394597953
149292312,0.6495396081373597
149292313,0.2238614830475399
149292314,0.441944116630978
149292315,0.2125052942693379
149292316,0.24085288139381017
149293495,0.3528241855499339
149293496,0.6671449059385349
149293497,0.35138546290566075
149293498,0.6728817309240028
149293499,0.7504720501747708
149293501,0.9244928092920354
149293502,0.16988861435839261
149293503,0.16539196824256971
149293504,0.7847336971905348
149297387,0.08778645074200637
149297388,0.10728297458914406
149297389,0.1340461349571628
149297390,0.10964746716030584
149297391,0.11387562054525578
149297392,0.11332449414179625
149297393,0.1031957180577742
149297394,0.1108665382466166
149297395,0.07264051283288565
149297396,0.07760483931472184
149292549,0.3065490472631798
149292550,0.5600933024719656
149292552,0.8547091534956713
149292553,0.5551064483976283
149292554,0.7135234970770804
149292555,0.7121640933982429
149292556,1.4890853539648405
149292557,0.800427571881534
149292558,0.3011950157554075
149292879,0.4499278859153331
149292880,0.29810959508337864
149292881,0.5274368189983129
149292882,0.4475051537967786
149292883,0.4601010172275002
149292884,0.3602475285884952
149292885,0.12470481598992969
149292886,0.19099325374755993
149292887,0.22028231594375744
149292888,0.6957999854445861
149292386,0.24785905220518759
149292387,0.2822592620788222
149292388,0.3622890948775283
149292389,0.17773579095008132
149292391,0.510751236642061
149292392,0.41061184784143834
149292393,0.5034673911792694
149306781,0.1961117349736228
149306782,0.0824551331371101
149308552,0.06965281175733253
149308553,0.07110283468254099
149306718,0.2583460530996829
149306719,0.28266517046620937
149306890,0.11662378665389955
149306891,0.11670306492794838
149306892,0.5126419312487853
149306893,0.13772611909673266
149306894,0.5735689428197903
149306895,0.1624939944255474
149306896,0.17098913405065516
149306897,0.18323076190194662
149308357,0.05259547909816941
149293430,0.6403903841890665
149293432,0.11413530442331343
149293433,0.19785650809359065
149293434,0.5767380983054268
149293435,0.25772120706979323
149293436,0.2557469278449614
149293437,0.5813906863324445
149293438,0.28343196308920765
149293439,0.18087304277232782
149293361,0.11025498509715706
149293363,0.38885100105491077
149293364,0.14896906175831703
149293365,0.7408506002363288
149293366,0.23961773825196234
149293367,0.7485600739754115
149293368,0.19825320862226797
149293369,0.2512009110173529
149293370,0.6864184031149005
149297952,0.14087787243311709
149297953,0.13896630256825473
149298514,0.13342024483368087
149298515,0.09790877796485581
149308865,0.548264402593626
149308866,0.3845967446349679
149308869,0.2134490310723936
149308871,0.518579318650961
149308872,0.19896044145070055
149308873,0.3019536585888589
149308874,0.7040379711728992
149299268,0.31708665233543804
149299269,0.35274830469250923
149307342,0.07616478147877188
149307343,0.08437539142097698
149307370,0.0680236919533533
149307372,0.04027481434050189
149307374,0.06795518451498635
149307376,0.07269835798533933
149307266,0.35314773450737513
149307267,0.0522348925631147
149307268,0.2499495535960729
149307269,0.15527324426891326
149298098,0.07324535330778795
149309443,0.16446105723768809
149309444,0.19240090689242992
149309445,0.07547432813575998
149309446,0.12991173545944512
149309447,0.325399614537658
149309449,0.6191343728201817
149309451,0.6206752579926821
149308316,0.3060701933093881
149308268,0.0509555240177643
149308269,0.28218980290204143
149306447,0.027024124559777075
149308342,0.04426546538770928
149308343,0.0508975605077794
149308344,0.05136496009618921
149298117,0.11299524884772032
149309039,0.07024077433269744
149308816,0.08136128947015026
149308817,0.07937299489701133
149308818,0.06837884826228226
149308819,0.05796674010288284
149307653,0.27465455554401624
149307654,0.7821641480320324
149307655,0.3162527452216302
149298291,0.06058946359274657
149309796,0.7392592664998219
149309797,0.7566380131573015
149309798,0.790995006430606
149309799,0.7014677834057187
149309801,0.657241496668505
149309803,0.9756781102500702
149309804,1.0548256881449931
149309805,0.2935047399836198
149306994,0.04235317526657172
149306996,0.18422558109695542
149307260,0.05431109675750695
149307262,0.08428866414054416
149307263,0.17288668417211597
149307265,0.10951821820586777
149309677,0.11182807780413677
149309678,0.11503631816357067
149299543,0.03471835296636772
149299544,0.07542745369965842
149299764,0.030705255613557206
149298427,0.8755249972150252
149298428,0.8838643683561251
149298429,0.45016012792216725
149298430,0.44743010613594175
149298431,0.9017441762861674
149307362,0.31254796001788304
149307363,0.3259753005473384
149307366,0.3555848320996566
149307368,0.04347343479459528
149299164,0.08696672952742548
149299165,0.22133743805963216
149298516,0.11412728814780404
149298517,0.28902472870790763
149298518,0.10964406136713653
149298519,0.09915604083405963
149298264,0.08407471452978037
149308609,0.22876832776600486
149308610,0.18474006899754306
149308611,0.6338317622959001
149308345,0.05038384439411731
149307304,0.04550430177084071
149307305,0.03877223452976916
149307306,0.05744491086560059
149307307,0.06466095394531816
149309453,0.12378251314371883
149309454,0.16804313774257265
149309455,0.2522293659844991
149309456,0.10366771348719112
149309457,0.1178498608941108
149309459,0.22217544406562592
149309460,0.46047976471870594
149309461,0.2396798033574249
149308535,0.4204053359866092
149308536,0.8933190705135589
149308539,0.5601963816130471
149308540,0.5738978533349756
149308541,1.408213107466695
149308542,0.4925470976550097
149292492,0.9188985178135979
149292494,0.1448119973027384
149292495,0.07897705260014687
149292498,0.251158112931245
149292499,0.47030237394305635
149292500,0.13568700972443107
149292501,0.2578440719182139
149293209,0.24777781340083022
149293211,0.11840635027628535
149293212,0.11604297040467017
149293214,0.2116279404248514
149293215,0.17152608406471823
149293216,0.3167989306446361
149293217,0.22310212641546912
149293218,0.1746560786414664
149308573,0.11274723586436684
149308574,0.10935679485809277
149308575,0.11042205644241519
149308576,0.1436517821522494
149308577,0.14841520297836405
149308578,0.41142546503672983
149308579,0.20491766479994014
149308580,0.33158749814217825
149308581,0.49243558881758753
149298499,0.12804381816572058
149297273,0.22046891250021053
149297274,0.39601048057975097
149297276,0.20965832770401022
149297277,0.45503295115702175
149297278,0.3316889795230182
149297279,0.34988394654533045
149299529,0.046675826397914066
149299530,0.03425081499158501
149299531,0.17643420235777862
149299532,0.15961454358761037
149299533,0.1985178608854666
149299534,0.08392344134883561
149299535,0.16165521787757822
149299536,0.15762822138391594
149299537,0.08770481669258212
149299538,0.05330956673062239
149307419,0.19863380525178945
149307421,0.23132193274407475
149307423,0.0902982934912368
149307425,0.2272270984795065
149293385,0.13746414876518412
149299515,0.11723580734171267
149299516,0.11799539714295781
149299518,0.24436352097547098
149299519,0.08720075876064647
149299520,0.08742135457467795
149299522,0.24345341993607217
149299523,0.16542326463548343
149299524,0.1834739161730903
149308736,0.053305035892793395
149308740,0.10129066283463277
149308742,0.06537989110669021
149308743,0.10468944028408454
149308745,0.19221692215899058
149306667,0.11378070272016563
149306668,1.3331930580209823
149306669,0.24389249094380777
149306670,0.2442143631610779
149306671,0.4087943734075115
149306672,0.12579189030018062
149306674,0.40385243547207783
149306675,0.9043568303168968
149291500,0.13585921882493
149291504,0.08649240398687885
149291512,0.05565002073302157
149291513,0.1347500933880757
149291514,0.21290626410423558
149291515,0.12787986343165433
149291516,0.1513370714782826
149291517,0.1892498999829838
149291518,0.12805048925560983
149291519,0.11767065025251267
149298857,0.5643066706303475
149298857,1.2823058597178834
149298858,1.5588957012975766
149298858,0.7938575149565829
149298859,1.2883367993246901
149298859,1.234271566706239
149298860,1.2561124482752664
149293753,0.29542337903699206
149293754,0.09202539354061666
149293755,0.08355110746661602
149293756,0.10362464585797146
149293757,0.13395954839300184
149293758,0.08694773112850529
149294227,0.27291995037181915
149294228,0.22103018514760456
149294229,0.37771024152822685
149294230,0.41851448452805934
149294231,0.378846563663418
149294232,0.36362816258554714
149294233,0.41283771049777085
149294234,0.40179259874992546
149294235,0.6557366177432667
149294236,0.6688213239085692
149293180,0.14153079628434517
149307905,0.03377735720521414
149306720,0.2204914097121113
149306721,0.5142597539547726
149306722,0.35289868666319263
149306723,0.16993026330718422
149306724,0.12689814187290255
149306725,0.3063844770281301
149306726,0.1144253701170081
149306727,0.46347915345952945
149306728,0.36539764589742685
149306729,0.22211745260226087
149293929,0.2395119954326361
149293930,0.37873042872937296
149293931,0.4587654670893878
149293932,0.18683945413847228
149298306,0.8222115042624228
149298307,0.41149387516143254
149299449,0.09256060860485275
149299452,0.13386855854532473
149294217,0.30272895479616674
149294218,0.7324630641525641
149294219,0.375977323765121
149294220,1.0244856457436482
149294221,0.5152616799134654
149294222,0.776538405288326
149294223,0.4730286826810306
149294224,0.3613210502587743
149294225,0.2851655854725933
149294226,0.3340661141700023
149291702,0.06486380038043306
149297950,0.15380614778765303
149297951,0.1332547588144278
149308362,0.30925239902637613
149308363,0.37421619614019336
149308364,0.27710168148811254
149308366,0.26741386328955713
149308367,0.22224822363439203
149308369,0.3414865836960707
149308371,0.6480264653944433
149308792,0.22199294506366854
149308793,0.21533610797549102
149297824,0.10964812276577891
149297824,1.089821796082968
149297825,1.2604595472020643
149297825,1.0512690523119004
149297424,0.2920862855313055
149297425,0.22790636706705533
149297426,0.6165075719250512
149297428,0.180844662665173
149297429,0.6658115101398341
149297431,0.2768194825198233
149297433,0.2576515631856354
149298940,0.20051974476944473
149298941,0.2966663293369544
149298942,0.0938473821183613
149298943,0.2261993801432609
149298944,0.2543870895925677
149298945,0.20374782006300327
149298946,0.24609181617041673
149298947,0.21816039136629506
149298948,0.14744671560928888
149298949,0.26500403661739574
149293773,0.05495989542129664
149309786,0.7211326402124735
149309787,0.7812921475719323
149309788,1.004298560097162
149309789,0.8961762866839679
149309790,0.6371589001742701
149309791,0.19750313669257621
149309792,0.4203506193118386
149309793,0.3201575136473841
149309794,1.374473204246927
149309795,0.990203338893661
149292244,0.12867485733240352
149292245,0.3279467385778918
149292246,0.13320623703746207
149292247,0.3834085797217382
149292248,0.38419919605647784
149292249,0.20652176746247572
149292250,0.33482041234518173
149292251,0.43775399965787154
149292252,0.7277558645265464
149292253,0.0686576375817998
149291985,1.0120209574544592
149291986,0.710638167562999
149291987,1.1034607168136872
149291988,1.0442846903454346
149291989,1.4439471235624215
149291990,1.4548751535057636
149291991,0.7452163087180389
149291992,1.3962126485429875
149291993,1.2785480496663533
149291994,1.003790282280002
149292173,0.6411144899956595
149292175,0.23627888578038603
149292176,0.23575366854680588
149292177,0.17957676552975896
149292178,0.2293471229729073
149292179,0.9495811513893097
149292180,0.421797106167604
149292181,0.2937539140135845
149292182,0.8112647302654108
149307110,0.07910330219414731
149307111,0.16182680969847493
149307112,0.1885234652814259
149307113,0.16597213650991183
149307114,0.10307442550124084
149307115,0.20233649060320805
149307116,0.0853364077558047
149307117,0.1467276428616015
149307118,0.15693902513383157
149307119,0.2066261492112754
149309501,0.1735174865513376
149309502,0.19310376497963386
149309506,0.20713948775798818
149309507,0.204599128232552
149309508,0.16505390369823178
149291948,0.49828122808037756
149291949,0.7513585037500672
149291950,0.539041531957595
149291951,0.8842419647348396
149291952,0.6268392774862015
149291953,0.5866228518506865
149291954,0.5045270936917478
149292194,0.13744641837294042
149292195,0.14927936851112902
149292196,0.20763241832199236
149292197,0.2688404109632865
149292198,0.3276244473932733
149292199,0.2628676720754906
149292200,0.2678192966004301
149292202,0.10220556967952753
149292203,0.11983076385852523
149291536,0.10830586089932058
149291537,0.2153634136265595
149291538,0.1818433639411446
149298974,0.15390470807098874
149298975,0.16063923376005343
149298976,0.11262847252537306
149298977,0.31302317134132884
149298978,0.1153100866137617
149298979,0.16508794557082368
149298980,0.2832515799992415
149298981,0.1911797661907687
149298982,0.22686355217053272
149298983,0.18765471983640408
149292675,0.20151560745090044
149292676,0.22188573515473584
149292677,0.20137150069110246
149292678,0.17811857679908982
149292679,0.18673130380474087
149292680,0.1693161641325517
149292681,0.22645513513292398
149292682,0.2178767797538296
149292683,0.22370485103248033
149292684,0.27110720522772197
149300406,0.10971881453839875
149300407,0.4591157772204325
149300408,0.12632854090157697
149300409,0.13889621985260342
149300410,0.12794620898984596
149300411,0.14915399087492695
149300412,0.3437584442243088
149300413,0.10043213328063072
149300414,0.12484463069612926
149300415,0.13351365217623398
149309351,0.33028252682539283
149309352,0.3196914547399602
149309353,0.28349111479018596
149309354,0.1860096093281948
149309355,0.07719424372890926
149309356,0.3783673424356233
149309357,0.48138208136548216
149309358,0.07126401828612135
149309359,0.23222009777500333
149309360,0.07315297693918932
149309774,0.12820024591994097
149309775,0.13614090923725458
149309776,0.08824916152893167
149309777,0.15724412315909408
149309778,0.13036701058530284
149309779,0.0931790177054359
149309780,0.12965852044881748
149309781,0.1461339957885659
149309782,0.08155910998205704
149309783,0.4187864184399649
149306852,0.04926530697775978
149297263,0.2452778427484556
149297265,0.16410068782200962
149297267,0.1775012631333978
149297268,0.23433799577661057
149297270,0.23842547557180274
149297271,0.7547932571951921
149297272,0.2124638302916286
149308317,0.1988503530460649
149308318,0.21697630632064294
149308319,0.21862782918274906
149308320,0.2463566014979906
149308321,0.11018199430036549
149308322,0.11014831640865981
149308323,0.2169093319567908
149308324,0.09233421221142986
149308325,0.10888667196263596
149308326,0.10643525145211229
149297455,0.17458049501565123
149297456,0.18756516751462857
149297457,0.3715124365247852
149297458,0.21960350107496243
149297459,0.12933584061692316
149306153,0.14093291617371423
149306154,0.20577065554815924
149306155,0.13516557720775416
149306156,0.2953509129059027
149306157,0.5732378401269208
149306158,0.1591136523727745
149306159,0.35483124314623354
149306160,0.12964270490283195
149306161,0.21895576491208654
149306162,0.12800243416236035
149291845,0.10707773714232963
149291846,0.08402588100043205
149291847,0.11078841697012617
149291848,0.08685272143145174
149291849,0.07852932601934126
149291850,0.15246633384797792
149291851,0.07959581154328763
149291852,0.14036180087066755
149291853,0.08106878183391228
149291854,0.09201739482030313
149293451,0.12643550192776257
149293452,0.13867484399805532
149293453,0.17109838819777967
149293454,0.17291020344524768
149293455,0.055336764639488153
149299343,0.49409267984871913
149291629,0.29411406020271824
149291630,0.29249876564984467
149291631,0.262698025269126
149291632,0.26577926213602104
149291633,0.13010618190946988
149291634,0.3376068881456015
149291635,0.33996432986434255
149291636,0.17933623240135974
149291637,0.1783237835972254
149291638,0.38041575184003146
149299363,0.17465662924826297
149299364,0.1614609220055951
149299365,0.2168394623321284
149299366,0.2897523904009628
149299367,0.20393807205060854
149299368,0.21601606148580668
149299369,0.2163571850792294
149299370,0.21929615220028423
149299371,0.2421892506726376
149299372,0.32325611296339984
149299641,0.06258584050546476
149309133,0.5152092636138291
149309134,0.3893047319297983
149292077,0.5716376097137801
149292078,0.09480235916204463
149292079,0.2253383044476146
149292080,0.22934930209123652
149292081,0.48499932490328534
149292082,0.50894068127547
149292083,0.49469511488093504
149292084,0.5642193901319871
149292085,0.6510687115494824
149292086,0.48801545375516514
149306850,0.05555857744532363
149306851,0.05678072753311299
149306666,0.05208878916371428
149306589,0.145181347036661
149306590,0.038022912334575595
149306591,0.3048063056374418
149306592,0.11386734699843086
149306593,0.3456102685621619
149306594,0.11362288469642381
149306595,0.12428843077409596
149306596,0.11929253761270373
149306597,0.06090625385936751
149306598,0.5299546917223693
149307406,0.07795671767976012
149307407,0.0760874229350011
149307408,0.09052539037288242
149307409,0.08614656802902862
149307410,0.07208579460423886
149307411,0.10101140174556439
149307412,0.09935316069936455
149307413,0.09697881023545966
149307414,0.09977485732240729
149307415,0.09601760637818932
149291760,0.13876307631874454
149291761,0.10809642119649406
149291762,0.13960621208718343
149293105,0.12876936341772882
149293106,0.14806526205263648
149293107,0.20578466283085697
149293108,0.302072973272293
149293109,0.6782758528527055
149293110,0.07983700121358743
149293111,0.4308643113073729
149293112,0.31484387966631466
149293113,0.5040960960022599
149293114,0.5041360209001159
149300256,0.12760218447844732
149300257,0.12624243008679376
149300258,0.13032160757437541
149300259,0.11421341406963198
149300260,0.14068489618052168
149300262,0.1119321812503526
149300263,0.14199173286299355
149300265,0.16733598737302371
149293167,0.14049679796383793
149293168,0.14130963079038497
149294065,0.31380497398015733
149294066,0.36102646546729095
149294067,0.4809285065572529
149294068,0.7469342377880769
149293177,0.07109299956309753
149293178,0.1684525375798811
149306558,0.3941066110898
149306559,0.3583065388609451
149306560,0.2973535623486941
149306561,0.21211878600207543
149306562,0.33295754815231204
149306563,0.22134171597519745
149306564,0.40253623059283317
149306565,0.7518152916103985
149306566,0.15994593536818227
149306567,0.2543597144023337
149291933,0.6023585921133932
149291935,0.8903512862091537
149294247,0.4634214783506888
149294248,0.9170280731770287
149294249,0.4443945822780589
149294250,0.5928648141658879
149294251,0.8975128230031035
149294252,0.1599011376669984
149294253,0.6179262491637586
149294254,0.3753700652882532
149294255,0.3294439886604786
149294256,0.08915121656584742
149293545,0.3494122693444617
149293546,0.27561572436025783
149293547,0.23910179361676828
149293548,0.25099561260555425
149293549,0.3164111148784197
149293550,0.23896221872354348
149293551,0.24478323383266584
149293552,0.3374182410792238
149293553,0.5229561315316236
149293554,0.5497086844877189
149291530,0.034176382055292734
149291675,0.06727500271899815
149291676,0.06696788729608129
149306656,0.4820766777370114
149306657,0.43883367388908634
149306658,0.1769701245976017
149306659,0.146551951934376
149306660,0.3495273095367731
149306661,0.11628002115692339
149306662,0.23929314905971963
149306663,0.22714425760098184
149306664,0.1855040923576129
149306665,0.56521887596276
149292297,0.7545090710675985
149292298,0.2851607436707408
149292299,0.2729443723359869
149292300,0.24655309756862448
149292301,0.8654535090363297
149292302,0.9360158405355331
149292303,0.22169322181638593
149292304,0.7780363922855791
149292306,0.24653756608499233
149292502,0.708538216357012
149292503,0.8575718930973755
149292504,0.1608517864485886
149292505,0.6950376133272951
149292507,0.5475170485508387
149292508,0.7618590771651027
149292509,1.5154835172768464
149292510,0.35885054457786003
149292511,0.5555034848779052
149306769,0.07182719612252093
149299664,0.08671198716993239
149299666,0.27343048574463014
149299667,0.27494293949026877
149298950,0.05591481911469404
149308935,0.04719642799746203
149299583,0.0610906373615809
149299647,0.21854748908257263
149299648,0.21238588589592183
149306317,0.16368904628129125
149306324,0.17084675998273172
149307064,0.06413442862011536
149307065,0.07214138959672071
149306766,0.10164836561879034
149306767,0.1431919431528621
149306768,0.08879237800893382
149300442,0.09079914841353452
149300443,0.06918100501422057
149298226,0.0847509686342337
149298227,0.1104260417463275
149308190,0.11783286232219994
149308191,0.10905229829018304
149308192,0.12526018948949222
149299212,0.11274944444627068
149299213,0.12827728679978662
149299214,0.1101637598477609
149299215,0.1577891043260992
149299216,0.12982069583762146
149299217,0.17203069611428248
149291897,0.30492269952476286
149291898,0.30080795317488523
149291899,0.03671604615259572
149291900,0.0385818126571495
149299265,0.023742964184183115
149307621,0.8533038764643746
149307622,0.8341350280739951
149307623,0.7195346033252215
149307624,0.7453204608297733
149307625,0.18033424549008012
149307626,0.1967678659110844
149299663,0.06258222680191271
149298099,0.27335184732875284
149297614,0.18039619920693692
149297616,0.4269054422754894
149297617,0.2631747455867441
149297545,0.12511189397047148
149299782,0.15727572265088222
149299783,0.15457723655492853
149307346,0.09898063119778416
149306770,0.09150386586030579
149291442,0.052259825115857306
149298557,0.08895491024256402
149291440,0.05682352576996283
149300441,0.09839424936555892
149298417,0.03935295976892067
149299881,0.7785055504344244
149299882,0.9575992304068229
149299883,0.7802687764634104
149299884,0.7775692994344333
149299885,0.8212717599980297
149299887,0.8832329458769667
149308514,0.1816848524026552
149308515,0.09358143464297493
149308516,0.10055358128580927
149308844,0.16657935234062543
149293599,1.046931636750051
149293605,0.16448563491019422
149308983,0.34140069189735744
149293955,0.08209219981655612
149298432,0.06304955941794822
149294304,0.13923305655667728
149294305,0.30119330209022527
149294311,0.20546757714326883
149294312,0.4173112098173823
149294313,0.46668195706891746
149309187,0.19283340154595555
149309188,0.5582404663806421
149309190,0.7022063987825413
149293689,0.39452972593080926
149293690,0.39307216291329405
149293691,0.27350832331757197
149293692,0.47118813440589563
149293693,0.2438165923074338
149293694,0.5035088771900053
149293697,0.5869901880432155
149298561,0.28312768019683654
149298562,0.4092413807958402
149299869,0.4792374873930604
149299870,0.6362575355403661
149293450,0.04585782636437213
149308715,0.0331056980724429
149308670,0.10158389206485702
149308671,0.20959083687898117
149308672,0.5633049243883758
149308674,0.3387489363648846
149308675,0.07492171148441641
149308698,0.2544730583650927
149308701,0.14534189846842746
149308940,0.7715558396782215
149308941,0.14344500937331342
149308945,0.280029269968444
149309325,0.17360100693968097
149309327,0.17229727677469966
149309328,0.17213321552541516
149309263,0.07212160994403054
149309251,0.2904280425139734
149309253,0.2443898628195856
149309257,0.5826078692072086
149293483,0.21400144267098203
149294277,0.14588669389484532
149294283,0.1620222383971688
149293608,0.5703655719340006
149293610,0.23855802430283518
149293611,0.36368246759542905
149293612,0.21900531656035477
149293613,0.31291973829315745
149293614,0.2377785331832162
149293615,0.5889675505600426
149293616,0.952781587192008
149293617,0.29535321277049886
149293679,0.5240851393839684
149293680,0.7365899029718775
149293681,0.8397536896880669
149293682,0.35088753281682256
149293685,0.6517670420537695
149293687,1.4442108249077468
149293688,0.3289775094269949
149294296,0.14050803834247247
149293618,0.11220336461415893
