,tfd
149300610,0.001086465649763535
149307738,0.06045419096016575
149308037,0.05059129116287266
149308038,0.05239008423305006
149308039,0.02889382427461247
149308040,0.23988806232831617
149308042,0.03634748699305484
149308043,0.0351650375922857
149308044,0.2383325822522836
149308046,0.028692067826389885
149306873,0.01094941558296158
149306874,0.010673241838949646
149307532,0.039914256626165975
149307533,0.03500586698545771
149307534,0.027917873534713606
149307535,0.026836805299305357
149307536,0.02763301632374843
149306849,0.006077925049536468
149307786,0.11339009140109575
149297695,0.07320598505859403
149307280,0.051577779888419564
149307281,0.05024902789957878
149307282,0.08490984850367055
149307283,0.07829184445072682
149293094,0.044512037581084386
149293095,0.08118194780186004
149293096,0.08527669461637438
149293097,0.05010933910170075
149293098,0.05482425489917327
149293099,0.08183965560055624
149293100,0.04234297626256715
149293102,0.022643734601084823
149292396,0.12211787334856046
149292397,0.016060725906480847
149292398,0.14375198125113403
149299154,0.03524099643064087
149299155,0.032276770140641765
149299157,0.03278490567704594
149299158,0.02879480659450847
149299160,0.03527764457948575
149299162,0.028808273740173966
149297935,0.005208772071700855
149297936,0.005655015905526674
149297937,0.007532127258965739
149297938,0.005740064089805495
149297925,0.01037096098220878
149297926,0.012479894471514872
149297927,0.015084820348223602
149297929,0.015122836669908601
149297930,0.010827960891099117
149297931,0.010074689032781753
149297932,0.011870691825277526
149297933,0.010667258080417472
149297934,0.01613108649258729
149306208,0.05440064576555353
149306209,0.00715114681705176
149306211,0.019223527332236846
149306212,0.033237374262685214
149306213,0.08915584155488475
149306215,0.07784424935521665
149306216,0.08843364655181869
149306217,0.00727148088640639
149297435,0.025436911844103273
149297436,0.029650415614854795
149297705,0.14335910501453478
149297706,0.020342106699726643
149297604,0.03701492345543628
149297606,0.037281510904226184
149297607,0.028372413268079332
149297608,0.04119072985575648
149297609,0.026533455713461565
149297611,0.027025756114167146
149297612,0.06028672528566278
149297613,0.10747151039437103
149297598,0.016137202676524662
149297599,0.03014174372296039
149297437,0.05594923601555451
149297438,0.06187798336915477
149298951,0.02305932378651414
149298953,0.02164066122489027
149298954,0.015876228511146142
149298955,0.03921775409764021
149297600,0.050232940414039036
149297601,0.06083000037924864
149297602,0.06284506506304777
149297603,0.06528737605379795
149300133,0.09668351527814983
149306450,0.020129062739146168
149306451,0.02882275381042571
149306453,0.016174328612101368
149294197,0.04462236391447611
149294198,0.03832423941935197
149294199,0.10592440567230116
149294201,0.027017234285438972
149294202,0.1327936902360557
149294203,0.10533822755682391
149294204,0.04050172377754909
149294205,0.01576476723284553
149294206,0.03830948521811591
149297834,0.08715774131680666
149297834,0.11295573618230051
149297836,0.19823299172414383
149297836,0.16847395012184732
149297839,0.48376727999413455
149297839,0.4139119311682443
149299102,0.012960956566222854
149299104,0.01190457834382242
149299105,0.00955879096133093
149299108,0.05595728774293603
149299109,0.05612276493216109
149306689,0.006917023612099766
149306771,0.04873440940238006
149306772,0.21580628995902865
149306773,0.038953722357912356
149306774,0.10702149662487287
149300557,0.09238496382886513
149297808,0.024566818653398593
149297809,0.023790113948114897
149297810,0.035409163100885745
149297811,0.04221627106760493
149297812,0.06471004543274483
149297813,0.10950832543417094
149297814,0.06681548809801721
149297815,0.04556484492515135
149297817,0.05858420316344874
149299763,0.1531686495052596
149299113,0.09674819844248532
149299114,0.08926626734064301
149299115,0.08338482961336512
149299116,0.025943117880960678
149299166,0.08128887006101548
149299167,0.03124655491347195
149299168,0.057922923901488337
149299169,0.0436473967455657
149299172,0.03604007448276444
149299173,0.060402780149690895
149299174,0.04688975416655448
149297404,0.053470153327700096
149297405,0.028840761780058944
149297407,0.07255219934484396
149297408,0.020354087133354425
149297410,0.021712660244952633
149297413,0.020063475239197968
149307560,0.1351046551398202
149307561,0.10908553233441211
149307563,0.004158388916993145
149307566,0.07683610911201934
149307567,0.24458706777896744
149307569,0.062381276471466476
149300313,0.031779143842209145
149292047,0.07729097821077029
149292048,0.056756659990060895
149292049,0.038185662117355995
149292051,0.05931060655683801
149292052,0.09241978162692382
149292053,0.02785782211228957
149292054,0.08536073770160697
149292055,0.017885631530968536
149293144,0.02771245752997391
149293146,0.04546737935302245
149293148,0.03731573744825272
149293149,0.020938643925809197
149293151,0.09005256383368064
149293271,0.13090274844796976
149293272,0.011989787093726766
149293274,0.029646743953659977
149293275,0.04210760265451419
149293276,0.06934009218389965
149293277,0.040829627946828886
149293278,0.19938630865612147
149293279,0.045483233572427714
149293280,0.18608140101519818
149297463,0.04762304503831492
149297464,0.040000597468411246
149297449,0.04681751483900879
149297450,0.0522654386793621
149297451,0.02718198066934436
149297452,0.027504297459687972
149297453,0.07024157357159849
149297454,0.04117080184647194
149298271,0.017435770007833966
149298272,0.007880058056382856
149298273,0.009883031727175171
149298274,0.016121673193594907
149298275,0.007841008437704487
149298276,0.016148694201887023
149298277,0.017025225096706138
149298278,0.05704325130460283
149298279,0.04950003204988627
149298280,0.01238763681462132
149300145,0.013443871909474698
149300145,0.2830719446670061
149300146,0.5217496971889645
149300146,0.5844643639819267
149300148,0.43789543342788423
149300148,0.38312720085464735
149300149,0.2460031966478505
149298483,0.015558636521796457
149298484,0.019394555852322467
149299963,0.06150147638417628
149299964,0.08105775919615653
149299965,0.14900642832898578
149299969,0.3732177648730205
149299970,0.1366433566399021
149299971,0.06513694991851036
149299044,0.058485075857169576
149299045,0.08927010460700997
149299046,0.019520760278647718
149299047,0.07367284596222344
149299048,0.09389185572178357
149299049,0.037539961667542296
149299053,0.017526526617829125
149299994,0.061995525815351525
149299995,0.07113299038238537
149299996,0.05649361027586354
149299997,0.04948430547065733
149299998,0.02333056888822615
149299999,0.016946522745028374
149300000,0.09652706213190174
149300001,0.0804482132860569
149300003,0.03127408689382629
149308612,0.01433203161779906
149308613,0.01634486213437618
149308614,0.02529315619216336
149308615,0.026623099579991653
149308616,0.032337070701736935
149308617,0.017403312174677263
149308618,0.038043826633318095
149308619,0.04285675126874666
149308620,0.005880614527618006
149308621,0.18848061046665457
149293966,0.030554124041805526
149293967,0.037335973410741
149293971,0.030580916791578344
149293972,0.02029269950425844
149294187,0.059568960132606555
149294188,0.08464856464219679
149294189,0.06041796125698367
149294190,0.050213304796248984
149294191,0.026634973885407448
149294192,0.06963149984357975
149294194,0.13206675724159433
149294195,0.04355043622175961
149294196,0.040485525973355606
149292122,0.019632534480932825
149292123,0.019161976504437243
149292124,0.05033198528752536
149292127,0.026060765758103437
149292128,0.014957755768092926
149292129,0.04902597932683027
149292130,0.04158267904027762
149292131,0.01982967260047318
149307878,0.09286302720340342
149307879,0.18292947894013642
149307881,0.11750216836331419
149299471,0.03786332704530553
149299476,0.07433435963229143
149299478,0.06886758819796947
149299479,0.03636712782075387
149299455,0.012409299889546227
149299456,0.012770587575840264
149299460,0.0103042288069568
149299461,0.00907880137768838
149299462,0.009131609847559159
149299463,0.026254635460197163
149299464,0.025482255134884314
149297707,0.01476550748300948
149297708,0.03549032061281164
149297709,0.002924908214792519
149293239,0.027895364258673516
149293241,0.03917629162968438
149293242,0.017857755171865313
149293243,0.03915774347293897
149293244,0.027628714641651786
149293245,0.14232515168843177
149293246,0.04044542018205033
149293247,0.07752346405615232
149293248,0.07715703844633504
149309585,0.012464027805604268
149309588,0.014544093049124374
149309590,0.0073414915541722215
149309591,0.01530406447631358
149309594,0.015107261034029386
149307191,0.016990188310818985
149307192,0.012655911044359267
149307194,0.07165595845413757
149307196,0.07430356574859165
149307198,0.07507636378286933
149307199,0.0161843962138401
149307200,0.07507162746772739
149297946,0.02172295956468671
149297947,0.013603664686304633
149306133,0.007927795911349643
149306134,0.008005872208995499
149306135,0.008302632950899811
149306136,0.008666624180224543
149306137,0.00812893833890886
149306138,0.008138480244242276
149306139,0.00592641563264567
149306140,0.007861077605750609
149306141,0.020738924933325357
149306142,0.009138545097862601
149307827,0.030479056597116652
149307828,0.18848550995850036
149307829,0.014929635560811706
149307830,0.05358481961257113
149307831,0.055344006569157216
149307832,0.1763051853041308
149307833,0.0533125121481928
149307834,0.052978408045842924
149307835,0.023596080309377692
149307836,0.02455500734545754
149300373,0.09843045705266382
149300373,0.3249351331199127
149297483,0.07464892271740811
149309720,0.05924584817155758
149309722,0.0675103682756957
149293983,0.08655525027203548
149293984,0.02122076485455318
149293985,0.0541480941695717
149293986,0.05176119204065934
149293987,0.06398603809083717
149293988,0.05108341660700272
149293989,0.0430653215745087
149293990,0.0462061941370375
149293991,0.014247834885457727
149293992,0.016276313658162306
149299187,0.01969670944753627
149299188,0.03615956355358643
149308382,0.0950791376146658
149308383,0.11518948457827034
149308384,0.09374546999918279
149308386,0.07687313277076736
149308387,0.052429200339603764
149308388,0.0480328473602691
149308389,0.055184673032698355
149308390,0.041635541456963014
149308391,0.07981696036200231
149300479,0.0568798817415941
149300480,0.034668449278034724
149300481,0.10730667852216137
149300482,0.03426354841173665
149300483,0.04617467454853694
149300484,0.025308272668050347
149300485,0.05288819064374114
149300486,0.029854547754354914
149300487,0.03142626089453031
149300488,0.09706085628909163
149292317,0.036759027919886056
149292318,0.03601804805497526
149292319,0.01803904639339314
149292320,0.06541655698928478
149292321,0.06539296450714438
149292322,0.04962878403614213
149292323,0.046406736974228736
149292324,0.00428850642280788
149292325,0.027274487054632115
149292326,0.033958809319104416
149293193,0.02440604167477619
149293194,0.025818755843514812
149293195,0.11842167840774276
149293196,0.041229211054202894
149293197,0.0054013364435359385
149293198,0.11693085945475797
149293199,0.07986048801171879
149293200,0.0546487819722234
149293201,0.008528925996009651
149293202,0.06205353057731781
149306198,0.006213182208067167
149306203,0.005222215625597558
149306204,0.030995917624480823
149306205,0.015453595041383267
149306206,0.04546906591583738
149306207,0.0451408016522668
149293249,0.015122916524094188
149293250,0.00625071256268933
149293251,0.032365110536686885
149293252,0.0287101179750462
149293253,0.015167474969591766
149293256,0.047403559133813875
149293257,0.015584650656372398
149293258,0.015717442751829847
149309830,0.002679249091972517
149293067,0.016839712968854396
149293068,0.009900680857612558
149293069,0.10645325271596673
149293070,0.03177740978840835
149293071,0.012615404390082068
149293072,0.021613008597740895
149293073,0.03016005426246589
149293074,0.019739956671655692
149293075,0.028745705993584416
149293076,0.020921996993725163
149306408,0.06284389914132882
149306409,0.02833728253737167
149306411,0.028489875226967495
149306412,0.018959492014302522
149306415,0.055343876818363634
149306416,0.0563519145371355
149306417,0.05240778578810418
149306466,0.03926694515583991
149306467,0.08133786910020395
149306468,0.09170449066391578
149306469,0.08260900265888059
149306471,0.025707200119502126
149306472,0.06497204468829998
149306473,0.040200694669413096
149306475,0.054895465755814325
149308705,0.04830865973769043
149308707,0.035748055888747646
149308708,0.049001756689163026
149308710,0.13899407457593105
149308711,0.05797724325649473
149308712,0.08256195166763318
149308713,0.04582681957486707
149308714,0.12697588394126166
149300176,0.08250467821099504
149300178,0.10334322416850497
149300180,0.07988126797307715
149300181,0.026701815634080094
149300182,0.027254438398838333
149300183,0.030715202241694956
149300184,0.02981738312893892
149300185,0.025543485842434512
149307100,0.04607156127194783
149307101,0.016315072992562824
149307102,0.07914220778856818
149307103,0.2695573840362951
149307104,0.05306634335829875
149307105,0.24371692758320015
149307106,0.2745485448627141
149307107,0.07405529487058586
149307108,0.20309916231455302
149307109,0.08900456651729766
149299014,0.01253198290071358
149299015,0.012724406464878062
149299016,0.01534627005223943
149299017,0.025988009273158544
149299018,0.023769505355273432
149299019,0.0211822262798796
149299020,0.02615049622204953
149299021,0.02351919804095799
149299022,0.01646615155637828
149299023,0.0290220566292759
149307842,0.02290476436632804
149307843,0.04262159398485736
149307844,0.04297965736218069
149307845,0.05008536481134441
149307846,0.04164993773028839
149307847,0.02196847545355241
149307848,0.02510122218789139
149307849,0.05475437975290695
149307850,0.049989091231696474
149307851,0.03817897316421159
149299383,0.01684561236664771
149299384,0.04277199549664886
149299385,0.05052973282156003
149299386,0.035427446696878355
149299387,0.043454960357779064
149299388,0.047216228998221914
149299389,0.06493137822804716
149299390,0.055591744812740165
149299391,0.02775368333731947
149299392,0.0865594700278085
149298520,0.002797012565967084
149293919,0.029107503500398185
149293920,0.051597786531854435
149293921,0.04322693493911579
149293923,0.06195057023558571
149293924,0.0807871635779606
149293925,0.048359050538134454
149293926,0.3563778598083426
149293927,0.021180536871592225
149293928,0.04392417340002801
149306418,0.009378315935615987
149306419,0.05953139724786664
149306420,0.014518262665216736
149306421,0.012587292450537258
149306422,0.02174631191164398
149306423,0.01017294283225335
149306424,0.01086327567155351
149306425,0.010962340272612644
149306426,0.008665654267121356
149306427,0.009815395780490418
149294207,0.0242517975874504
149294209,0.02430849636654956
149294210,0.04874607134214558
149294211,0.06256000671898418
149294213,0.031242671111040034
149294214,0.045201486535492316
149294215,0.048853460510283615
149294216,0.08429620909001873
149306607,0.07614307801381003
149306608,0.07444373131987338
149306609,0.019830338740013855
149306610,0.019021176541715392
149306611,0.16007025262096936
149306612,0.02767241345691444
149307627,0.036686175526578525
149307628,0.03532004063841855
149307630,0.1372820890650529
149307631,0.005401085205783794
149307632,0.004361212377803559
149307633,0.09730166606449044
149307634,0.1419461109684464
149307635,0.13642867659317248
149307636,0.19946914626658563
149306506,0.05072000159552143
149306507,0.049858676936710804
149306508,0.059913146743928135
149306509,0.06337446822964884
149306510,0.026649686263640338
149306511,0.10534557490246595
149306512,0.031930930106073487
149306513,0.033110058372974184
149306514,0.08756765016524738
149306515,0.10134390662763132
149300314,0.18355566012847094
149300314,0.2599652508768571
149300315,0.27037373082966615
149300315,0.3936122178398486
149300316,0.3471792694440758
149300316,0.29911072606707095
149294069,0.1906116657052679
149294071,0.12378280325106991
149294072,0.0681243424895519
149294073,0.2441227812291624
149294074,0.19352596499256514
149294075,0.2525269083231336
149294076,0.18589300720408156
149294077,0.21527381093404782
149293313,0.047447555623356265
149293314,0.0476071837034334
149293315,0.0384739375605433
149293316,0.03485909837931236
149293317,0.11963629516416624
149293318,0.056876894951635906
149293319,0.012878040371741744
149293320,0.031988069325151254
149293321,0.037569527649360605
149293322,0.027047632944728364
149294297,0.10272134107997095
149294298,0.09700364281898798
149294299,0.06089570523542482
149294300,0.05698242201531647
149294301,0.09093013480411374
149294302,0.21171559195249093
149294303,0.03956362476095755
149292405,0.0005200546003870333
149292406,0.007629597596888129
149292407,0.007278669309152573
149292408,0.0944044153955991
149292409,0.09403043228917163
149292410,0.05201288425066263
149292411,0.05268748023302704
149292412,0.03246256504037941
149292413,0.022041572103363483
149292414,0.02720706034439037
149293154,0.004247725998147026
149300287,0.01701210981186254
149300288,0.02231468209149664
149300289,0.013260599569753785
149300290,0.021868562337810694
149300291,0.01685047763813373
149300292,0.05544486784935138
149300295,0.023261734329577264
149300296,0.029775452162141943
149299430,0.01709007077532119
149299431,0.09523375126587033
149299432,0.032900355342296884
149299433,0.01677460637514562
149299434,0.017046017731912746
149299435,0.10105545712745337
149299436,0.04709693485925726
149299437,0.023620216010373844
149299438,0.04506370765279696
149292833,0.06405443994435016
149292834,0.10827990580547608
149291483,0.19394001790645357
149293014,0.010045610358918051
149293015,0.0025980277254276313
149293017,0.024171900420115234
149293018,0.008521859748926108
149293019,0.022245326681710816
149293020,0.007230806657954568
149293021,0.020316970226913318
149293022,0.005938331236853101
149293023,0.014606693776975035
149292616,0.06574323875669359
149292617,0.05940088525865281
149292618,0.0286414516479935
149292619,0.022547246208789305
149292620,0.06500976413228612
149292621,0.030733559899222208
149292622,0.022981617295597213
149292623,0.012277069239972408
149292624,0.010603048891001322
149292625,0.01906814864636978
149294174,0.04981259043525526
149294175,0.024332653315527464
149294176,0.10889505909290544
149294177,0.08138168107641612
149294178,0.02986297534569595
149294179,0.034459137279143924
149294180,0.08036343542279027
149294181,0.1183273300260788
149294182,0.03250515046375616
149294183,0.016226696576568132
149292522,0.06208669438958071
149292523,0.06293127761981049
149292524,0.020991618178063796
149292525,0.01625337729510359
149292526,0.033142351158828756
149292527,0.10137800947793248
149292528,0.0865486376146178
149292529,0.09236103086112205
149292530,0.06525340981226428
149292531,0.12789097348912393
149294031,0.013465706087841246
149294032,0.17583356154175298
149294033,0.03243742895804584
149294034,0.04215706297554688
149294035,0.07856751418705558
149294036,0.13068432571607932
149294037,0.2248836476717565
149294038,0.1687011250840169
149294039,0.031485140541474284
149294040,0.031037940515514853
149293712,0.077447517273168
149293713,0.07744916402795518
149298250,0.09131735535317156
149298251,0.0751411808792166
149298252,0.07757686161039662
149298254,0.02756690604875523
149298255,0.02785541754912267
149298256,0.025777250730511663
149298257,0.0252163191394579
149298258,0.08790783879113083
149298259,0.08621753428220465
149298904,2.9456806595377685e-05
149299225,0.014468583653227033
149299228,4.142068377654006e-05
149307559,0.012617919033078538
149299888,2.0553816915601186e-05
149299891,0.00010769252038284493
149293417,0.02956469263978175
149293418,0.03182112202504252
149293419,0.01641576314537398
149293420,0.032040214420071725
149293421,0.005240144613125272
149293422,0.00606731754241562
149299892,1.3610946282446736e-05
149307484,0.15810711694123333
149306496,0.036241546834348715
149306497,0.060473520508890447
149306498,0.3529972973082646
149306499,0.36991484048343404
149306500,0.12810258846064534
149306503,0.386656265754447
149306504,0.1078410802032035
149306505,0.197270962577595
149308460,0.06924085832281265
149308463,0.06853658301947284
149308464,0.07644450366183742
149308465,0.10838497716337392
149308467,0.11228988990939719
149308468,0.07904418491565297
149308469,0.1095681447400896
149307469,0.04017381617546241
149307470,0.09828026444328691
149306443,6.260152481404614e-07
149309315,0.01411638376645727
149309316,0.013285141232707657
149308543,0.06148033592376143
149308544,0.08152635951747979
149308545,0.05915833245963108
149308546,0.051123608765153476
149308547,0.08596895778393313
149308548,0.060030991056807766
149308549,0.06031541105924807
149308550,0.06233290578519587
149308551,0.05466623479800668
149292153,0.07813613131580888
149292154,0.01970054321450271
149292155,0.019570247666498227
149292156,0.023272847477004355
149292157,0.024712988150437803
149292158,0.17794542739882765
149292159,0.15352895187272358
149292160,0.021109031601474895
149292162,0.024473288185426528
149299573,0.033569259359411886
149299574,0.03747776290664185
149307852,0.1985211157248779
149307854,0.1657317471160349
149297851,0.042676629265700476
149297851,0.1062017002460104
149297852,0.16384208706861797
149297852,0.21687208717762638
149298716,0.058870969032554774
149298716,0.05566754264725788
149298717,0.19997780268832668
149298717,0.2554657805566043
149298718,0.15722142376358703
149298718,0.06962975302719229
149298720,0.14433782689351005
149307802,0.04483921039238945
149306630,0.14180166553619314
149306631,0.13995904097091225
149306633,0.05619392522266689
149306634,0.009665850688950057
149299080,0.008040808011981926
149309242,0.11340893919622932
149309243,0.03946104482980286
149309245,0.046846795244613555
149309247,0.09801746192188426
149309248,0.015901648723911997
149309250,0.05878113582108519
149297361,0.025444259360234707
149297362,0.06323386933768199
149297363,0.042300233140593245
149297364,0.04133025577188377
149297365,0.01942153681465549
149297366,0.005558470236610254
149297367,0.04241909491507888
149297368,0.02551187885919552
149297369,0.017857167513310204
149309709,0.1963104533392354
149298206,0.0037953682434542025
149307746,0.007600581604491506
149307989,0.051110200192029755
149307990,0.0004968567945874192
149307991,0.050303709777255255
149307994,0.1569366339068268
149307997,0.158011232564563
149298527,0.02868455667377386
149298528,0.09125066026280769
149298529,0.04980161344200687
149298530,0.04986504491173074
149298531,0.12111187504158369
149298532,0.19863211806967584
149298533,0.1926194609634087
149298534,0.12020084907859983
149298535,0.11959876509115906
149298536,0.11377088793089467
149307549,0.191117335624585
149307550,0.192180830222102
149307551,0.17380540271449532
149307555,0.17137050174965368
149307556,0.18967324562944962
149307557,0.2026147766643339
149307558,0.17763780126045592
149306586,0.07161294743546008
149307946,0.021118423541288855
149307947,0.02167589726759309
149307948,0.06482190621395054
149307949,0.06098131203717127
149307950,0.10200846513460211
149307951,0.09495080102627035
149307952,0.10504189758491884
149307953,0.10099227968732642
149307954,0.03805896157771151
149307955,0.03976586635804842
149294151,0.01828162869262673
149294152,0.030416041802608037
149294153,0.04032375801391099
149298212,1.6102089800431037e-05
149298213,6.835327798698628e-05
149299256,0.11851096614767456
149299257,0.033563473855688995
149299258,0.03216964950795591
149299259,0.14833183843796907
149299260,0.09809957529503163
149299261,0.042703518717477594
149299262,0.06760055152461397
149307724,0.04608940930718027
149308628,0.025302959927202485
149308629,0.025036574721891965
149308630,0.0778458917648476
149308631,0.0791074428380656
149308635,0.014969088452561926
149308636,0.014966864384124015
149306605,0.07809295781142205
149306606,0.0763915797590601
149300014,0.01407191546291291
149300015,0.016815482201979506
149300017,0.060756851989035486
149299578,0.014095382849901965
149299579,0.011843785106779853
149299581,0.015386602213256972
149307956,0.043919226504637254
149307957,0.15138872372537696
149300078,0.0905913436283362
149300079,0.10187333764743334
149298500,0.03405128461594783
149298502,0.030429429845675458
149298503,0.01400713413482325
149298504,0.028050433053910084
149298506,0.01626163050363445
149298507,0.18198761807704295
149298508,0.02816073860145308
149298509,0.019110370989725994
149299550,0.04844018923344199
149299551,0.026509664814265536
149299554,0.022545358760013488
149299556,0.02188304047905168
149299559,0.010577771925129894
149294021,0.1377646461491734
149294022,0.16222892639329373
149294023,0.22138743545473027
149294024,0.26586648494499554
149294025,0.149598847467245
149294027,0.06190801821764014
149294028,0.07806798037658653
149294029,0.04647407071434542
149294030,0.04093103905161725
149299483,0.04186168284435528
149299484,0.03789991049431226
149299485,0.03719463119541636
149299486,0.030696072396062365
149299487,0.03429019522962266
149299488,0.030616278749181127
149299489,0.04157341047600301
149299490,0.0379359441716993
149299491,0.16659061709361472
149299492,0.16054373526965113
149306835,0.011181121607847476
149306838,0.008594570581449325
149306839,0.031102017364500727
149306840,0.03902548887991644
149306841,0.03723945937449946
149306842,0.01569631240365511
149306843,0.06321857203557195
149306844,0.031369158162222376
149292899,0.026048753896906002
149292900,0.02013643990838963
149292902,0.032397092952675136
149292903,0.06108611180335919
149292904,0.014082550901146813
149292905,0.027679405731591524
149292906,0.014223304001557937
149292907,0.04141340049816087
149292908,0.028826241139018407
149300559,0.04531115490952511
149300560,0.017661629033383367
149300561,0.040247196604677044
149300562,0.04691985420793826
149299761,0.056424767299709994
149299762,0.003330047662134704
149308057,0.010182732139714067
149308058,0.011018591826656092
149308059,0.011375604621758857
149308060,0.0115645682331672
149308061,0.04193161706264303
149308062,0.04187801966935377
149308063,0.03271181663111652
149308157,0.02283299898474894
149308158,0.02466390568930451
149308159,0.021349275964112107
149308252,0.035373522575989205
149308253,0.033649510882190814
149308255,0.03299287829351893
149308256,0.03063388436749094
149308257,0.06358979655827834
149308258,0.04539606373851374
149308259,0.031075031976448696
149308260,0.020212642956654075
149308261,0.030280517602940187
149299288,0.018381370443003246
149299289,0.008403991827229968
149299292,0.057327634136031896
149299293,0.08148627058456079
149306121,0.022165476806631026
149306122,0.04786900555434481
149306124,0.1775565110829864
149306125,0.025784458034284936
149306126,0.02934143796181426
149306128,0.07868793415158955
149306129,0.024252393847033923
149306130,0.072143259900958
149297514,0.019639298102793933
149297515,0.020822042259619106
149297516,0.04019329016594011
149297517,0.05250397443984904
149297518,0.03316163767125879
149297519,0.02066567976737958
149297520,0.03789594210411573
149297521,0.023361611187309905
149297522,0.06078012021626965
149297523,0.019242536132637975
149307055,0.05739799078387303
149307058,0.07155809330239112
149307059,0.014435549961356991
149307061,0.06039340319330773
149307062,0.052999405507156414
149307063,0.018353366517818815
149307315,0.07147630689222038
149307316,0.07202613721566786
149307317,0.014224460904633677
149307318,0.06737759186149404
149307319,0.002545879425284175
149307320,0.012474480034262922
149297778,0.024153886782369665
149297779,0.024851313506237926
149297780,0.01956704047511727
149297781,0.02186218748156741
149297782,0.023861998506094547
149297783,0.025746210795034637
149297784,0.023705708273694084
149297785,0.020160805834027722
149297786,0.026699556124277966
149297787,0.01971140759064518
149297948,0.008899980861660677
149297949,0.008668306960848146
149297371,0.028555749707502038
149297373,0.027043469191092684
149297374,0.05132060438426796
149297378,0.1982648043755119
149297379,0.01306893715893783
149297380,0.06281645566423208
149292713,0.09311471717561741
149292714,0.06142475004658598
149292715,0.033290192588223605
149292716,0.03867196302001018
149292717,0.04570543970802918
149292718,0.028833727459035625
149292719,0.08100308427578938
149292720,0.05066007470781679
149292721,0.03179129016469067
149292722,0.011709214101069287
149294138,0.0171686490237126
149294139,0.016770534805465243
149294140,0.02724155364025933
149294141,0.025245342114548274
149294142,0.07271282404103509
149294143,0.031077632799823403
149294145,0.02468031095881401
149294147,0.026070910846559735
149293179,0.06259792200384873
149307885,0.16709559707087956
149307886,0.1682998153287203
149307888,0.09626231752258722
149307889,0.11486013187115111
149307890,0.10098463660850351
149307891,0.13278569718649827
149307892,0.05281436660548118
149307211,0.022050000186306356
149307212,0.025919931301796133
149307213,0.023820087651700284
149307214,0.02764896133179248
149306793,0.013100363507879003
149306794,0.031141388076662703
149306795,0.05426425720456796
149306796,0.03197907480258205
149306797,0.012291342011950273
149306798,0.024016275991677796
149306799,0.013216836297222215
149306800,0.015463452553411725
149306801,0.03503605779709038
149306802,0.050997159684795526
149300378,0.004892877996943849
149300378,0.029507763795926577
149307121,0.14261208694885472
149307122,0.10014843092033297
149307123,0.027023108126475764
149307126,0.052485988034261764
149307127,0.04448628549182401
149307129,0.03895906879549744
149307130,0.11684642427883542
149293889,0.28316455787813843
149293890,0.14813613474168216
149293891,0.04660832159409407
149293892,0.08596126954363968
149293893,0.04209248699546215
149293894,0.0412559881871154
149293895,0.15487373737094465
149293896,0.06059386301106824
149293897,0.08587605707838167
149293898,0.1612580369656814
149293935,0.11074761406086761
149293936,0.11563452997832482
149293938,0.07889862399069467
149293939,0.08923034329024551
149293940,0.030249673691456574
149293941,0.08385654697617717
149293942,0.12490816242380703
149293943,0.061976586556030167
149293944,0.13890247754615453
149299393,0.13264019580612355
149299395,0.09307349645607259
149299397,0.09471967484654174
149299399,0.08368382987815905
149308242,0.07012177894450888
149308243,0.024243710411318696
149308244,0.04059577561243562
149308246,0.016511810554802494
149308248,0.0666214400916128
149308250,0.03371149985187944
149308251,0.02611062029463549
149293343,0.05864281579577192
149293344,0.043230089857510486
149293345,0.04366403566676606
149293346,0.12980932824144448
149293347,0.020767741812212217
149293348,0.020304702486809892
149293349,0.059952055253609436
149293350,0.06368115951623164
149293351,0.03300193854274672
149293352,0.031133772633738756
149306188,0.03396749247611593
149306190,0.051717590302365474
149306191,0.12291114156561665
149306192,0.020432752310353238
149306193,0.07674566831507375
149306194,0.08118620205816937
149306195,0.06635318936066978
149306196,0.05556323799658568
149306197,0.032853009932732144
149300598,0.014954717812064857
149300599,0.025146041149503452
149300600,0.02343334701615896
149300601,0.018835198631713828
149300602,0.01513663078124842
149300603,0.021475647115228074
149300604,0.020140577461974778
149300605,0.02980159242771246
149300606,0.01694840974418041
149300607,0.01977573365933654
149298521,0.007163639966132927
149298522,0.013081322529204664
149293026,0.021860491739549667
149293027,0.03136577457982635
149293028,0.057483746884292836
149293029,0.04994859731471754
149293030,0.03378093502846712
149293031,0.05246072565465574
149293032,0.08719813219617951
149293033,0.06848425613792067
149293034,0.13526559322956214
149293035,0.01948858678962111
149294237,0.031176424588060105
149294238,0.0716715099176539
149294240,0.04237397171490808
149294241,0.05393573827000496
149294242,0.049594701508057476
149294243,0.03357383593258388
149294244,0.04726969245569052
149294245,0.030844540698401333
149294246,0.017239321263791425
149294102,0.02451515198053914
149294103,0.05410867181825738
149294104,0.04204883400170823
149294105,0.03552225321114543
149294106,0.04747237278841657
149294108,0.0069042285790032725
149294109,0.07125988702652065
149294110,0.05140989712170196
149294111,0.16482898296969237
149292645,0.1182226288259538
149292646,0.032863438450657166
149292647,0.030185377449829916
149292648,0.031402722996069256
149292649,0.1239644643207767
149292650,0.12437157185461883
149292651,0.13436653687101374
149292652,0.05012680605434969
149292653,0.052611919180567804
149292654,0.09988679694200814
149298424,0.04007295828098752
149298425,0.02218699970210625
149298426,0.032743355564656226
149307331,0.05695362647570515
149307332,0.019237951542151615
149307333,0.0031130640316371504
149307334,0.01934354630946687
149307335,0.00340882752074652
149307337,0.006600391821953731
149307338,0.012940753783803875
149293659,0.0886167677714629
149293660,0.09565700483729446
149293661,0.07704445719275332
149293662,0.07757090367288522
149293663,0.06585226658390288
149293664,0.07730390851843093
149293665,0.09233602888228847
149293667,0.05921512109513002
149293668,0.09720697660724063
149292752,0.041020746709839635
149292753,0.043765726814613964
149292754,0.03456517279041856
149292755,0.04574135758907961
149292756,0.043379363303948835
149292757,0.022221325954614277
149292758,0.020610952340746395
149292759,0.029581380772862424
149292760,0.021449049667659
149292761,0.07124014674838637
149292539,0.018423475760315777
149292540,0.0295899479884278
149292541,0.03574271282576412
149292542,0.12426179314486269
149292543,0.03141725240422372
149292544,0.02209767611141013
149292545,0.022299530585649447
149292546,0.05188608650045861
149292547,0.03712242468734152
149292548,0.07527426948202036
149291740,0.0676435616240413
149291742,0.0861376067832348
149291743,0.06711184005876958
149291745,0.1025694222815121
149291746,0.026591308911285246
149291747,0.05316829396646705
149291748,0.12223462054949479
149291749,0.013499458685053312
149292772,0.013518043252088508
149292773,0.004032210851334711
149292775,0.015714867435249698
149292776,0.04747949978627195
149292777,0.013221266607439011
149292778,0.006972029672988209
149292779,0.022258893965012332
149292780,0.01042986565337444
149292781,0.04476698075513681
149294314,0.12570987818172336
149294315,0.061171240314625695
149294316,0.09534151536017334
149294317,0.028941895790760785
149294318,0.13749518683358813
149294319,0.104953333744871
149294320,0.0566687505524452
149294321,0.031887917530954955
149294322,0.03923836020882203
149292559,0.013763757340287945
149292560,0.011515789989598462
149292561,0.042497438947817316
149292562,0.020778459504682805
149292563,0.03533775803126688
149292564,0.008889248789708194
149292565,0.06183207787406622
149292566,0.032102487273992106
149292567,0.025545018551196143
149292568,0.08085832004581193
149300087,0.0007447897601834563
149299632,0.00019584032835838722
149300435,0.02161196653080147
149300436,0.05053515368580332
149300437,0.042197005093825235
149300438,0.042398785583181144
149300439,0.017607852707720507
149299244,1.5491954890303504e-06
149299921,7.816812655023228e-07
149308304,5.0714867231717205e-06
149306876,0.00012571998954464788
149306879,0.045152936257299894
149306880,0.03839340328051665
149299211,0.0001123103554645938
149299239,6.502585026883327e-05
149306635,0.016891136212649288
149306637,0.010171644360572305
149308470,0.04048795129946508
149308471,0.014554029681934932
149308472,0.038351957182998025
149308473,0.009694791919273901
149308474,0.02269350650672261
149308475,0.06386052144469764
149308476,0.01448771189175098
149308477,0.05910997555187929
149297955,0.058689724249429705
149299054,3.788155404182183e-05
149300310,0.05496546759412689
149300311,0.031017526531699344
149300312,0.04376001018455363
149309274,0.08266812060259975
149309276,0.050899007692196734
149309277,0.17593196235157044
149309279,0.09407074618052559
149307737,0.036754189848953185
149307537,0.03730145731184553
149307538,0.03398683452160691
149309541,0.26321548486795543
149309543,0.056638527952422225
149309544,0.14514539626963852
149299101,6.781612505540445e-06
149308997,0.07630904433331837
149308999,0.07847544201665393
149297954,0.005476351324008322
149309728,6.905583030903178e-05
149309729,0.00016378700206782213
149309735,0.02869142947285859
149309736,0.030661543381727756
149309737,8.917415838058507e-05
149309738,0.00011376288456940298
149307968,0.08162507312900519
149307969,0.16147534025259092
149307970,0.04230881520036625
149307971,0.07242761098769146
149307972,0.02254623709512979
149307973,0.021584305484961278
149307974,0.07299002401904717
149307977,0.004648471680438301
149293879,0.0927501192825167
149293881,0.022006439999660763
149293882,0.03238744925069506
149293883,0.034260532619904256
149293884,0.09313434002298726
149293887,0.05796459191555657
149293888,0.049559806943184834
149298308,0.023344413190831605
149298309,0.055987065885065766
149298310,0.22905331726446376
149298312,0.04008813217086631
149298313,0.32133327303411513
149298314,0.05121094726955262
149298315,0.06361295812133147
149298316,0.0941440569741913
149298317,0.1469070625306377
149299685,0.021500072660052095
149309857,0.02028719560611734
149309858,0.03528554700429096
149307745,0.07519584115071275
149307637,0.015807132841485542
149307638,0.014974202215459757
149307640,0.035509097111552534
149307641,0.035527949006219556
149307643,0.022494728819061106
149307644,0.02173902242312148
149307645,0.03429456715902776
149307646,0.02764040570455371
149298956,0.033880998742380805
149298957,0.01930931930658671
149298958,0.020512744332868538
149298959,0.028095059626881386
149298960,0.053696770831661
149298961,0.03818102853258139
149298963,0.019799136531310192
149298964,0.02163957926584254
149298965,0.019994864810470078
149298778,0.037760917217610504
149298779,0.039103243506865636
149298780,0.03901266236165619
149298781,0.02569776945757612
149298782,0.027911916723984805
149298783,0.02160425698081197
149298784,0.023054267639311014
149293281,0.097133246978
149293282,0.04512308858693389
149306268,9.264494282458643e-05
149306269,3.929801225037841e-05
149306270,0.009698841445948838
149306271,0.012141396077462901
149306272,0.0022533152735453007
149306273,0.0060958815030831524
149306274,5.363530994282672e-05
149306275,6.174920006180334e-05
149306276,0.01982885298200458
149306277,0.017259990683097637
149298318,0.30208454096966
149298319,0.07130498894088028
149298320,0.03654546252441095
149298321,0.3227520973388413
149298322,0.11464907226713553
149298323,0.30089542251364154
149298324,0.08829258281451119
149298325,0.05717168760239091
149298326,0.19879803518276054
149298327,0.03713616840662551
149308170,0.07005480554661016
149308171,0.08812324328457681
149308172,0.09485440985839157
149308173,0.17939558663939714
149308174,0.06190140148986365
149308175,0.1370261874648328
149308176,0.10769017842927489
149308177,0.04452836614502661
149308178,0.04440561142162169
149308179,0.11064728258131042
149297696,0.17435498713362993
149297879,0.048367690675843435
149297880,0.060666788788052664
149297881,0.11623459725488504
149297882,0.0447560643036079
149297884,0.06565331383957777
149306957,0.11799795983737749
149306961,0.02683501171248611
149306962,0.11815186133877519
149306963,0.11213025031943892
149306965,0.060871138510024875
149306966,0.06044862224759697
149307495,0.02507225834798191
149307496,0.13491341831778716
149307497,0.08891323300813078
149307499,6.528241676999767e-06
149307500,0.02462433884435701
149307501,0.011167779066783642
149307503,0.015551284939674396
149307504,0.014873103083599955
149292596,0.059793617580974866
149292597,0.04636817087652099
149292598,0.0436697225884411
149292599,0.058310347040122626
149292600,0.02086844620152335
149292601,0.0454266956762892
149292602,0.0971624931900027
149292603,0.08961354225430977
149292604,0.20775127354441128
149292605,0.03769605379439119
149309212,0.03697499412997317
149297956,0.05023597533293612
149307804,0.030999153208781854
149307805,0.08220126764156364
149291905,0.029621097799394005
149291906,0.04697875255739708
149291907,0.047570747157801976
149291908,0.017311460491327122
149306983,0.10762344616127228
149306984,0.08989837185848991
149306987,0.07997490300418152
149306988,0.08297733065264935
149306989,0.10652038511614807
149306990,0.08527126374996778
149306991,0.07404218640667894
149306845,0.07087524535669473
149306846,0.1265820336940277
149309810,0.07245083234374164
149309811,0.052284148367847186
149309813,0.1393445717910407
149309814,0.08287975020603068
149309815,0.06602141511993127
149309816,0.15517721581791277
149309817,0.10386154984893685
149309818,0.11858770798775202
149309819,0.203203574154126
149297828,0.016817511507617598
149297828,0.42811901122856105
149297829,0.3300146791813264
149297829,0.402571224927002
149297830,0.35844344067035167
149297830,0.24173778281724728
149299314,0.01248283483701209
149299317,0.05981326973354864
149299319,0.0744063814232201
149299320,0.06032443381575892
149299322,0.07420437989581835
149297546,0.01028606190051234
149297549,0.011199213831903407
149297551,0.014478917304598266
149297552,0.01151371823793211
149297553,0.01191326079433383
149291681,0.017751505017571074
149291682,0.007846691363860911
149309491,0.08000499904954822
149309492,0.07501244884677756
149309493,0.0771299353194583
149309494,0.1321463190557571
149309495,0.13552813265116745
149309496,0.12113428828256188
149309497,0.11024454508535675
149309498,0.09375918237154661
149309499,0.1095145864489993
149309500,0.13059476150268942
149297739,0.03827038810831173
149297740,0.043727871100623684
149297741,0.046574602016272844
149297743,0.04145066978191391
149297744,0.04310426210674171
149307755,0.028390070906689383
149307756,0.023394387320317695
149307757,0.023811000103265888
149307758,0.02114371300022076
149307759,0.022837057632954155
149307760,0.02179827469935715
149307761,0.02742306961203857
149307762,0.025513816952485127
149307763,0.03745953011457753
149307764,0.04007685058959402
149307916,0.03385183522302484
149307917,0.030501330174720325
149307918,0.03607431639172797
149307919,0.033418818723447034
149307920,0.033860929632340366
149307921,0.034949328928310645
149307922,0.03279084027355596
149307923,0.031706811805480205
149307924,0.03200063712397966
149307925,0.03336111799299212
149309488,0.011578151273561344
149309489,0.012829255522008741
149309490,0.024933800059590654
149292274,0.24468223256055407
149292276,0.026276232887442665
149292277,0.05985539255105695
149292279,0.030517921535330884
149292280,0.04355876802356575
149292281,0.04039531337561871
149292283,0.023779060100559354
149294082,0.062279721605959217
149294083,0.04551242995703888
149294084,0.13919203938574246
149294085,0.024797628115493974
149294086,0.09674757867356285
149294087,0.09061175268313869
149294088,0.06373609900514604
149294090,0.04191781120220451
149294091,0.05207823972339543
149306967,0.1792193984410478
149306968,0.1358710784508672
149306969,0.18529140590319926
149306970,0.14655321014907513
149306971,0.13621827497081387
149306972,0.05350041187878344
149306973,0.03117527308021528
149306974,0.05277831772211565
149306975,0.15422788007591987
149306976,0.15721765848917316
149292639,0.020176614167850517
149292640,0.02632571018012978
149292641,0.02553035277292929
149292642,0.02064162330422467
149292644,0.04313998590859248
149293770,0.016930433336256306
149293771,0.020664434930621773
149293772,0.1310124253079583
149292688,0.03961317045784053
149292690,0.007974175235940175
149292691,0.032492844732880326
149292692,0.02815669744396482
149292693,0.018286701986217374
149292694,0.05181274014148164
149292696,0.03512310557382399
149292697,0.04372744654262184
149291719,0.07407194510261582
149291720,0.07483303166200418
149291722,0.056672631155870144
149291723,0.06793092736269561
149291724,0.06322878254490824
149291726,0.06961448476355533
149291727,0.06748112218424607
149291728,0.07052146955361673
149293381,0.05942531653912267
149293382,0.02874693821242269
149293383,0.03247792870176866
149309108,0.0292122551318647
149309109,0.054355902246964155
149309111,0.029543188733554264
149309112,0.0255624230168431
149309113,0.07145243668991684
149309114,0.0845147148639689
149309115,0.05942102845435679
149309116,0.03353971368156625
149309117,0.04658069420558996
149298994,0.06503509183360803
149298996,0.07644055532535055
149298997,0.08178308901017049
149298998,0.06819235832100629
149299000,0.03862666365502797
149299001,0.10568008552997514
149299002,0.05979200072812797
149299003,0.08530283877595128
149293229,0.0521264864861068
149293231,0.05018142294812992
149293232,0.026945554042100677
149293233,0.04542297911395332
149293235,0.03194210379510521
149293236,0.0501496885281306
149293237,0.023414438789971313
149293238,0.023692499491386725
149292163,0.033645692646885675
149292164,0.03481423953820861
149292165,0.0528359348915261
149292167,0.052155572662784574
149292168,0.04489071217035277
149292169,0.04875580062500431
149292172,0.04143133450991616
149307131,0.021734015480909412
149307132,0.04794148494165377
149307134,0.022813784046508502
149307135,0.03735994200278389
149307136,0.024972689584199657
149307137,0.05687530409528363
149307138,0.047534522949810046
149307139,0.02932736027624132
149307140,0.01808123575091117
149297312,0.00021959938524689605
149297313,0.006008069546336732
149297314,0.005872835200623112
149297315,0.005240895714999678
149297316,0.005251291146872382
149297317,0.0011428525520570708
149297318,0.004385961615057157
149297319,0.003220821738113244
149297320,0.0008413393235709382
149308413,0.12325826067107153
149308417,0.04334696695578895
149308418,0.08054325627157034
149308419,0.02442310305071551
149308420,0.06518147389792323
149308421,0.020634687915292643
149292636,0.027379716646019805
149292475,0.023796212317256104
149292476,0.047961614180473434
149292477,0.01580145775349045
149307474,2.9466114108715704e-05
149307476,0.0030921844027166504
149307477,0.00499306420968514
149307479,0.005106901256757537
149307481,0.06845535489332073
149307482,5.9359285858903435e-05
149307483,0.06167905609997101
149306363,0.02183041389044366
149306364,0.03912395431312848
149306365,0.02524301555350956
149306366,0.017150042930590918
149306367,0.038377191331976215
149306368,0.03883495807915521
149306369,0.032312099427644715
149306370,0.08222342948110344
149306371,0.044805147075571615
149306372,0.02245573640672405
149291450,0.027476890451744493
149291451,0.036268412271524636
149291452,0.0047006243921119
149297625,0.04028915122942528
149297626,0.02143347568889746
149297627,0.013506975485414218
149297628,0.07299442774347999
149297629,0.04522615370401178
149297630,0.06976184908027991
149297631,0.05804604254060186
149297632,0.021561779801424333
149297633,0.020258821861814668
149297634,0.05125985298334674
149297895,0.007913074506041382
149297896,0.03015149761861554
149297897,0.012815745935293584
149297898,0.011692197891397183
149297899,0.012144000116154107
149297900,0.00557311274966747
149297901,0.017724737868098514
149297902,0.009504024974302555
149297903,0.016344349567401287
149297904,0.0248740808006264
149291477,0.0023022973434760675
149291478,0.02251257869621302
149291479,0.013762971773178855
149294154,0.062183599396189476
149294155,0.030180995998563546
149294156,0.06337034308502575
149294157,0.041267190465336716
149294158,0.041431325730733916
149294159,0.03392534536113795
149294160,0.059799478406385775
149294161,0.03622177515147512
149294162,0.04519868578329563
149294163,0.043622739138088826
149308845,0.00915074075077674
149308846,0.006011895630346852
149308847,0.0033548682170096975
149308848,0.010861269988584579
149308849,0.0096254052788855
149308850,0.005265729031993279
149308851,0.013840550991053678
149308852,0.006066704899692223
149308853,0.002745694092423395
149308854,0.015361364591429288
149306825,0.0300938456179917
149306826,0.037225491155027976
149306827,0.045787806565770445
149306828,0.034519211564400874
149306829,0.043349450291736556
149306830,0.031771030295873706
149306831,0.05324079629316429
149306832,0.046809549774962926
149306833,0.05921202114572135
149306834,0.05176653074967392
149293473,0.02546563939355249
149293474,0.021361341061917376
149293475,0.054897913182249056
149293476,0.012558238518150714
149293478,0.04980313463632069
149293479,0.013537523478456855
149293481,0.013706577733733842
149293482,0.014949684623518198
149291965,0.20330593773884198
149291966,0.23039377812102158
149291967,0.15997603095674437
149291968,0.13463524544198333
149291969,0.1997166059465007
149291970,0.17063348834044834
149291971,0.22566734705257888
149291972,0.19654106452762013
149291973,0.22767616654681896
149291974,0.20454461067238813
149291923,0.22256320647348138
149291924,0.21315361246038975
149291925,0.18878913674606124
149291926,0.15142613546923633
149291927,0.20551715323014286
149291928,0.1455490529840762
149291929,0.20654231318965835
149291930,0.14186593377878806
149291931,0.22772443093089179
149291932,0.15553836356602113
149292727,0.07679764865458309
149292728,0.019511169224219103
149292729,0.01787065458531422
149292730,0.04204644935804139
149292731,0.01238187947791014
149292732,0.013758536005713064
149292733,0.037737628354550815
149292734,0.03726624032344935
149292735,0.10269474790371262
149292736,0.035493748148446275
149291709,0.01261287508064617
149291710,0.003791634627803887
149291711,0.003626402556571975
149291712,0.014101649069852508
149291713,0.0142496382466144
149291714,0.01217337795752051
149291715,0.010803565581127321
149291716,0.010780104379184077
149291717,0.00916236286721143
149291718,0.02066654268497287
149291594,0.023037751391767874
149291595,0.009230942519775794
149291596,0.011912671237245747
149291597,0.07460738891389744
149291598,0.009630409771343608
149291599,0.01578477178587953
149291600,0.005876817623615889
149291601,0.023434429773573566
149291602,0.007661855645821372
149291603,0.006752685717369409
149291535,0.0008194164269234574
149291660,0.01868037984274912
149291661,0.017366003674823875
149291662,0.020403094051586725
149291663,0.008275082152818265
149291640,0.004841058661834286
149291641,0.0036784457720296163
149291642,0.007630500857638633
149291643,0.006214094344297256
149291644,0.01452580882501892
149291645,0.005205958629647088
149291646,0.015500048657830527
149291647,0.008992745525467595
149291648,0.006190521259038513
149291649,0.019525722030252504
149293515,0.12074346215530472
149293516,0.013575775084462036
149293517,0.04990809122684004
149293518,0.03525738912390303
149293519,0.024829633715645946
149293520,0.12613257162847225
149293521,0.018568203810210307
149293522,0.0696781382457179
149293523,0.11381467027848534
149293524,0.04088225050008542
149293909,0.07366009974204815
149293910,0.09773241429293217
149293911,0.06755277212630806
149293912,0.31548343766299497
149293913,0.05030952312866664
149293914,0.11031546451611828
149293915,0.05543698879435447
149293916,0.042701621761176686
149293917,0.19830217886751417
149293918,0.1069133923211563
149299420,0.011063683850796624
149299421,0.012457165757072161
149299422,0.011640762857790045
149299423,0.03686830947065539
149299424,0.011182355841924538
149299425,0.01406022673136499
149299426,0.008997021789016313
149299427,0.014839369007547256
149299428,0.013704496723651736
149299429,0.017449366109872303
149292376,0.2654699777497993
149292377,0.07204064193114337
149292378,0.0635626729928958
149292379,0.06507645617530773
149292380,0.06955554322360222
149292383,0.1299158785575728
149292384,0.09613649067668499
149292385,0.15722948629723232
149293737,0.08793258075410323
149293738,0.07717150749641746
149293739,0.07299051130611989
149309595,0.05329332748529483
149309597,0.07897000450142116
149306325,0.1410824636410844
149306326,0.13770408897999625
149306327,0.005329416219271609
149306328,0.0053567725068596255
149306329,0.16971963481728325
149306330,0.17275157724257756
149306333,0.25934963413346296
149306334,0.26026013178558843
149308347,0.0011975617263531605
149308348,0.005762451807337559
149308349,0.006165873977376789
149308350,0.006384577340496708
149308352,0.02764757656074355
149308353,0.006742339945837656
149308354,0.024715847990618545
149308355,0.003421706257398235
149308356,0.006468697961620255
149297414,0.019653810839290773
149297415,0.012355905059250754
149297416,0.011424624471838287
149297417,0.040444924810160744
149297420,0.040887499563931146
149297421,0.014062840566121584
149297423,0.0389749486017587
149299686,0.03853384229955712
149298929,0.0001296070229250012
149298930,0.0001278350220270058
149298931,0.00011381718102686942
149298932,5.4437178830822696e-05
149298935,3.0140839790295456e-05
149298805,0.02105704101061134
149298806,0.021264078059286616
149298808,0.008032861042124402
149298814,0.008704021070380017
149298203,0.0965640366893105
149293776,0.024332511492508237
149293777,0.027782498523326395
149293778,0.0924721083913681
149293779,0.058683019066673274
149293780,0.06776577394096367
149293781,0.011643874863128085
149293782,0.07965559900902726
149293783,0.012459482915925333
149293785,0.046826997739349875
149306248,0.07417790864952845
149306249,0.0824301434375206
149306254,0.08747839310151473
149306255,0.0897557421611146
149306256,0.05080477201120227
149306257,0.024340197635259842
149293806,0.026198888848862772
149293807,0.03507209853153883
149293809,0.025521888204130937
149293810,0.012314713036368927
149293811,0.01548893985700714
149293813,0.01875454399435474
149293814,0.022898161823711197
149293815,0.022423314412008566
149300462,0.021492971900704122
149300463,0.048768510747543854
149300465,0.012743284593330552
149300468,0.04509414338181851
149300469,0.0171993990432239
149300470,0.048340583103339704
149299560,0.003884035967243361
149299561,0.01260561788082529
149291730,0.05311700746074095
149291732,0.03243266882416441
149291733,0.06278000231806706
149291736,0.021831567763670758
149291738,0.0401219767053947
149291739,0.04015732768991751
149308642,0.06520509965641884
149308644,0.030917642136645176
149308645,0.06638130359217013
149308648,0.025489762235394592
149308649,0.043298681212492744
149308650,0.09868772736204832
149308651,0.0279150172774528
149307736,0.03393390746338318
149298523,0.04750457186077634
149298524,0.05759861920916616
149298525,0.1262836247276787
149298526,0.08704572002292156
149298471,0.11030105419242896
149298472,0.10885279526615137
149298877,0.134144728007237
149298877,0.12986507084744192
149298878,0.32206654311355265
149298878,0.22523849468768828
149298879,0.2850454313100334
149298879,0.27992690320015234
149298880,0.16722714703943453
149298880,0.2164372752229545
149300381,0.054656535411329796
149306948,0.15447186060751517
149306949,0.12389495884149947
149306951,0.10704063352613798
149306952,0.14617316300938824
149306953,0.0894215018717006
149306652,0.04688567029859921
149306653,0.0358934843882015
149306654,0.04482132886508734
149306655,0.03273422337852458
149293763,7.553228905328895e-05
149293764,0.022728537941400492
149298418,0.03597168727229206
149298419,0.037163656400870514
149299721,0.11892550990422347
149299722,0.16258342032570788
149299723,0.0899614179386568
149299724,0.07209324386021806
149299729,0.09052520508923764
149299730,0.13454101776410585
149308654,0.09356188223185127
149308655,0.11167515281048086
149308656,0.032394912977207785
149293973,0.03986568892639771
149293974,0.03924269155176635
149293976,0.01278496514730526
149293977,0.03293199985943595
149293978,0.04120006189210496
149293979,0.015672111747715475
149293980,0.023060472086673063
149293981,0.1440554263168796
149293982,0.1563289589936297
149297957,0.0909105086604003
149297958,0.06335334598327133
149306526,0.03724342425986092
149299786,0.07471442701229299
149299787,0.16105696011618095
149299788,0.05142827310791094
149299791,0.16890492455483125
149299793,0.17643619704055388
149299794,0.10946409943338731
149299795,0.06115717644629874
149307904,0.037635797174537876
149299585,0.00782941238484097
149299586,0.020152910813995967
149299587,0.014494466233851575
149299588,0.021228746585418266
149299589,0.017206428989002185
149299590,0.00467427651365757
149299591,0.019588556527560568
149299592,0.011422662896107888
149299593,0.01616907073203154
149299594,0.03832257141464342
149300392,0.015980083872774355
149300397,0.049108315922629986
149299894,0.006221092839044861
149299895,0.014448188692156182
149308782,0.10205943001423035
149308783,0.2218934119175759
149308789,0.3687840712428905
149298936,0.06391774167043232
149298937,0.04662109786886274
149292919,0.08523819986757991
149293155,0.020110058768038598
149293156,0.015491648920931394
149293157,0.021627706298568725
149293158,0.011188738041880045
149293160,0.013166774193334717
149293161,0.016162584677525526
149293163,0.03028320522550057
149293164,0.08235141657451536
149298215,0.010656779895854143
149308423,0.04375546485640165
149308424,0.051276971947107584
149308425,0.03524996469204492
149308426,0.038156027311647224
149308427,0.023115255408759302
149308428,0.027117441428906496
149308429,0.013586644648693589
149308430,0.04809578042928855
149308431,0.04657003644725151
149308432,0.10215116643419411
149307741,0.08152714111222975
149307743,0.03984897952476054
149307744,0.08246025181771799
149306623,0.03702452983989817
149306624,0.02211555347418441
149306626,0.01426477784230581
149306627,0.010626893559221744
149306628,0.04901610121805627
149306629,0.07070423208542259
149306914,0.16036674871843068
149306915,0.12531981450737487
149306916,0.1709308196744025
149306918,0.16117687993996482
149306919,0.12853720839094057
149306920,0.10558015006032076
149306921,0.12821297125706332
149306922,0.1479484187383925
149306923,0.13491132798434846
149309123,0.041779547264691276
149309124,0.046341022455570535
149309125,0.0525541153526292
149309126,0.07112442122499427
149309127,0.22084784504820493
149309128,0.06442292769220535
149309129,0.13026076487793853
149309130,0.06700521780955611
149309131,0.029576683724172898
149309132,0.08102281925216968
149308526,0.05276832705369828
149308528,0.0556055385269449
149308529,0.05668065898441345
149308531,0.06703242577690303
149308532,0.07230882516605346
149308534,0.055885735017614485
149308749,0.053084057883609856
149308750,0.0497123095227099
149308751,0.0554837055864212
149307485,0.0648469886922141
149307486,0.031188418297881132
149307489,0.08411424934289884
149307490,0.12038386745470271
149307491,0.027867950716771568
149307492,0.030263385634196595
149307493,0.1375650809021692
149307494,0.13175464530287598
149308746,0.056221129504062786
149308747,0.02270174659430106
149308748,0.009043097957997301
149299562,0.02132742424274094
149299563,0.10792864141044718
149299565,0.03550584934810412
149299568,0.04576120155221599
149299569,0.048063512514052324
149299571,0.0198148075362302
149306648,0.019780982079897227
149306649,0.02007634632408306
149306650,0.018708004218241685
149306651,0.01610648964688808
149308327,0.018585525617391203
149308328,0.025876804276414554
149308330,0.039362713642225426
149308331,0.026210346071822467
149308332,0.036178234959818055
149308334,0.03750576569447721
149308604,0.03140975136250426
149308622,0.06455562788701873
149308623,0.12758734683178938
149308627,0.05025083359642355
149308660,0.023404940336266663
149308661,0.012132674867596617
149308662,0.01754707886011243
149294092,0.05972855849875575
149294093,0.06711283183159071
149294094,0.06239404169987949
149294095,0.06914689967790551
149294096,0.022260236530994362
149294097,0.015267783683089467
149294098,0.13299594200847703
149294099,0.1531089838873451
149294100,0.14384104834753456
149294101,0.1596611437117866
149294128,0.009568193611678627
149294129,0.03320765127282807
149294130,0.014689690251686477
149294131,0.034054617938545195
149294132,0.04121126822611499
149294133,0.013343704522371484
149294134,0.014126155675701338
149294136,0.015450892831764209
149294137,0.0105535962626707
149293323,0.04606166389647816
149293324,0.10173657806027844
149293325,0.09951431494019065
149293326,0.08120090885608335
149293327,0.07972018942176544
149293328,0.020843165116173814
149293329,0.09185091378239543
149293330,0.0216184092130663
149293331,0.03392028228018654
149293332,0.03164018233305433
149299324,0.056851230034422474
149299325,0.24476080605547212
149299326,0.12155148531844366
149299327,0.051714403263940084
149300588,0.02867341876999558
149300589,0.00627982799913393
149300590,0.014653211066644908
149300592,0.015186458462445141
149300593,0.021572837129128258
149300594,0.015464697592739407
149300595,0.010603330511915515
149300596,0.014742965970405345
149300597,0.04378117095204913
149298068,0.05302423411600408
149298069,0.02590831142496523
149298070,0.009604548075857196
149298071,0.07377038716713444
149298072,0.048087761612368704
149298073,0.07834475794492539
149298074,0.0455957096147034
149298075,0.04434050125514377
149298076,0.014190128775864197
149298077,0.04982117534151543
149294013,0.07754967261553784
149294014,0.03067376459187882
149294016,0.02490358642142639
149294017,0.061050223793403045
149294019,0.032000029647626535
149294020,0.03018581523067332
149292337,0.03599508487785052
149292338,0.06521374354379487
149292339,0.04650017670365345
149292340,0.03775068544334229
149292341,0.043549582539382535
149292342,0.057107314486759486
149292343,0.026782984860759012
149292344,0.03871530120437985
149292345,0.013085508246855929
149292455,0.042431678493975104
149292456,0.08115494589138891
149292457,0.05414046673508071
149292458,0.03649597911481133
149292459,0.037057291522564886
149292460,0.06743247638288946
149292462,0.11179393490521018
149292463,0.03384694096830533
149292464,0.09850509450342348
149308372,0.025519336760909134
149308374,0.1515712393141011
149308376,0.058153089772822276
149308378,0.028617293712010716
149308379,0.05039668871838448
149308380,0.07987542374606388
149308381,0.03047318802612849
149307426,0.01956109411533721
149307427,0.012920990453931207
149307428,0.006348203436965042
149292665,0.03487835263543898
149292666,0.016307663563311006
149292667,0.035237193847558024
149292668,0.016229377762539365
149292669,0.04286618074337538
149292670,0.021652341906299118
149292671,0.06889007471993337
149292672,0.042765092146807696
149292673,0.02352519522902493
149292674,0.06993923085810033
149298631,0.12379168241161663
149298632,0.06136888167076468
149298634,0.06920163773424332
149298635,0.05663334675162719
149298636,0.23657447911257493
149298637,0.07261072460188338
149298638,0.21088219359456725
149298640,0.1153117269777023
149291683,0.016664265497466878
149291684,0.02068815087323975
149300499,0.0986373596149812
149300501,0.05199108222906805
149300502,0.0507368680974677
149300503,0.05203157883556347
149300504,0.04030159708568205
149300505,0.04581507764426793
149300506,0.03978253510157615
149300507,0.04790276285232603
149300508,0.03008550189641282
149292823,0.0291890038892749
149292824,0.040676511567790036
149292825,0.03784034307349147
149292826,0.020961934252574477
149292827,0.041420246960046196
149292828,0.052656150374658144
149292829,0.0628328440632172
149292830,0.0668126833160755
149292831,0.01986926078720886
149292832,0.025842949304791737
149293796,0.10492733702204039
149293797,0.03720243852344044
149293798,0.10025604102654233
149293799,0.10916051375791043
149293801,0.020990249101395537
149293802,0.049563085049200414
149293803,0.033417508715697306
149293805,0.07094086131007224
149299184,5.516911791441342e-05
149293440,0.024563363931181317
149293441,0.01104040009376683
149293442,0.013401011982717995
149293444,0.035404164968474074
149293445,0.037234306041203445
149293446,0.025557799591917497
149293447,0.09419141223698305
149293448,0.021631338044835382
149293449,0.05798117215456281
149299222,0.05870679610306465
149299223,0.05532343642454346
149299918,0.03499634166048388
149299920,0.034577294354813284
149306977,0.11404941719314601
149306978,0.09900049962241488
149306979,0.11678629953715622
149306981,0.07204230606548798
149306982,0.1307259200560441
149300613,1.910448154495149e-05
149300614,0.00012328153087498114
149297818,1.3870328053825318e-05
149297819,3.10804102608473e-05
149297820,0.00010253583979935081
149293826,0.07700147456612999
149293827,0.04701580696867567
149293828,0.047922375873045125
149293829,0.06599938132231219
149293830,0.036225958430189366
149293831,0.06179034342982991
149293832,0.01841356850023639
149293833,0.036646536064233896
149293834,0.020587250309878936
149293835,0.036161897821167695
149298367,0.10995866231464776
149298369,0.16706231251373113
149298371,0.0007946141121054211
149298376,0.10184139129761033
149298919,0.04049397762314541
149298920,0.04961585103216739
149298921,0.05199730175604853
149298924,0.04342681897372276
149298925,0.016260895960494914
149298927,0.017681155569703327
149298928,0.04564879887191504
149298867,0.14001931179097
149298867,0.19590197332382409
149298868,0.22189520755257336
149298868,0.4736475097629384
149298869,0.45470832273245654
149298869,0.16495345601181718
149298870,0.41644456856318846
149298870,0.4692239086682993
149306889,0.0017581581020147186
149299218,5.207475589117062e-05
149299219,8.693940791542061e-06
149298048,0.051791786908361205
149298051,0.050856896479757385
149298052,0.05161526883414124
149298053,0.04348618244963555
149298054,0.05311868758943735
149298055,0.05842525961877478
149298056,0.1103798014495361
149298057,0.10918317070278274
149298118,0.03162278637854114
149298121,0.04942183919536376
149298122,0.003856380873065254
149298123,0.016579763492894355
149292132,0.03295295671437933
149292133,0.05323439675617373
149292134,0.02684059798455513
149292135,0.04633688121248634
149292136,0.047526965379219084
149292137,0.0324625640384521
149292138,0.020874647023452677
149292139,0.02178759511550995
149292140,0.022383223603391962
149292141,0.021890940277666002
149298238,0.13322568551997688
149298239,0.1147163517684555
149299493,0.026200534206154067
149299494,0.029055787332318356
149299495,0.035692475725623556
149299496,0.046255879126104536
149299497,0.16749848159286768
149299499,0.2755252583193269
149299055,0.009211611331437195
149299056,0.008914490807599568
149299058,0.005489791219426503
149308564,0.01141282080360091
149308565,0.021854778673339487
149293219,0.0220665603334883
149293220,0.02838911831786792
149293222,0.028725047966505456
149293223,0.0212734707735215
149293226,0.04892313605069244
149293228,0.036199638782418726
149309050,0.05371239575021095
149309051,0.05757178627623443
149309052,0.057693456125944696
149309053,0.06067718597529251
149309055,0.03433565888728947
149309056,0.03586506424579578
149309057,0.033773826263489105
149308504,0.005560522418149836
149308505,0.006776396359726934
149308506,0.0016944400924784769
149308507,0.005487659608485395
149308508,0.009806576147556331
149308509,0.005665219240732587
149308510,0.013596717536324545
149308511,0.012664016026483154
149308512,0.005229739485712472
149308513,0.00616744027213975
149300546,0.01953126320928326
149292606,0.10472076625272454
149292607,0.1370473393393805
149292608,0.06167363030191582
149292609,0.026866542862111053
149292610,0.0989193918596906
149292611,0.09093943458133003
149292613,0.08446697148866404
149292614,0.0669974418686795
149292615,0.06309872494694929
149293303,0.064496591270995
149293304,0.061455409074527116
149293305,0.04189073898242015
149293306,0.03501093220241375
149293307,0.027782565273304152
149293308,0.03451307244810437
149293309,0.02805632652280363
149293310,0.050536966836165854
149293311,0.16136382203440525
149293312,0.04321798869625711
149291436,0.04861533423031535
149291437,0.02683416702236993
149291438,0.03069607917387448
149307776,0.042186135273623186
149307777,0.018530241460792886
149307778,0.037652990050798814
149307779,0.03525420967444212
149307780,0.03980559315720151
149307781,0.03134050443297677
149307782,0.04442842078734828
149307783,0.05349161083254082
149307784,0.021722685764397846
149307785,0.061626718291456696
149293259,0.0240508362100826
149293260,0.03681478849909878
149293261,0.02799316410240496
149293262,0.02683859918436087
149293263,0.02927287988691309
149293264,0.02791092134416481
149293265,0.014526959542361861
149293266,0.021517049794079403
149293267,0.019494611278920687
149293268,0.033490125221766115
149308796,0.01862120586559274
149308797,0.03254196838167117
149308798,0.017400922979183466
149308799,0.03214652986248414
149308800,0.02959888357217179
149308801,0.021305509550116432
149308802,0.025564724512146995
149308803,0.058804482108801646
149308804,0.09435886351220307
149308805,0.02080613772370883
149309468,0.058099526561318796
149309469,0.0318062594486711
149309470,0.023181989531890986
149309471,0.060460348844585385
149309472,0.04745509212718371
149309474,0.032272349798239494
149309475,0.019750170418664163
149309476,0.019876308660697554
149309477,0.01062048224765086
149308637,0.05105705996040501
149298621,0.1913692225092978
149298622,0.14647776261535447
149298623,0.19127119499804948
149298627,0.13385133110351208
149298628,0.22107533187208095
149298629,0.0584551692869096
149299626,0.005048838465942056
149299627,0.009142545220535338
149299628,0.009123374123065514
149297566,0.05403936073534765
149297567,0.08455169728833928
149299936,0.0270057593260625
149299937,0.023989374459935663
149299938,0.06787084358149673
149299939,0.06525967706217951
149299943,0.04799235341949326
149299944,0.036778910636946355
149299945,0.01051033810263452
149298357,0.016456323509358432
149298358,0.18990714927927835
149298359,0.03467781053289464
149298360,0.27412984230208437
149298361,0.22257981469307983
149298362,0.04628428323905918
149298363,0.06207894262291603
149298364,0.05226985034786571
149298365,0.07343183599773052
149298366,0.04893860964694956
149307748,0.06191821296568189
149307750,0.03301141692613412
149307752,0.07542283946273066
149307753,0.014850340975944672
149307747,0.13684326604925712
149308762,0.035243571314175944
149308763,0.14754032784707152
149308764,0.027330797127108133
149308765,0.05133355123429483
149308766,0.017637417253115625
149308767,0.029681713734534078
149308768,0.03862110121933808
149308769,0.08204226383672669
149308770,0.0528352963739901
149307855,0.18306510916111846
149307857,0.04508935527668059
149307859,0.029085544643523274
149307861,0.01905500227126773
149307862,0.019448623549773156
149307863,0.05900950400396183
149307864,0.027283944952384627
149300226,0.036362654787707414
149300227,0.08660760498560406
149300228,0.031025169931709343
149300229,0.06263818555253307
149300230,0.0534737151111736
149300231,0.020307308756232885
149300232,0.10175642889277504
149300233,0.06269936256633821
149300234,0.03457591235467317
149300235,0.053744380281850905
149297728,0.08841739069979851
149293054,0.030749727200591492
149299926,0.01769377228499188
149299927,0.04446415315407
149299928,0.027134799409166546
149299929,0.031635031623035874
149299930,0.050543891408267434
149299931,0.0388827911104257
149299932,0.03700008163742006
149299933,0.025855256723738066
149299935,0.018278476650659133
149291913,0.05600616483108754
149291914,0.016895312247143496
149291915,0.019301670353208063
149291916,0.10814904237809411
149291917,0.01942212486137325
149291918,0.051647113037177644
149291920,0.030253995891706464
149291921,0.01527099561772838
149291922,0.020015760482184855
149291750,0.0426675882953598
149291751,0.028624210149529927
149291752,0.057129484920783
149291753,0.04003991522871929
149291754,0.054781395912273996
149291755,0.018312020482084548
149291756,0.0316818305835587
149291757,0.07856387089180743
149291758,0.04235086818118955
149291759,0.019813249916177826
149300548,0.034556480749810874
149300551,0.03415203378347736
149300552,0.04422350277064529
149300553,0.03132485219123168
149300555,0.02695679543327578
149300556,0.026611977255260797
149300196,0.14304545327466375
149300198,0.04670978437396116
149300200,0.018867306345004282
149300201,0.10117962325146206
149300202,0.036702794669441895
149300203,0.1228386757121541
149300204,0.042376740374335
149300205,0.08078818607042003
149309305,0.04249280548628621
149309306,0.021894601422632602
149309307,0.0312727963746274
149309308,0.022058585795105563
149309309,0.03222791922667667
149309310,0.05373286419338061
149309312,0.010935229497021626
149309313,0.029299907344841208
149309314,0.017289814779014718
149300563,0.08647065270195071
149300564,0.08677666461375587
149300565,0.03994969716758459
149300566,0.040052252762758554
149300567,0.11762691865084596
149300568,0.08935568753609671
149300569,0.12162835443996474
149300571,0.08361780427199784
149300572,0.07841929315480557
149298661,0.08788603143688842
149298662,0.10459698339440149
149298663,0.05230403895898076
149298664,0.05403818678683406
149298665,0.06462935696031695
149298666,0.0613663945390348
149298667,0.12835823133733196
149298668,0.2120966784805111
149298670,0.17760437499646256
149309478,0.009890576158393479
149309480,0.05508821197407663
149309481,0.0036527793473486343
149309482,0.01960601744593173
149309484,0.01186189802552909
149309485,0.008630033728518265
149309486,0.009471560707956829
149309487,0.05729378050702897
149292576,0.044754806494297555
149292577,0.03662314765430424
149292578,0.07181594663694717
149292579,0.06524933592449658
149292580,0.06335391826867405
149292581,0.07477315667348967
149292582,0.050267798976836885
149292583,0.06215661970859495
149292584,0.09428675417347927
149292585,0.06419370636312753
149297619,0.04860166268060491
149297621,0.0355308368050794
149297622,0.029792987949489674
149297623,0.023777010934832827
149297356,0.04838213655217351
149297357,0.02855547230972525
149297358,0.018112257148990455
149297360,0.03387794020098191
149307294,0.001247765537456007
149307295,0.004161260862544417
149307296,0.0035646835919590724
149307297,0.002973439758184395
149307298,0.003000333974489705
149307299,0.004589376265803605
149307300,0.0017982144112302493
149307301,0.0032416588957085335
149307302,0.00596791263394833
149307303,0.0021225616351288313
149293333,0.037158984657922896
149293334,0.0721575352723934
149293335,0.09307155381016062
149293336,0.03661527705007308
149293337,0.028679838043515583
149293338,0.0481392948312727
149293339,0.048465058479522656
149293341,0.05891494633102452
149293342,0.03716421186092507
149294049,0.16728499950031095
149294050,0.11271001354621289
149294051,0.1036552687538053
149294052,0.08762416361298435
149294053,0.13818927093526995
149294054,0.15174651354000793
149294055,0.12702960158752266
149294056,0.15765334822883117
149294057,0.1558589922423624
149294058,0.19520831756932613
149292327,0.006810384356728685
149292328,0.005068153423875055
149292329,0.002371573759117894
149292330,0.007159696084018407
149292331,0.0022623047806546834
149292332,0.005082178497884692
149292333,0.0030154630517886154
149292334,0.009723617312308891
149292335,0.010455339160790602
149292336,0.01025177404875864
149293046,0.014544754773091013
149293047,0.012284687188882999
149293048,0.0167412639213687
149293049,0.022940367154518564
149293050,0.01075252279108912
149300608,0.14695262363206613
149300609,0.03636522198869586
149307348,0.008719855645404544
149307349,0.00616603790318264
149307350,0.00723901888994558
149307351,0.008890797650959868
149307354,0.007688644956998069
149307355,0.0052159971214640315
149307356,0.00499102434375148
149307357,0.0029364324869819683
149299180,2.8797935570261882e-05
149299181,0.00012878496184866005
149299182,0.010897317009596341
149299183,0.030450749310302436
149297727,0.2549268855657994
149298510,9.275998412884587e-06
149298511,3.626911144175499e-05
149298512,2.4353776747863944e-05
149307066,0.030830475942382692
149307067,0.01411959497832676
149307068,0.015037332986776984
149307069,0.028850410758031905
149307070,0.03444587510651995
149307071,0.03763087859737578
149307073,0.027413272911649276
149307075,0.027121867485762605
149299330,0.07593406343962843
149299332,0.06156868479740238
149297776,0.017202221176571032
149297777,0.015555287398251657
149306908,0.05906170985022454
149306909,0.05968809897875603
149306910,0.05071886919817532
149306911,0.02026145332542424
149300418,0.05572208288933487
149300419,0.07408797402584513
149299575,0.02235941960354119
149299577,0.0066167219521135225
149306339,0.0020030862423480278
149306340,0.0020985065235840524
149306343,0.0002219181963817276
149306344,0.0032052757395300614
149306348,0.0034323717363302806
149297701,0.009235186342093383
149306954,0.031553283915267946
149306955,0.023099038393364465
149306956,0.031228876050627866
149298537,0.058452940900552294
149298541,0.11301121878519116
149298542,0.04846706395364369
149298543,0.12065241759053501
149298545,0.06704882554468142
149298736,0.08060628464140308
149298736,0.17073245721327115
149298737,0.24942008001840685
149298737,0.3859451979223527
149298739,0.43803177860753323
149298739,0.381855090148781
149298740,0.3290322150968595
149298740,0.2558261690955423
149297655,0.07758021362565366
149297660,0.07531898215842632
149297661,0.061492731469886215
149297663,0.22747450861092147
149297664,0.10007831617525677
149308525,0.023595125942228
149308530,0.02460302849876247
149308533,0.025472132189926194
149308583,0.017711963987817745
149308590,0.021061692899280657
149308591,0.03398170262198148
149308593,0.0335884699365853
149308596,0.03167906932292771
149308599,0.03167936687160434
149308723,0.030616195461841807
149299344,0.008454756057822387
149298199,5.160619559804072e-05
149298200,0.00021026965081557023
149299207,0.012037670654970169
149299208,0.01322183737270381
149297665,0.050812245998668834
149297668,0.04911276253752045
149297670,0.10892148140735407
149297672,0.08006623838664687
149297674,0.06580450334078085
149299081,0.05050154945700003
149299082,0.03724200051800539
149299083,0.03213616779494183
149299084,0.049398685652904034
149299085,0.034869225412083316
149299086,0.0343703214715264
149299087,0.03689573148295007
149299088,0.04302923101043496
149298838,0.08615483577706567
149298838,0.2456677361561398
149298841,0.2741163950639451
149298841,0.1858231132011124
149298842,0.2942222977505002
149309177,0.021264279035420015
149309178,0.02217358128678599
149309180,0.028347577747846308
149309182,0.026407091677757715
149309183,0.018889280117188656
149309184,0.02656735931852237
149309185,0.028483721701102676
149309186,0.027568454363741453
149293846,0.019851645089837403
149293847,0.039630208713454615
149293848,0.049297438049167544
149293850,0.019235515816473373
149293852,0.036355362184147096
149293853,0.09237236297615178
149293854,0.03521341749391733
149293855,0.06175634505307974
149309640,0.051660438018715574
149309641,0.05253389234479422
149309643,0.04217417861202065
149309644,0.0681530652022429
149309645,0.041489155460366585
149309646,0.030549293720175296
149309647,0.04741370377753858
149309648,0.026209477906106497
149309649,0.03754834041351515
149298378,0.06925338255664515
149298379,0.33727304609433656
149298380,0.11678169630202742
149298382,0.10880715017864433
149298383,0.13930343497846032
149298384,0.13886753441197494
149298385,0.12852736244737412
149298386,0.26587098802364806
149298387,0.1155894990580497
149299117,0.0177667791805471
149299118,0.01818586274585095
149299121,0.019046635497306032
149299122,0.0290657590961562
149299123,0.031907707444447604
149299124,0.014911511443791749
149298216,0.12024198064392784
149298217,0.2331183540674439
149298218,0.09833496059573782
149298219,0.09168460353412443
149298220,0.05335733414157567
149298221,0.1466146915880168
149298222,0.1018687745951046
149298223,0.09781483068744688
149298224,0.07924103720940563
149298225,0.07108642225105978
149298847,0.1764793175018528
149298847,0.35198268548962064
149298848,0.2696835976089048
149298848,0.235368569969941
149298849,0.19275326236063925
149298849,0.2856312957446399
149298697,0.22447094648431884
149298697,0.24950162795629544
149298699,0.2626158916173241
149298699,0.3920008917764152
149298701,0.2286177318334165
149298701,0.4843868369450059
149298702,0.31281284556500166
149307883,0.040488363441812884
149299668,0.04575000001146091
149299669,0.06993057856650069
149299670,0.05096591357652722
149299671,0.05094262203385208
149299672,0.01317887290831028
149299673,0.03461489073229437
149299674,0.04378818802668944
149299675,0.023147351712944644
149299676,0.022006382511273848
149299677,0.07453477558752901
149299680,0.25255453462714694
149299681,0.09089039627800004
149299682,0.10595153310299159
149299684,0.16265175913392274
149298439,0.05063596148731196
149298443,0.05613858719790011
149298445,0.06821842770454599
149298446,0.1271493859862127
149298447,0.03533851447347382
149298448,0.0439244454901585
149306278,0.007719092442152724
149306279,0.009537751300674085
149306280,0.010807663086605641
149306281,0.010891416174448117
149306282,0.015538054044030318
149306283,0.024754426715225156
149306284,0.025641432718438915
149306285,0.008584877290799618
149306286,0.005208751568829978
149306287,0.006376969968922254
149297885,0.03452303546694673
149297886,0.024978910403666028
149297887,0.027754815801200518
149297888,0.040322795369309467
149297889,0.03735885041112668
149297890,0.019126803861190783
149297892,0.04214777457192384
149297893,0.03114802279008959
149297894,0.024642585764304472
149298825,0.023636564427017743
149298828,0.024044186057826246
149298829,0.02192553330365074
149298830,0.02214280851027377
149298831,0.03278979249502137
149298832,0.026906489621946666
149298833,0.05544830829945038
149298179,0.06746606892477622
149298180,0.02411610961573754
149298181,0.011286446271499433
149298182,0.029792332065758802
149298183,0.039265328630804494
149298185,0.02541528138996632
149298186,0.025968319247538667
149298187,0.03144646594412616
149298188,0.06019478069936399
149308160,0.04455621528610581
149308161,0.12128424732116544
149308162,0.07788582952127003
149308164,0.0514571554976921
149308165,0.07621072581063426
149308166,0.046181034401812114
149308167,0.15727094070029962
149308168,0.09880942750506325
149308169,0.12660228314744512
149306288,0.02261620931627058
149306289,0.043010753087423664
149306290,0.02098877014080133
149306291,0.04208834197520539
149306292,0.025302663501023552
149306293,0.02135214661735201
149306294,0.026781561707183477
149306295,0.04755105692667192
149306296,0.016336140930192
149306297,0.01621180093648339
149300186,0.05283102449807403
149300187,0.05265007192908779
149300188,0.051066884534778326
149300189,0.04695009976640961
149300190,0.05166736508529338
149300191,0.05523606211757424
149300192,0.04682073597068287
149300193,0.05181062976147185
149300194,0.04527068476917383
149300195,0.0539192797223354
149298388,0.08776649488525178
149298389,0.09017121252524515
149298390,0.0687944285070218
149298391,0.07454975204344534
149298392,0.039416001923719295
149298393,0.06573726183659893
149298394,0.0753278179644698
149298395,0.06806268150639443
149298396,0.051257543569754406
149298397,0.08579725444377378
149297685,0.05881855848220975
149297686,0.03279070878045218
149297688,0.11810661590492241
149297690,0.08634483769151231
149297692,0.043839740892449616
149297693,0.05308433535675094
149297694,0.04656489353580563
149299294,0.0049591176673109034
149299296,0.022453548463659972
149299298,0.011944491273480375
149299299,0.029250883737380478
149299300,0.015291869243784798
149299301,0.05783913000472862
149299302,0.0039925812369576265
149299303,0.006164591192446361
149307270,0.018112300346698983
149307274,0.025307713484397084
149307276,0.01574229796061567
149307278,0.02609152701282713
149307279,0.26425708543273263
149300206,0.07077760289727583
149300208,0.056095126069532715
149300210,0.0741872397044303
149300211,0.03638426455705738
149300212,0.091766373907477
149300213,0.05534946473487695
149300214,0.030202254138591424
149300215,0.028253734426867974
149299304,0.018843130006288795
149299306,0.03279474014164605
149299307,0.027352339616592534
149299308,0.03959151968936505
149299309,0.024469446195434463
149299310,0.06076949424176687
149299311,0.06681213820556028
149299312,0.03450493687191673
149306613,0.09111725560029088
149306614,0.08162351773163255
149306615,0.008130235075848253
149306616,0.050287265660545394
149306617,0.01675964400932759
149306618,0.034722763351424886
149306619,0.02076421174062071
149306620,0.027604106467090002
149306621,0.03076807045876521
149306622,0.015075600677974692
149307161,0.04280545001964963
149307164,0.047721858014092865
149307166,0.16523828549160724
149307167,0.05959025714937727
149307168,0.024582973697174198
149307169,0.05194880155357801
149307170,0.013545787415695352
149309820,0.02506462332468378
149309821,0.04367704126575015
149309822,0.06184721234357712
149309823,0.03402229782603687
149309824,0.010588974115816076
149309825,0.027284093050591054
149309826,0.052142759253228206
149309827,0.02886770584130023
149309828,0.1115154209582378
149309829,0.029670224213349958
149293293,0.04511180211132508
149293294,0.02843011785040648
149293295,0.016567275764918604
149293296,0.010319087056376509
149293297,0.04299417208279596
149293298,0.02896938818548069
149293300,0.015493350327188805
149293301,0.06790550637223026
149293302,0.0212448284338421
149292347,0.05342243372832188
149292349,0.04577695524371801
149292351,0.1101908866736723
149292352,0.03655705208982258
149292353,0.040397985464822754
149292354,0.026912743968969564
149292355,0.022952322494349007
149292356,0.023343905947430275
149293766,0.04061004815578365
149292512,0.024417526890391204
149292513,0.01761680979100144
149292514,0.08118330274213278
149292515,0.052878465679215884
149292516,0.029498749888213056
149292517,0.0698895781423062
149292518,0.03751451192814506
149292519,0.08492502922118728
149292520,0.03565891158236447
149292521,0.02830250582982169
149300166,0.08810106225923717
149300167,0.060253144970665626
149300168,0.07692998948478892
149300169,0.05830965307174725
149300170,0.05452071959752664
149300171,0.10099202586959127
149300172,0.0365394042457966
149300173,0.0809963124935698
149300174,0.08099353333775547
149300175,0.05229245761039362
149293619,0.12252875527097254
149293620,0.03904906937084582
149293621,0.013113214964161065
149293622,0.035079050472267795
149293623,0.037514770523330805
149293624,0.0255584222138322
149293625,0.0882287467220116
149293626,0.03723431481020066
149293627,0.030047234181406552
149293628,0.018341628861259625
149294324,0.07058589199284666
149294325,0.03798118684558409
149294326,0.1676889418986296
149294327,0.08043232834560571
149294328,0.11725887330666689
149294329,0.10183062570115411
149294330,0.0837172240811721
149294331,0.049729586800751485
149294332,0.07923805018559339
149294333,0.1215088165881555
149299630,2.976187151052096e-05
149298032,0.05703043824515623
149298034,0.05106356658907614
149298035,0.05706382800529503
149298036,0.05260448340693658
149308270,0.021037940873548426
149308279,0.0226152995581368
149300627,0.12988208121922773
149300628,0.1163451886309197
149300629,0.1173295763454479
149298970,0.062009994023356836
149298971,0.06099431038358044
149300639,0.0009907542803601454
149300640,0.0014771174512306926
149300641,0.0018882888551642106
149308521,0.09601236771825919
149308664,0.1298246953014497
149308666,0.021252925897724328
149308669,0.04332315504669605
149298125,0.06713227780764083
149307648,0.007766172590932006
149307649,0.00783140214019047
149308732,0.04273448450945592
149308733,0.04222544176826227
149293786,0.11272969766173666
149293787,0.098163338328267
149293788,0.06650557864164344
149293789,0.03479700138670123
149293790,0.11128946873482105
149293791,0.029686310897150223
149293792,0.05200349552608756
149293793,0.05914301046872631
149293794,0.10977165564373674
149300018,0.00980583993451409
149300020,0.008611421336732001
149300022,0.008504732638893614
149300023,0.009370926756960194
149300024,0.028209959515412376
149300025,0.029289425181310703
149300026,0.02100550403107038
149300027,0.027284501902901655
149309620,0.02255809760119327
149309621,0.10101988743720654
149309622,0.02745775262423795
149309626,0.04155296479568611
149309627,0.04165779650374098
149309628,0.03678708265699447
149306638,0.026304136999464416
149306639,0.050494968121764836
149306640,0.03870955443298109
149306641,0.02084321730330511
149306642,0.0519852683298729
149306643,0.02536638091253099
149306644,0.02359929957261247
149306645,0.04868789358667288
149300630,0.029269694054458072
149300632,0.039546648786450145
149300635,0.052446874267762025
149300638,0.034740756415996596
149309441,0.06565393043051808
149309442,0.044391678160090785
149292087,0.0574910264194737
149292088,0.022046159887269188
149292089,0.032937463362605744
149292092,0.018288153000242793
149292093,0.019991471253015917
149292094,0.05476018710703098
149292095,0.04761750160459833
149299896,0.033587810605412424
149298100,0.016868379096915527
149298101,0.018642536387936767
149298102,0.033276647304568335
149298103,0.033989911104205205
149298104,0.0044148542769052515
149298105,0.0039303877001381
149298106,0.011651353877136367
149298107,0.010502027449793824
149298108,0.045850889419976185
149298109,0.04574172511420808
149298296,0.048557575743760385
149298297,0.04711136541880857
149298298,0.06027868013478685
149298299,0.060762456032128036
149298300,0.049141411249924626
149298301,0.05239336364136693
149298302,0.06754485471169393
149298303,0.06612038202913503
149298304,0.07495061554233208
149298305,0.07103642257360752
149308232,0.003686321739607188
149308233,0.007938252849489704
149308234,0.0038343625715634958
149308235,0.007740599666393603
149308237,0.024311083971619966
149308239,0.030566896309475546
149297915,0.16742217761793404
149297916,0.1602056531944741
149297919,0.20100176976068937
149297920,0.2085914595026261
149299711,0.1630829231491868
149299714,0.21859912507505203
149299719,0.059915380917350415
149298752,0.17758496876969945
149298753,0.18136315935454306
149298754,0.17859103823966346
149298755,0.18077711230904528
149298756,0.20341775113629235
149298757,0.20312176239330093
149299196,0.16015568636492347
149299197,0.12097845166681803
149299202,0.15840824168727008
149299203,0.09395105188969953
149299205,0.1426038711793543
149309118,0.05030158280591216
149309119,0.018796123777803746
149309120,0.017417825614356005
149309121,0.02367519977914277
149309122,0.030361774810494978
149308641,0.1584186299354198
149291793,0.12615400723043985
149291794,0.10406970216651523
149291795,0.12291598357577928
149291796,0.16357838338557606
149291797,0.09592553762184886
149291798,0.08943881823698825
149291799,0.13467937517219944
149291800,0.0388647097727968
149291801,0.0739475528566743
149309006,0.022518066818107765
149309007,0.021064978261159224
149309009,0.029457523242931494
149309012,0.021232807059814146
149309014,0.03084581972716723
149309015,0.02990021808469483
149306924,0.012986616697727209
149306925,0.020188383815956494
149306927,0.010562955471359752
149306928,0.021975530584712362
149306929,0.026570908591001797
149306930,0.019190975620772883
149306932,0.022624870863423827
149306933,0.011332506759953545
149298329,0.12476784198625179
149298330,0.151682855403508
149298331,0.14764207258728046
149298332,0.1929795909543775
149298333,0.13251677527752964
149298334,0.1684188190685298
149298335,0.02576682459116853
149298336,0.08308858762894775
149298337,0.11785914444598346
149298338,0.04726304379298702
149300058,0.008722637497845024
149300059,0.008782269094994024
149300060,0.01029673910291922
149300061,0.012348815300774828
149300062,0.020148948531470336
149300063,0.004975872074821671
149300064,0.03495168409035714
149300065,0.009947811946651354
149300066,0.018329871547510836
149300067,0.011373736564418155
149307979,0.21960127788421704
149307980,0.22697888875655678
149307981,0.05019887739437785
149307982,0.04686811500389246
149307983,0.05758742256146661
149307984,0.09410415511367165
149307985,0.0426631327929626
149307986,0.05961603574964275
149307987,0.029352890247885358
149307988,0.038542328175099554
149297645,0.0882010226430258
149297649,0.09866534834917938
149297654,0.09900923228257884
149308966,0.15263782706741771
149308968,0.2594168880888601
149308969,0.14863676931093808
149308970,0.10367588719065765
149308971,0.045340874383313794
149308973,0.20775637910640082
149308974,0.049743510516722024
149293004,0.13371351764557596
149293005,0.023973916906987486
149293006,0.028328992635122414
149293007,0.02849730504566351
149293008,0.025935979374050955
149293009,0.027878278645702054
149293010,0.07136166499300177
149293011,0.042898293026584246
149293012,0.09478815790515495
149293013,0.02265612306435543
149291697,0.013643443903604847
149291698,0.014243468063303757
149291699,0.013736408669286949
149291700,0.03302187325084075
149291701,0.019267441730366562
149298343,0.05875788476090133
149298344,0.051881723503316664
149298345,0.06318651947010584
149298346,0.06468280907382651
149298347,0.04942297485422275
149298348,0.062920309037839
149298349,0.05240213796003845
149298350,0.04057857712519805
149298351,0.05797138004876925
149298352,0.06359502156628644
149297439,0.07711493150183926
149297441,0.0903966584453039
149297442,0.0910480078261606
149297447,0.09681916098054746
149307657,0.05806991685215062
149307658,0.06648687983221155
149307659,0.05751865262598283
149307660,0.0693037145120326
149308624,0.05342217074160737
149308626,0.039293238514705425
149308638,0.06092287359619341
149308639,0.04993002191035203
149308640,0.050930734219487656
149308646,0.043782823328902196
149308647,0.05422683953039426
149308653,0.034748984000628924
149307978,0.07150060650042019
149309404,0.04157450354021027
149309405,0.07737909988227333
149309408,0.05288232589783709
149309409,0.027209982867106568
149309410,0.11889872523374476
149309412,0.018544836538639125
149306863,0.032874998785328735
149306864,0.026908644789578336
149306865,0.04077236217220216
149306866,0.041876424685313045
149306867,0.052390183897168756
149306868,0.04326915158084432
149306869,0.03257918552104757
149306870,0.03386738373655452
149306871,0.031033832474714387
149306872,0.03207115413893155
149309725,0.03155844838960957
149309726,0.034150901646366014
149309727,0.030661802765485816
149299144,0.025044780149888264
149299145,0.022335649076824126
149299146,0.022998485614110675
149299147,0.02201074283023535
149299148,0.03378890259943235
149299149,0.018558003509532257
149299150,0.018936478426037386
149299151,0.02273697542208558
149299152,0.021353987958054564
149299153,0.025080133648580537
149300216,0.048986170740241836
149300217,0.07965892331699288
149300219,0.09519673425373201
149300221,0.06615157010852894
149300222,0.029190495448858482
149300223,0.05134240196322438
149300224,0.02960005546560967
149300225,0.05342796211935424
149308752,0.01466251848737201
149308753,0.014009800335649823
149308755,0.029694661462069713
149308756,0.023974430399873167
149308757,0.0181605885479981
149308758,0.014083728792963313
149308759,0.014190504289372751
149308760,0.026200387041770898
149308761,0.02727076402001203
149299690,0.015166663731899989
149299691,0.016153874952783077
149299692,0.02699460387099959
149299693,0.019456660144554164
149299694,0.01726161443708145
149299695,0.0156875533209941
149299696,0.013466425935216634
149299697,0.016626292821309084
149299698,0.026753359800496396
149299699,0.016615301833397992
149297535,0.03955258675591801
149297536,0.010936721532840959
149297538,0.15907792779899294
149297539,0.041273519194110014
149297540,0.020808143584843928
149297541,0.045271686260893965
149297542,0.0454379065671437
149297543,0.032900973607133364
149297544,0.10892758994532581
149309091,0.0013237086288020517
149309092,0.003514306706181415
149309093,0.004317522837464223
149309094,0.0024647732205186016
149309095,0.0070669570562449015
149309096,0.008095933549778276
149309097,0.0030076452087017583
149309098,0.014206933270594512
149309099,0.0024051777902643597
149309100,0.0033025771808834273
149294334,0.035141096131084876
149294335,0.009616246846707865
149294336,0.053081989913645024
149294337,0.018781792367751175
149294338,0.1382928990170087
149294339,0.08547146835122547
149294340,0.2620070982140195
149294341,0.09812839068544534
149294342,0.06499896845930211
149294343,0.1062435338317822
149307593,0.021375884620600166
149307594,0.025149043354120833
149307595,0.020410633016729997
149307596,0.024422800302466827
149307597,0.012012738999346002
149307598,0.012938295432752487
149307599,0.012016261156550218
149307600,0.013047615200484792
149299631,0.02557971962163912
149298916,0.08516701907950679
149298917,0.08680457536145024
149298918,0.0802984988482984
149300088,0.092700561464391
149300089,0.0861415323104291
149300090,0.0019761452323040895
149300091,0.17367827177607048
149298915,0.02176230730690038
149309724,0.007080809828846125
149298785,0.054835644382339684
149298791,0.053851119398079836
149298792,0.039179930654457816
149298794,0.05063906896627086
149298207,6.648154702914407e-05
149298211,0.0003200554366149039
149300004,0.02424285924660894
149300005,0.025163481082782317
149300010,0.018744826841333096
149300011,0.018367345544354183
149300012,0.02109156454398961
149300013,0.020631113859073947
149308222,0.010757936839643741
149308224,0.010818101513498378
149308226,0.009203441823813586
149308229,0.005997142316575071
149308230,0.03082271350271659
149308231,0.030263432728498706
149299061,0.00389912789723326
149299062,0.004631839439837624
149299066,0.004419098713026929
149299067,0.0049298773716712
149299069,0.004253905043104199
149299070,0.0037983613929162456
149298601,0.0749981937216168
149298602,0.07349365832799398
149298603,0.12438107085972297
149298604,0.12906497106468576
149297556,0.022165005334988178
149297558,0.014664857450371705
149297559,0.014914295794051742
149297560,0.013086839812442103
149297561,0.00806947000602239
149297562,0.012400487005255277
149297563,0.013877568026027704
149297564,0.04065102557157289
149297565,0.025221814762099636
149306228,0.009398096474526023
149306230,0.007905903634987721
149306231,0.006984324470143695
149306234,0.010182963771500773
149306235,0.009137415765501374
149298459,0.017700708724638154
149298460,0.0164501934857267
149298461,0.05525828058889758
149298462,0.06118766301333943
149298463,0.05575283291148303
149298464,0.030918807441002793
149298465,0.058839473170585306
149298466,0.03139862819058614
149298467,0.03510814495016881
149298468,0.0353330759078054
149307308,0.07940461054549539
149307311,0.003074616024067999
149307312,0.08402289074036103
149307314,0.005545079778641139
149306335,0.09632614404921543
149306336,0.07670133118420812
149306337,0.1863599949468005
149306338,0.1749571684600102
149309650,0.022828845164700157
149309652,0.05227809590425737
149309653,0.06519185887080099
149309654,0.025674656654967896
149309655,0.15439720444035732
149309657,0.07473437401221239
149309658,0.0762917221840758
149309659,0.04061220677252832
149307714,0.12146027128159813
149307715,0.10227997878156399
149307716,0.1011477849821489
149307717,0.1119723311586283
149307718,0.14989970714881554
149307719,0.10464864988971156
149307720,0.051588517670271956
149307722,0.06178001665669656
149308206,0.16128806239226984
149308207,0.17413291224233388
149308208,0.16211039433834637
149308209,0.17569237551673186
149308210,0.1950006586704727
149308211,0.19430662010714728
149306998,0.09520039385373917
149307001,0.06154150068523206
149307003,0.14480640882801335
149307006,0.09320182686620224
149307007,0.10697417559923474
149309147,0.06251439061773237
149309148,0.10149891360685473
149309149,0.09001672127904313
149309150,0.055251672416612295
149309151,0.020666873549288353
149309152,0.1187350061224402
149309153,0.06296485285133518
149309154,0.0599176206582177
149308721,0.00445007220584249
149308725,0.011409830790619975
149308727,0.009272770763044488
149308729,0.007082128394292511
149308730,0.009423131867570706
149308731,0.005448873036799487
149297469,0.006881535289687533
149297471,0.015838090763081753
149297472,0.015082616715615178
149297473,0.010369168337839635
149297475,0.022328673548424608
149297476,0.023543335438405134
149297477,0.025239415668897255
149293856,0.1786551264204034
149293857,0.06195194296618222
149293858,0.05888657277582413
149300236,0.046425262411589084
149300237,0.04569935336217556
149300238,0.053802052766955086
149300239,0.030557608560928397
149300240,0.04443649949815204
149300241,0.027778332408562596
149300242,0.04414421041589905
149300243,0.04970727469925335
149300244,0.055856625093309485
149300245,0.052034787463458874
149291783,0.03555861350778473
149291784,0.027536330312691617
149291786,0.03753553436481522
149291788,0.07276055038265161
149291789,0.01774564939016223
149291790,0.018983781929426364
149291791,0.022368149994178632
149291792,0.032344923428399244
149308903,0.02569609194362408
149308905,0.021117305184948327
149308906,0.04566951639885806
149308907,0.0648433070096032
149308908,0.025192346332513427
149308909,0.04043631489225707
149308910,0.03414833910799656
149308911,0.03199098069794863
149299134,0.023772287285390277
149299135,0.03376727767804574
149299136,0.006891252239112623
149299137,0.024175169144259406
149299138,0.024778731872239914
149299139,0.030109418829263594
149299141,0.031745377180252866
149299142,0.026846814753156093
149299143,0.07906864722597479
149309739,0.02626255474869292
149309740,0.015746476023477587
149309741,0.03305677643941905
149309742,0.02093479011445346
149309743,0.012635637890588546
149309744,0.008534130159815093
149309745,0.020094696723819278
149309746,0.01006375059314075
149309747,0.034594122519656996
149309748,0.005125691122672543
149306516,0.0682357313904033
149306517,0.0693990401429929
149306518,0.06966572164184386
149306519,0.028057656306595728
149306520,0.02125280090586608
149306521,0.064037604653398
149306522,0.03545112354309406
149306523,0.08687772222015452
149306524,0.07735269987609233
149306525,0.026834286916431
149308027,0.06035206619483032
149308029,0.07187234187701003
149308030,0.05574226254033722
149308031,0.054429810306189735
149308032,0.06321158351229264
149308033,0.06392729020165448
149308036,0.08111466596388718
149309679,0.027398401009981945
149309680,0.052850430242164424
149309681,0.053500536126893684
149309683,0.040916840415573065
149309684,0.03985484149798548
149309685,0.06755851265323061
149309686,0.020260527961876964
149309687,0.04613861106021535
149309688,0.012922743240836518
149309060,0.08212834695273773
149309061,0.04491999054983759
149309062,0.031757326811934834
149309063,0.07012942463234637
149309064,0.08525776934748394
149309065,0.11421442946314435
149309066,0.07381152426594527
149309067,0.10859498393198459
149309069,0.06719859524273815
149298815,0.024781789765219487
149298816,0.08050311936663458
149298817,0.03952180749959386
149298818,0.05969609787297608
149298819,0.10484091480946177
149298820,0.04158927057363282
149298821,0.05459986253826678
149298822,0.05217259319128964
149298823,0.031005260683573295
149298824,0.08740447558288293
149293649,0.08801426544073104
149293650,0.0802408829596156
149293651,0.03084964807603605
149293652,0.054063122339501134
149293653,0.05364747262124871
149293654,0.05303491537248489
149293655,0.10959671793397377
149293656,0.04467783820315476
149293657,0.02696531786243114
149293658,0.06751546104357434
149300573,0.027604194733230183
149300574,0.025018455517262554
149300575,0.029100317360130735
149300576,0.287118824416058
149293956,0.023220460092888237
149293957,0.021812572206752125
149293958,0.01708387434979076
149293959,0.026629124490428036
149293960,0.018680838192836467
149293961,0.011388476816479016
149293962,0.028223546710533634
149293963,0.014155619640002644
149293964,0.03156198593666021
149293965,0.006390226392689253
149300080,0.1263510242609187
149300083,0.1243131014190394
149300086,0.0016006032761338765
149299240,0.049997256871945644
149299241,0.0459049158422956
149299242,0.047685083373832385
149309689,0.023436686174135374
149309690,0.03290982582707931
149309691,0.04685273901469019
149309692,0.04704702791965716
149309693,0.027954436453187043
149309694,0.03673113586918804
149309695,0.007626079066317416
149309696,0.008523815208202931
149309697,0.022349735530446523
149309698,0.03087087113451889
149309831,0.011191266428881685
149309832,0.07464700642994189
149309833,0.022023725679626436
149309834,0.06566061799845359
149309837,0.08360803631087671
149309839,0.020898957981862802
149308482,0.05063112873134716
149308483,0.028383219304889476
149308484,0.02953189938413236
149299229,0.04427959817258888
149299231,0.04183934756804223
149299234,0.07417693186731063
149299236,0.05824033054052689
149299237,0.06532627060924334
149298088,0.041603803192867196
149298089,0.06544709475494839
149298090,0.05178249083056415
149298091,0.023671778711092606
149298094,0.041121592369790655
149298095,0.029103206796533818
149298096,0.03670538707286893
149291606,0.022621067518371764
149291607,0.016339207934133727
149291608,0.010990834998811651
149291609,0.011461502200251453
149298240,0.09139469288186976
149298242,0.04350418097560013
149298244,0.16354673326224775
149298245,0.04709605442329845
149298247,0.04173464252348996
149298248,0.023156299275812142
149298249,0.033730683970208106
149297675,0.08139935569653513
149297676,0.10077107501441168
149297677,0.051342187895496515
149297678,0.0859458340848545
149297679,0.09346368199855082
149297680,0.0627265612269167
149297682,0.058397703219051
149297684,0.08710295691347421
149309167,0.036994293899684186
149309168,0.037224560917992866
149309170,0.03138692158436761
149309171,0.07088866660203576
149309172,0.07520848106213511
149309173,0.05260761027066358
149309174,0.05176927374360349
149309175,0.04255760076414529
149309176,0.059351028659330965
149306349,0.01730920509081307
149306350,0.011069698272754752
149306351,0.01680061063548988
149306352,0.016645852181914392
149306353,0.07916578939548961
149306354,0.016586319725287787
149306355,0.05649789124408742
149306356,0.09338003082184282
149300343,0.034016852924064735
149300343,0.13318920320914912
149300344,0.2102063158796353
149300344,0.342468088044427
149300346,0.3026416362888205
149300346,0.18938210641501527
149300347,0.20792757937191936
149300347,0.30822676065541416
149300348,0.23328180987766395
149307573,0.04632135271080223
149307574,0.04791606141843785
149307575,0.08164605633190238
149307576,0.0847214072543236
149307577,0.08374738817503571
149307578,0.08154398637828945
149307579,0.07964302883779452
149307581,0.08451465555444748
149307582,0.07162580298536854
149292782,0.009732188749665041
149292783,0.008700020732536997
149292784,0.01810095930089955
149292786,0.020376934609276188
149292787,0.024617927108475032
149292788,0.017608690841944108
149292789,0.01236652729497313
149292790,0.014302456118340759
149292791,0.016039124054862994
149293077,0.05551591514467352
149309564,0.026801664693490053
149309565,0.07423264240969113
149309566,0.018938195896142016
149309567,0.06168096571924013
149309568,0.05274901483201033
149309569,0.0647395731257488
149309571,0.03231148747966375
149309572,0.022614704062784343
149298641,0.05278501756791213
149298642,0.052002967679725155
149298645,0.04512983995413938
149298646,0.04429862032111182
149298647,0.05720316075089483
149298648,0.04485867756480088
149298649,0.05832177102368352
149298650,0.04391471961512251
149299977,0.003872773366203777
149299978,0.003004944255946813
149299979,0.006524613355010491
149299980,0.0006011751441021856
149299981,0.005398687187901831
149299983,0.0006961069197973421
149299984,0.005931509812968058
149299985,0.012410613846618873
149299986,0.005816046879659956
149297939,0.07093385737839461
149297940,0.08630435079379557
149297941,0.05981410782495912
149297942,0.06713922042120567
149297943,0.0829673481106385
149297944,0.06841600439848194
149300617,0.023577725499391692
149300618,0.018823243508754344
149300619,0.006492471610082662
149300623,0.022090126390506813
149300624,0.04757060684097052
149300626,0.01775764394460069
149299091,0.023149839973524038
149299092,0.023768838144892678
149299093,0.07938000265311318
149299094,0.03503463628220063
149299095,0.022955182465495282
149299096,0.03934677010884146
149299097,0.02113374245773871
149299098,0.0190223274143994
149299099,0.06376354340076539
149299100,0.02915883118165799
149293088,0.0210878682484947
149308830,0.06613254266800676
149308833,0.07057194443462562
149307151,0.009861148944828979
149307152,0.00993901484668709
149307154,0.009209941790189458
149307155,0.01061955271881971
149307156,0.013480074634555228
149307157,0.016881288533568423
149307159,0.0163783674373337
149307160,0.009398121591499005
149293775,0.08383209304532709
149299246,0.05172225424626531
149299247,0.020315755442836196
149299248,0.033507114513207086
149299249,0.008764774799918646
149299250,0.022417391358531758
149299251,0.022929155252768615
149299252,0.02292240895892791
149299253,0.030156554053276458
149299254,0.030310466761536405
149299255,0.04184703721208426
149308180,0.06925938633189693
149308181,0.08760796847021948
149308182,0.09777294707535197
149308183,0.11571113136557121
149308185,0.13577506678120704
149308188,0.08492225123790896
149308189,0.09723737134652967
149308958,0.06697938279790848
149308961,0.07611737780230517
149293993,0.017207287357660812
149293994,0.03516811554810239
149293995,0.01549594749402568
149293996,0.040753443478091886
149293997,0.047236218033219084
149293998,0.03379223796532869
149293999,0.05383623682951652
149294000,0.03197819063501002
149294001,0.028223389392584227
149294002,0.0527209137422878
149306938,0.029080449226512404
149306939,0.018772355743250736
149306941,0.01905741192729615
149306942,0.046397475100234876
149306943,0.041191375688883355
149306944,0.02417562651023064
149306945,0.05024254528393029
149306946,0.031551948172181925
149306947,0.045071410085415264
149300516,0.1994253800963683
149300517,0.10279206790597163
149300518,0.14856640736714566
149300519,0.15673896719791958
149300520,0.07648404546345512
149300521,0.15475284936026573
149300522,0.1300604535984948
149300523,0.09005881544112297
149300524,0.15737254456421637
149300246,0.004107989034495783
149300249,0.0035701056790430523
149300251,0.010084338720866734
149300253,0.007372533103752021
149300254,0.034938081784635186
149300255,0.027418887700384847
149309213,0.008376060948693712
149309214,0.07549178565857906
149309215,0.01548830354654066
149309216,0.009039412985578588
149309217,0.021902337175281974
149309218,0.017822847649489187
149309219,0.02935874377489665
149309220,0.01869000946627906
149309221,0.008184574285090031
149298581,0.0767077100873798
149298582,0.07989685841566038
149298583,0.047584287836539785
149298584,0.045667744566971424
149298585,0.08952615684182211
149298586,0.08560483102214726
149298587,0.08161099716593165
149298588,0.07754651417833465
149298589,0.07449409471733204
149298590,0.09727560294106967
149300134,0.030852042520502398
149300134,0.24934589374715518
149300135,0.26583409367117566
149300135,0.14668113400817415
149300136,0.18056149135061828
149300136,0.2495621647634108
149300137,0.18360550048685936
149300137,0.10524728876415927
149300139,0.19281282527526108
149293066,0.048606961098543566
149307522,0.04766295034283464
149307523,0.09470892319063573
149307524,0.0785618628784962
149307525,0.12809936381905382
149307526,0.06992099004676434
149307527,0.0861686893892879
149307528,0.08518243057008351
149307529,0.0764673615108525
149307530,0.07472708522156345
149307531,0.07833045022051466
149291604,0.007854020083760762
149291605,0.007138498233321032
149306803,0.03219096149010401
149306804,0.144730729981049
149306805,0.007161044041145877
149306806,0.03861060371457735
149306810,0.23454264692861088
149306811,0.13038205521024532
149306812,0.006271854344941417
149293396,0.04122717507661052
149293397,0.027572048523271615
149293399,0.01047637782688612
149293400,0.04358041975254104
149293401,0.010193376322111519
149293402,0.03452798952378346
149293403,0.03126124112956838
149293404,0.02334829831227641
149293405,0.01687864617851791
149293056,0.02710318673649428
149293057,0.04526085636796812
149293058,0.031487722394831524
149293059,0.02125371093413837
149293060,0.06367487763887718
149293061,0.051346323149955096
149293062,0.04197381362455024
149293063,0.07044094409987137
149293064,0.045607426302301426
149293065,0.039939634558236174
149292183,0.03501463194076768
149292184,0.033958994267467305
149292185,0.028905530169952745
149292186,0.029363678796888486
149292187,0.04898720014669065
149292188,0.026468402614150396
149292189,0.04833664955195758
149292190,0.024426842895124656
149292191,0.047125718871593704
149292192,0.04766640704789336
149291520,0.004433047402597575
149291521,0.0053985854585970015
149291522,0.003388378031563004
149291523,0.004624494332203109
149291524,0.005652157383842659
149291525,0.003608009350438063
149291526,0.00511113147024887
149291527,0.004072303225216218
149291528,0.005896976410416746
149291529,0.003238607465758268
149291484,0.017958755291985075
149291485,0.012921922588309768
149291486,0.018242984842819877
149291487,0.0095721114176884
149291488,0.027099240736357024
149291489,0.017104450207174403
149291490,0.01835754556018866
149291491,0.0237209356837945
149291492,0.015400425531794718
149291493,0.02682587485486329
149293740,0.31297709001400587
149293741,0.3135652070229373
149293742,0.16447801359128236
149293743,0.31601756210129
149293744,0.29094359009784926
149293745,0.18663251501213615
149293746,0.24082058059352085
149293747,0.24142613149791506
149293748,0.2789631177315917
149299595,0.001692731211390223
149307330,0.0206688455423133
149307999,0.05873291218160439
149308000,0.09710008793416645
149308001,0.03721938225501998
149308005,0.08437705103983992
149308006,0.10319108310357326
149308007,0.05863682893945341
149308008,0.07538278021667458
149306258,0.02444533148292145
149306259,0.025643724179975187
149306262,0.031739952252020844
149306263,0.028799197838155755
149306265,0.02813032263939249
149306267,0.032121782064396164
149308402,0.06359505029253044
149308403,0.06504908305460114
149298707,0.10764136252564058
149298707,0.27436844900489993
149298708,0.24992437382183005
149298708,0.3943385095984947
149298709,0.1662476769280721
149298405,0.03528971117428718
149298406,0.23755074805846582
149298409,0.11212431760564814
149298410,0.07820729601588074
149298411,0.1797933233265478
149298412,0.10804144195639359
149298414,0.03289480425710721
149306430,0.024688963786495148
149306431,0.023284573737072017
149306432,0.018977161696306123
149306433,0.018309052025381817
149306434,0.04927010868522795
149306435,0.05583860909013466
149306436,0.03373388455175162
149306437,0.042625667517008324
149306438,0.04380545080469712
149306439,0.017917655693872155
149306359,0.012387445489445809
149298339,0.2582519892396993
149298340,0.26374287082581516
149298341,0.2887573335532464
149298342,0.28367048085646385
149298905,0.05280238296097606
149298909,0.047894241440533614
149298910,0.06315459647109163
149298911,0.03849660453514027
149298912,0.03626934718323232
149298913,0.06445808918956895
149298914,0.05568010079371643
149292425,0.011552616482112215
149292426,0.012946395714825941
149292427,0.007533646650435164
149292428,0.009761711421962822
149292431,0.009610358622232371
149292432,0.03988902705658743
149292433,0.015722989739391895
149292434,0.02869875650320668
149298795,0.030782249357706473
149298796,0.03527357025353257
149298799,0.016279038368869486
149298801,0.05246077715983783
149292937,0.01733057223068743
149292938,0.022572886414627482
149292939,0.023414765669413272
149292940,0.019995177991488828
149292941,0.0191090872789708
149292942,0.0209767132916305
149292943,0.01975177203819608
149292920,0.02173360342655489
149292921,0.016622534028648054
149292922,0.020138650307090222
149292923,0.02016077538663198
149292924,0.028893308288992434
149292925,0.034086901726803655
149292926,0.02275922914684185
149292909,0.017303375576224894
149292910,0.036120027571308944
149292911,0.05259179606714887
149292912,0.021682770113893444
149292913,0.02300941754528142
149292914,0.036057907368705205
149292915,0.01928028801284037
149292916,0.027495050284553114
149292917,0.04303982081180563
149292918,0.014069332995094011
149306298,0.03270940706955094
149306299,0.030764898866391752
149308597,0.03214641552645641
149308598,0.041896749598984866
149308600,0.10113249385718442
149308603,0.09343194089750487
149308605,0.019764796695099177
149308606,0.06504519829118467
149308607,0.10421428520372075
149308608,0.0847735900829779
149308582,0.05755540855420591
149308584,0.021256313011462788
149308585,0.024566212681714585
149308586,0.03331057232748594
149308587,0.02691639392078141
149308588,0.06275822585776042
149308589,0.07337410274251216
149308592,0.03361360535452455
149308594,0.0407686580490562
149306300,0.06295596705919905
149306301,0.036373343045983324
149306302,0.05609618707678875
149306303,0.03438688803417418
149306304,0.04837871657491883
149306305,0.03997924488561755
149306306,0.01684274577202557
149298611,0.10356981522469609
149298614,0.07974394408076098
149298616,0.1406751509069816
149298617,0.07901352522695837
149298619,0.05938438308687569
149307201,0.03558634259744811
149307203,0.03484928931155847
149307204,0.03469804164666579
149307205,0.050471602003999395
149307206,0.02336812241730438
149307207,0.06357646924032263
149307208,0.03108470489860684
149293836,0.012947008883270768
149293837,0.026933197085756325
149293838,0.021875619660591504
149293839,0.012543672171599754
149293845,0.02611257493539273
149300038,0.017186138110612544
149300039,0.035056497365960664
149300040,0.01628865045995654
149300041,0.0070559103742943025
149300042,0.01810923737314362
149300043,0.028274825442311163
149300044,0.008054157739581238
149300045,0.018114860084115034
149300046,0.008139253771559251
149300047,0.022639140527640888
149307675,0.2279590862771259
149300123,0.031223979214328318
149300123,0.049797479914312305
149300124,0.24974285566651291
149300124,0.27891408302292403
149300125,0.19356325334008095
149300125,0.43218870678245197
149300126,0.22627412746879907
149300126,0.15272778101189768
149308913,0.0383375679462216
149308914,0.039351999731116506
149308916,0.036749742395903305
149298591,0.05481878443796879
149298592,0.045088066279753876
149298593,0.041824655763507135
149298595,0.07238838691210817
149298596,0.05925451892170014
149298597,0.045560678824091094
149298598,0.034659581476630466
149298599,0.05539724876679576
149298600,0.06826512989652415
149308683,0.02261679120127818
149308686,0.02254469714503791
149308687,0.018927173474211117
149292803,0.015321488905591712
149292808,0.024670240864528063
149292809,0.0242640903375726
149292810,0.03084849660933914
149292811,0.029165836526458117
149292812,0.02667959757657245
149297525,0.029371313220590965
149297526,0.031680514433368744
149297530,0.021871520907605177
149297531,0.019755405245298552
149297532,0.04183023327430603
149297534,0.030506692721840506
149293183,0.052098054474862536
149293184,0.09960267998757878
149293185,0.017498984253489967
149293186,0.023579454185854862
149293187,0.11738869243337746
149293188,0.04017345427190461
149293189,0.03606110308190283
149293190,0.05428603890010987
149293191,0.024890112334294986
149293192,0.05904635341234462
149297504,0.018700715722700274
149297505,0.016170281827818548
149297506,0.021393184641365248
149297507,0.022444035484889716
149297508,0.015342015150738117
149297509,0.02195806070111022
149297510,0.01636166641535036
149297511,0.09573798662724986
149297512,0.028372337326612387
149297513,0.0411032851696969
149298038,0.014003291240883344
149298041,0.04826549809037098
149298042,0.0003750052539445466
149298046,0.00025846808574211304
149299973,0.013022415968316346
149299974,0.004005007202082745
149299975,0.007754335751237864
149309855,2.6515054774109974e-05
149309856,0.010995855294632621
149300536,0.03828037481705381
149300537,0.0365952220619772
149300538,0.02501746420031048
149300539,0.0256032271036834
149300540,0.025193945766322213
149300541,0.021938641679762515
149300542,0.03413263339845069
149300543,0.030560422208654053
149300544,0.05784842688896958
149300545,0.025363105273735788
149300323,0.1094128550238957
149300323,0.42923090383841095
149300324,0.21688950161298107
149300324,0.17841848553048348
149300325,0.19186514361623622
149300325,0.18549771400919535
149300326,0.31601568207335196
149306706,0.014994579580341443
149306707,0.013430906470848113
149306708,0.024820024020962075
149306709,0.024885070709957064
149306710,0.0810939393874401
149306711,0.022595252489880344
149306712,0.014709872494631043
149306713,0.02422818406048451
149306714,0.02525590255571722
149306715,0.02260765591875041
149300382,0.10438250293356978
149300384,0.054660398873264675
149300386,0.06051250762580284
149300387,0.06392413909674932
149300389,0.0369027768763284
149300390,0.08056951182365266
149300391,0.08034831211340683
149306307,0.03767229856382333
149306308,0.04079004723173235
149306309,0.025255510541599798
149306310,0.024386831897954604
149306313,0.06634510160486333
149306314,0.06548573814453383
149306315,0.026750068204377173
149306316,0.027000543005151773
149307958,0.13323161981324108
149307959,0.1337843045636093
149307960,0.14143406639062017
149307961,0.1389616346309012
149307962,0.16285163016586054
149307963,0.14650357618460705
149307964,0.1556688916644386
149307965,0.1577214244719547
149307966,0.138915246187803
149307967,0.13632541739392978
149308820,0.0222900509122131
149308821,0.023890928999831886
149308823,0.027011451412515486
149308824,0.05202076565040597
149308825,0.03281859112963346
149308826,0.01400945594281683
149308828,0.01233602326561085
149308829,0.01812730765035518
149292835,0.023536482731539944
149292836,0.01441359598869497
149292837,0.01815442500245385
149292838,0.01661520591441965
149292839,0.04493274546305785
149292840,0.02347689693519563
149292841,0.012707146355183531
149292842,0.013330146032377761
149292843,0.05763218117434223
149292844,0.025576696941868808
149307611,0.06840344389803305
149307612,0.05072935501628457
149307613,0.071076691242709
149307614,0.020815890867410036
149307615,0.0677876141872369
149307616,0.021773320869796192
149307617,0.059957275348301156
149307618,0.060395046885998435
149307619,0.03960065918340812
149307620,0.056664123923788196
149292971,0.028754813217694686
149292972,0.02285039768470585
149292973,0.04806318711969757
149292974,0.09021828948814854
149292975,0.03770897867739359
149292976,0.0509362114501217
149292977,0.03665920175621363
149292978,0.0607744012304211
149309018,0.02225467936707474
149309019,0.026240576996444352
149309020,0.025979560983393
149309021,0.02588577373627977
149309022,0.023151798457955352
149309023,0.022948425011579718
149309024,0.03337394779938084
149309025,0.032160428748464254
149309026,0.03424566219217239
149309027,0.12014740695793796
149307704,0.056583742704153804
149307705,0.08194070724875954
149307706,0.05612742738790828
149307707,0.08391419270189994
149307708,0.0885501319040106
149307709,0.07431880673395044
149307710,0.07805411495035759
149307711,0.07992847814929772
149307712,0.057905712168524553
149307713,0.04170243968653926
149297765,0.04659396868201251
149297768,0.09490355314025861
149297772,0.07483321807681524
149297773,0.05528202313550235
149306357,0.02264762793843586
149306358,0.020957643878153662
149292702,0.04516642427739366
149292703,0.036323600096917895
149292705,0.04826769373515784
149292706,0.04921243681124599
149292707,0.0455965312536765
149292708,0.10403760575636195
149292709,0.05002305835331571
149292710,0.04597462054819115
149292711,0.040022099413190904
149293629,0.07406434808317987
149293630,0.02049915914340984
149293631,0.03989494387235981
149293632,0.023188892663251044
149293633,0.038296674042723376
149293634,0.03693704229464807
149293635,0.016663000887718302
149293636,0.04515663944299116
149293637,0.02697226019965357
149293638,0.04371292983106667
149299545,0.017503886242279987
149299546,0.04381939838136077
149299547,0.016932243540672163
149299548,0.03167827260728721
149299549,0.02903698115546503
149297398,0.03318281678493021
149297399,0.022000057191723606
149297400,0.01788992891354141
149297401,0.0135364789735613
149297402,0.021722045395245707
149297403,0.024475523412595797
149300028,0.023251816815938468
149300030,0.015224562938808132
149300032,0.021657311312311148
149300033,0.01314348474067523
149300034,0.01636782760387744
149300035,0.015333581117773734
149300037,0.011636478226421457
149309157,0.10318486268749213
149309158,0.06574493139862882
149309159,0.04005700335991789
149309160,0.05320311397486411
149309161,0.08592017396054193
149309163,0.037707809573242115
149309166,0.05317734536943072
149307141,0.03201683949096773
149307142,0.039991773657877296
149307143,0.05559829854871161
149307144,0.0376787938430265
149307145,0.05371978513802359
149307146,0.04505007209984277
149307147,0.0349845499170536
149307149,0.023748650532210983
149307150,0.02710902283415581
149291869,0.10294643280216653
149291870,0.02782908874651833
149291871,0.022078744993751818
149291872,0.02786736692849853
149291873,0.03314454324778989
149291874,0.041862530417070797
149291875,0.016231506783124995
149291876,0.03555959526779299
149291877,0.016085650590666946
149291878,0.030412330090445673
149308047,0.044940516023790684
149308049,0.0407385454275904
149308050,0.030187704495038728
149308051,0.05216489008635047
149308052,0.04688347134687758
149308053,0.0415883085039232
149308054,0.04404412796806555
149308055,0.03958483592339083
149308056,0.04599185796746637
149298547,0.0845483845626043
149298548,0.09037396606058225
149298550,0.10488331673621709
149298551,0.0674396067964319
149298552,0.08879628450483003
149298553,0.08496823582593548
149298554,0.08789952652858603
149298555,0.10849088355924445
149298556,0.08217569727269544
149300155,0.06520696864606645
149300155,0.17887152360321146
149300156,0.23315255463743667
149300156,0.3462807014075569
149300157,0.29349598184080794
149300157,0.23889499867239028
149300158,0.21364774023559316
149300158,0.35635997530876584
149300159,0.12029381364342481
149300159,0.061772404629783485
149292927,0.00904378260550921
149292928,0.010295269009350677
149292929,0.010472117161223106
149292930,0.011977860524102544
149292931,0.011423762330570906
149292932,0.012811666198225278
149292933,0.018620091858573416
149292934,0.012407448391393438
149292935,0.01537951301299347
149292936,0.01622078696555796
149309070,0.03047641474729789
149309071,0.02541459191190652
149309073,0.05258267625463698
149309075,0.03208529912855467
149309076,0.027896391339034935
149309077,0.06590263651935786
149309078,0.039521859377517114
149309079,0.05182144805505269
149297798,0.01931368227470403
149297800,0.10686865105855221
149297801,0.08665565381628529
149297802,0.03061221622969847
149297803,0.03208165422923337
149297804,0.01664408873587996
149297805,0.018086677863234663
149297806,0.03850891736808287
149297807,0.039908251753302704
149299439,0.054762136056055274
149299440,0.046406240235435825
149299441,0.0660062866649314
149299442,0.05530396994552183
149299443,0.05800354805273646
149299444,0.048282584537692866
149299445,0.06288348563573465
149299446,0.042201947684560204
149299448,0.01849783972867837
149291687,0.011797436987301244
149291688,0.011035620047147934
149291689,0.005680112006831184
149291690,0.009218796265856425
149291691,0.00853473602046987
149291692,0.014571785289877686
149291693,0.017109897783035576
149291694,0.005825091439916788
149291695,0.01620387815703964
149291696,0.005650536937415913
149308950,0.02752652426854815
149308952,0.02565241549952389
149308954,0.005070344579792633
149308956,0.004820338220641555
149309600,0.011614674120508265
149309603,0.009738792451883796
149309604,0.015791714708618433
149309605,0.006785150121371297
149309606,0.00752204628966358
149309608,0.012002189618706104
149309609,0.009145971070576237
149309749,0.022650502325729648
149309751,0.03715295159318307
149309752,0.029306845587400026
149309753,0.023453748886517786
149309754,0.019803150764223662
149309756,0.02485431047986989
149309757,0.023656068837280744
149306934,0.028142875941747483
149306935,0.027780027218574446
149306936,0.16650682246416368
149306937,0.16237346770879652
149291547,0.018569905363456866
149291548,0.025553129619313573
149300404,0.02328195155894368
149300405,0.021011348380801275
149291539,0.045327296011493136
149298758,0.024377435394835712
149298759,0.025534667740950007
149298761,0.018296848315688487
149298762,0.024954545394780595
149298763,0.029395153067325604
149298764,0.022436824621339443
149298765,0.031129576243954012
149298766,0.04109458965027874
149298767,0.034572348091983306
149307893,0.04167141049416915
149298651,0.051316573362333064
149298652,0.051709131522804236
149298653,0.0546702201312485
149298654,0.057023607310006934
149298657,0.054495454821827084
149298658,0.05771585003209432
149298659,0.06100835290085323
149298660,0.05780271343716792
149308212,0.02437134524037112
149308214,0.019953116532867066
149308215,0.025274517157033306
149308216,0.03100318635862835
149308217,0.034189021104936344
149308219,0.022610128266658213
149308220,0.034265214156122485
149308221,0.03897917343925192
149292204,0.009423618461975581
149292205,0.06857919685751704
149292206,0.0684507541777373
149292207,0.012833184493754743
149292208,0.02568338536403018
149292209,0.015829053701358838
149292210,0.027626908966147407
149292211,0.060883774973700136
149292212,0.02296054261202329
149292213,0.03650926922843655
149291955,0.10137441565737876
149291956,0.11112061963610964
149291957,0.22875677835079222
149291958,0.23679679700586473
149291959,0.19558968121800938
149291960,0.09294216708675215
149291961,0.0743320664379673
149291962,0.11041301253625949
149291963,0.12138558569707279
149291964,0.08969250396552834
149291531,0.00292941924307299
149291532,0.00308576708304313
149291533,0.020482091640602496
149291534,0.021404774247093614
149297844,0.09023405291869999
149297844,0.18220332461293728
149297845,0.13783374417152097
149297845,0.23430480212003896
149297846,0.1419625509879491
149297846,0.014071892609301556
149297847,0.22721113163831913
149299731,0.07651753384385798
149299733,0.06063483609205292
149299734,0.08940739275118126
149299737,0.1954631638343689
149299738,0.04868278956911662
149299739,0.04848269528478849
149299740,0.06970223878641053
149307321,0.03993953184177735
149307322,0.0409585330199915
149307323,0.028356990469886507
149307326,0.1655857382325099
149307329,0.03831277460247309
149300276,0.013138694131215801
149300277,0.019562271880954264
149300278,0.017456387618300626
149300279,0.015878423952246017
149300280,0.01536176479920762
149300281,0.010368918937780497
149300282,0.01227295749620836
149300283,0.013007939504830758
149300284,0.012851900532467521
149300285,0.007980339920229226
149297869,0.024450469114709068
149297870,0.04676885961856287
149297872,0.014433456319853186
149297877,0.017994088334141727
149297878,0.017766051604407796
149291805,0.0185745092077884
149291808,0.019404154709285595
149291810,0.019311512824229007
149291811,0.011135587636335497
149291813,0.020538525560127432
149291814,0.0169324776977781
149291825,0.027261290067085116
149291826,0.013806202472826292
149291827,0.01886691514483524
149291830,0.020280867613904175
149291831,0.026350539469880675
149291833,0.03767128771319611
149291834,0.018036421142101168
149293582,0.17716896407200866
149293583,0.11620713649812106
149293587,0.03714941217203878
149293588,0.03634583007482035
149293589,0.11524181865488814
149293590,0.16464180485783372
149299272,0.01904980318809129
149299273,0.01928122776725032
149309630,0.07979555216726948
149309631,0.09296141379638094
149309632,0.09266480983603795
149309633,0.04363467199862397
149309634,0.12784881926301542
149309635,0.12261787468017529
149309636,0.10608959078084092
149309637,0.17882768526729625
149309638,0.10636312916566279
149309639,0.11817723434255979
149297868,0.0831962009655158
149298671,0.06411179574264105
149298672,0.044179903924030595
149298673,0.08157243848001647
149298674,0.04808504151149085
149298675,0.05028909795044458
149298676,0.04368304178199959
149298677,0.05107605353775649
149298678,0.04541884185322118
149298679,0.062043757779619325
149298680,0.04222595020583768
149299701,0.044603946637694424
149299710,0.04163672812821273
149309137,0.03222039428221273
149309138,0.01185258583766296
149309139,0.016804203311785247
149309140,0.025013389364178854
149309141,0.019564191328275932
149309142,0.0969069437015025
149309143,0.011359474768592637
149309144,0.025812880242592942
149309145,0.06348372532510237
149309146,0.029797713779599482
149292959,0.01918562760547649
149292960,0.026302683656818156
149292961,0.022918707148769982
149292962,0.017416755567582203
149292963,0.013400449707029631
149292964,0.020151864630343002
149292965,0.020133510804309196
149292966,0.01452355937393237
149292967,0.016050586153337924
149292968,0.021632895075855123
149300048,0.036116751148229924
149300049,0.03729358423518859
149300050,0.03020167118033116
149300051,0.033721063464058815
149300052,0.03060147362374293
149300053,0.0309385258196969
149300054,0.032307811478918265
149300055,0.043906527756260125
149300056,0.039330314123092125
149300057,0.03657501595269076
149293750,0.2095600559102859
149293751,0.12550458272026696
149292855,0.09981787789775874
149292856,0.05222612124476434
149292857,0.04498060821898863
149292859,0.034796912297008875
149292860,0.055842386568806315
149292861,0.03386737569422861
149292862,0.04255347401566542
149292863,0.04361243099227303
149308836,0.005712295417712234
149308837,0.015685578459465475
149308838,0.011657062837619055
149308841,0.0239450593752714
149308842,0.026040800644971124
149299741,0.10765433927863925
149299743,0.07020430051103162
149299746,0.12470000051671368
149299748,0.1482731211762451
149299749,0.0776334237436696
149299750,0.11852434251380142
149299898,0.037399195921593846
149299900,0.04920435673134156
149299903,0.019316925642836623
149299904,0.023418716500792042
149299905,0.034021850425211955
149299906,0.06775172501241662
149299907,0.03442307129151273
149299127,0.007274393241328644
149299128,0.004073017081230734
149299131,0.003045919076404723
149299132,0.0033721104369821503
149291763,0.04170573835491919
149291765,0.054211708889449636
149291768,0.04088249164055975
149291769,0.02675975032857652
149291771,0.13874550049172954
149291772,0.05163801243115904
149309806,0.023877372062477947
149309807,0.024980971421186958
149309808,0.0302478437874638
149309809,0.03529259629243476
149298204,0.024905388496099787
149298205,0.07618973818917338
149300363,0.04494764539309475
149300363,0.07155094535372866
149300364,0.26622254767061526
149300364,0.23516791200201073
149300365,0.24685623793010378
149300365,0.24455664251704617
149300366,0.26141428908726794
149300366,0.24286391520543152
149300367,0.25018753332367316
149300367,0.08035016303194897
149298473,0.10106044004383632
149298474,0.10308852262931721
149298476,0.10222784187668976
149298477,0.06179023402246694
149298478,0.11576547465050814
149298479,0.10158803506763274
149298480,0.10487323257709737
149298481,0.09204431012082136
149298482,0.07055920439150995
149291665,0.048652304631178145
149291666,0.050611201875114364
149291667,0.089579670877902
149291669,0.0938568776950404
149291670,0.053348491237517
149291671,0.05204130248447296
149291672,0.12290294251451489
149291673,0.09890278724918355
149291674,0.08291126534285531
149308433,0.03528001866118327
149308434,0.07146046834179773
149308435,0.046532039901772196
149308436,0.04535575233880531
149308437,0.050415325882530636
149308438,0.03385885134902564
149308439,0.050589453599995234
149308440,0.032260936119599765
149308441,0.024495226129925284
149308442,0.02793676183561908
149299040,0.03985484887207502
149299041,0.04125221689332175
149299042,0.019724501673876158
149299043,0.04059241785291868
149292845,0.019506841142607884
149292847,0.02713142904200552
149292848,0.048386846883410835
149292849,0.055978349224730745
149292850,0.036312931727856525
149292851,0.024749879905565327
149292853,0.10025625289131337
149292854,0.026912849901693663
149307539,0.07450842606569517
149307540,0.02124495996745982
149307543,0.04578341712265238
149307544,0.04443554901953157
149307546,0.0036347489379667847
149307547,0.15291016413027958
149299505,0.023851538002720656
149299509,0.03931891316785123
149299510,0.02908545566218367
149299511,0.046161463493745926
149299513,0.02808870331932477
149299514,0.04539780658312067
149308893,0.039012593877400595
149308894,0.04181416697273307
149308895,0.06054636532447992
149308897,0.02775740221202469
149308899,0.02935680456622882
149308900,0.02955875653599941
149308901,0.03010783108324483
149308902,0.033065994290164144
149292949,0.02273306959433535
149292952,0.02637059836635596
149292955,0.027764872666204317
149292956,0.03078476259521284
149292958,0.037809529335899844
149309610,0.019556602229148064
149309611,0.028989232709860962
149309612,0.021203101611046965
149309613,0.0114660064033373
149309614,0.08253601964668433
149309615,0.03319464903635924
149309616,0.01125542365287233
149309617,0.0635356343650103
149309618,0.06579313044368547
149309619,0.046496215572372566
149309521,0.03174824432506389
149309522,0.06973771521255581
149309523,0.02246466396898695
149309524,0.020453344088024697
149309525,0.06967280257886255
149309526,0.014971517617475753
149309527,0.03162316661794401
149309528,0.01839660470021552
149309529,0.130640391219518
149309530,0.045666434235368605
149307284,0.12565572246054654
149307285,0.03651115741131412
149307286,0.08391625750844171
149307287,0.12001316971856714
149307288,0.021813996286786663
149307289,0.0462900889119056
149307290,0.07507307943481194
149307291,0.035982820664509245
149307292,0.04394816877521706
149307293,0.039167007943928855
149291703,0.05931874995947257
149298281,0.020938011471493743
149298282,0.018143031056961908
149298283,0.02646512386275259
149298284,0.08151346251518245
149298285,0.032757466690882996
149298286,0.041684149017536136
149298287,0.011958348462969302
149298289,0.00748159355057146
149298290,0.010189628223828092
149300445,0.02126443552136502
149300446,0.02141834761212606
149300447,0.015927496755894437
149300448,0.021094029573924967
149300449,0.03613605237324438
149300450,0.033769409712992325
149300451,0.013849442702705552
149300452,0.025296612785238405
149300453,0.036753804693252776
149300454,0.02766946247150718
149307171,0.01666417822967062
149307172,0.03250808345261434
149307173,0.0316087953702052
149307174,0.020927573328133744
149307175,0.021302870124370918
149307176,0.06116913975845799
149307177,0.014228522947888652
149307178,0.009049668616930559
149307179,0.013725268998957227
149291563,0.011642941010662617
149291564,0.024497693160442497
149291565,0.023053351032724392
149291566,0.02461281313119283
149291567,0.058007687255570956
149291568,0.024532894071938163
149291569,0.020605032712751763
149291570,0.03635293045237319
149291571,0.05734899615410576
149291572,0.019765769556179383
149293639,0.12266450506744131
149293640,0.045318519625680134
149293641,0.030654495231091223
149293642,0.028747056183266773
149293643,0.035823579005225314
149293644,0.10882241042720595
149293645,0.12436359766676315
149293646,0.09017623767753898
149293647,0.1163259686410572
149293648,0.11363369915578093
149309223,0.06175158341565662
149309225,0.07045747510430626
149309226,0.06401987628851608
149309227,0.04570624447936209
149307694,0.1608825495456722
149307695,0.07698944511580255
149307696,0.05861795328030439
149307697,0.028295223780541463
149307698,0.1106822766338287
149307699,0.059965563763448367
149307700,0.09095803654858475
149307701,0.03174678254775088
149299347,0.04069915121527059
149299348,0.03301609919865574
149299349,0.17271341678479452
149299350,0.05929679034729688
149299988,0.010736948107479553
149299989,0.0012500025256316147
149299993,0.004903260748665059
149300400,0.058212698425183264
149300401,0.044538146756677756
149300402,0.06572175556872994
149300403,0.07955015902045733
149291856,0.05770886497868047
149291857,0.053104233169904716
149291858,0.015536157053499682
149291859,0.05040402691893113
149291860,0.040755009881373386
149291861,0.02850365980009114
149291862,0.04215814157844888
149291863,0.04760608495740341
149291865,0.0533848149334578
149300526,0.020463771999699374
149300528,0.013742681201426004
149300529,0.022970230738859603
149300532,0.019158914393571758
149300533,0.020741246885108068
149300534,0.01982298897281939
149300535,0.06662001795976609
149309660,0.18439494794037622
149309661,0.1244762248933658
149309662,0.14523857138091764
149309663,0.13609215478464565
149309664,0.17233979414482783
149309665,0.11591074163485199
149309666,0.1690782682658939
149309667,0.15195920037472035
149309668,0.15392754439899342
149309669,0.13931954476244152
149307671,0.11970267730600304
149307672,0.12892198949773337
149297346,0.01759007719334065
149297347,0.01212627713845719
149297348,0.021980344274397875
149297349,0.027255491502604652
149297350,0.008764675554768817
149297351,0.005370816578957007
149297352,0.023121250607210483
149297353,0.023099312189472594
149297354,0.007654090977285098
149297355,0.016047663611727107
149293078,0.01384505472681876
149293079,0.02738111140607197
149293081,0.049009176148767236
149293084,0.025847348095160406
149293085,0.03505371518875661
149293086,0.012063075744055825
149293087,0.012262211926403562
149292264,0.0224350615504674
149292265,0.028644586588561127
149292266,0.025890657736029568
149292267,0.06879999124001931
149292268,0.03165507514323049
149292269,0.042282567031405274
149292270,0.038999135163027984
149292271,0.06330944969818203
149292272,0.05455213938660362
149292273,0.01969418516652866
149292478,0.01519286211909049
149292479,0.05169627205744067
149292481,0.035042670065319755
149292482,0.058247764628150865
149292483,0.03593765232273702
149292484,0.07544584102175352
149292485,0.018741691703857886
149292486,0.07747206474658298
149292487,0.06827568751589067
149307180,0.021059018949924103
149307181,0.018114259499361157
149307182,0.02362427506043548
149307183,0.017835536426699765
149307184,0.017938768234003682
149307185,0.0503735870332116
149307186,0.019939607951325825
149307187,0.023818679528990614
149307188,0.035178632233570886
149307189,0.02230913773742772
149306537,0.028570940453092223
149306538,0.014123321188051369
149306539,0.029106843318392958
149306540,0.008638330840591096
149306541,0.008817716249191705
149306542,0.014341791501926425
149306543,0.03282588103829704
149306544,0.011880966217618655
149306545,0.025721843153889524
149306546,0.03121856673157466
149306568,0.020550655493429115
149306569,0.07192261628394503
149306571,0.03264062778025418
149306572,0.029575455010034703
149306573,0.033600780401090706
149306574,0.018790660580096086
149306577,0.02750333326307977
149291975,0.13180269691383137
149291976,0.26022296026514846
149291977,0.13467917582956074
149291978,0.1243243355387379
149291979,0.13558963785717543
149291980,0.08734489630150559
149291981,0.24328588228958486
149291982,0.14540850897537708
149291983,0.11951740831702122
149299616,0.04861452839918628
149299617,0.039050469470324346
149299618,0.031035392140907905
149299619,0.032531545186496875
149299620,0.02775342785529463
149299621,0.031015807802402824
149299622,0.013328514621289566
149299623,0.02761182156286226
149299624,0.031087784193933522
149299625,0.02876569462538197
149297716,0.049198245307667206
149297717,0.06429373630575373
149297718,0.0451066567955758
149297719,0.05986392389358906
149297720,0.0635346999172761
149297721,0.03368657495331206
149297722,0.08549206834604736
149297723,0.05440172407575221
149297724,0.03652279717083615
149297725,0.038085542644941434
149300333,0.0470707529849198
149300333,0.3298875038288076
149300334,0.3794698020998513
149300334,0.2535825001597666
149300336,0.20608917427685675
149300336,0.23144422880283075
149300337,0.3756269294162716
149300337,0.3684008834187213
149291495,0.05080499696572618
149291496,0.053087480975175176
149291497,0.0251560115489272
149291498,0.03103339256447579
149291499,0.07411624925118357
149291501,0.06721889396328144
149291502,0.0499990366140646
149291503,0.04624860786388262
149291505,0.03962484881228724
149291506,0.0564670516419052
149293767,0.029354341850922974
149291815,0.01412120660634825
149291816,0.015495105902380915
149291817,0.015747195642368286
149291818,0.012354519441253486
149291823,0.008447739328056373
149291824,0.007155299220654049
149293386,0.06512842939339096
149293387,0.05997489232805426
149293388,0.06989990424212517
149293389,0.06187550383789786
149293390,0.06697193081261402
149293391,0.0651234168291131
149293392,0.06932467078019264
149293393,0.07508092540178987
149293395,0.07665799384473426
149298078,0.051133238593862984
149298079,0.018582290355109367
149298080,0.026211309677787627
149298081,0.03703949271192531
149298082,0.03443058085989977
149298083,0.023300633801092638
149298084,0.04139759486945997
149298085,0.025311489318872605
149298086,0.02066385359721935
149298087,0.03732171413219447
149300068,0.06692226512758662
149300069,0.05529610812416078
149300070,0.05343985854655506
149300071,0.07082705073660772
149300072,0.04972320004006061
149300073,0.033735941384337914
149300074,0.06326838780334289
149300075,0.053440116021012556
149300076,0.06840807395779931
149300077,0.044429390670546666
149291803,0.03791583172797888
149291804,0.02950380395974277
149291937,0.2033696434737443
149291938,0.08956622490011691
149291939,0.14414634295271075
149291940,0.17686903776121712
149291941,0.16404521290286114
149291942,0.18676962099168595
149291943,0.14530595622985185
149291944,0.17782113125584176
149291945,0.18121682665339742
149291946,0.13967266715197107
149307792,0.015423844167406126
149307793,0.019580491204402344
149307794,0.08089280954293224
149307795,0.08021670571467338
149307796,0.03666001533709174
149307797,0.030229131789557575
149307798,0.022047448131856003
149307799,0.029786734912680964
149307800,0.03394989864809142
149307801,0.016719121430565705
149299908,0.01578617408601152
149299909,0.11469806334807364
149299910,0.05898870302344193
149299911,0.06772893688017467
149299912,0.0665708482766724
149299913,0.03699718704865568
149299914,0.04827653306090818
149299915,0.07480049454352479
149299916,0.08028053713407592
149306763,0.04781873796997812
149306764,0.03651643584697242
149306765,0.05865034538233929
149306238,0.009113787532438418
149306239,0.010218240380872332
149306240,0.023782847092705266
149306241,0.030696060621995994
149306242,0.02197219643635796
149306243,0.022236646830419628
149306244,0.021947108921414365
149306245,0.023731517072498088
149306246,0.008717152312942672
149306247,0.022323239422864488
149299345,0.3770067080434672
149298228,0.1162595367609625
149298230,0.128935097701001
149298231,0.1292401007814429
149298232,0.05974083938471982
149298233,0.05059905623960709
149298235,0.12019089734673855
149298236,0.1158756166357185
149298237,0.10782459555381878
149293859,0.10747172488474184
149293860,0.03856747504375447
149293861,0.03464788274426112
149293862,0.09786975233669898
149293863,0.05968071580295316
149293864,0.08716789101344907
149293865,0.013871592129262528
149293866,0.03965188096907006
149293867,0.01762785211019087
149309201,0.023592042109089956
149309202,0.03473265587186499
149309203,0.028225998337354022
149309204,0.03181054314087323
149309205,0.038356524309750846
149309206,0.030299792872400397
149309207,0.016721466541828215
149309208,0.0170563758284947
149309209,0.046141363540271665
149309210,0.0257915462528742
149298768,0.06334480572885155
149298771,0.04610224922497737
149298772,0.045700238574870995
149298773,0.03811678148744578
149298774,0.015998825344999263
149298775,0.03153695554468118
149298777,0.07247423149341573
149293714,0.31299994413080334
149293715,0.2784560862498894
149293716,0.31662474207913494
149300511,0.04121718006574008
149300512,0.03479576283197655
149300513,0.03893843330723405
149300514,0.049845783171591634
149300515,0.03899777957736388
149308806,0.07791779098650248
149308807,0.054562783117794444
149308808,0.03331294565454206
149308809,0.04536960641411929
149308810,0.02460120738677728
149308811,0.013148188053328898
149308812,0.061669828739610084
149308813,0.02524814560268543
149308814,0.04182829799216722
149308815,0.09210588393999017
149297905,0.04479297416444614
149297906,0.02276116696739867
149297913,0.028215486828884223
149297914,0.03163434494268007
149308772,0.04054913663287868
149308773,0.041802836271394264
149308774,0.10945194814416799
149308775,0.124929606619436
149308776,0.02642654011007071
149308777,0.0601082660813244
149308778,0.0377531672287908
149308779,0.03895333853848175
149308780,0.03228490623816193
149308781,0.03224508182053769
149307583,0.023222587104131668
149307584,0.033297130549432424
149307585,0.04732272028207673
149307586,0.16471464126966198
149307587,0.061751403627909894
149307588,0.025548496520088473
149307589,0.022171268406207784
149307590,0.10853959937140906
149307591,0.02789309131168782
149307592,0.025611201487186853
149300353,0.07344671912701345
149300353,0.17473215302355677
149300354,0.24450957240834226
149300354,0.3076089046536775
149300355,0.21303020664419517
149300355,0.2605298734384512
149300356,0.22471586797448892
149300356,0.12673587721007634
149300357,0.17943674956043174
149300357,0.1279348597625288
149291855,0.02375476621129357
149308855,0.04084340836343403
149308856,0.04764365654970114
149308857,0.044874726395889346
149308858,0.036939272187668425
149308859,0.05508563090375025
149308860,0.03675999831641535
149308861,0.03955494267614179
149308862,0.043230334114074766
149308863,0.04045594044126514
149308864,0.05551952785402565
149299629,0.06247868924038771
149307739,0.030551527549369604
149307740,0.0315325975011618
149308262,0.03603111263876143
149308264,0.0248464979168964
149308266,0.034464382877496924
149308267,0.02021741559747108
149299606,0.01711350759974744
149299607,0.01693836233312145
149299608,0.01292594794534347
149299609,0.032216571505181375
149299610,0.01266927358004362
149299611,0.015088212046791798
149299612,0.02534286886932644
149299613,0.028277595530410544
149299614,0.022756315496512695
149299615,0.01880352727565195
149293727,0.37922054151895773
149293728,0.3809424766825524
149293729,0.06572265930746168
149293730,0.35338955613039147
149293731,0.3654379344572403
149293732,0.3293365013643709
149293733,0.3355891435352891
149293734,0.3435365410034667
149293735,0.19981790372087074
149293736,0.3317308461104628
149298058,0.008429638338688828
149298059,0.012902363196926532
149298060,0.010205571142809938
149298061,0.013001700601116523
149298062,0.020564273646672515
149298064,0.016052840701194414
149298065,0.012957506813453794
149298066,0.014121402029417494
149298067,0.010973196451576097
149292813,0.013248268902363077
149292814,0.015835589575784632
149292815,0.0199878543738027
149292816,0.022134899104568877
149292817,0.014484054183617007
149292818,0.02655113065802387
149292819,0.030043861940217118
149292820,0.04279850442340469
149292821,0.020571033581368914
149292822,0.03332977224366137
149291650,0.015731970701900112
149291651,0.08929541978437025
149291652,0.047363625397215184
149291653,0.03991151926752535
149291654,0.054425022266314564
149291655,0.06475048285001127
149291656,0.056362239342855745
149291657,0.03346304513108537
149291658,0.04887995017456608
149291659,0.09078281392235325
149298750,0.051648261331860644
149298751,0.038469377998786594
149291610,0.0588952608674297
149291611,0.058820945509854373
149291612,0.06647599782712532
149291613,0.057924892061153345
149291614,0.06269524176625606
149291615,0.06479009293771149
149291616,0.06205788383735126
149293816,0.040789369798635206
149293817,0.04559228638426104
149293818,0.026905810316897722
149293819,0.030920274110394615
149293820,0.04913031206675412
149293821,0.04586779587583477
149293822,0.035704554991542015
149293823,0.057856099912323926
149293824,0.051898670531214705
149293825,0.026737203210506027
149307076,0.09096153357318786
149307077,0.10916585210051001
149307078,0.12327576722351974
149307079,0.09358888061507654
149307080,0.10735194884412369
149307081,0.09684940958682331
149307082,0.10487685425470948
149307083,0.12339475736366841
149307084,0.1114762039979243
149307085,0.11802008327103305
149298148,0.057658615262880596
149298149,0.04028844921694503
149298150,0.08066194138279563
149298151,0.05125843336331267
149298152,0.08617429073749218
149298153,0.1070504009272401
149298154,0.11847329183106522
149298155,0.0729109319594694
149309191,0.04128209108368261
149309192,0.03175662445324663
149309193,0.045276504678729776
149309194,0.045650710967429654
149309195,0.04161582910867968
149309196,0.042614506616614874
149309197,0.034068433305628205
149309198,0.03714613749216449
149309199,0.028267367019566978
149309200,0.028113665380466002
149293768,0.0168277382620863
149293769,0.026069992975898196
149299596,0.03014186557822866
149299597,0.024876266249410785
149299598,0.02699184293432354
149299600,0.04004750515391235
149299601,0.023657188831588995
149299602,0.018315646010491467
149299603,0.04479332802817668
149299604,0.038467188390999066
149299605,0.04221694984832642
149297697,0.022192526656398186
149297698,0.020433195648236136
149297699,0.026131811865526978
149297700,0.030663169692777804
149307344,1.1540575095436942e-06
149307676,0.02078048166243378
149298836,0.035975674307290685
149298573,0.17939623383970832
149298574,0.17854800197735238
149298576,0.13408554979679754
149298577,0.13118018494883432
149298579,0.22145826477060876
149307031,1.9575291408576351e-07
149307035,0.03099438492920392
149307036,0.032278845704090134
149307038,0.008724471678569061
149307040,0.0088969172672901
149307041,0.022869939722206176
149307042,0.022317336418358678
149299796,0.020524409727739012
149298580,0.02988239295447518
149308408,0.23459140542990578
149308410,0.2548552621102177
149308411,0.26397098507306455
149300440,0.04079716234242581
149300455,0.01438857848592758
149300456,0.013311587370744886
149300457,0.006007189453087452
149298433,0.0014462544319440525
149306428,0.38320304973877817
149309436,0.1598255481652856
149307253,0.00033210534012195265
149293409,0.03759921324744762
149307693,0.015354100609551521
149297524,0.10584639838126861
149308404,0.25988713097107907
149308406,0.1576943995796297
149308407,0.13598547294715613
149299819,0.06933767452586807
149299820,0.10439925667816585
149299821,0.08091173310474477
149299822,0.04915657099772994
149299823,0.09518381514645255
149292865,0.014077555668670656
149292866,0.030512902254247215
149298377,0.04714261295401217
149300547,0.04915167486730828
149307803,0.07714174565003779
149299177,0.00013820903565874126
149299178,0.008360817679696294
149299179,0.006839007716308007
149298353,0.604859669696802
149298354,0.6051410700732874
149306400,0.012896474289535595
149306405,0.01443822148437583
149306406,0.03004302120230649
149308923,0.0010721229353817803
149308924,0.05459330828119633
149309434,0.007922806170153467
149298398,0.11591841698837078
149298399,0.12487653584514886
149308976,0.016220173448365453
149308716,0.0003893219494160645
149308718,0.049588190051668174
149308719,0.09147893207066922
149308979,0.1779190243330173
149308980,0.04506246196786035
149308981,0.10150643221170444
149308982,0.03246768893193745
149291889,0.05549915249611231
149291890,0.09626054406884381
149293353,0.54307858958854
149293354,0.024683784922985754
149293525,0.17617859361162014
149293527,0.036430621590428376
149293528,0.07359390150853601
149293530,0.08021844691359739
149293531,0.13722726304095242
149293532,0.0963176628476236
149293533,0.022095568287855787
149293534,0.11238149197615016
149306775,0.02361801585621169
149306776,0.023336813984390654
149306777,0.009205399395414206
149291480,0.0309444940416092
149299346,0.0
149298201,1.3156740377565326e-05
149298130,0.045458348861698285
149298131,0.0694373896604542
149298132,0.08559972181892811
149298133,0.05724746143220732
149298134,0.03482860162207522
149298135,0.042194973875410255
149298136,0.1332713883691396
149298137,0.10027063008697075
149298138,0.03876646765110979
149298139,0.025092849171624746
149298140,0.03067010912392561
149298141,0.03358964880538475
149298142,0.10882014274308378
149298143,0.09412505271987347
149298144,0.05785156857919294
149298145,0.05938163244361351
149298146,0.06033900926468919
149298147,0.06014751843353741
149309759,0.05013578360763747
149309764,0.048408810925231846
149309765,0.04214077417261166
149309767,0.0421349216110876
149309768,0.0399679122370187
149300489,0.04323848264142646
149300490,0.043711542858020355
149300491,0.06276495194282365
149300492,0.03791867156604535
149300493,0.0597297857619447
149300494,0.03918681623571889
149300495,0.07019749133455216
149300496,0.06629743242808657
149300497,0.09137450491164865
149300498,0.06957200064361159
149297711,0.08276596173599758
149297712,0.05773933898052294
149297713,0.08392423124359519
149297714,0.09910334265982777
149297715,0.12840045852469106
149299765,0.020731855542036954
149299766,0.016739966798189346
149299771,0.017299247626985818
149299774,0.01703099361284236
149292979,0.050436767056173934
149292980,0.11258500085100873
149292981,0.028909245482203104
149292982,0.05815932857684928
149292983,0.031060189624513707
149292984,0.03875957773191211
149292985,0.023067871213665707
149292986,0.02083676544420053
149292987,0.1141992593592661
149292988,0.027122637967477135
149294257,0.02387556146319574
149294258,0.02529369532946066
149294259,0.02143739814828732
149294260,0.022854348752510495
149294261,0.020168668215263853
149294262,0.024369274078369273
149294263,0.021508735491105383
149294264,0.01903564713107423
149294265,0.024134322178827994
149294266,0.018239392582492173
149298126,0.04462194941315326
149298127,0.04873039038740024
149298128,0.04822378009867008
149298129,0.046973667571880776
149308194,0.05474829080097283
149308195,0.08893697966053819
149308197,0.03638162461912297
149308198,0.025628842938752283
149308199,0.0370129753819644
149308202,0.0467479877496329
149308203,0.03309707522093362
149306218,0.02176318491820006
149306219,0.06304980895014153
149306220,0.018271188414745145
149306221,0.09039016617762413
149306222,0.02142389291322013
149306223,0.042947774892645514
149306224,0.08766999938275698
149306225,0.031827287523375276
149306226,0.018712446423236315
149306227,0.022517252983319053
149308204,0.031695543264364495
149308205,0.029821289502900812
149293717,0.2913182801650749
149293718,0.27042394158865046
149293719,0.450771213665145
149293720,0.3903193343177267
149293721,0.32761291034894074
149293724,0.4418374006996931
149293726,0.40734475925755875
149299662,0.00033936092198078564
149293669,0.1494722271208585
149293670,0.06482466570851131
149293671,0.04196525952338328
149293672,0.2520007119340868
149293673,0.040933738728309785
149293674,0.06756323396123348
149293675,0.1889235405551374
149293676,0.2618360691133713
149293677,0.04396126749442455
149293678,0.0961193899164706
149299176,0.026926803747685288
149306692,1.3778856592569358e-05
149306693,0.05250757332558356
149306694,0.04972544641000613
149306695,0.010803245651510357
149300444,2.7465027901438453e-06
149298835,0.2986702022532052
149299351,0.04170305936257578
149299352,0.03291611269469374
149299651,2.954505120696484e-05
149300509,0.001546637176295894
149300510,5.2757188618633336e-05
149307190,4.4628066546364265e-05
149297960,0.0003284987692651693
149298866,0.016182648869103436
149307876,0.17523160540877517
149306360,0.0058722260357512756
149306361,0.06411268711232937
149306362,0.14386693796369726
149308495,0.08134431498883703
149308496,0.03453662609554031
149308499,0.07981692016532842
149308500,0.04952484766829842
149308501,0.020915612367363362
149307468,0.18901056447245002
149306778,0.006151935072109101
149306779,0.08068561232375503
149306780,0.25723124864509594
149299031,0.01951850650597355
149299032,0.018802368090767067
149299036,0.086968566613654
149299037,0.05112250622896428
149297287,0.007477672863396125
149297288,0.08396266394388816
149308336,9.017655056848323e-06
149306888,0.20534188696436048
149307339,1.2772508560803747e-05
149291866,0.0143168912458089
149291867,0.024685526074315237
149291868,0.09215023181483056
149299267,0.0
149299209,0.00020798673660304227
149299210,0.03489281290183226
149298025,0.06866066411441245
149299784,0.005269548299183958
149299785,0.016860771702079502
149297381,0.05050497765291444
149297383,0.2426563622347359
149297385,0.028169959733502798
149308448,0.004769914478188464
149308449,0.020608915920374254
149299270,0.04551972062334091
149299271,0.016223553103756987
149298434,0.14789585913198652
149298435,0.0838235562025259
149298436,0.13652572208543948
149298437,0.13604503912759447
149298438,0.13248291987295213
149307096,0.1164822984592266
149307099,0.035252917825574
149307877,3.26210250987582e-05
149309437,0.1686376648547412
149291639,0.004669205343793052
149307025,2.5851639657774817e-06
149307026,0.2182077894202201
149307416,3.65548257840053e-05
149307417,0.0134124778528208
149307418,0.013853509506600904
149309463,0.035202340453820626
149309464,0.04166807480237792
149309466,0.0011889930578237316
149306582,0.014542978887721604
149306583,0.05384925561206792
149306584,0.05896308623483593
149306585,0.0018407476471756004
149307505,3.6117056389962776e-06
149307506,0.0008282828370836468
149307471,0.1051647844959818
149307472,0.10809335902269063
149292993,0.048902080562610965
149292994,0.0921679610395623
149292995,0.031092171704058324
149292996,0.03370221392620438
149299027,0.0003903585094307365
149299028,0.0022094329319539514
149299029,0.0681401253038277
149299030,0.068365402789978
149297310,2.9547729047716538e-05
149297311,0.018010482818201282
149297434,0.16144119543411728
149306393,0.004951605357530429
149306395,0.048155550622954645
149306397,0.04959898295396248
149306399,0.04762740584430278
149309295,0.035544467212330316
149309297,0.049736240333951874
149309298,0.017467706308280012
149309299,0.014570131078377525
149309300,0.029620983471950014
149309303,0.009649117556606725
149299826,0.11380771900734722
149299827,0.11209206811335924
149299828,0.10818728896280005
149299824,0.0487378105866187
149299825,0.043951398110010094
149308450,0.02349892685511079
149308452,0.06245496944648546
149308453,0.04361913361658979
149308454,0.014080859121227227
149308455,0.01847470614264599
149308456,0.04434700598516076
149308458,0.04400849630658029
149308485,0.0056718059021519315
149308487,0.024773885800256457
149308488,0.06871745378013554
149308489,0.021265849840708517
149308490,0.006149473112241448
149308491,0.025837383330293003
149308492,0.02365241772385814
149308494,0.02477528442389584
149306547,4.3520423563197455e-07
149307404,0.047619007686747886
149292035,0.025160764607258503
149292037,0.034939205090276274
149292038,0.10866075897444412
149292039,0.07851244554709012
149292040,0.035621631451086336
149292042,0.05984251327716378
149292043,0.06430619543173631
149293700,0.44418144784488023
149293701,0.3691646652623839
149291627,0.01620801439487707
149291628,0.017117497141803835
149291995,0.0002408962158126869
149291998,0.056547224639757324
149291999,0.0940381158311563
149292001,0.06023588296830519
149292004,0.06135199232312334
149292057,0.04370227033596885
149292058,0.020693616855873582
149292059,0.033701084311963975
149292060,0.06372780966038598
149292061,0.21728355940148494
149292063,0.04571228411555825
149292065,0.05925244420329395
149292066,0.12493420777458442
149306179,0.01445190491326351
149306180,0.006815319960567361
149306181,0.012321332291745436
149306182,0.018133595251737692
149306184,0.021368926577780428
149306185,0.0698989685457139
149306186,0.04872408919607117
149306740,0.03441775992614077
149306741,0.005606593474666018
149306746,0.06317512813922847
149306753,0.02619564294690818
149306754,0.016710161529642404
149306755,0.043921129931382405
149306756,0.027282620015371167
149306757,0.002325693181546808
149306759,0.048332563890468305
149306760,0.01863644973989974
149306761,0.20198825272208354
149306762,0.015911295406152375
149309317,0.004623795375489443
149309320,0.01962761605690011
149309321,0.01868637530991729
149309322,0.11148882505889857
149309323,0.01812758894009727
149309324,0.012968759292443085
149307766,0.0013952404181134198
149307767,0.039101378070005674
149307768,0.039517474979680264
149307770,0.04592209670279144
149307771,0.04276323770665879
149307772,0.16014150717730305
149307773,0.0867525737670347
149307775,0.03896839093531322
149297254,0.019862064238935297
149297255,0.02396007459184612
149297256,0.05196866527739164
149308977,0.0683934997420135
149309670,0.003937426731950027
149309671,0.019345538823888425
149309672,0.020170921460562857
149309674,0.01733271263696768
149309675,0.017781459721208783
149309676,0.07613447679790201
149293104,0.0024380950025646776
149291936,0.2691971074473449
149292745,0.03200439488069706
149291507,0.0005188871915287683
149291508,0.06082508980641334
149291509,0.012212946222362268
149291510,0.026217636129326
149291511,0.012689197605646057
149293269,0.03788948168325409
149294184,0.1133057144318095
149294185,0.026104116712723148
149294186,0.03584343771711605
149292142,0.020070485657508973
149291619,0.08738300127201858
149291620,0.08599541195254527
149291621,0.11553724379785589
149291622,0.07238609868847494
149291623,0.020195688839086668
149291624,0.09764101088760269
149291626,0.19612252932803811
149300612,0.00040940007530955783
149292877,0.018016272540135932
149292878,0.006172179900798951
149293355,0.08858325374481824
149293356,0.01556759651665925
149293357,0.0150067976377847
149293358,0.049611452452537556
149293359,0.005747582027604451
149293360,0.013177535481304875
149300165,0.08130861247487108
149294063,0.1608882210194587
149294064,0.38566094442046345
149293182,0.01472851871902226
149308917,0.0003360396184615646
149308918,0.039484825598470184
149308919,0.07190957850684486
149308920,0.0371785510460043
149308921,0.020124638965092395
149308922,0.03700596492022286
149291773,0.48340791942669764
149291774,0.2802559573176806
149291776,0.06527790037411436
149291777,0.3575858842116657
149291778,0.3982164515010395
149291779,0.13185266946497567
149291780,0.78678671943358
149291781,0.11112660649352238
149291782,0.06278592941698033
149309549,0.013243511285646005
149309550,0.3233626316732575
149309551,0.04383393080879947
149293505,0.1641682053353883
149293506,0.03880026692943212
149293507,0.08126058999991657
149293508,0.08432281125995969
149293509,0.07308911382403897
149293511,0.08296220619982196
149293512,0.04584014739182887
149293513,0.10620852944465294
149293514,0.12208822792807072
149298726,0.1554756746178684
149298726,0.22151644637782064
149298727,0.25130890464883027
149298727,0.0700833908008259
149298728,0.14613674360709425
149298728,0.09647237903242374
149298729,0.7864092336037516
149298729,0.7294602370972804
149298730,0.12315343907887685
149298730,0.3293526659166125
149309101,0.2657455833865053
149309102,0.05446912380852465
149309103,0.17847854558167572
149309104,0.29025912847767554
149309105,0.06076384841026587
149309106,0.07952212817895121
149309107,0.002230444589508386
149291549,0.04110897883836302
149291550,0.09478756106556512
149291551,0.05931673578210521
149291552,0.12200777695056882
149293203,0.029717746273905214
149293204,0.00759481658414251
149293205,0.048302315172596894
149293206,0.01526011653588621
149293207,0.020335536410107276
149293208,0.05916474527191403
149291475,0.023237987675970528
149291476,0.012189537307640311
149293899,0.12973746059104477
149293900,0.03940643227386839
149293901,0.02807780507398708
149293902,0.12420096458390004
149293903,0.024788234989743276
149293904,0.21766025507094666
149293905,0.09445443838620816
149293906,0.09855830642379478
149293907,0.01611443746087226
149293908,0.08327210658719764
149300144,0.020225467117037384
149306486,0.02760994638041504
149306487,0.027061556609426822
149306488,0.03904189748934615
149306489,0.032664153154784395
149306490,0.03797887602432536
149306491,0.01788988927065574
149306492,0.020682050434852602
149306493,0.06234997099924023
149306494,0.042592580764483426
149306495,0.022676628556388446
149294061,0.03964634147552679
149294062,0.38555930065688804
149292488,0.01830569227276866
149292489,0.11439448407014466
149292490,0.43282709017003695
149292491,0.15749001482060507
149293869,0.08037006087950015
149293870,0.021451024640845615
149293871,0.04781488923659427
149293872,0.0417318228898132
149293873,0.03473209719175526
149293874,0.07374721529766354
149293875,0.06764491580790176
149293876,0.06339051161565881
149293877,0.027811818888812165
149293878,0.18757079656009723
149300458,2.436016704250789e-06
149300459,1.4306699381451617e-05
149300460,0.20065826984692728
149300461,0.0001634946540889029
149299649,0.00038572180777217
149306884,0.011829607859484444
149298897,0.07723373436513566
149309732,8.296361265049571e-05
149299807,0.022729378536209613
149299808,0.023363059211197666
149299809,0.09775919689326243
149299810,0.05006371421937705
149299811,0.09828709408837139
149299812,0.10961986235721431
149308337,0.00029854790553686427
149308338,0.02526272587936067
149308339,0.02410970979099121
149298005,0.04357363075146686
149298009,0.027874984168548764
149298010,0.16189243534246608
149298012,0.008566729765489858
149308290,0.08347197409983173
149308291,0.030836419817467018
149299839,0.07801560451415027
149299841,0.2521819569579022
149299842,0.04323863871236823
149299843,0.02374345511204302
149299844,0.029899898192594036
149299845,0.04606034574984695
149299846,0.016827834455460634
149299848,0.10356509793859726
149306748,0.0697796940840579
149300611,0.036317703463649535
149307507,4.134413447937286e-06
149307509,0.17057628644939257
149307510,0.0749610997042066
149307511,0.1609853747209994
149307512,0.07226121303103064
149307515,0.25277552791068786
149307233,0.2805798560628146
149307234,0.27500873132554804
149307235,0.045508407911631174
149307236,0.047442036095027
149307237,0.22207273156941557
149307239,0.22160790115573628
149307240,0.28351069977969007
149307241,0.3800451170232847
149307242,0.023689275098336602
149309784,0.04646296218287555
149309785,0.006839862853114491
149307120,2.674716584252144e-05
149309859,0.012452487367543973
149309860,0.034112682972470255
149309862,0.036343959091534886
149309863,0.034739441639062445
149309864,0.034758277353413435
149309467,0.17781946294321962
149307429,0.0016258743219484232
149307432,0.049868976727877316
149307434,0.049408909852681974
149307435,0.023677494304118137
149307437,0.009224552124388694
149307438,0.024380816157065253
149293384,0.016626057117412028
149300558,0.01885166857952348
149298495,0.00039847844231947723
149298496,0.00022313220729589547
149299190,0.0025303966351876523
149299191,0.01653472292751443
149299192,0.014599664737931697
149299193,0.07059194821581721
149299195,0.0703647603168232
149299687,0.015133137799150957
149307384,0.005237317435449312
149307389,0.019296521831484944
149307390,0.01988458269254893
149307391,0.01665031515041925
149309016,0.1422525104711459
149309017,0.08278187485846003
149307806,0.30115868316885497
149292723,0.03876007542146958
149292724,0.06157766680658209
149292725,0.044324614138790436
149292726,0.08979911358386009
149299038,0.03462506879472384
149299039,0.08630939689722894
149297588,0.031974290674669156
149297589,0.030243171565836613
149297590,0.029650536247060277
149297593,0.05721049631927599
149297595,0.007011689079807503
149309229,0.11488425475163878
149300478,0.008515340814043357
149309090,0.12628625224347853
149306163,0.008560507424812193
149306164,0.03100433764842627
149306165,0.03094603873113669
149306166,0.00717585286373022
149306717,0.01066048603403677
149308939,0.005655998281566948
149309584,0.07079963419311594
149307215,0.03730315309534541
149307216,0.013557351570468336
149309562,0.034973099336064004
149306688,0.0724917819504258
149292997,0.02043377077702456
149292998,0.10986808982431498
149292999,0.016543310900689764
149293000,0.033012722403984646
149293001,0.06403448505062759
149293002,0.027562369622331846
149293003,0.08310125969268807
149299034,0.026249360542528324
149299035,0.029128616805348815
149298114,0.00826080461730334
149298115,0.0068514337949080765
149298112,0.016779867452847153
149298116,0.0026462937653052364
149307647,2.0091383954934373e-05
149291892,0.36534146284940033
149299688,0.003467810554739083
149307340,0.028059986696063403
149307341,0.029931228024206193
149293371,0.09175820143093225
149299024,0.03465182260434969
149307787,0.009525121462408501
149307789,0.010571170578082753
149307790,0.009073543555449447
149307791,0.05345463282872517
149307733,0.01818857167320391
149307734,0.017510955491134236
149307765,0.07655195285962624
149307467,0.2246117341324
149307570,0.00033752795402673414
149307572,0.027291791356278943
149300122,0.1343315047355428
149307086,0.03707172453102159
149307087,0.03382163076479267
149307088,0.016889305529995163
149307089,0.008193660046472062
149307090,0.015363820971738464
149307091,0.024641667777404282
149307093,0.02353463518340546
149307094,0.06070336624970916
149307095,0.02379917217381507
149307217,0.00021225152553871557
149307218,0.005245686211689305
149307219,0.004987722023272076
149307220,0.0016989415697845538
149307221,0.014354644429985922
149307222,0.006070102006551778
149307223,0.01296567939550268
149307224,0.013322841199763957
149307225,0.007887274635619118
149307226,0.0582814788011679
149307227,0.014853789930748002
149307228,0.052470342875599034
149307229,0.028427864390016655
149307230,0.03768416612725195
149307231,0.013641329098021451
149307232,0.043886885046482756
149292889,0.01412280987861913
149292890,0.006615446369957847
149292891,0.021365525429784527
149292892,0.04131839105145391
149292893,0.016969271785894892
149292894,0.024889810957392604
149292895,0.05975674756751825
149292896,0.011672240861915364
149292897,0.01644389772496187
149292898,0.022188314789282813
149299373,0.026217693768614853
149299374,0.02219816429725653
149299375,0.04261825469710301
149299376,0.04411585362301342
149299377,0.044210272123090984
149299378,0.04043777813832273
149299380,0.01394178567528478
149299381,0.009090760893732076
149299382,0.017410339759832385
149299829,0.03096887799338997
149299830,0.039143828680269784
149299831,0.10066524795939659
149299832,0.036339474253791366
149299833,0.03997040991793274
149299834,0.03887302673333907
149299835,0.017692359411208575
149299836,0.03414537512265335
149299837,0.03643110018582882
149299838,0.025705977730431265
149307680,0.0002817381767501764
149307681,0.01786298987360773
149307683,0.002485882379390991
149307684,0.004752338257314827
149298178,0.00018525048480013437
149297462,0.0010619472656762156
149306169,0.017785544403844736
149306170,0.008812931009319243
149306171,0.009720099922157955
149306172,0.01586106917826932
149306173,0.02604107166938675
149306175,0.004428924897915699
149306176,0.03397156603916701
149306177,0.03671431435315298
149306178,0.005776387647822471
149309574,0.021621919060699067
149309578,0.02364554412261257
149309579,0.0063272930857151775
149309580,0.040233849831608735
149309582,0.011445856994619828
149309583,0.00822017792686748
149306696,0.027326479486943413
149306697,0.01604832181728813
149306698,0.04028186546892694
149306699,0.025039466664304243
149306700,0.044413712744225155
149306701,0.04160942587615488
149306702,0.0054937787572998924
149306703,0.045458338812861716
149306704,0.015051732683853944
149306705,0.035578991030425555
149298158,0.03562374108729809
149298159,0.02592056702561159
149298160,0.014238658877124142
149298161,0.057066487327618376
149298162,0.025291904711185483
149298163,0.01309968703329494
149298164,0.017502005209140966
149298165,0.04447505127437117
149298167,0.015995422600502907
149298168,0.017559821843050022
149298169,0.009617220612119845
149298170,0.021673669961624936
149298171,0.01882334546122153
149298172,0.0564170977649494
149298174,0.051822862672868494
149298175,0.003890041783797267
149298176,0.07656898372516963
149298177,0.03396739882206503
149309402,0.0008056616459026917
149309403,0.02000248491499226
149309840,0.01332927548388849
149309841,0.02862389139665753
149309842,0.06854833075799752
149309844,0.0715377383132106
149291891,0.4678613703748933
149292867,0.08156822439960161
149292868,0.11824483176227087
149292869,0.2524639291869232
149292870,0.026072031951882447
149292871,0.06442814662447621
149292872,0.026679888400056643
149292874,0.22959048064215024
149292875,0.06499260261362944
149292876,0.06008738861854783
149297300,0.057845922746745174
149297301,0.010615800621913364
149297302,0.08075258039536001
149297303,0.02268038038659812
149297308,0.0064346652936669805
149297309,0.01627948313757501
149300266,0.0444591236678912
149300268,0.008860060977268502
149300269,0.007013966724750383
149300272,0.030151607056338788
149300273,0.07171151026659031
149300275,0.04979481516588526
149297822,0.04216879552453105
149293933,0.1415104882266995
149293934,0.08061829709126572
149298558,0.009933342627686702
149298559,0.026132638047540947
149298560,0.04771507043218135
149299353,0.02214429054789361
149299354,0.015412264291884737
149299355,0.013161734807629243
149299357,0.007934528348544634
149299358,0.01922025662056934
149299359,0.035778182178977117
149299360,0.024931499778020203
149299361,0.03527051072867433
149299362,0.03146252879650198
149291901,0.029310386221249728
149291902,0.1075654110489405
149291903,0.0730649441389871
149291904,0.32747525646490305
149292067,0.022824505035723645
149292069,0.0772574586757261
149292070,0.026708211300684726
149292073,0.023548956967976844
149292075,0.1023628662870438
149292076,0.051210629587839854
149292045,0.02414223899049304
149292046,0.00533723481679094
149308688,0.009572659868870067
149308689,0.018767151973096217
149291729,0.10912580200703643
149293089,0.028711748725876698
149293090,0.023987084272842213
149293091,0.005692194365657917
149293092,0.027179799797798415
149292740,0.03495240723564018
149292741,0.016081621893616838
149292742,0.13944380871744108
149292743,0.017886050526818253
149292744,0.010226517257068954
149292015,0.07925167577284083
149292018,0.012368601636776907
149292019,0.012480891066761927
149292021,0.005279010995404816
149292022,0.016586047563301228
149291707,0.047830137898913036
149291708,0.0029455959382692527
149291677,0.002589830323823728
149291678,0.02622828012443394
149299775,0.020776507403311686
149297967,0.02170465861733262
149297968,0.015733308200134587
149297969,0.013133731305026656
149297970,0.01637476087133481
149297971,0.015703425886061613
149297972,0.014206228686136567
149297973,0.015909570491613515
149297974,0.0069749665634985
149297975,0.030980814619790742
149297976,0.012272241311464557
149292569,0.01758501863938754
149292570,0.030069941959662626
149292571,0.0770090168199597
149292573,0.05721343665093176
149292574,0.03434161617630198
149292575,0.015719200886767804
149292143,0.05693033734745996
149292144,0.028592398504841698
149292145,0.10444967685269209
149292146,0.013637679974101336
149292147,0.07438718098711843
149292148,0.07768581217950393
149292149,0.01981960945952491
149292150,0.0840119923660455
149292151,0.2053518550778217
149292152,0.09741067384054548
149307894,0.0003992623011396838
149307895,0.006310560894605534
149307896,0.00490105209930175
149307897,0.006291545723136577
149307898,0.0069211498611191314
149307899,0.009092508421421302
149307900,0.009009525231331715
149307901,0.008370717776737289
149307902,0.008506151855918917
149307903,0.011372725375042888
149299962,0.0002794658637386913
149308443,0.00032279620438781714
149308444,0.047592692871668396
149299700,0.014647672419802275
149300092,0.06922203082650895
149300101,0.0671668690105015
149297959,0.40746841025273706
149297341,0.0003829237499480605
149297344,0.00016604254149677088
149297345,0.029404925110625483
149309349,0.014551149426777361
149309350,0.030255104959460044
149291706,0.001441465280269125
149298260,0.4117461627708907
149300417,0.0019756917399964945
149298015,0.013497933659262771
149298017,0.0282195503448873
149298019,0.032767685744576454
149298020,0.02818372699914454
149298021,0.030168101040264794
149298023,0.014822783373109874
149299923,8.011062297337899e-06
149299924,0.07522127878558896
149299925,0.06969919793216091
149297945,0.00028949765494595776
149297703,0.07740013845461131
149297290,0.0004952792901881752
149297292,0.029342576020990496
149297295,0.05947496810952378
149297296,0.056034002243776325
149297297,0.04276637380151459
149297298,0.04027406949180984
149297299,0.04378271609913288
149299751,0.07772489508479809
149299757,0.07393688831698211
149307650,0.0036958409205014343
149299274,0.012976754766894433
149299275,0.0009957057232123396
149299276,0.15311479394987287
149299277,0.15430504842920997
149297788,0.034082118897949265
149297789,0.044790463777372606
149297790,0.04159939988212993
149297791,0.028706843049141728
149297792,0.029144796447762827
149297793,0.02666297535577546
149297794,0.02992053831841214
149297795,0.02878983998664673
149297796,0.03151965554056259
149297797,0.02490247802689799
149299264,5.229202431195864e-05
149299245,0.0
149299689,0.028060199563113453
149308294,0.01665846750789486
149308295,0.052977935093307255
149308296,0.022552216772531004
149308297,0.050799690129928333
149308298,0.06216846135672507
149308299,0.055758677395654856
149308300,0.05124518546489468
149308301,0.04772195349203473
149308302,0.02693915099555734
149308303,0.026213862421710216
149306383,0.040848474733797345
149306386,0.015462866633596048
149306387,0.020924332261886877
149306391,0.039462496762668574
149306392,0.062300472771322446
149299859,0.11759992038955139
149299860,0.09158661677973937
149299861,0.0952001470376803
149299862,0.12088693570100219
149299863,0.08567646899549154
149299864,0.06703901599056288
149299865,0.08584125028542079
149299866,0.11578820334066128
149299867,0.1234501501183201
149299868,0.044430462381956776
149309511,0.03395125152135167
149309513,0.04582483941258532
149309514,0.03367609853078354
149309515,0.03177645835737023
149309516,0.028687511711054443
149309517,0.041504673242406705
149309518,0.030830234452848968
149309519,0.034660105546533315
149309520,0.03227195685439251
149307045,0.06813612180228025
149307046,0.16117810128530313
149307047,0.13204541817984713
149308305,0.00014575427628500394
149292193,0.015910054217879287
149291618,0.23504947240343285
149293423,0.04910551454731676
149293424,0.056476535641476054
149293425,0.42202219686321224
149293427,0.4180833234351323
149293429,0.0008325427526159876
149293702,0.2641571479803018
149293703,0.25622129885239947
149293704,0.2719366820231726
149293705,0.23982010193170383
149293706,0.20403427134934232
149293707,0.2747619650377376
149293708,0.2367594677007726
149293709,0.2217631242558472
149293710,0.2117699983155148
149300420,0.07002439766981773
149300421,0.01957675596168922
149300422,0.013827046009922662
149300423,0.012993927013144026
149300424,0.14429171701879126
149300425,0.14567070534954002
149300426,0.08268610633086458
149300427,0.10234397533038483
149300428,0.22378487260198782
149298261,0.021491726734175407
149298262,0.0205977913494157
149298263,0.25473612924942785
149298002,0.02706057193251884
149297729,0.06981412606163374
149297730,0.13643510488489952
149297734,0.1311008923061694
149297736,0.06594832671008506
149299849,0.022441650127508962
149299850,0.11538531507232752
149299851,0.04283226380034753
149299852,0.057609350862943554
149299853,0.06767044035990567
149299854,0.04923731036441336
149299855,0.05317894539633056
149299856,0.01991567342125125
149299857,0.03653976824080605
149299858,0.034197193252578494
149307664,0.009425894816361103
149307668,0.004958068493281982
149307652,0.09485783523504772
149299071,0.011075486728213001
149299072,0.019444136859089876
149299076,0.17457053473388037
149306601,0.08935391979308858
149306602,0.08923090762314415
149306603,0.19900868885941828
149306604,0.19889330731385202
149307243,0.0872332084280253
149307244,0.08949585410863262
149307245,0.08845721175308006
149307246,0.0814416826703916
149307247,0.06826514205079072
149307248,0.07066869087786029
149307249,0.0618807316848751
149307250,0.0616480189498039
149307251,0.06335493034089155
149307252,0.10283200387171038
149309769,0.02485561939264856
149309770,0.003966401443201046
149309771,0.02010004755558649
149309772,0.005478069005875572
149306853,0.03955403281261919
149306854,0.030864429578260355
149306855,0.02850154065490368
149306856,0.06701518940252313
149306857,0.06281480719652296
149306858,0.021043240917346558
149306859,0.09156257416388057
149306860,0.007083978420388327
149306861,0.02235469522833411
149306862,0.07633171537907517
149309414,0.034626338730335826
149309415,0.10324941320472303
149309416,0.07520310853796242
149309417,0.03078726889481293
149309418,0.0352640089806164
149309419,0.06313136600908842
149309420,0.048304474436522866
149309421,0.05401574019490568
149309423,0.015434192706334839
149306783,0.022824610115749207
149306784,0.009626067798609115
149306785,0.014701001044022761
149306786,0.0076688544639988135
149306787,0.018953629121869767
149306788,0.019942044191205058
149306789,0.0033389061345855528
149306790,0.026721900149213076
149306791,0.03240971805985594
149306792,0.07817140388344468
149292234,0.14577955705533815
149292235,0.04472891888536282
149292236,0.09335963755642093
149292237,0.07989256424080189
149292238,0.035360722861886296
149292239,0.029318974590001427
149292240,0.07314287707634581
149292241,0.03603249709645184
149292242,0.026809315481842462
149292243,0.1254926867905844
149306847,0.013690252612933964
149306848,0.07872709253589333
149299946,0.038069518997121174
149299947,0.06754460265768455
149299948,0.025360458798404255
149299949,0.03335655682420963
149299950,0.029158952787224364
149299951,0.018135895284012556
149299952,0.02117702939750267
149299955,0.016972007659670326
149297987,0.023921918856105787
149297988,0.02753262232197204
149297989,0.014156385312070219
149297990,0.03394611564697302
149297991,0.028954096885817283
149297992,0.02889684406897432
149297993,0.019536962673276172
149297994,0.04728312858814187
149297995,0.0470505991142384
149297996,0.01764824712598189
149299401,0.02805589183583369
149299402,0.22644647992611494
149299403,0.03770645765905083
149299404,0.07803246028056897
149299406,0.08931042539995655
149299407,0.19856228825131345
149299408,0.0768658857302569
149299409,0.058272140782713894
149299410,0.1146792961357534
149293463,0.07037494851024653
149293464,0.01836051698206522
149293465,0.10569073631103545
149293467,0.0892219103380427
149293468,0.03370158261581421
149293469,0.09072062340379496
149293470,0.00981360753262366
149293471,0.03183639611774818
149293472,0.03211701835762645
149298113,0.016391279705597672
149308280,0.01441252226341954
149308281,0.008153370683013222
149308282,0.03573007455061318
149308283,0.01762040373887584
149308284,0.01328943866212607
149308285,0.02348036524544004
149308286,0.014703198577802766
149308287,0.00845775790894257
149308288,0.041256135687312644
149308289,0.03831669200909103
149307651,0.26337177725566624
149293025,0.11557674780247505
149291947,0.001458832008438585
149293270,0.007085232328032877
149306111,0.01925290837008231
149306113,0.03244948334366378
149306114,0.024485035943004628
149306115,0.023985988723908374
149306116,0.030036087410543887
149306117,0.014885081822450014
149306118,0.01837066133185339
149306119,0.01599197518610041
149306120,0.018036079586651016
149292025,0.013988240532907124
149292029,0.026059496629497164
149292030,0.010759731910836864
149292031,0.03273994023898756
149292033,0.02765435539532118
149292034,0.0268438222398005
149291680,0.07522330055147017
149291441,0.0
149292586,0.32725010342626054
149292587,0.06394738718316466
149292588,0.15894164841477518
149292589,0.07553441457667512
149292590,0.06155214919839003
149292591,0.17728258808870861
149292592,0.16091184129496106
149292593,0.1831748496376756
149292594,0.14665777015808795
149292595,0.025811416365062262
149294112,0.052202259888079174
149294113,0.037489673007895734
149294114,0.035884454315576395
149294115,0.036014135939915856
149294116,0.0774947990985104
149294117,0.0816038906661375
149292532,0.03334088782603488
149292533,0.05726766432327005
149292534,0.054496942231222416
149292535,0.03303432494612569
149292536,0.06138620284555767
149292537,0.04762292382890664
149292538,0.029227647342632012
149307807,0.006725835248133048
149307808,0.23018021331551283
149307809,0.02688801814420728
149307810,0.00957911337922688
149307811,0.0708867260276016
149307813,0.05635714377813936
149307814,0.026330347840835044
149307815,0.32762105777479134
149307816,0.30195240541804413
149297635,0.018461047089377795
149297636,0.19414979277638775
149297637,0.05446931086951544
149297638,0.008158408582930182
149297639,0.023594223285837976
149297640,0.018596481640812526
149297641,0.024855136894197712
149297642,0.01462930070799013
149297643,0.10258749556887459
149297644,0.020792701447746757
149308554,0.0441437438869365
149308555,0.03556467499555002
149308556,0.02770076831428539
149308558,0.029655823685277857
149308559,0.042720762947943976
149308560,0.0637880881438507
149308561,0.013145530456701164
149308562,0.021177352401195202
149308563,0.014197509667869682
149306456,0.03611280298396505
149306457,0.11375264913797986
149306458,0.018565157977278826
149306459,0.010162281139010998
149306460,0.0953542989134307
149306461,0.10145860260447001
149306462,0.0330061965234012
149306463,0.02533580262096503
149306464,0.03045665215207202
149309710,0.05527694755856858
149309712,0.027366840400646342
149309713,0.06692292744756671
149309714,0.09710115521440806
149309715,0.11373293823288341
149309716,0.022079837989406013
149309717,0.13904963021690023
149309718,0.047375048930481375
149309719,0.046697616005373095
149297823,0.0585741931451536
149306578,0.01899417927348545
149306579,0.05136920149339946
149306580,0.01839080329493496
149306581,0.02957794748631132
149307601,0.43223407600718966
149307602,0.43104568866154386
149307603,0.29136235126870536
149307604,0.07406442738553272
149307605,0.29837816654703386
149307606,0.07541417007368145
149307609,0.07602759985077262
149294041,0.14241826911263192
149294042,0.10757754608529858
149294043,0.5032031569615839
149294044,0.07112401432329288
149292637,0.0006575208802378781
149299678,0.0023667926671240296
149299679,0.06795899329103408
149299077,0.09164433526999013
149299652,0.02692306961375867
149299653,0.13600874477431826
149299654,0.0071197575572619805
149299655,0.03278493670935839
149299656,0.1186186285229916
149299657,0.055534821522304635
149299658,0.05585688963842972
149299659,0.027667926702196356
149299660,0.014914627060450806
149299661,0.0354860420502764
149293181,0.014939411363372644
149306716,0.022572571526321396
149309845,0.0017165398851922212
149309846,0.008050057789152121
149309847,0.012228848610330577
149309848,0.010904385346644322
149309849,0.012112729150303758
149309850,0.010705547685761062
149309851,0.014797644983235896
149309852,0.002336982793944066
149309853,0.030122750244347372
149309854,0.010720934015978475
149309438,0.01657667392915824
149309439,0.04523444312289901
149306691,0.044624360461559445
149307517,0.001975883442355744
149307518,0.08698827634390928
149307519,0.002086558805318533
149307520,0.0928238336264763
149307521,0.08743169409677455
149306690,0.019609745344118665
149306677,0.011353560436994772
149293169,0.043058764294908874
149293170,0.02550092593504504
149293172,0.030240327709462243
149293173,0.09761156569454281
149293174,0.03642552933093691
149293175,0.051668341243071354
149293176,0.05676857339959901
149300578,0.00409348473758219
149300579,0.0023361146139690464
149300580,0.013575423503330828
149300581,0.005830762381001388
149300582,0.006110650300839727
149300583,0.00925695419521633
149300584,0.006797149941150814
149300585,0.012833663152876299
149300586,0.013408955462350608
149300587,0.008661068209326384
149297755,0.008073526511099846
149297756,0.02150449536357633
149297757,0.013540938384797639
149297758,0.011722314458062526
149297759,0.013359377742926113
149297760,0.007698641200832407
149297761,0.014756748935113627
149297762,0.031804095121765685
149297763,0.022862016297658005
149297764,0.00910363930179021
149307685,0.009950003745073599
149307686,0.00972229647682295
149307687,0.012542693352000957
149307688,0.005733777540883143
149307689,0.02677369644513474
149307690,0.01649999411853464
149307691,0.015250691618677198
149307692,0.019015048903894684
149307936,0.0197661514252983
149307937,0.022257266254799884
149307938,0.027675348610965513
149307939,0.038666115979717364
149307940,0.015473239293375457
149307941,0.00871690573643959
149307942,0.008817316487056266
149307944,0.025818592055795023
149307945,0.03419074364053367
149309265,0.015942606571649837
149309266,0.0109625888420757
149309267,0.016205364606151882
149309268,0.03961584647137254
149309269,0.10075514213815384
149309270,0.03950349462356373
149309271,0.07221530488464832
149309273,0.016542154262372027
149308690,0.13192158171982193
149308691,0.03632404465957823
149308692,0.06649735943668665
149308693,0.05476063950140323
149308695,0.0058447751657586715
149309332,0.03165107225356007
149309334,0.02490587566588254
149309336,0.03637810694466131
149309337,0.021503618679752437
149309338,0.026834653940761493
149309339,0.022035453452384123
149309340,0.03718374533975924
149309341,0.06000372377110043
149292793,0.028473055784168286
149292794,0.028465636213884316
149292795,0.0013416787414045894
149292797,0.014193083638783589
149292799,0.025082601184191467
149292800,0.026541788111589627
149292801,0.014400771391508284
149292802,0.028939941298506494
149306143,0.10439817161350988
149306144,0.00849764792469614
149306145,0.07119225239557882
149306146,0.07571020894820488
149306148,0.06730551018318222
149306149,0.09612796885460537
149306150,0.07107832140303988
149306151,0.05131524260104808
149306152,0.07211628060252465
149292005,0.03458268558970428
149292006,0.06875308271453422
149292012,0.029137245193727436
149292013,0.040528940563046845
149292014,0.04114421435975468
149291435,0.023131698392648434
149293376,0.007937638813890117
149293379,0.044228754742523115
149293380,0.039298280299456055
149307439,0.03545351346249719
149307440,0.05048960976590408
149307441,0.004000425543893124
149307442,0.020426148950489754
149307443,0.029361485162285303
149307444,0.020225910589386886
149307445,0.03767403720830516
149307446,0.021649409501835474
149307447,0.007754124344810901
149307448,0.01378955178104961
149307451,0.06717500287912467
149307453,0.09358656879695743
149307454,0.19270879298770743
149307455,0.18723259168129744
149307456,0.09382725595622471
149299813,0.12160990706768372
149299814,0.04777083375610724
149299815,0.08271589126159506
149299816,0.09116211036747957
149299817,0.09046271215539492
149299818,0.34701712178183586
149297977,0.023238959194948214
149297978,0.0107634237412332
149297979,0.024908876167502994
149297980,0.015255280027342362
149297981,0.02122189861026718
149297982,0.016465140446354182
149297983,0.012517882951501405
149297984,0.021189811430287746
149297985,0.020871437218690288
149297986,0.012826550764562175
149298681,0.023326799053533104
149298681,0.22826956495142356
149298683,0.19757310852212612
149298683,0.3449139663577174
149298684,0.5058089203843813
149298684,0.34957723194403273
149298685,0.4195069785463742
149298685,0.19289567054179996
149298686,0.22958119451579445
149294059,0.050850743639616176
149294060,0.06651879052834447
149292294,0.04227732377512978
149292295,0.02679456410022605
149292296,0.026232954026625448
149294267,0.1543207292875911
149294268,0.21618191610711085
149294269,0.010626984659983173
149294270,0.01667453607486538
149294271,0.06847295833774115
149294272,0.023435020239573605
149294273,0.011143068920833683
149294274,0.053582035632877965
149294275,0.2244318509161486
149294276,0.08000159081344688
149308936,0.012096255067316966
149308937,0.06788971958933233
149308938,0.24508961408847502
149309699,0.0008909857854575757
149309700,0.0038793458809735786
149309701,0.0072696934271857605
149309702,0.004044000795619266
149309703,0.01752457862173032
149309704,0.002117478225449923
149309705,0.017589762563676593
149309706,0.015594789684067734
149309707,0.04239293171992864
149309708,0.016228784489577475
149309424,0.006183160314470893
149309426,0.06601042657146097
149309427,0.1093183890814317
149309428,0.011694546562565293
149309429,0.07553218979726305
149309430,0.03846126355288721
149309431,0.1406089925817812
149309432,0.12080394063122733
149309433,0.02159956192157172
149307926,0.007835205649712391
149307927,0.0183959073171776
149307928,0.00284335397192175
149307929,0.027397801475454307
149307930,0.014296818034246556
149307931,0.020773574321008455
149307932,0.02881713625667515
149307933,0.011837934590030743
149307934,0.015292920916931563
149307935,0.03316102946764143
149299411,0.01222432785154923
149299412,0.012595405099292802
149299414,0.013748518786645026
149299415,0.019272699435623694
149299416,0.019054938679992115
149299418,0.02074040169994986
149299419,0.013204414963989893
149299465,0.01374397078317168
149299467,0.016150991256283723
149299468,0.016429090703708946
149299469,0.016181711408795
149299470,0.012289139173856933
149292989,0.0121159396550442
149292990,0.03863126416442308
149292991,0.05290355825685245
149292746,0.043304931577649995
149292747,0.019551838711978946
149292748,0.035850003460978226
149292749,0.0035825355815632884
149292750,0.025829957773806603
149292751,0.0254679172341448
149294007,0.032836944243749076
149294008,0.020106542670146246
149294009,0.023126817333734336
149294010,0.007761654184842812
149294011,0.010526347015051998
149294012,0.046816752794717524
149293125,0.022511105676455027
149293126,0.0936853662481577
149293127,0.05582671452267803
149293128,0.03248316862350596
149293129,0.021354115555304636
149293130,0.027632590087644963
149293131,0.013169761353380003
149293132,0.07183042301121602
149293134,0.0460236024790599
149292097,0.023182686204573137
149292098,0.013635948879093788
149292099,0.046705311336813105
149292100,0.02712067170182511
149292101,0.008711155309940509
149294164,0.06585081784992768
149294165,0.0755764603765497
149294166,0.07508062202932973
149294167,0.026225557904851152
149294168,0.020724591486694335
149294169,0.07404554877673888
149294170,0.07025796803852298
149294171,0.07238394297192145
149294172,0.1386273112240555
149294173,0.027695086854879675
149291685,0.033503516549670403
149291686,0.00954031302388459
149291443,0.0012409126124409006
149291444,0.003011882669795931
149291445,0.003994197883959001
149291446,0.0017810205929657344
149291494,0.004938696519372932
149291679,0.006656822262821406
149306527,0.0277331105057787
149306528,0.03145435769248437
149306529,0.03706337421394309
149306530,0.03290564524864022
149306531,0.04245143205019747
149306532,0.04405354715075356
149306533,0.059491282671500126
149306534,0.04915795892952588
149306535,0.03944382859303511
149306536,0.02823966967844285
149293165,0.07109287435347063
149293166,0.01824000044344595
149291449,0.022545745718579476
149294078,0.07154880257236829
149294079,0.25939166952426845
149294080,0.12087107184645735
149294081,0.07469347141109797
149309211,0.061830917679786684
149292638,0.005259170989334734
149293699,1.1131057556419057
149297397,0.00033828304263282233
149293456,0.05546270013597156
149293457,0.17155558951438668
149293458,0.05101537806580637
149293459,0.173360923807852
149293461,0.003425240830309769
149293462,0.003310089917809239
149308566,0.03875238091290478
149308567,0.04563378642355977
149308568,0.04299810974909994
149308569,0.046327678317518745
149308571,0.04790572468155028
149308572,0.0331750368374637
149299206,6.424492736696746e-06
149298902,1.6910417474528767e-06
149309548,0.31562051093182575
149309547,0.11483118805630142
149293406,0.19382547972176864
149293407,0.1992252192458801
149293408,0.006363081703668011
149308518,0.18141445454508384
149308519,0.2648916119720366
149308520,0.026533458769354305
149308481,0.06023258432894266
149299189,9.184143814809547e-06
149299541,1.2313702102039427e-05
149306455,1.337195772227349e-05
149308446,0.10080411521371162
149309563,0.058643186773376585
149309290,0.34135040060877964
149306448,0.023697804400952482
149299539,0.025095248555157483
149299540,0.024665789012996514
149298004,0.0001389159302430079
149309038,0.07911432269197946
149299956,0.1000792912177605
149299958,0.041889991218819284
149299959,0.04262547625943
149299960,0.007820061426408237
149299961,0.007917899325964022
149300642,7.313651923827381e-05
149300643,0.00015239953670682027
149298898,0.0220135469902316
149298899,0.023222846209125535
149298901,0.001522899686402197
149309733,2.9279082378413744e-05
149309734,0.5494105360868111
149308445,0.08115180421046429
149298328,0.08187504157224487
149298156,0.018376238271851766
149298157,0.047939395011220645
149308987,0.03883068681943041
149308988,0.13736307789758076
149308990,0.19635282212616373
149308991,0.02327327602367488
149308993,0.18901077236055872
149308995,0.30457460951334475
149298028,4.169010438352257e-05
149298031,0.05457000756772744
149297280,0.0002845630336879914
149297286,0.04467621264061682
149291434,0.014692118860717321
149299572,0.0003751102542490953
149297321,0.018392276079834558
149297323,0.025469809515578232
149297324,0.007910573791580779
149297325,0.011301504431134353
149297327,0.01574884400598018
149297328,0.02027015696414341
149297329,0.11251126151786825
149297745,0.011303983530377258
149297746,0.021446880086221483
149297747,0.037497918250537686
149297748,0.024295424793636368
149297750,0.019367273619477165
149297751,0.046550011987389506
149297752,0.07497289172568161
149297753,0.1724678394270636
149307726,0.046264684299393545
149307727,0.04823416156269337
149307728,0.05154631656034001
149307731,0.059441787240247394
149307732,0.03421511623860962
149298887,0.014134070180465402
149298887,0.19133082653739525
149298888,0.6302754255736155
149298888,0.18804139640995557
149298889,0.5102429215484339
149298889,0.6815680754461519
149298890,0.1794077566751051
149298890,0.17343268801141623
149298891,0.20626477825794448
149293752,0.016660129011373547
149306548,0.010369273879670668
149306549,0.013655091702585442
149306550,0.012202226941690202
149306551,0.020394439198923895
149306552,0.021122489664451842
149306553,0.014488188841006538
149306554,0.014809498826925139
149306555,0.03528456055838395
149306556,0.05090165195285945
149306557,0.011398008466549968
149291466,0.008963716945878946
149291467,0.010316921007724468
149291468,0.020511088618393805
149291469,0.02694953144607342
149291470,0.03391205821203272
149291471,0.045926902869852446
149291472,0.03355708692284214
149291473,0.041750616379644744
149291474,0.0071043532975453
149307670,0.20233308775659525
149307008,0.021476136957680646
149307010,0.04748406771366912
149307011,0.02659177034240715
149307012,0.019199987339043875
149307013,0.03721320308056211
149307014,0.10937190763118139
149307015,0.09018132018173798
149307016,0.003359446442557175
149307017,0.056564371379281546
149307865,0.2141709296905009
149307867,0.20535053483846694
149308306,0.03324226750465615
149308307,0.023668445153718715
149308308,0.05836937534814833
149308309,0.06698050769471482
149308310,0.05738702487547944
149308311,0.056673637480303296
149308312,0.06323174061023842
149308314,0.09307052333272574
149308315,0.06718287774812856
149306445,1.4115664466753617e-05
149308480,0.08486663150206293
149306449,1.3983373368911871e-05
149309552,0.1455766482102166
149309553,0.09519689107226703
149309554,0.31211641733302903
149309555,0.36012495399770095
149309556,0.07145423755252048
149309557,0.35154495119803825
149309558,0.0870169286259666
149309559,0.2822291391075241
149309561,0.21034576760728976
149298265,0.011684862940408061
149298266,0.02628405159042981
149298267,0.08246999939203277
149298268,0.02223251125530203
149298269,0.01068719489742873
149299776,0.04085555161035908
149299777,0.042322730205729873
149299781,0.05139049024634262
149307884,0.05476113716263085
149309731,0.024427321084988164
149299266,0.00379520973330137
149300416,0.005735166201590923
149300472,0.03818106646824134
149300473,0.00018370501943966967
149300474,0.032519468613044236
149300475,0.05104077447397055
149300476,0.043133577273684234
149300477,0.05228139414269359
149297726,0.006731759585693906
149297578,0.020254073958869606
149297582,0.006850892264923425
149297583,0.03508624436571754
149297584,0.04382057133549965
149297585,0.038889015056817064
149297586,0.037608429539045224
149292254,0.03826928487855952
149292255,0.13097502705709121
149292256,0.08813927508072242
149292257,0.029637263071289072
149292258,0.06249780349994435
149292259,0.12972513994282214
149292260,0.07130474486164678
149292261,0.05717279957779343
149292262,0.042809308078906136
149292263,0.07658342394896808
149308392,0.11135590929744707
149308397,0.042057318129004075
149308398,0.041248216059358016
149308399,0.05271640357382961
149308400,0.025729991997449474
149308401,0.10161043655801924
149306599,0.024317876365877157
149306600,0.019112254135366925
149306898,0.00035283347121726783
149306900,0.02020964772485057
149306901,0.02023380194702662
149306902,0.01323612569895292
149306903,0.003051598736716976
149306904,0.012030052481897806
149306906,9.108340411312267e-05
149306907,0.013036233403589387
149306678,0.10433021186204615
149306679,0.020271804955145925
149306680,0.10008547219914686
149306681,0.01598468765278421
149306682,0.03087401030422773
149306683,0.09980480957807204
149306684,0.10303424584357569
149306685,0.01589404005113159
149306686,0.09706991050616558
149306687,0.01608842882743592
149307254,0.029811086559918792
149307255,0.028099776192943935
149307256,0.010308276664634644
149307257,0.033933438540920714
149307258,0.026872627083195752
149307259,0.023848904708030937
149298497,0.011013517315746168
149298498,0.03396134955059483
149307817,0.09692255192840403
149307818,0.12912197757630942
149307822,0.1305676609075534
149307823,0.1155734479001685
149307825,0.11343634272204607
149307826,0.09299496238724252
149297702,0.01896090295162152
149297465,0.055564307584252556
149297466,0.12765200821851463
149297494,0.042903520330001686
149297497,0.029796380869162854
149297498,0.04627644193196984
149297500,0.027656212337871303
149297501,0.0459867930857276
149297502,0.057763599961462984
149297503,0.07694142486851197
149292712,0.12195505039142862
149292465,0.04953656958459389
149292467,0.009183836394498471
149292468,0.052304335266093564
149292469,0.009090185438788987
149292470,0.02274358988899456
149292471,0.03266710116392031
149292472,0.03531462707584336
149292473,0.023981461868284728
149292474,0.0023586340798572958
149299328,0.05059960668919457
149299329,0.1127458480009041
149299797,0.3110955259918463
149299798,0.04725554406290204
149299800,0.0484138457015645
149299801,0.053721616353205985
149299802,0.05186165966002073
149299803,0.03985860154776688
149299804,0.04145476013200841
149299805,0.2388211180995086
149299806,0.1824410663599824
149292626,0.09901233402087245
149292627,0.20203111342779034
149292628,0.1455145387515738
149292629,0.14367731748298945
149292630,0.19551763534344596
149292631,0.09651636611167717
149292632,0.1400748266755873
149292633,0.20138272896128503
149292634,0.11310784489632367
149292635,0.14017706707596667
149292435,0.08288019711547763
149292436,0.08600830441379491
149292437,0.06592442288470171
149292438,0.11320919374029334
149292439,0.0946491462837156
149292440,0.09675288699980412
149292441,0.07496471778723601
149292442,0.11198921988355666
149292443,0.07508113616775212
149292444,0.055833085745057014
149298449,0.38944676428605773
149298452,0.18962667886504694
149298453,0.18211041027895575
149298454,0.3311104560330284
149298455,0.18980308310857474
149298456,0.09017026429323147
149298457,0.3376692388875827
149298458,0.3421128180280515
149298695,0.029327081293676005
149298695,0.09826279507346343
149292224,0.02641258840728458
149292225,0.03112721385081739
149292226,0.056617423321790976
149292227,0.055819695396786294
149292228,0.025511095801851826
149292229,0.03406686476963399
149292231,0.20085243662587918
149292232,0.02381975579757009
149292233,0.04921595948023236
149292366,0.03454596745536556
149292367,0.03352766939334384
149292368,0.01582246650116708
149292369,0.049077736111043394
149292370,0.015679543004938293
149292371,0.04263475008036612
149292372,0.05329506309941964
149292373,0.07208673256163603
149292374,0.08549533623492328
149292375,0.047371805832853234
149292357,0.02976852849007697
149292359,0.05270041342945551
149292360,0.016826839282552318
149292361,0.01612381114280297
149292362,0.01460279531304264
149292364,0.02073755094854277
149292365,0.019936063787197904
149292415,0.23564590492570006
149292417,0.038240103869801624
149292418,0.038782802870626416
149292419,0.22162999983825976
149292420,0.05922503869217041
149292421,0.035504892341543116
149292422,0.17395662033668383
149292423,0.016677963931587318
149292424,0.08041907614659458
149309080,0.07515880932803116
149309081,0.048706746362193735
149309082,0.0715731093313161
149309083,0.07962787194364926
149309084,0.021491061778928604
149309085,0.03245563384328275
149309086,0.09165739965697314
149309087,0.07601857693448502
149309088,0.043242977628584554
149309089,0.037061055077950836
149297331,0.03936378094905315
149297332,0.06696694317805078
149297333,0.03611073292368199
149297335,0.0927219261736479
149297336,0.007795178594608675
149297337,0.007287095628820604
149297338,0.04320032821509838
149297339,0.006444440537173833
149297340,0.05086550599413159
149297858,0.05819212691021961
149297858,0.19342721988048459
149297859,0.036255361622881795
149297859,0.09579198834608159
149297860,0.17621836204489794
149297860,0.19877691403667982
149297861,0.10556275825664745
149297861,0.10289183765631596
149297862,0.11410519263731339
149297862,0.09375527918758784
149299501,0.01926504905511838
149299504,0.019659607109210466
149309258,0.0639146093375262
149309260,0.01697029713831109
149309261,0.025714911111661038
149307048,0.012521054138966618
149307049,0.007937014006516988
149307050,0.015153759665405366
149307051,0.014651285842776165
149307052,0.0035735332614004823
149307053,0.004205925330586666
149307054,0.01578601197908362
149294003,0.05398252041282526
149294004,0.009613743362811268
149294005,0.022014429431156706
149294006,0.01137255389145465
149292792,0.08951597420788118
149299871,0.03433787974436442
149299872,0.03314500638543337
149299873,0.04484214765441769
149299874,0.03447782178885951
149299875,0.031160655560651083
149299876,0.07076284690803836
149299877,0.03314366875433231
149299878,0.012357154357897424
149299879,0.037907834057600835
149299880,0.024325358314387303
149307018,0.013687721982616625
149307019,0.008631052758731637
149307020,0.005367400309932545
149307021,0.00861294375617929
149307023,0.007789589735818912
149307024,0.026873469357272597
149308009,0.13989490648809427
149308010,0.04811847320795131
149308011,0.24433399308261042
149308012,0.3350430773503388
149308013,0.2582729499305722
149308014,0.12841636648133023
149308015,0.1376074344941536
149308016,0.2974133499148458
149308017,0.1998329236149757
149308018,0.3133301123519579
149298748,0.036231778137134886
149298748,0.38943126411838785
149294045,0.018750376821598386
149294046,0.018224102880191172
149294047,0.0593177406544123
149294048,0.040197801621495166
149294148,0.023375896035609384
149294149,0.05139717824983006
149294150,0.05022723192470979
149292969,0.05914703656768398
149292970,0.1015718457322562
149293135,0.027997887200544545
149293136,0.016714278763358376
149293137,0.011525256573601964
149293139,0.015319196482046054
149293140,0.020140985251081038
149293141,0.03747874780883887
149293142,0.03662778467578923
149293143,0.014158988699876434
149306815,0.019990387345092366
149306816,0.025422931504478906
149306817,0.009356164496989073
149306818,0.02425034555795394
149306820,0.05926913965405581
149306821,0.02807144665120078
149306822,0.04745885502363333
149306823,0.16313227956726623
149306824,0.14786907008034925
149292698,0.12782906006486058
149292700,0.013269563996975585
149292701,0.0036974391501707663
149292737,0.013169095112703023
149292738,0.004987645545647223
149292739,0.00932643842201636
149293036,0.01901059136749046
149293037,0.24807313385875956
149293038,0.07438765637222376
149293039,0.04436741547262067
149293040,0.08729201348970912
149293041,0.014060168971836375
149293042,0.0975548363870767
149293043,0.036122832690210056
149293044,0.01209791571988825
149293045,0.21371564787321096
149309531,0.20615429854828232
149309533,0.08448591989011255
149309534,0.12630482363332723
149309535,0.22368270717712457
149309536,0.030001918395463577
149309538,0.07331486587288391
149309539,0.12573327204771342
149309540,0.04559910326195913
149298400,0.20091651414199813
149298401,0.05880856538231653
149298402,0.0396223683564163
149298403,0.17981534817981196
149298404,0.13740802060699167
149300300,0.036126848459860965
149300303,0.02795204604100522
149300305,0.019446043480561163
149300308,0.026493579111973805
149300309,0.03613352878597067
149292284,0.18432723733929415
149292285,0.2128542954422964
149292286,0.0987606767497322
149292287,0.1935941239749288
149292288,0.1811768768842519
149292290,0.19854031737360428
149292291,0.09998674313421864
149292293,0.19033981607626035
149292445,0.06375125100531874
149292446,0.06053192266367973
149292447,0.1378830710451202
149292448,0.057432652589782925
149292449,0.049263246376516676
149292450,0.04680746815030107
149292451,0.12946084446084422
149292452,0.13924080942973943
149292453,0.05938383854188942
149292454,0.0460261833162863
149307358,0.034638126687425747
149307359,0.03515051295793504
149307360,0.049363354804048555
149307361,0.05001650252388717
149308340,0.015587769652887929
149308341,0.014547120712906434
149309730,2.6551988199935024e-06
149308346,0.007057592412895749
149307378,0.030511224683055834
149307379,0.03017984450544416
149307382,0.031339865621990086
149307383,0.03486489775043822
149308292,0.058936848421425346
149299263,7.24025473570024e-06
149293410,0.17554214257393327
149293411,0.04091063639721179
149293412,0.04105823221681683
149293413,0.16257560121175416
149293414,0.13912670792372275
149293415,0.1332956148759487
149293416,0.1636897194338729
149299243,1.7296252181541503e-05
149299922,1.1953424205063315e-06
149299185,5.286912322428671e-06
149299186,0.008855014471931811
149298903,7.536100272905347e-05
149298938,0.05681110746714092
149298939,0.03424315891482959
149307027,0.030444794375206134
149307028,0.017527296687973797
149307029,0.016974001356317492
149307030,0.11644880051536562
149306440,7.983570097127032e-06
149309342,0.1544761412127876
149309346,0.14418765202393544
149309347,0.14274021271828297
149306992,4.960627087147186e-06
149307449,0.09963530030954794
149307450,0.05027301431256432
149299033,0.02367078023988151
149294118,0.1831321476093019
149294120,0.028543167858838515
149294122,0.056805242879260136
149294125,0.015385034584273628
149294126,0.025801227036340708
149294127,0.03860740219262149
149300322,0.07708392889764999
149298124,6.349113504835873e-05
149299525,0.14130897564063769
149299528,0.1015575000155499
149298110,0.0001612598860765833
149298111,4.9108341995933795e-05
149297961,0.0373398966014081
149297966,0.04740571564915812
149297258,0.06903610327082427
149297260,0.07390268109587025
149297262,0.07603102087999888
149309000,0.22762621627353877
149306587,0.08350794044269429
149306588,0.01809631880756401
149298270,0.043723571249370166
149298966,0.02295295658033099
149298967,0.023897673357046862
149298968,0.034385054501416275
149298969,0.034108536686658794
149308517,0.024023046254619013
149308875,0.23070024953710117
149308877,0.05149857190961587
149308880,0.15376007580808052
149308881,0.014374284540627754
149308882,0.14630685689209752
149308883,0.10419951848574273
149308884,0.2707793091449285
149308885,0.08954408035177998
149308886,0.07948151240206694
149308890,0.1351989740095577
149306444,0.03269422273162539
149306446,4.662209617261063e-06
149309292,0.011493457738472017
149309293,0.010239501035844343
149309294,0.009474123206008364
149292685,0.060293075814560546
149292686,0.09719967646758967
149292687,0.05818691659825458
149293945,0.04969761702066251
149293946,0.06935626727202887
149293948,0.02725526993573158
149293949,0.03544834749154898
149293950,0.18740578966486007
149293952,0.040938381160527185
149293954,0.07618707295976933
149298415,0.1543812019026946
149298416,0.1771781548909309
149297257,0.041694726631533965
149298469,0.22918706552773893
149298470,0.23698918161682841
149297997,0.06252978183463205
149298001,0.0489877271971295
149300297,0.007236813940927429
149293765,5.76343449166062e-05
149309040,0.16477518545310474
149309041,0.1614159827320051
149309042,0.054695311213230804
149309043,0.05571047183704534
149309044,0.16715831064529696
149309045,0.16968883221264963
149299112,0.023995258007951742
149299025,0.039184321612664906
149299026,0.027182425157468278
149298355,0.17286841610075251
149298356,0.1736751226327341
149307735,0.04764292987312719
149299987,0.011215252849970166
149298485,0.007341486280839711
149298487,0.007065188775610732
149298488,0.007381974130018498
149298489,0.004575337108094924
149298491,0.008695655180904618
149299481,0.03799006561524558
149299482,0.04020687249382889
149293051,0.02940230454793215
149293052,0.02872900145541872
149298214,0.07507172672033272
149298420,0.0852883469895306
149298421,0.08339815629875638
149298422,0.04129168402703769
149298423,0.04429984267659238
149297467,5.38083476038748e-05
149299759,0.038078250223895334
149291893,0.05995196112504801
149291896,0.133124567654775
149298292,0.005474573086590466
149298293,0.0332134881301249
149298294,0.016018602596498593
149298295,0.04546240176673187
149300131,0.1473258322393261
149300131,0.3006226748549098
149297857,0.1076487178440479
149309028,0.0270047515292641
149309029,0.012232022601854863
149309030,0.00906689674848439
149309031,0.025232093900856803
149309032,0.016080668256128854
149309033,0.029094888327430242
149309034,0.08102034234293518
149309035,0.021147120200751126
149309036,0.015472894596130472
149309037,0.013399560873829701
149297775,0.033803754541926016
149306131,0.1186185461011701
149306132,0.05865544054470305
149309232,0.10165895903410013
149309237,0.048378362014963906
149309238,0.10767221946953764
149309239,0.190028219189263
149294286,0.04172098749798608
149294289,0.08076239346249708
149294290,0.03693666640284283
149294291,0.03577760024708398
149294292,0.030344650115777458
149294294,0.0248905271380802
149294295,0.06637489349583975
149293485,0.14806946870077914
149293486,0.18314257748526294
149293487,0.08247270682393201
149293488,0.03762718806276269
149293489,0.043769841175498675
149293490,0.0749544659823031
149293491,0.12186141517001449
149293492,0.04278649317447678
149293493,0.16320843290199258
149293494,0.04756082902580733
149300376,0.023054470828015452
149300298,0.05828123601252707
149300299,0.03990460042998282
149299633,0.015168701184282965
149299635,0.061569969846548486
149299637,0.03380834409168719
149299638,0.01361085992980749
149299639,0.02935783710386295
149300093,0.0044871150402876325
149300094,0.025089782074207628
149300095,0.024911080149596896
149300096,0.035647806834484236
149300097,0.09792092793718779
149300098,0.023544871206955933
149291704,0.03979198423544294
149292399,0.034314970215113566
149292400,0.03471443189209083
149292401,0.0536991448429694
149292402,0.052614942175075216
149292403,0.045818716039540026
149306813,0.029612158660927076
149306814,0.03711763006534884
149292762,0.07663213996055115
149292766,0.0666136358383794
149292767,0.053828347647730694
149292768,0.05123525592742367
149292769,0.05740189172261938
149292770,0.06952048869100898
149292771,0.07621547529454854
149299642,0.05228709431579755
149299643,0.045232266514692046
149299644,0.05626373854852932
149299645,0.044041068627383904
149299646,0.055579426310685624
149307457,0.013244817961009781
149307459,0.019084955845936544
149307461,0.1283402704730936
149307464,0.01902240658590472
149307465,0.013036598313612853
149307466,0.12802074312361938
149307837,0.04531237293016343
149307838,0.018459037421964555
149307841,0.014635717674329161
149307868,0.027404145022822065
149307869,0.05391937687236035
149307870,0.017656532538777064
149307871,0.030277314279978776
149307872,0.016783818923427972
149307873,0.021776379874107635
149307874,0.05647120226992617
149307875,0.03499644982673957
149292655,0.091878790128402
149292659,0.02312556488214969
149292660,0.02261490486699883
149292661,0.09263480023537055
149292662,0.07531717753306406
149292663,0.09278238086426521
149300102,0.04176460506797638
149300102,0.10416570560950594
149300103,0.17437328579424716
149300103,0.17222788624650617
149300104,0.4131914979851607
149300104,0.2808421596867713
149300105,0.35260089563483654
149300105,0.3248523449293155
149300106,0.3584027067654323
149300106,0.2195867707442795
149306730,0.08159220920800127
149306731,0.01940795421072826
149306732,0.016256749337800122
149306733,0.04126259659766279
149306734,0.037151550101306816
149306735,0.04889405600193047
149306736,0.04627250294212935
149306737,0.003981321268394349
149306738,0.029892098940121258
149306739,0.04906145335885981
149306476,0.009318835938729309
149306477,0.016240424669337707
149306478,0.011935985172287722
149306479,0.010456454128739072
149306480,0.016008650730476328
149306482,0.020266099317767506
149306483,0.0166156971937543
149306484,0.017797862645241556
149306485,0.012435116210255297
149300112,0.05794541429356108
149300112,0.2868239528364927
149300113,0.47272512399173344
149300113,0.3387800723456784
149300114,0.14133945794395325
149300114,0.2532038181770246
149300115,0.26683353663036236
149300115,0.0647259540970606
149300116,0.02903383842007544
149300116,0.2561359235223827
149293284,0.024592046240659415
149293285,0.02676907612017978
149293286,0.029325121620314837
149293287,0.017595480832684692
149293288,0.006328735915218206
149293289,0.030089773759328513
149293290,0.037349151321530674
149293291,0.0287950096533386
149293292,0.03477714107422717
149293372,0.023732338141690595
149293373,0.009163646633806692
149293374,0.007593856436532373
149293375,0.020920347828273123
149297568,0.039290853580824264
149297569,0.026864851015538798
149297570,0.03424536743972596
149297571,0.037903015423091185
149297572,0.02086416971236542
149297573,0.030135124603027644
149297574,0.04422219136382919
149297576,0.015148170370834713
149297577,0.026081217230102243
149298691,0.02240985459798722
149298691,0.1779379112343056
149298692,0.168155104787636
149298692,0.4145769798762497
149298746,0.021787326726982262
149298746,0.02366003116433501
149292112,0.004272235040686785
149292113,0.08309983038990068
149292114,0.04559261369069012
149292115,0.03984602594534486
149292116,0.052645768026586055
149292117,0.04062745866384835
149292118,0.005044244710317339
149292119,0.058136056046583166
149292121,0.0562217225241883
149306373,0.0137993015515664
149306374,0.008812201563566184
149306375,0.01661645965000551
149306376,0.00963427258290233
149306377,0.011325728160686888
149306378,0.02845007621288327
149306379,0.01496854374510654
149306380,0.01466966487206511
149306381,0.00929792317701421
149306382,0.01234741254456658
149299278,0.056556966477432226
149299279,0.021973649884806302
149299280,0.02751818969733655
149299281,0.030119003161169132
149299282,0.03505379582891606
149299283,0.033382430288131724
149299284,0.03338379814648921
149299285,0.03327252313182628
149299286,0.02039209764690895
149299287,0.005834117975745077
149299333,0.009435785544578475
149299334,0.05053810475077006
149299335,0.12181379256600837
149299336,0.06371120311450178
149299337,0.022423323024486998
149299339,0.020147686395859298
149299340,0.3061928681861209
149299341,0.06900113589257947
149299342,0.22941419428419615
149308019,0.06073588679587626
149308020,0.05945715087698909
149308021,0.06444268892590228
149308022,0.07258929977072272
149308023,0.04578755911030838
149308024,0.0225887997847764
149308025,0.045843382380641264
149308026,0.025086951770935687
149307394,0.023337501081569244
149307395,0.016539878072264088
149307396,0.01740939772983442
149307397,0.09319554419016761
149307398,0.014348827372579137
149307399,0.0292782606501959
149307400,0.022160979095659346
149307401,0.04654457506486756
149307402,0.009992437099420317
149307403,0.017024009421732614
149291910,0.09878018143608847
149291911,0.01619316942766467
149291912,0.07270171099816004
149293024,0.06795151031518414
149293093,0.0748410634562058
149293053,0.0006216934148124755
149308925,0.0019464288081277724
149308926,0.00937359097328978
149308927,0.005129192009012421
149308929,0.00634625546918653
149308930,0.007503130120673608
149308931,0.009892187860080254
149308932,0.00526628728204373
149308933,0.008340182205042502
149308934,0.007981555904067891
149309440,0.05414296987034576
149298563,0.017685514597889432
149298564,0.04306530591664782
149298565,0.05800338870968342
149298566,0.05259549962165691
149298567,0.08027051651386916
149298568,0.03713664977143878
149298569,0.051318220771149496
149298570,0.04803392241915263
149298571,0.042518825936808696
149298572,0.08313507299483225
149309280,0.059537444058926116
149309282,0.06417411243137626
149309283,0.03101795117239963
149309284,0.02101828310147895
149309285,0.02145299036255314
149309286,0.01297833702591572
149309287,0.019308705199499142
149309288,0.01695923408783182
149309289,0.025241334862431766
149291879,0.11443645347469394
149291880,0.08891841635220189
149291881,0.08998039758295795
149291882,0.11943576300990416
149291883,0.05895058998904721
149291884,0.05747469470554377
149291887,0.46906382287280335
149291888,0.059588577865350836
149293115,0.03685715036787425
149293116,0.13600917174846847
149293117,0.027387786714366397
149293118,0.027814762907944813
149293119,0.04625096610139411
149293120,0.03650080464488633
149293121,0.03935542801145601
149293122,0.02482785857912333
149293123,0.026958852179060463
149293124,0.014746290516523765
149292102,0.011090418884448524
149292103,0.049447936505027615
149292104,0.023122747859966146
149292105,0.012674837262261592
149292106,0.05917110049110964
149292107,0.38939435943120765
149292108,0.04202662530535642
149292109,0.051413680944681024
149292110,0.021256882680832097
149292111,0.008849324619916027
149292214,0.041423213016266704
149292215,0.07818774751991955
149292217,0.045073456546540075
149292218,0.12630031571622874
149292219,0.04355446430122757
149292220,0.04149907050403784
149292221,0.01245112709544943
149292222,0.00663544317685761
149292223,0.03311925246686891
149291453,0.014278893504673018
149291454,0.011132758233835027
149291455,0.040852956676577235
149291456,0.0355476992144408
149291457,0.024952577684525565
149291458,0.03544337740669905
149291459,0.021163413789853938
149291460,0.02247480586422754
149291461,0.016809787781121372
149291462,0.03887439374391009
149291463,0.023473362608717845
149291464,0.013007998043990164
149291465,0.06902691420571984
149291481,0.02515469991190509
149291447,0.013557157454312022
149291448,0.04687270108452885
149292944,0.039790039766014584
149292945,0.012796196733996314
149292946,0.058582379873075775
149292947,0.046362607074636845
149292948,0.023370224644925587
149292307,0.10406959396579939
149292308,0.05802745911389395
149292309,0.12103621797188724
149292310,0.10993818073322623
149292311,0.03587357852570898
149292312,0.0856232126989527
149292313,0.09311170027888781
149292314,0.08130492962804743
149292315,0.09652886876836382
149292316,0.03968269324363249
149293495,0.06785359931004856
149293496,0.0597764943560995
149293497,0.04750547930329143
149293498,0.0613844489774218
149293499,0.09937742976473553
149293501,0.12335892024883689
149293502,0.03179602469470037
149293503,0.03057123343557468
149293504,0.10323276402130892
149297387,0.014727434322771857
149297388,0.014469648104645147
149297389,0.01213597074567547
149297390,0.005819422959540068
149297391,0.00872036279132416
149297392,0.011001424433998461
149297393,0.014920787217994521
149297394,0.019335728863108338
149297395,0.017275251477801862
149297396,0.010575078822177652
149292549,0.04326176871741472
149292550,0.07749313400579336
149292552,0.05694730491334525
149292553,0.05297233678123245
149292554,0.07523811270749889
149292555,0.025465486963859467
149292556,0.12544730173804272
149292557,0.12128203849673935
149292558,0.0393412466727298
149292879,0.056478799649536705
149292880,0.020744316635706906
149292881,0.052219098357510346
149292882,0.05489960035962676
149292883,0.14823728713163806
149292884,0.04836728197870152
149292885,0.013764025816219076
149292886,0.0707470641772578
149292887,0.0394304749751976
149292888,0.06451726973201784
149292386,0.008238879746924582
149292387,0.01411699864953627
149292388,0.06933870828832948
149292389,0.019353687114771718
149292391,0.13200215621100692
149292392,0.029768049623652353
149292393,0.15389505153541985
149306781,0.009350132139353836
149306782,0.011145250885226991
149308552,0.005991072535365604
149308553,0.006802559357760096
149306718,0.043084197632985814
149306719,0.03621443769531242
149306890,0.019755088389206497
149306891,0.01964561710405895
149306892,0.019030617282575962
149306893,0.03265729575904232
149306894,0.03215220960307107
149306895,0.029388584435067696
149306896,0.03186643883505545
149306897,0.03396566253120062
149308357,7.627347918095425e-05
149293430,0.20138717610384346
149293432,0.007214679878337308
149293433,0.059299844173640336
149293434,0.09770679712386006
149293435,0.03542839657612904
149293436,0.03564091281616151
149293437,0.096425916441944
149293438,0.08056471384021374
149293439,0.04471338333908553
149293361,0.02613088439262869
149293363,0.03200358896354621
149293364,0.05128911059908806
149293365,0.11866082932140933
149293366,0.04353687604512832
149293367,0.09677472999026986
149293368,0.041206759778497276
149293369,0.03468083049667348
149293370,0.04950388292997647
149297952,8.33945553028994e-06
149297953,1.1100489475126211e-05
149298514,0.0111531369677501
149298515,0.006816167778781839
149308865,0.07432631000457367
149308866,0.025241846447177654
149308869,0.01443862376766689
149308871,0.04624683119721684
149308872,0.016784704835607536
149308873,0.0346154541897286
149308874,0.09845295113361377
149299268,0.13112895690806275
149299269,0.14686245280787405
149307342,0.021267936165185068
149307343,0.027514785217044018
149307370,0.023405901686628854
149307372,0.009475529921062553
149307374,0.011768613534771412
149307376,0.013108518187576986
149307266,0.09810761499145411
149307267,0.007247030280136138
149307268,0.06925451697489116
149307269,0.04637667093941272
149298098,0.00015449295029601972
149309443,0.021634706885582812
149309444,0.02592978633223101
149309445,0.01797691439593629
149309446,0.02706999436186466
149309447,0.10751761537997269
149309449,0.1714755221633114
149309451,0.1729414213829475
149308316,0.07321667876837444
149308268,0.021245758796463465
149308269,0.051457557637870056
149306447,6.64805684003208e-05
149308342,0.016768558905166472
149308343,0.01567936830485961
149308344,0.017188977624881224
149298117,0.03994851633916364
149309039,0.11277721126637984
149308816,0.028084123101776028
149308817,0.028612756402100585
149308818,0.00032269593121585726
149308819,0.0003096637127048942
149307653,0.020640321606145595
149307654,0.3252244417675736
149307655,0.03614074287307211
149298291,0.02669962108311653
149309796,0.09617921605764344
149309797,0.10662171926610516
149309798,0.09978339784408724
149309799,0.10951268673525907
149309801,0.0830191292701488
149309803,0.1371406837281338
149309804,0.15130495167950808
149309805,0.03682077003115217
149306994,0.016619458481329747
149306996,0.013422990830158856
149307260,0.010249247772352121
149307262,0.008899625831721943
149307263,0.05467929316443572
149307265,0.029416671135540015
149309677,0.023775458027385617
149309678,0.023942861726135557
149299543,0.009366115873944108
149299544,0.045529702611944535
149299764,0.015098160246347895
149298427,0.07232359237689648
149298428,0.07850951471340095
149298429,0.08555453420013967
149298430,0.08304372257960899
149298431,0.17321202336183963
149307362,0.09701548014230242
149307363,0.10328737250242953
149307366,0.11386984906118282
149307368,0.014937006236996985
149299164,0.02222979546440523
149299165,0.03380726127261878
149298516,0.00555780170349714
149298517,0.007243167698972516
149298518,0.010445921435182462
149298519,0.009475518982752399
149298264,0.05363955918444587
149308609,0.04680730531281939
149308610,0.0291392408800635
149308611,0.13144942400800497
149308345,0.0063247493355614555
149307304,0.007251089563320491
149307305,0.006187897258373738
149307306,0.013015346762065423
149307307,0.007095490205919581
149309453,0.019108285810891985
149309454,0.027345171020499038
149309455,0.037473022648374155
149309456,0.022750838859677134
149309457,0.01801404119621181
149309459,0.029377601988822985
149309460,0.05590646361818977
149309461,0.03483614811388178
149308535,0.0476623365008922
149308536,0.17263095628491334
149308539,0.09475545552346235
149308540,0.10077059316160401
149308541,0.1987155098763497
149308542,0.12514041540442977
149292492,0.1826958227809655
149292494,0.0480757157474693
149292495,0.029052820680960018
149292498,0.06962500791011986
149292499,0.09504921912901625
149292500,0.04462645898964178
149292501,0.06020310532493345
149293209,0.03757749252927209
149293211,0.023944562948948336
149293212,0.02351184654498831
149293214,0.03483920706820179
149293215,0.016455947803344105
149293216,0.05467973860714245
149293217,0.039052966221307425
149293218,0.013918213563594194
149308573,0.027541233335215357
149308574,0.02964636497474979
149308575,0.030117053939239476
149308576,0.03341543646063113
149308577,0.024549045994883778
149308578,0.058750822965485255
149308579,0.05805199423096458
149308580,0.041864708073337344
149308581,0.06256101612646994
149298499,0.021290161762603763
149297273,0.09203105299386481
149297274,0.1537489726560475
149297276,0.04403814525274348
149297277,0.10471470737064097
149297278,0.07049798475059961
149297279,0.0608862532709294
149299529,0.012313684045273342
149299530,0.0131426687497145
149299531,0.04339529371294197
149299532,0.0501357470693085
149299533,0.03378919134676212
149299534,0.027491971050552552
149299535,0.046545568250568284
149299536,0.05466714543240228
149299537,0.02800497262382278
149299538,0.01937373853517453
149307419,0.055158252439834306
149307421,0.07058233101036805
149307423,0.021895391871685925
149307425,0.05958570424876654
149293385,0.04225114729867125
149299515,0.05168731895601543
149299516,0.05131540045910484
149299518,0.04641798027540705
149299519,0.033025225295344816
149299520,0.033110057562974214
149299522,0.0461612555640614
149299523,0.04364374163591873
149299524,0.04363101892803707
149308736,0.00791171279867529
149308740,0.021171934102044765
149308742,0.0250550058957474
149308743,0.024217040470299322
149308745,0.018680430608784406
149306667,0.0020328526631749437
149306668,0.16332050794281713
149306669,0.09318898977150063
149306670,0.09211355454785297
149306671,0.05603915885174969
149306672,0.022199099065358444
149306674,0.05693145938818001
149306675,0.0943279112180284
149291500,0.011802751365590402
149291504,0.006614297398935271
149291512,0.0028379680451821746
149291513,0.010406296278926403
149291514,0.0170636893407094
149291515,0.017228507767465425
149291516,0.005993720577131176
149291517,0.018264911967950985
149291518,0.01381906007605146
149291519,0.013391503149215363
149298857,0.1507347253183211
149298857,0.3886195539851299
149298858,0.33428740956418135
149298858,0.25397690333747713
149298859,0.5360815646304697
149298859,0.5843147631274115
149298860,0.18574284652733034
149293753,0.01378441195033887
149293754,0.020128608388869724
149293755,0.012538332494597954
149293756,0.008428845298110145
149293757,0.020437694898445
149293758,0.010985879930502365
149294227,0.045044233924872244
149294228,0.03268636642551197
149294229,0.07070082977152596
149294230,0.08225618321904574
149294231,0.08292014866763646
149294232,0.07812999466781421
149294233,0.08977828556894527
149294234,0.08930419583213695
149294235,0.12518354147916175
149294236,0.12696602455331077
149293180,0.0071305613002196734
149307905,0.04455765643030505
149306720,0.060626488322985075
149306721,0.11290287884794924
149306722,0.07592452722485811
149306723,0.04359600971332592
149306724,0.03260940518712837
149306725,0.0856579400180122
149306726,0.01676139331395163
149306727,0.09490443340193516
149306728,0.08459901057776337
149306729,0.04559193852192952
149293929,0.0805314705231123
149293930,0.12263748674370477
149293931,0.18062950055369667
149293932,0.038969075570922884
149298306,0.2391017552949763
149298307,0.08074585771977184
149299449,0.018891761238813882
149299452,0.020347303422801583
149294217,0.030767355404264563
149294218,0.07070719956015419
149294219,0.051951631086533105
149294220,0.15503020778972368
149294221,0.05865826405592052
149294222,0.06463727266922342
149294223,0.05258901182979448
149294224,0.07007739099823884
149294225,0.042881058453982095
149294226,0.036794444522971294
149291702,0.0860939355076113
149297950,0.04447103349070051
149297951,0.04854722322309164
149308362,0.04552684464475383
149308363,0.03243174887931399
149308364,0.038417684100838366
149308366,0.03988331744314674
149308367,0.038836678377854116
149308369,0.03291988017838722
149308371,0.06453549175124132
149308792,0.028897095062224574
149308793,0.026698532160621145
149297824,0.008119555333372504
149297824,0.4936492522896837
149297825,0.4828037448415445
149297825,0.23455481545831006
149297424,0.011758905299093942
149297425,0.06415500471165689
149297426,0.05160761956603482
149297428,0.022960318908452605
149297429,0.027189010417968236
149297431,0.03976733423711809
149297433,0.009043686704907811
149298940,0.03365698357263903
149298941,0.06528359902476362
149298942,0.01401080943838706
149298943,0.03557721597236673
149298944,0.05705150431433546
149298945,0.0333617435770852
149298946,0.048038889083101034
149298947,0.05109912293983891
149298948,0.04281604200057797
149298949,0.056959026077642236
149293773,0.007813676215718674
149309786,0.08511622839585486
149309787,0.09299971717477941
149309788,0.13739212701855166
149309789,0.10950409702852237
149309790,0.07972612657137498
149309791,0.024348148188172897
149309792,0.06928258438553485
149309793,0.03855224159305362
149309794,0.15450913618537998
149309795,0.13125720435870628
149292244,0.018951862941252343
149292245,0.05950791788027906
149292246,0.010148898981229384
149292247,0.028788091009331444
149292248,0.09616391382583186
149292249,0.042662685863772205
149292250,0.046437814047421234
149292251,0.07175280395570613
149292252,0.15043328954614996
149292253,0.008773605471550684
149291985,0.12535969527370416
149291986,0.14406393354330985
149291987,0.17723345836431112
149291988,0.16135002634032844
149291989,0.28655747177126667
149291990,0.2663812830695307
149291991,0.21552062764904256
149291992,0.20448921474694642
149291993,0.16131150643179518
149291994,0.13363286812267414
149292173,0.09001308941583709
149292175,0.03339822722288634
149292176,0.023846660650999486
149292177,0.03352950203275313
149292178,0.04188291317534592
149292179,0.12692026832011702
149292180,0.06155947769440339
149292181,0.037394599858888315
149292182,0.06893657539212567
149307110,0.017116926247991774
149307111,0.02143967992477125
149307112,0.01470318340969955
149307113,0.01598027772455835
149307114,0.023015216708203643
149307115,0.030145574296406998
149307116,0.01794080243991392
149307117,0.017883329006085316
149307118,0.021460605997899576
149307119,0.012141547749299528
149309501,0.005529590841431409
149309502,0.027569641491180873
149309506,0.013434153436199407
149309507,0.003694470536590303
149309508,0.026489059659091645
149291948,0.2189386774129148
149291949,0.2211081392223845
149291950,0.20288492299824473
149291951,0.17705557132939773
149291952,0.2047401388505278
149291953,0.09675027805031583
149291954,0.2079742236440788
149292194,0.03195466651515172
149292195,0.02043299016947624
149292196,0.04774828526438405
149292197,0.04387192883421658
149292198,0.061442579862355275
149292199,0.060802868509042075
149292200,0.039637617721765224
149292202,0.02983529799126656
149292203,0.017729754743698627
149291536,0.029000912770857642
149291537,0.03264224900620878
149291538,0.050921230656055014
149298974,0.023567740726978578
149298975,0.025699111549921525
149298976,0.03612315849903515
149298977,0.036777221781583144
149298978,0.034787016201783295
149298979,0.02985994628802606
149298980,0.03871295489941992
149298981,0.03757626651698018
149298982,0.03969032872709386
149298983,0.03740608061478814
149292675,0.004398220723348945
149292676,0.02970872994964331
149292677,0.0036842317474169396
149292678,0.015732671430853253
149292679,0.013841746995134277
149292680,0.011157642064051678
149292681,0.01639477429475473
149292682,0.02959220144543628
149292683,0.015696070373720804
149292684,0.03480880537541995
149300406,0.02035285670420391
149300407,0.03949001710344279
149300408,0.020803264864321578
149300409,0.01842549116925521
149300410,0.02351295506710888
149300411,0.023732994136504995
149300412,0.026950565340078798
149300413,0.005677270013409835
149300414,0.03718209283423018
149300415,0.01991572521425465
149309351,0.018932578592911874
149309352,0.051020813692197894
149309353,0.026632066405745773
149309354,0.048072133179068846
149309355,0.023721605180768053
149309356,0.015315497823542102
149309357,0.03027262882182567
149309358,0.01781763885506693
149309359,0.04707998745503118
149309360,0.011164064365654335
149309774,0.016959300273436454
149309775,0.007962940418829452
149309776,0.01381565263037101
149309777,0.01093393845383306
149309778,0.0196026838242758
149309779,0.015432205778055517
149309780,0.012212013826684475
149309781,0.00585479013180907
149309782,0.006655158929473093
149309783,0.02384809891975463
149306852,0.07965682007923042
149297263,0.05129998610304079
149297265,0.026165246087089037
149297267,0.016450233864767495
149297268,0.04758816367294041
149297270,0.031711997086916716
149297271,0.22385706238327835
149297272,0.027829293924553706
149308317,0.011725779185293493
149308318,0.006507369337286414
149308319,0.013061152861383395
149308320,0.009724482161386055
149308321,0.01071827066686486
149308322,0.009985942516528021
149308323,0.010760530513014685
149308324,0.010141227855195407
149308325,0.007393861681932223
149308326,0.02347798366152891
149297455,0.04309313465242471
149297456,0.040402230098022136
149297457,0.023495276196387256
149297458,0.040061286229495806
149297459,0.014131001057554476
149306153,0.034168348100687675
149306154,0.05392391262295014
149306155,0.0354104576874973
149306156,0.03798437596073063
149306157,0.08735554083056812
149306158,0.04378606477502198
149306159,0.04941235434582062
149306160,0.016755205216334085
149306161,0.011949653200731705
149306162,0.03204281228704166
149291845,0.018024372761596207
149291846,0.012108533160516395
149291847,0.009422419879274963
149291848,0.016298532928383028
149291849,0.022597291269378844
149291850,0.011240285918602582
149291851,0.002542395664207607
149291852,0.014349895624064767
149291853,0.005876567349738685
149291854,0.006277768477725413
149293451,0.018350546932932213
149293452,0.020516463194631625
149293453,0.049770206835298474
149293454,0.0489696977236402
149293455,0.019482870640882128
149299343,0.133972165769689
149291629,0.0624360581687637
149291630,0.05982262562751833
149291631,0.024748697960847298
149291632,0.024395606019180477
149291633,0.017213353281447654
149291634,0.04969330680456609
149291635,0.049526487179355656
149291636,0.03097792913423323
149291637,0.03074289209897501
149291638,0.029992602132037097
149299363,0.02314352392469438
149299364,0.01737957666901134
149299365,0.013552242686461952
149299366,0.028221270185390175
149299367,0.011145083932282954
149299368,0.024867693268902907
149299369,0.025862264858556607
149299370,0.023563786242241057
149299371,0.02692750738886536
149299372,0.012556233867653024
149299641,0.04677120926281954
149309133,0.12971448889958626
149309134,0.11231856366512302
149292077,0.037713310557998585
149292078,0.03148507704207332
149292079,0.032311760774910075
149292080,0.038536160248106195
149292081,0.039213456876998495
149292082,0.03241264068544428
149292083,0.044941030544147914
149292084,0.0428305760691974
149292085,0.07090941301386389
149292086,0.038586065315349034
149306850,0.019811160551522277
149306851,0.020352181175584804
149306666,0.006259685763476792
149306589,0.028767295586819373
149306590,0.015903902768562992
149306591,0.11760196139816538
149306592,0.01801171906403662
149306593,0.06550591666472862
149306594,0.017199894585974353
149306595,0.03658693879863206
149306596,0.05082375277968523
149306597,0.01151991457943263
149306598,0.19007257082992382
149307406,0.009689072224801316
149307407,0.013339474744031405
149307408,0.012283204752087495
149307409,0.01475535342393597
149307410,0.018131078956252555
149307411,0.02713314626042464
149307412,0.015331620984267436
149307413,0.026370087439540234
149307414,0.013672810329534393
149307415,0.010012699278188071
149291760,0.015584163980481576
149291761,0.006994800573599428
149291762,0.021947309246949934
149293105,0.014556671816669963
149293106,0.04611023944615757
149293107,0.03543842614387318
149293108,0.038039828215808986
149293109,0.14364028259058165
149293110,0.03365815765933941
149293111,0.025527212171063306
149293112,0.039850816034367804
149293113,0.07946861082335506
149293114,0.038531265112250156
149300256,0.020686952328701963
149300257,0.02664676223361712
149300258,0.02810708017801926
149300259,0.0322719428421798
149300260,0.022923787140631147
149300262,0.029535051427680085
149300263,0.038341768453236294
149300265,0.030666065820235445
149293167,0.03586653857346042
149293168,0.0455902989392147
149294065,0.11467526283649293
149294066,0.10198159790332575
149294067,0.1325528189091555
149294068,0.11091787022388638
149293177,0.013835657474053496
149293178,0.0430842802048568
149306558,0.07828166600823516
149306559,0.04385734086490737
149306560,0.054084654798851495
149306561,0.040526157623469776
149306562,0.07717297589226857
149306563,0.0447785792227264
149306564,0.05355427892440614
149306565,0.1707520441142394
149306566,0.015374325632943938
149306567,0.04229899717298069
149291933,0.268498338954983
149291935,0.17842874445451704
149294247,0.08625005473326738
149294248,0.13089745127501257
149294249,0.08033992896452485
149294250,0.0823319788110415
149294251,0.18546155978555356
149294252,0.04187112751351231
149294253,0.13662988513877403
149294254,0.0585079469101186
149294255,0.06060914024205856
149294256,0.03454334128721351
149293545,0.14261210047255207
149293546,0.12974500423500307
149293547,0.13979331517237487
149293548,0.12794883427218867
149293549,0.1602839594696632
149293550,0.14981615250496547
149293551,0.14445596154693593
149293552,0.1930669817659308
149293553,0.10768972506553243
149293554,0.10819049816470289
149291530,0.0014090210174735546
149291675,0.03484802415698682
149291676,0.03421193343666544
149306656,0.04691215472310617
149306657,0.04370163343267146
149306658,0.01728483184654145
149306659,0.025770988852546386
149306660,0.037887328896375194
149306661,0.020238034255387234
149306662,0.018619222272328532
149306663,0.0254167951635788
149306664,0.026605637046636644
149306665,0.07789416569558436
149292297,0.09854469227381644
149292298,0.03507701457284764
149292299,0.06482231788296193
149292300,0.03447557687176545
149292301,0.1084786488789587
149292302,0.15089851013269154
149292303,0.10617537387747818
149292304,0.12506020210597235
149292306,0.0586259534023785
149292502,0.04210357998087339
149292503,0.05892121475695349
149292504,0.03270747851450488
149292505,0.05538312436563998
149292507,0.033277212798122804
149292508,0.07156779311021366
149292509,0.20856603578186503
149292510,0.05036633032878795
149292511,0.04538201578319113
149306769,0.01674980543088256
149299664,4.0376535910891606e-05
149299666,0.04947477795100792
149299667,0.051331144703565264
149298950,0.00013746810773547407
149308935,0.006625337568486834
149299583,1.0944692408260951e-05
149299647,0.07066502592078991
149299648,0.07171062434062872
149306317,0.006865130900769715
149306324,0.006490167728426871
149307064,4.786446971396763e-05
149307065,7.12463694607928e-05
149306766,0.05071498140460671
149306767,0.05505595356528395
149306768,0.05024542938257752
149300442,0.0019378233082119934
149300443,0.0014713719129270568
149298226,0.008785648166719378
149298227,0.008565576982070283
149308190,0.00019451542578362464
149308191,0.0003443404597222953
149308192,2.335935436962893e-05
149299212,0.06769608888907347
149299213,0.09610933528500365
149299214,0.0847142850239005
149299215,0.07077692229331609
149299216,0.0869012805551032
149299217,0.10224098114977914
149291897,0.11414681564018342
149291898,0.1211304259617341
149291899,0.01572503611214742
149291900,0.02981038335881513
149299265,0.0003295623934087735
149307621,0.1990120559972673
149307622,0.19567512374540003
149307623,0.13246965356163898
149307624,0.136680171055639
149307625,0.032640858100434905
149307626,0.0367245753101792
149299663,0.02667010438265136
149298099,0.04725236488358056
149297614,0.03501904868614002
149297616,0.1093665595315545
149297617,0.04260368270850382
149297545,0.042447776080113
149299782,0.09503409320067104
149299783,0.0021860232852589125
149307346,2.538278587059671e-06
149306770,2.2441950685940053e-07
149298557,0.0030209586047943338
149300441,6.885732115809636e-06
149298417,4.5540577564442996e-05
149299881,0.414253605934092
149299882,0.40242170209716455
149299883,0.38211312560467403
149299884,0.4113984352855325
149299885,0.42014073672121965
149299887,0.3973574177517332
149308514,0.10197045528170164
149308515,0.06060756583717048
149308516,0.03972316323927107
149308844,0.516711230225468
149293599,0.5401540085959206
149293605,0.0642581731101109
149308983,0.0056994422283972454
149298432,0.03574951745881305
149294304,0.05076426436891198
149294305,0.021829238026201715
149294311,0.03627650396774662
149294312,0.20747909190792405
149294313,0.10128789847128226
149309187,0.043296368567420605
149309188,0.056683728374412275
149309190,0.4546529740555157
149293689,0.09201309812300956
149293690,0.14971220025087512
149293691,0.041990986724648544
149293692,0.09838495897404942
149293693,0.05204878835100951
149293694,0.25977226542910176
149293697,0.11449250037647193
149298561,0.08958567154527357
149298562,0.16729508285564612
149299869,0.3750753571376433
149299870,0.4636569342591008
149308670,0.029095247005703324
149308671,0.061824495242648374
149308672,0.45763403863239177
149308674,0.1812210827220313
149308675,0.005586048655116579
149308698,0.01656068616083797
149308701,0.017408062559913926
149308940,0.8626577314559044
149308941,0.12017247224652398
149308945,0.11283940071206595
149309325,0.0034631816823797257
149309327,0.05033827495450917
149309328,0.05028304070140819
149309263,0.024914081829229277
149309251,0.022215957835393322
149309253,0.019719330176692737
149309257,0.03825232140002945
149293483,0.40162914208012185
149294277,0.02602332464622295
149294283,0.02332224935842045
149293608,0.3061108185971693
149293610,0.024622230826074034
149293611,0.05165587927192313
149293612,0.009129619296601423
149293613,0.06379470085257118
149293614,0.0628830354117405
149293615,0.18934244338924974
149293616,0.27613818698568743
149293617,0.0986834864249467
149293679,0.07565200409009509
149293680,0.08731122725301295
149293681,0.26373027032841156
149293682,0.032314662658204825
149293685,0.1884912455037024
149293687,0.5831004855299649
149293688,0.13451739818216654
149294296,0.06981790225199355
149293618,0.029225366453717556
