{"metrics":{"openff-2.2.1":{"1":{"log_sse":6.654148951072012},"2":{"log_sse":6.395696681649415},"3":{"log_sse":2.7078412326643275},"4":{"log_sse":7.056503411480741},"5":{"log_sse":-0.1727807355998373},"6":{"log_sse":3.365202706527002},"7":{"log_sse":6.6624063285175374},"8":{"log_sse":7.72157370965821},"9":{"log_sse":5.5375539202518596},"10":{"log_sse":9.256640343953624},"11":{"log_sse":9.296772203972091},"12":{"log_sse":3.6145449614185297},"13":{"log_sse":2.8235585989070584},"14":{"log_sse":3.8642145764897267},"15":{"log_sse":4.4924876193946615},"16":{"log_sse":4.9851117001145075},"17":{"log_sse":5.0806965860810465},"18":{"log_sse":4.971386980547068},"19":{"log_sse":4.649610784945417},"20":{"log_sse":2.886299234397887}}}}