{"metrics":{"openff-2.2.1":{"119466792":{"rmse":8.80525082395689,"mean_error":-7.117359786704993,"mean_absolute_error":7.117359786704993,"absolute_barrier_height_error":15.311442771184268,"js_distance":[0.5852235513318997,500.0],"rms_rmsd":0.24063068039114655,"mean_rmsd":0.2384863338980182,"rms_tfd":0.10941846723930661,"mean_tfd":0.10422789180042584},"119466793":{"rmse":6.036069277375426,"mean_error":-4.522513544825907,"mean_absolute_error":4.574981552242173,"absolute_barrier_height_error":8.623999343952999,"js_distance":[0.40100230194282993,500.0],"rms_rmsd":0.20292894727620772,"mean_rmsd":0.19706960825462366,"rms_tfd":0.06315464781652784,"mean_tfd":0.060845539000432936}}}}