{"metrics":{"openff-2.2.1":{"119466792":{"rmse":8.788083685848926,"mean_error":-7.110148490646807,"mean_absolute_error":7.110148490646807,"absolute_barrier_height_error":15.288064808335001,"js_distance":[0.5787661690661017,500.0],"rms_rmsd":0.24483706080011808,"mean_rmsd":0.2425180588326327,"rms_tfd":0.10920236317382383,"mean_tfd":0.10397948151082656}}}}