{"metrics":{"openff-2.2.1":{"1":{"rmsd":1.8659952562355442,"een":27.86803324512315},"2":{"rmsd":1.5245784069433168,"een":24.500198372411365},"3":{"rmsd":1.2738600263327156,"een":3.872578701707366},"4":{"rmsd":0.700546785077584,"een":34.06452897315051},"5":{"rmsd":2.1359887772778543,"een":0.9172361018845198},"6":{"rmsd":0.8931872462268398,"een":5.378917608609792},"7":{"rmsd":1.0375287269597149,"een":27.971049603272295},"8":{"rmsd":2.5694963654666427,"een":47.50271440750922},"9":{"rmsd":9.499133730512701,"een":15.939127894874009},"10":{"rmsd":0.27451830845466746,"een":102.34196882435977},"11":{"rmsd":0.31215122026218856,"een":104.41627534161388},"12":{"rmsd":1.862999747939198,"een":6.093348816670555},"13":{"rmsd":3.217274610753406,"een":4.103639333802292},"14":{"rmsd":1.6484915372102427,"een":6.904043733276151},"15":{"rmsd":1.949141895129478,"een":9.452164942361621},"16":{"rmsd":1.1772564244665333,"een":12.103051473452966},"17":{"rmsd":1.459216115042254,"een":12.684087981151468},"18":{"rmsd":3.1854422657846246,"een":12.009370645179168},"19":{"rmsd":7.269724861155751,"een":10.232316862797974},"20":{"rmsd":1.882572103649308,"een":4.23553911712215}}}}