,js_distance,js_temperature
119466792,0.5852235513318997,500.0
119466793,0.40100230194282993,500.0
