,difference
149308037,0.4294343845755524
149308038,0.4340645852069702
149308039,
149308040,-0.1387671121149765
149308042,-1.8544364313912265
149308043,-1.8540237466403244
149308044,-0.14404074798052946
149308046,-0.0011427187128010274
149306873,-5.392685285292304
149306874,
149307532,-3.763508262080176
149307533,-3.865872404855299
149307534,0.05175781228663823
149307535,0.05037582406130525
149307536,
149307280,-3.7164783133630337
149307281,-3.7142491079236564
149307282,0.10475336135836955
149307283,
149293094,-0.5599030283934407
149293095,-3.021935690344665
149293096,-1.8250148971144329
149293097,-3.933235255834531
149293098,-2.615566881841626
149293099,-2.3551278023883793
149293100,-3.19944239242278
149293102,
149292396,2.653412014582557
149292397,
149292398,1.3714583476617719
149299154,0.02116092607347264
149299155,0.4657696539925462
149299157,0.4691498015917248
149299158,-0.5914004548016021
149299160,
149299162,-0.6067943378656397
149297935,-0.7369091867309123
149297936,
149297937,-1.4297225150096295
149297938,-1.99012826904152
149297925,-0.01976266523983128
149297926,0.3413409906707727
149297927,1.574162849534261
149297929,-0.4566513316373886
149297930,0.19588944608897663
149297931,
149297932,0.5698627717468341
149297933,-0.841145497211599
149297934,0.2639856067763162
149306208,-2.4540641335655096
149306209,-3.2934244815357374
149306211,
149306212,-1.0440900296949849
149306213,-3.3028339883591116
149306215,-4.211427288897994
149306216,-3.3533353989387535
149306217,-3.290692636975649
149297435,0.22761504407579736
149297436,
149297705,-0.3238959078004804
149297706,
149297604,0.5334021219788667
149297606,-0.007779597459801835
149297607,
149297608,-1.0270620122596483
149297609,-1.0214735228134657
149297611,-0.6515527726792172
149297612,1.866207778982158
149297613,1.2014927686437602
149297598,0.26249353867871505
149297599,
149297437,-0.69868352351547
149297438,
149298951,
149298953,1.1817889492950382
149298954,1.4617089574394235
149298955,-0.2286027094649956
149297600,0.47750420177612085
149297601,0.04905262832681956
149297602,
149297603,-0.20171462959928022
149306450,-0.6227592991368547
149306451,
149306453,0.2182888669990417
149294197,-3.654571683201411
149294198,-3.0378547180728006
149294199,-8.239757884509856
149294201,0.2642857726029959
149294202,-8.123325715933312
149294203,-11.754761314296275
149294204,1.5567526088663826
149294205,
149294206,1.5475927822332523
149299102,
149299104,-2.376730260659045
149299105,0.7112421021308535
149299108,-1.711586016049921
149299109,-1.7070228953218134
149306771,
149306772,-2.712132416743671
149306773,0.4560895841070902
149306774,-0.11249271679640316
149297808,-0.7447669099456107
149297809,-0.746447225686012
149297810,0.9734469777360459
149297811,0.9808297226068987
149297812,0.6091936914427833
149297813,
149297814,1.2645402168902535
149297815,-0.5864113812066307
149297817,0.22656922562973136
149299113,0.3742146928792378
149299114,
149299115,-0.2946663578736004
149299116,3.367722526254801
149299166,-1.445965017071444
149299167,-0.24477477851334584
149299168,-0.44160589429608876
149299169,
149299172,-2.3009539354283106
149299173,-1.6482919031965224
149299174,-2.04623027335343
149297404,-3.649900922052666
149297405,-0.7669317582792132
149297407,-1.4757720054595893
149297408,-2.5982042715413343
149297410,-4.665837689489052
149297413,
149307560,-3.8139060455016676
149307561,-3.6146907406945488
149307563,
149307566,-2.1978654441009517
149307567,-4.026872920243914
149307569,-5.87825764606184
149292047,-2.59992418964012
149292048,-0.2621606751681327
149292049,-3.3173543950051965
149292051,2.2142320169754726
149292052,-1.929874917225618
149292053,
149292054,-0.9640832729768363
149292055,-4.295436600218409
149293144,
149293146,-0.16055060726532133
149293148,-0.8397662198185998
149293149,-0.05542901349393503
149293151,-0.14829642268388454
149293271,-0.2868184285061801
149293272,0.7760673755090721
149293274,1.4944193245534336
149293275,0.053324967900096
149293276,1.2693277467474786
149293277,1.1339230350691736
149293278,0.82346916649756
149293279,
149293280,-0.3179131778763775
149297463,-1.8670270864809453
149297464,
149297449,-0.2376288355337408
149297450,
149297451,-2.6667086293590003
149297452,-2.6411449983065935
149297453,0.23309545860098524
149297454,0.4859057910465765
149298271,-2.1650926615717623
149298272,-2.1383472925311082
149298273,-3.502881989627724
149298274,-2.4539176074216655
149298275,-2.3287352951413283
149298276,-2.3640998734164143
149298277,-0.7574182260168456
149298278,-0.1180180830887636
149298279,-1.4614326360097607
149298280,
149298483,
149298484,2.2282556263499202
149299963,-4.358926799706012
149299964,0.9070460510299085
149299965,-4.3818394907078755
149299969,
149299970,-5.648191808185572
149299971,-3.668453328959174
149299044,-0.09817023941414504
149299045,-3.6916690704868245
149299046,
149299047,-3.7909134695898103
149299048,-3.5633971691543707
149299049,0.06594854971564246
149299053,-0.13451424565363368
149299994,-4.559026636978842
149299995,-0.945958441857556
149299996,-5.139767500844471
149299997,
149299998,-1.7866334344199117
149299999,1.6934197404734732
149300000,-4.217959687947541
149300001,-2.4640957573986384
149300003,-2.822012906469638
149308612,-6.0003615285689875
149308613,-0.9699847746326213
149308614,-4.75119623564072
149308615,
149308616,-4.2065135402283715
149308617,-1.4200413433846393
149308618,-3.7712003720898224
149308619,-4.222552141085032
149308620,-0.17836123152378036
149308621,-3.931931769413268
149293966,
149293967,-0.9940368787213956
149293971,-0.40139178392470143
149293972,-0.5292495669953752
149294187,-3.074518900807398
149294188,-4.937036611950155
149294189,-2.317316976917521
149294190,-3.6698857013739214
149294191,-0.9039655784886556
149294192,1.6892285268654295
149294194,-5.0732545380839795
149294195,
149294196,-2.9759915650389743
149292122,-0.9076057957910475
149292123,-0.9052218735681681
149292124,-2.8647474150577033
149292127,-3.7471162275139633
149292128,
149292129,-1.6714716313851632
149292130,-1.6354035954585893
149292131,-2.9218748799896552
149307878,0.17413549285651087
149307879,-1.6790138391945106
149307881,
149299471,0.0022539354615105367
149299476,-0.4785009032760854
149299478,-0.4587379094347739
149299479,
149299455,1.6498197890554138
149299456,1.649628996795684
149299460,-0.7998917903834695
149299461,-0.9769601847793865
149299462,-0.9755390908833874
149299463,
149299464,0.0043351605204975385
149297707,
149297708,1.8175566745412794
149297709,-0.34959551704579894
149293239,-0.10819748268394047
149293241,0.10103069997096714
149293242,0.11753115063875796
149293243,-0.004064420466637131
149293244,-0.10741002279628287
149293245,-1.41609644902785
149293246,
149293247,-0.600710696839756
149293248,-0.6047862256260998
149309585,
149309588,0.1669476205238709
149309590,0.6966114879934651
149309591,0.8521438712123199
149309594,-0.31446513360717177
149307191,-2.820299440806602
149307192,-2.8194642188015617
149307194,0.006329344742718845
149307196,
149307198,-1.9630593079337206
149307199,-4.2693191643583805
149307200,-1.9798572363907159
149297946,-0.1973124305004319
149297947,
149306133,-2.5930078344398595
149306134,-1.3648820353324425
149306135,-3.4390418727718384
149306136,-2.5393456190720514
149306137,-0.43712392233621244
149306138,-2.163487911369664
149306139,-1.7811536697998491
149306140,-2.9233664317668797
149306141,
149306142,-2.0947416406997093
149307827,2.4027648968318465
149307828,-1.4187264400011088
149307829,
149307830,0.7708936985994965
149307831,0.7609628707884499
149307832,-1.2866642221829814
149307833,0.8877180776825995
149307834,0.8903793817949968
149307835,-0.5141214187381173
149307836,-0.0871824750475616
149309720,
149309722,-0.24736179070816888
149293983,0.5220223464717151
149293984,-0.9153732785252942
149293985,-1.4177224069636623
149293986,
149293987,2.1924977011711064
149293988,0.17487430008199567
149293989,0.7432515990559523
149293990,0.4557012447652937
149293991,0.7000397651873698
149293992,-2.8996358868433845
149299187,-0.9749897549775426
149299188,
149308382,3.3693097821768916
149308383,1.8325382543790987
149308384,2.442758063561384
149308386,4.379152153785993
149308387,2.140883180727209
149308388,3.891904902626268
149308389,2.7454756006416376
149308390,2.3830660111580224
149308391,
149300479,-2.3376547128177663
149300480,-3.6392670630173996
149300481,0.3205190026451703
149300482,-3.825489865405757
149300483,-5.249797009992989
149300484,-6.377544126306475
149300485,-2.521074630578809
149300486,
149300487,-3.8247551321341433
149300488,-0.7157362264449318
149292317,-0.11894448934465629
149292318,-0.11206668616019044
149292319,
149292320,-3.2881807511210326
149292321,-4.86961860720092
149292322,-2.6087870551390466
149292323,0.952640229915545
149292324,1.491640163648512
149292325,-0.6008516691206864
149292326,-2.7018922241471586
149293193,
149293194,-0.1648793588204569
149293195,-1.4851527686226902
149293196,-1.6092274203498
149293197,-0.8457232385190565
149293198,-1.9461016781305354
149293199,-2.6858912726165833
149293200,1.4679651427547604
149293201,1.5503962520570873
149293202,1.7856710709562158
149306198,-1.839487645137865
149306203,-1.9121156783181164
149306204,-0.9467762991172322
149306205,0.4284849677894442
149306206,-0.001251025612276635
149306207,
149293249,
149293250,0.44337596824173886
149293251,-0.7168920640023657
149293252,-0.6632082781983897
149293253,0.0026021819194284035
149293256,-0.1642722144793538
149293257,-0.3661281120550939
149293258,-0.04190546914138338
149293067,4.962104303449905
149293068,3.3135833257712477
149293069,1.4954800436996152
149293070,8.866537122537522
149293071,8.41324865330273
149293072,2.7019044966382353
149293073,-1.2144648315869233
149293074,7.811595988558878
149293075,
149293076,6.298265587824062
149306408,2.9824587622829855
149306409,3.789448269442495
149306411,2.308813614475543
149306412,0.1745888417650816
149306415,-0.009067537187624986
149306416,
149306417,5.4086300911573435
149306466,1.0961818429301466
149306467,1.456001288895397
149306468,-0.30710308177451573
149306469,0.32498405819652465
149306471,
149306472,2.99562691936639
149306473,1.0883021595085811
149306475,0.1567023762045503
149308705,
149308707,-1.758283294027109
149308708,0.2350226103298354
149308710,-7.7861514742545666
149308711,-4.044873617398551
149308712,-0.8566701953928373
149308713,-5.652546119545875
149308714,-7.217212729806704
149300176,-0.27202351512292466
149300178,3.9731298854900388
149300180,-2.183215540625298
149300181,-0.14510846216634832
149300182,3.8835242124071954
149300183,-0.014561902518892111
149300184,
149300185,-4.772191935683679
149307100,-4.164890637601189
149307101,-5.122965512726754
149307102,-5.300241817074411
149307103,-6.465755219981574
149307104,-6.462332594907384
149307105,
149307106,-3.2121575102319255
149307107,-8.722857254220017
149307108,-7.764736990991903
149307109,-6.357230781852756
149299014,
149299015,0.0049162823137152145
149299016,-4.674013327202061
149299017,-0.4854365709147572
149299018,-1.2921258813527956
149299019,-1.4899064143235066
149299020,-1.0209059920756545
149299021,-1.5038067544862557
149299022,0.8719117341073215
149299023,-0.8970201477808928
149307842,-1.330191123643043
149307843,-2.7199806688637143
149307844,-1.4191810603136261
149307845,-0.45715481428321425
149307846,-2.8213892786628714
149307847,
149307848,0.00037637716570770863
149307849,-2.771641126063445
149307850,-0.45118010990789426
149307851,-4.628788357547885
149299383,-0.5881224194372408
149299384,-1.940445575913543
149299385,
149299386,-2.275383515382771
149299387,-1.0053904304272123
149299388,0.34988052122903923
149299389,-4.818168387771209
149299390,-1.4867771649632004
149299391,-1.3514926879798281
149299392,-1.7574308355751498
149293919,-2.925733508862791
149293920,-1.0798931627087285
149293921,-3.4744675555189843
149293923,0.039952442839592095
149293924,
149293925,-0.6460395600553994
149293926,-3.404348498704991
149293927,-4.01429077946959
149293928,-1.913674148161519
149306418,
149306419,-0.4129446222683484
149306420,-2.855965859087057
149306421,-2.3607722316540602
149306422,-0.9689932631663183
149306423,0.09139980827490035
149306424,-1.935865945923112
149306425,-3.426461801655414
149306426,-2.4984538698891257
149306427,-2.7069414626744717
149294207,0.23538860381357551
149294209,1.15834344933684
149294210,-0.8853626234081844
149294211,-1.1652422836003353
149294213,-0.4422228702102373
149294214,
149294215,-2.924879524838012
149294216,-4.799524489588599
149306607,
149306608,0.00770878800911845
149306609,-0.7891455034639847
149306610,-0.789957934711417
149306611,-1.2698391988590672
149306612,-1.2975026358391375
149307627,-0.8013070366434496
149307628,-0.8036998203671546
149307630,
149307631,-1.2985737061112141
149307632,-1.2980491349911611
149307633,-0.01259274070487848
149307634,-1.6102951219454482
149307635,-1.608156380523459
149307636,-1.1774552446665805
149306506,
149306507,0.02095330677173024
149306508,-3.444559846578695
149306509,-3.460856154607292
149306510,0.31883630752521697
149306511,-1.0389735571825103
149306512,-0.43495640757425313
149306513,-0.4308188063864957
149306514,-1.1439108362652615
149306515,-1.1748707496765416
149294069,-0.07792375743129654
149294071,-0.831129727767614
149294072,
149294073,1.283575815831007
149294074,-0.08083616692981721
149294075,-0.48536146287404236
149294076,4.595757642623026
149294077,8.397445146336816
149293313,2.859948107778891
149293314,4.588090174395802
149293315,0.6871988537195364
149293316,0.02675652026384512
149293317,1.904006237132009
149293318,0.4694780074236462
149293319,
149293320,0.6721526249235552
149293321,5.047695384358093
149293322,-2.1450267143682
149294297,0.005323592290238821
149294298,
149294299,-2.9951558755034853
149294300,-2.97381038664372
149294301,-6.887085004238202
149294302,-10.192194780210457
149294303,-4.841072769899313
149292405,-1.4608974432155435
149292406,
149292407,-0.0010801925174632743
149292408,0.054646309777069746
149292409,0.04773472403398671
149292410,1.7245418078292118
149292411,1.7248716878832653
149292412,-0.6436422797089278
149292413,3.766873950568524
149292414,3.7662158231312475
149300287,-1.3130372999531286
149300288,-2.893776976668134
149300289,-3.176472776158464
149300290,-1.0222410264908373
149300291,-1.5723769506922949
149300292,-0.545853451754839
149300295,
149300296,-1.8179536404887848
149299430,-1.8854527544427242
149299431,-2.4571065228699354
149299432,
149299433,-1.0121543428380448
149299434,-2.8050118430329576
149299435,-6.419382204283494
149299436,0.337449464348083
149299437,-1.1321391260327118
149299438,2.1206325725751185
149292833,
149292834,-0.811366590224452
149293014,-1.238440788625212
149293015,-1.1494450632678195
149293017,-0.28895778122041804
149293018,0.049357803072538786
149293019,0.07297921207462821
149293020,-0.083958495451256
149293021,
149293022,-1.5755780636559322
149293023,-1.6083269354801502
149292616,-2.2103067730718777
149292617,-0.9487890318562506
149292618,-0.886741955811857
149292619,-1.4639200305780804
149292620,-2.393996768039358
149292621,
149292622,-1.617659393635961
149292623,2.5090398841055475
149292624,2.4094907684476397
149292625,0.19008743559608376
149294174,-3.1339673415080433
149294175,-3.096498016861002
149294176,-5.592795293665517
149294177,-5.895867085068943
149294178,-3.3685181928000816
149294179,-2.1626830558965793
149294180,-4.021823100446284
149294181,-3.9516971284953186
149294182,-1.5486023595936125
149294183,
149292522,
149292523,0.9480614433099959
149292524,-3.1521626833316816
149292525,-2.2751361977610998
149292526,-6.868122920488801
149292527,-5.328261845300773
149292528,-1.8037689192145194
149292529,-8.309380940615313
149292530,-6.121552380774929
149292531,-5.734110858623566
149294031,-6.434501038565621
149294032,-3.551471132863014
149294033,-3.1830871384576653
149294034,-6.477379177526316
149294035,-4.2948163148120315
149294036,-8.503466930579762
149294037,
149294038,-6.901145543504235
149294039,-8.861495909842631
149294040,-7.636144820788942
149293712,
149293713,0.0007703191490691097
149298250,1.1130313736791706
149298251,
149298252,0.1238477641630098
149298254,1.0160634411536478
149298255,1.0174403217950854
149298256,0.891777319124806
149298257,0.8932704207333799
149298258,1.2134183954091142
149298259,1.2150206391222511
149299225,-3.9653603199012153
149299228,
149299888,-0.403272188778971
149299891,
149293417,-0.19619131298652448
149293418,
149293419,-0.20037288709766088
149293420,-0.014597425520086915
149293421,0.6839006250013391
149293422,0.6851885541650269
149306496,-4.830140841027406
149306497,-4.830391518456693
149306498,-1.017469698453505
149306499,-1.0235405958957404
149306500,-1.4005466178098889
149306503,-4.653537830989313
149306504,-1.3652521687888939
149306505,
149308460,-2.5583500218681934
149308463,-2.5587901119623915
149308464,-3.4192599300584767
149308465,0.001011172743609734
149308467,-0.16156199165341079
149308468,-3.412719601191032
149308469,
149307469,
149307470,-0.12322719552501571
149309315,0.0004585350908552499
149309316,
149308543,0.096061228500254
149308544,-0.36465424483483844
149308545,
149308546,-1.9177183126536193
149308547,-0.1556523691313103
149308548,-1.6645372370414009
149308549,-0.6483585966884675
149308550,0.09753820867209129
149308551,-1.760300752236553
149292153,0.8537875142937716
149292154,1.2889701292562021
149292155,1.2969117137068418
149292156,
149292157,-0.0037466833903376795
149292158,0.2521133576871111
149292159,-0.5800318863179168
149292160,2.191956886540553
149292162,1.8277340719017605
149299573,-2.0839184804444244e-05
149299574,
149307852,
149307854,0.9184014632151047
149306630,-3.6024442890839445
149306631,-3.6036891124011916
149306633,-2.0787230142189586
149306634,
149309242,-4.987629642211743
149309243,-1.170936375835737
149309245,
149309247,-5.7404348054271
149309248,-0.4833747602953622
149309250,-4.393628122713039
149297361,-4.415691262082916
149297362,-3.819070713653236
149297363,-6.63880182383118
149297364,-2.900494553195106
149297365,0.37929627931321264
149297366,-0.7612454865009077
149297367,2.00465081289839
149297368,
149297369,1.3726464299059664
149307989,-2.730657422614329
149307990,-4.286870448818297
149307991,-2.735090859116637
149307994,1.1431508970373843
149307997,
149298527,0.5684642574226757
149298528,-0.3245834449780318
149298529,0.32058200451220387
149298530,0.35817164654156386
149298531,-0.43307505836412474
149298532,0.721133178996098
149298533,0.7210487972884607
149298534,0.29212755247266387
149298535,0.3143582328161756
149298536,
149307549,-0.8291258572705722
149307550,-0.8296636054860258
149307551,
149307555,1.1107948337538467
149307556,1.1119027506663421
149307557,0.20579150351910513
149307558,0.8684720643974195
149307946,-2.8285871179399322
149307947,-2.8513489227247106
149307948,-4.139936024792618
149307949,-4.140870596128693
149307950,-3.7760586486682683
149307951,-3.7631145473953467
149307952,-0.820023914438778
149307953,-0.798877494646149
149307954,0.0018320985766848707
149307955,
149294151,-1.9269255661465525
149294152,-3.9949265180582696
149294153,
149298212,-3.8845890500731883
149298213,
149299256,-0.16134173422715037
149299257,1.991828653746893
149299258,0.764560013338226
149299259,-0.017130619363243227
149299260,-2.358307868089412
149299261,
149299262,-1.2749068586281709
149308628,-1.3695887597720713
149308629,-1.3695375766048556
149308630,
149308631,-0.04266666725791879
149308635,0.8226164869970916
149308636,0.8236393958245571
149306605,-0.001881653642215042
149306606,
149300014,
149300015,-0.4816614863180746
149300017,2.1281849943027566
149299578,-0.783904533253466
149299579,0.42886871970323526
149299581,
149307956,
149307957,-2.92192065689488
149300078,-0.30780434684004376
149300079,
149298500,-4.934754795865846
149298502,-4.930790350820878
149298503,-3.9250895923540092
149298504,-5.198299049020314
149298506,-3.9260025841415107
149298507,-10.229990369356077
149298508,-5.201002003854146
149298509,
149299550,-4.000889386831702
149299551,-0.7607292828681551
149299554,-2.5703806666781475
149299556,-4.637710380820906
149299559,
149294021,-6.087917139441458
149294022,-4.339356074188117
149294023,
149294024,-5.669549738405692
149294025,-6.718513140653499
149294027,-4.18382149844831
149294028,-4.158543104968146
149294029,-1.1452094222380538
149294030,-4.424583860732923
149299483,-0.1923825423820631
149299484,-0.15976608960664862
149299485,-0.05198803250164019
149299486,0.01868270801116978
149299487,-0.054523894079579804
149299488,
149299489,-0.19211052838807063
149299490,-0.15844292374879387
149299491,1.1361805533564961
149299492,1.1375670432688025
149306835,-0.19582421190221666
149306838,-0.20113261641508373
149306839,
149306840,-0.5561828445177808
149306841,-0.5524885831499269
149306842,1.3117982189685424
149306843,-1.7506900905196376
149306844,0.0032934253456113893
149292899,0.6885738076154269
149292900,
149292902,0.07208980057290404
149292903,0.7699328538946091
149292904,0.9440018829433185
149292905,-2.797462793799774
149292906,1.92570519669966
149292907,0.3684213435418755
149292908,0.3963819634452932
149300559,-0.0038152810022324957
149300560,0.3783787562046541
149300561,
149300562,0.19825076647293827
149299761,-0.5459839603081207
149299762,
149308057,0.3518237039402763
149308058,
149308059,-0.0072365772199525225
149308060,0.3509692487669547
149308061,-4.1083404846445895
149308062,-3.8903138251250624
149308063,-4.025688740533933
149308157,-3.932119855260691
149308158,-0.3748489018461534
149308159,-0.0008618057571858628
149308252,-1.81514393561973
149308253,-1.9232980811655978
149308255,
149308256,-6.5196107064571365
149308257,-8.54886623221681
149308258,-0.7572550422879658
149308259,-0.030166245386354262
149308260,-4.943393681577149
149308261,-0.7946942391682228
149299288,-3.505559667367592
149299289,
149299292,-2.405558469478464
149299293,-3.73506469869578
149306121,2.2953489912261205
149306122,
149306124,-11.60228111226374
149306125,1.0544025065453297
149306126,-2.3523504391380072
149306128,1.0067723258776198
149306129,-0.5627964930376379
149306130,-1.5088974362361967
149297514,
149297515,-7.444229653583022
149297516,2.492236749444288
149297517,-3.5912508293510825
149297518,-4.200282650202013
149297519,-0.012222697584661546
149297520,1.486669014487859
149297521,-3.620826143920567
149297522,-1.1923644515957506
149297523,-5.400762772212744
149307055,-2.0807852668292526
149307058,-2.512241779388752
149307059,-2.187126973215449
149307061,0.023083447214858666
149307062,0.25852117328832946
149307063,
149307315,-2.5811430037822305
149307316,-2.6351116254551243
149307317,-2.335339772179694
149307318,-12.482903219658652
149307319,
149307320,0.20052507135451947
149297778,-0.7069260907249486
149297779,-0.7048692936706118
149297780,-0.5317003719785589
149297781,-0.5638121990538139
149297782,-1.3363105964849922
149297783,
149297784,-1.2262780638560855
149297785,-1.2700449171378807
149297786,-0.147243269037574
149297787,-0.9732297484634103
149297948,
149297949,0.0006149317210599747
149297371,1.8485607731417417
149297373,3.767933525227633
149297374,3.731701117167731
149297378,
149297379,2.7496398170707153
149297380,4.317628483631218
149292713,1.7531951859061792
149292714,0.059410775233232016
149292715,1.8763512641195348
149292716,2.1679252171203416
149292717,
149292718,3.3393505035286353
149292719,0.9013439843897117
149292720,1.2067415459696917
149292721,3.6944248537149065
149292722,5.86370624320034
149294138,0.6859599532550078
149294139,-0.06088336138327577
149294140,0.014752092806446626
149294141,
149294142,0.7555687858692437
149294143,-0.10198844477868363
149294145,-1.3334323653247395
149294147,-0.8818346141884774
149307885,-3.1356651947198433
149307886,-3.1773690725437578
149307888,-1.5723393678643354
149307889,-1.1744598630755898
149307890,-1.5231523400856593
149307891,-1.413440534146735
149307892,
149307211,-3.0067658032864486
149307212,-3.1305172388100218
149307213,-0.07936480229520981
149307214,
149306793,
149306794,0.20424150561127163
149306795,0.5830724686682132
149306796,0.4712912353675307
149306797,-0.8069782257488853
149306798,-0.7316512729110514
149306799,-0.9100601748758805
149306800,-0.8502336648873268
149306801,-0.41955348857969454
149306802,-0.34916353355941965
149307121,2.0825675045642567
149307122,2.429422928671001
149307123,1.7162135600032058
149307126,0.07367615279888662
149307127,2.6974240648925614
149307129,1.7199064535132083
149307130,
149293889,-3.8758871583632915
149293890,-3.529565442646607
149293891,-1.753040085242632
149293892,0.43754300025883586
149293893,1.7866899214702885
149293894,
149293895,-2.1363128462800987
149293896,0.08545319326945089
149293897,2.2400254075245134
149293898,-3.1938920458550446
149293935,-5.606586408839843
149293936,-6.182355244013862
149293938,-5.56851483538988
149293939,-5.133424012627358
149293940,
149293941,-3.567136533680581
149293942,-4.066597798128833
149293943,-4.031810840864247
149293944,-1.242807799956517
149299393,-0.815163655390279
149299395,0.4729542988849289
149299397,1.2432115526008545
149299399,
149308242,
149308243,-2.10311129167917
149308244,-0.6843548847169885
149308246,-1.9582526741899358
149308248,-3.320907474756993
149308250,-6.363113151785868
149308251,-6.710356159176214
149293343,2.0845630253820104
149293344,1.9703528523166227
149293345,-0.8917702554997078
149293346,-0.3090717062253674
149293347,-0.08575464807103117
149293348,0.19948277234934153
149293349,0.699164380334679
149293350,1.1024461856789145
149293351,-1.1313294258923747
149293352,
149306188,-0.6440794064127235
149306190,-1.918828667134937
149306191,-3.7876369974505426
149306192,-4.784833235255117
149306193,-0.11339332965666671
149306194,-2.9758187567185175
149306195,-1.6310616557489759
149306196,-3.1536501033700306
149306197,
149300598,-1.3248401814564374
149300599,
149300600,0.016171346372686912
149300601,-1.3461714934016697
149300602,-0.6720953338291764
149300603,-1.1429645728075997
149300604,-1.138102256725503
149300605,-0.391495143715062
149300606,-1.6724270622296444
149300607,-1.4252879986121343
149298521,-2.230221839029328
149298522,
149293026,1.4061079400632934
149293027,
149293028,1.9151364177800616
149293029,-1.2722013766923794
149293030,0.9540595779303658
149293031,2.0824583790003857
149293032,2.452141759677957
149293033,5.09215687799265
149293034,4.514301447665943
149293035,2.395117689582122
149294237,
149294238,0.42664178127120067
149294240,-2.044842343906005
149294241,0.5130900214715339
149294242,1.4476548514689398
149294243,-2.197281265722772
149294244,-1.3809369465576111
149294245,0.0028641285637931446
149294246,3.237578251344978
149294102,-0.1618072538176989
149294103,0.5452225017275794
149294104,-2.518566190582078
149294105,0.6448062295757779
149294106,
149294108,-0.07856234606273915
149294109,-4.004341151381851
149294110,-1.9050176885887709
149294111,-1.105026421852557
149292645,-2.3364185655218535
149292646,-3.387884156539201
149292647,-2.3076031561378727
149292648,-3.3922719701557753
149292649,0.9061755914321452
149292650,0.8917184814958432
149292651,-2.3561971217493465
149292652,-3.2216921595928056
149292653,-3.2289101141254264
149292654,
149298424,
149298425,-4.690022581034945
149298426,-2.3334599328860435
149307331,-0.6637379243879389
149307332,-1.5377603227298255
149307333,
149307334,-1.5365909456873759
149307335,-2.5660089386914047
149307337,-2.6281134389984544
149307338,-0.08626286750082812
149293659,
149293660,1.879152590393005
149293661,0.5523471562822806
149293662,3.9107892307089287
149293663,-1.21516068818255
149293664,2.3008755577891407
149293665,0.583058365175475
149293667,1.184209529702457
149293668,-0.986391696107944
149292752,-2.338137755550001
149292753,-2.226359349602191
149292754,-2.254256063666631
149292755,1.166009867052182
149292756,-2.0467802422121224
149292757,-0.8043673623155527
149292758,
149292759,1.6095350913618844
149292760,-2.588936017071859
149292761,2.4961066291540845
149292539,2.03156776505665
149292540,-4.4372989229948985
149292541,1.310316264718125
149292542,2.051886545390346
149292543,-5.454394214375782
149292544,
149292545,3.2200626878597802
149292546,-0.8851566921456993
149292547,-5.062463642901065
149292548,-0.5918148372728638
149291740,-2.630439342486083
149291742,-3.5824547630200234
149291743,-2.053903719855577
149291745,-2.6289475866405914
149291746,-2.818008140259749
149291747,
149291748,-5.8830521548826225
149291749,-2.638197672182997
149292772,-1.7584488423819806
149292773,-1.2953750891875941
149292775,-3.5523636361810986
149292776,-2.6801436666739065
149292777,
149292778,-2.2390705649779576
149292779,-1.7447181104110712
149292780,-1.4471343898167603
149292781,-2.846361826923271
149294314,
149294315,0.4805898153982753
149294316,-0.08279628326556576
149294317,-3.446405580973021
149294318,-1.0353549883179767
149294319,-0.4594228063703554
149294320,-0.7410553817842924
149294321,0.2801744355739402
149294322,-2.465194205682735
149292559,-3.9365668044561204
149292560,-6.633766006492607
149292561,-5.889365442656782
149292562,-1.0502790839161094
149292563,-3.7515698786135943
149292564,-3.805813931123197
149292565,-1.5755902818141152
149292566,-4.9157636081014005
149292567,-6.91833320387623
149292568,
149300435,
149300436,-5.554656411934943
149300437,-0.7836779050789806
149300438,-0.7864847325292272
149300439,-5.185501698785004
149306876,
149306879,0.8096585065142321
149306880,0.2684351748858447
149306635,
149306637,0.14309928375937275
149308470,0.046031580685663265
149308471,0.6565823005378895
149308472,1.345947348075062
149308473,2.237235587776131
149308474,-0.08974941279757287
149308475,-1.6416271161292166
149308476,0.4679678466007027
149308477,
149300310,0.37367034089964357
149300311,-4.210526488039382
149300312,
149309274,-0.06852773860435946
149309276,
149309277,-0.06575599641931262
149309279,1.0430467014653573
149307537,
149307538,0.019664909480411552
149309541,-2.1481816982477024
149309543,
149309544,-1.9681975147122355
149308997,
149308999,-0.0015252668593603858
149309728,
149309729,-1.935762439422838
149309735,0.0018261597433237853
149309736,
149309737,2.097929712568053
149309738,-2.729917630362287
149307968,
149307969,-0.029531367900720085
149307970,-0.2365789259780513
149307971,-4.887932826521432
149307972,-1.438804566571804
149307973,-1.4708643746186532
149307974,-4.875084155667906
149307977,-2.1808722514946055
149293879,-0.4350602780680646
149293881,1.3383480127322045
149293882,
149293883,-0.002434185717667958
149293884,-0.4364743761897145
149293887,0.6998530969378649
149293888,-2.4902564094322557
149298308,-0.4123142510729103
149298309,-0.8009088900388868
149298310,-3.4015298603463826
149298312,0.46357913125391903
149298313,-5.3081230833076205
149298314,-1.1428431473752632
149298315,-2.169542237413406
149298316,
149298317,-1.068589233073066
149309857,
149309858,-1.1828522782614215
149307637,-3.923854144386933
149307638,-3.9151184637919956
149307640,
149307641,-0.0012786141850273935
149307643,-4.654755381825144
149307644,-4.645480456590612
149307645,-0.03773621587877152
149307646,0.07947453786005099
149298956,-0.28006593521386947
149298957,-0.11171038296511782
149298958,-0.10108072259904333
149298959,-0.2563713114026491
149298960,-0.7890784537001387
149298961,0.10572700998750761
149298963,
149298964,0.18177712172224147
149298965,-0.10589836358848714
149298778,-2.3290953063596547
149298779,0.004456559988476272
149298780,
149298781,-4.033443890515244
149298782,-2.490659379182638
149298783,-1.365220899456233
149298784,-1.3598154989709528
149293281,0.0019868352034677628
149293282,
149306268,-1.9521033169644255
149306269,-2.142157986455814
149306270,
149306271,-0.0009227370216819963
149306272,-3.520907189854654
149306273,-3.3973188349934844
149306274,-4.386930783589932
149306275,-4.745249597544245
149306276,-2.1456676392023013
149306277,-1.626326774559459
149298318,-9.766153644493599
149298319,
149298320,1.572589752691286
149298321,-6.5791152712079395
149298322,-4.550542121552368
149298323,-9.305892575370578
149298324,-0.6542797184977189
149298325,-4.926366311247719
149298326,-3.4439005461324967
149298327,3.0987517906537363
149308170,-4.275949292275641
149308171,-3.2745454068433073
149308172,-0.30471133443489595
149308173,-3.5509695835632638
149308174,4.321613128549924
149308175,2.246959652471756
149308176,
149308177,-1.855663876451823
149308178,-1.7524551936111905
149308179,-0.020745518157184506
149297879,
149297880,-0.11571142466712558
149297881,-1.9637338681772718
149297882,-2.1573501570376497
149297884,-0.9889175138928437
149306957,
149306961,-3.642909161762852
149306962,0.2770134104209645
149306963,-0.3605603907840971
149306965,-3.8442642483033915
149306966,-2.2010034904349216
149307495,
149307496,-8.919859922488165
149307497,-8.010098704485287
149307499,-3.7277641648910738
149307500,0.37276797333466405
149307501,-0.8463796470910019
149307503,-1.9250781610775256
149307504,-1.9260486157387149
149292596,7.979075175702917
149292597,8.397355824166908
149292598,7.747844642294027
149292599,
149292600,1.6408167959028788
149292601,3.484290799647951
149292602,5.633580792921563
149292603,10.404335928489388
149292604,-1.1640029409509793
149292605,10.471115576389025
149307804,
149307805,-3.6071008295825635
149291905,
149291906,6.203629206512744
149291907,-5.591822888207446
149291908,-9.331662485807243
149306983,
149306984,-1.1610003432655915
149306987,-3.7675137025785332
149306988,-1.2555482141766134
149306989,0.012386004173464471
149306990,-1.2660187263174905
149306991,-3.763069450917719
149306845,
149306846,-0.6427774940344193
149309810,0.3162390463799625
149309811,-1.3724798692217206
149309813,-3.658777850910127
149309814,0.8931350133138167
149309815,
149309816,-2.2758337188242947
149309817,0.9226555792756415
149309818,-0.5127352993574021
149309819,-1.4495523188959538
149299314,0.6894527059564552
149299317,
149299319,-8.692362907119588
149299320,0.005225263717250073
149299322,-8.702882782555179
149297546,-0.04340076714355945
149297549,-0.044590687725385436
149297551,
149297552,-0.42951150976714203
149297553,-0.14669820363945263
149291681,2.5201866746883326
149291682,
149309491,
149309492,-0.11554358095949446
149309493,-0.10672595056449374
149309494,-1.6242727454411643
149309495,-1.6283252364947494
149309496,-1.826970807247191
149309497,-1.3601807348661268
149309498,0.4322644160861042
149309499,-3.079903798911303
149309500,-3.274047820556527
149297739,0.04082868710772125
149297740,-0.1122396408497206
149297741,
149297743,-1.6603502840705175
149297744,-1.419578821056831
149307755,-7.339546366948355
149307756,-7.347987906462976
149307757,-7.360882676334796
149307758,-0.002465174756594024
149307759,-6.528665773342141
149307760,
149307761,-6.464079416258812
149307762,-6.453929033060945
149307763,-3.878001842547377
149307764,-3.7186212872515796
149307916,-3.5455294627164733
149307917,-3.5287173843915127
149307918,-2.68992062445804
149307919,-2.6304225638182572
149307920,0.06622170538264527
149307921,-2.6886507323783064
149307922,-2.6402612436970117
149307923,
149307924,-0.010029021975583419
149307925,0.061771917471645565
149309488,
149309489,-0.06659419136291334
149309490,-1.3828850756909343
149292274,-4.897483332837751
149292276,1.9335717694721666
149292277,-3.599171096177642
149292279,-4.832116282640612
149292280,-2.513641105429855
149292281,-3.495631626749116
149292283,
149294082,1.33212572302277
149294083,1.543147822567633
149294084,-0.6768446521184757
149294085,0.09022863446514862
149294086,0.442787922165067
149294087,3.0568678494876735
149294088,-1.8715247480930657
149294090,
149294091,0.5690367847550277
149306967,-2.314212590707598
149306968,-3.9658620395680657
149306969,-2.580442250216308
149306970,-4.61923782339673
149306971,-4.922347059324522
149306972,-2.9394535991359874
149306973,-0.4680998280582074
149306974,
149306975,-2.6470113832807343
149306976,-1.5861270696278709
149292639,0.01650101960129291
149292640,2.916876943362496
149292641,2.905879256916151
149292642,
149292644,0.47194771141002434
149293770,
149293771,-3.5703386438719757
149293772,-1.3790846794403038
149292688,-1.1859454519655124
149292690,-4.2984346823860164
149292691,-0.3332172971890621
149292692,-0.22266234121035922
149292693,-1.2229897576417947
149292694,-3.239988239191213
149292696,-1.6483278630809757
149292697,
149291719,-16.639221275524488
149291720,-16.77280484230198
149291722,-16.42884772144796
149291723,-0.5108450200005805
149291724,
149291726,-17.561253141072243
149291727,-19.573354190310756
149291728,-19.413297089090385
149293381,-1.2471599791656232
149293382,-8.612648027412504
149293383,
149309108,
149309109,-4.295900339152155
149309111,-1.7990277145920004
149309112,-0.2601289468105392
149309113,-1.222819047167917
149309114,-4.914549594284523
149309115,-3.89593224740085
149309116,-4.484701795154308
149309117,-5.37465669701885
149298994,1.3204401861423776
149298996,
149298997,1.7810134004465965
149298998,0.8856995143018196
149299000,0.6920867902517145
149299001,0.0832461899472392
149299002,-0.26319994621149334
149299003,-2.3510795803066316
149293229,-0.0037008822799577956
149293231,-2.162460065304458
149293232,-4.093932463794033
149293233,-3.021532024414171
149293235,-3.3995748252512783
149293236,
149293237,-0.8157303646929392
149293238,-0.820033425954108
149292163,0.03834832364753993
149292164,
149292165,-2.7876567424124232
149292167,-0.13875668601872349
149292168,-3.3489389982572106
149292169,0.23827571808459425
149292172,0.24270330265173357
149307131,-3.1412896316378323
149307132,-0.7494828934063236
149307134,-2.4324532410103927
149307135,-1.2693559362296014
149307136,-3.1478905345960015
149307137,
149307138,-2.1787293787544115
149307139,-2.655100615868861
149307140,-3.506443530627294
149297312,
149297313,1.079590956908504
149297314,1.077081893686696
149297315,1.686258338257808
149297316,1.724751650834385
149297317,3.3075850418832715
149297318,2.337685855736936
149297319,2.338965386348434
149297320,3.218964782748298
149308413,-1.0287350185476924
149308417,-1.0337287868008715
149308418,-0.42315755983496217
149308419,0.04915256174938065
149308420,-0.26252796531799305
149308421,
149292475,4.227403436033654
149292476,-0.8826871861605383
149292477,
149307474,-5.461850199922494
149307476,-5.324343503555751
149307477,-5.188866432150215
149307479,-5.190142255077141
149307481,
149307482,-4.543839048418963
149307483,-0.839968247167564
149306363,0.8975398795417675
149306364,-1.6464462596897818
149306365,-0.6967115468099223
149306366,-1.6485866138271774
149306367,0.011279725324726542
149306368,-3.307107969697597
149306369,
149306370,-0.8694690859818195
149306371,-2.851465023325602
149306372,-1.7161566821992267
149291450,-0.004820270314127573
149291451,
149291452,1.4903403239306452
149297625,-5.922623384960403
149297626,-3.789700453173154
149297627,-5.6720484118390715
149297628,-5.496781893583382
149297629,-5.958327080629587
149297630,-5.366761072771737
149297631,-5.863285943058898
149297632,-2.7997609438755475
149297633,-3.816174307644168
149297634,
149297895,-2.7425224870925433
149297896,-0.6116336056557117
149297897,-3.534495531167181
149297898,-3.9217370556964255
149297899,-3.6802081054599256
149297900,-3.5104361849657835
149297901,2.0115330519144976
149297902,-3.70326822344947
149297903,1.7695059306836498
149297904,
149291477,
149291478,0.4915745223511152
149291479,0.9061445910786858
149294154,0.021784792764563576
149294155,-4.790423856020993
149294156,
149294157,-0.4979192290384873
149294158,-0.5002453390240618
149294159,-3.5653758781299842
149294160,0.5429561808553842
149294161,-3.5914813296184604
149294162,-4.192027037459695
149294163,-4.873967940728988
149308845,0.4330469168191087
149308846,0.3435556244699569
149308847,0.06272527347634593
149308848,-0.2971926089191612
149308849,-0.14018909935225565
149308850,0.013369806042035748
149308851,
149308852,-0.3871880445523601
149308853,0.1403439502376358
149308854,0.35601429888261293
149306825,
149306826,-3.06204464089271
149306827,-7.08641400164287
149306828,-5.637335956148759
149306829,-3.1098410104854484
149306830,-5.675493551904749
149306831,-4.594002392456698
149306832,-10.030091638231548
149306833,-5.354571765049133
149306834,-6.186512215831774
149293473,-9.969878099854043
149293474,-12.633280994106485
149293475,-7.08978601520414
149293476,-4.6518475604516425
149293478,-18.838239387344743
149293479,-4.461406377249091
149293481,
149293482,-2.417827042186218
149291965,-1.563262350184507
149291966,-0.8108180335875312
149291967,-0.8135344698119651
149291968,-2.221489487274238
149291969,-1.4516931893667167
149291970,
149291971,-2.1531739858359282
149291972,-0.05322797199281659
149291973,-1.6744080610619108
149291974,0.8677969211502647
149291923,-1.5414016251004274
149291924,-1.1734742087043366
149291925,-1.2789573515054053
149291926,-1.385137918327005
149291927,-0.8993383256961205
149291928,-0.1321464069175522
149291929,0.7345465276678351
149291930,-1.8314932924034575
149291931,
149291932,-0.7256646985063195
149292727,0.33529904030942603
149292728,2.097381031928112
149292729,-0.5949314257991638
149292730,4.0627887288442786
149292731,-0.4788625492212404
149292732,2.548696673767445
149292733,0.37292515743279253
149292734,4.159528972981118
149292735,
149292736,0.3698570633399001
149291709,-0.28956024750509624
149291710,0.16743521016413343
149291711,-0.5338062289783982
149291712,-0.19089315475831103
149291713,-0.19157835446759464
149291714,0.012920694967454516
149291715,-0.5954824422916802
149291716,-0.48799608149694684
149291717,
149291718,0.06485968884964421
149291594,-0.581124902450739
149291595,-1.2043979445262423
149291596,
149291597,1.601415180766658
149291598,-1.202053796324769
149291599,1.7462990246969454
149291600,2.298827975453058
149291601,1.977386019984472
149291602,-1.5639273573943129
149291603,2.476949089998641
149291660,-3.0761224346098146
149291661,-3.085160998613901
149291662,-2.510235383332528
149291663,
149291640,0.4216377732493086
149291641,
149291642,-0.2873336041315042
149291643,2.4528439551784516
149291644,1.7178740746315597
149291645,-0.7391252699625426
149291646,0.719578639874868
149291647,-0.8086622253327889
149291648,2.2666500863014107
149291649,0.9155598434758829
149293515,-0.09721369858607432
149293516,-2.2301025081271177
149293517,0.5189762434911245
149293518,0.29011936430282503
149293519,0.03875657008535427
149293520,0.20679819114485554
149293521,-0.9921429664610741
149293522,-0.7523821255927601
149293523,
149293524,0.955970289944787
149293909,2.5364128807843507
149293910,
149293911,-0.4574727191118342
149293912,2.094980323405153
149293913,2.4862081228158672
149293914,1.9561238960644545
149293915,-0.017972645975927293
149293916,-4.508827472923379
149293917,-2.6066245272775603
149293918,0.2882466075796657
149299420,-7.853473424923521
149299421,-6.715975551980165
149299422,-6.301231116399208
149299423,-5.92295393721389
149299424,-5.243929196460556
149299425,-6.2200801054898704
149299426,-4.62351233494303
149299427,-6.596596791189285
149299428,-5.184220864601144
149299429,
149292376,2.826035401264221
149292377,-0.8742647451371113
149292378,-4.093899853438984
149292379,-4.089205879442261
149292380,-0.8690028366937668
149292383,-0.18610370043995772
149292384,0.6558850478547811
149292385,
149293737,
149293738,5.564837470207522
149293739,5.437826115915868
149309595,-1.7203386533028606
149309597,
149306325,2.43764673792925
149306326,2.4379064884984185
149306327,0.1939826089350758
149306328,0.19362835873859474
149306329,
149306330,0.0025542544394005495
149306333,-0.3422378214826263
149306334,-0.34526134003977565
149308347,-5.1319903471450985
149308348,-3.8401154847596004
149308349,-3.7903044298650173
149308350,-2.944051055682948
149308352,-0.7480775918323843
149308353,-1.9318001122695208
149308354,
149308355,-1.8979156128132146
149308356,-3.200983031577586
149297414,2.7437185094666745
149297415,2.7738214516060395
149297416,4.205669873543904
149297417,
149297420,2.0800886319443777
149297421,4.2335481837557225
149297423,2.0916238826208584
149298929,0.11794798592938349
149298930,-0.31996362737721995
149298931,-0.6419782427834946
149298932,
149298935,-0.6350876165203232
149298805,-0.0004021992117575479
149298806,
149298808,0.36085067500796164
149298814,0.36007964052847274
149293776,0.024150838403583563
149293777,0.12284336038540822
149293778,0.46175265249592634
149293779,1.6658146826869693
149293780,1.6284136124213688
149293781,
149293782,0.9995078798826995
149293783,-0.0001969756808861689
149293785,-0.9129037269183549
149306248,
149306249,0.0676652016200876
149306254,1.5260641535014088
149306255,1.4719864075124747
149306256,-1.4127815750231605
149306257,-1.1189342808068545
149293806,1.7005769266548754
149293807,1.7167824265406324
149293809,1.1279352545819066
149293810,1.7931380349203678
149293811,1.7888981748598312
149293813,0.0019242174440989857
149293814,1.3323541386635611
149293815,
149300462,
149300463,-0.7667333260911846
149300465,1.2032965854282622
149300468,-0.560048264227774
149300469,1.205478044769876
149300470,-0.76343675246315
149299560,
149299561,-0.7403504138565609
149291730,-0.013063609527961262
149291732,1.193904670896984
149291733,
149291736,1.194422172497724
149291738,3.2228966653616453
149291739,3.2206324818763647
149308642,-3.5538980104453373
149308644,-6.31296074997649
149308645,-4.876697718645133
149308648,-3.779894181360362
149308649,
149308650,-0.7717913281509361
149308651,-1.9704515655465542
149298523,-1.525469301918406
149298524,1.1071559632670827
149298525,-1.996437957050432
149298526,
149298471,
149298472,0.01784609960457928
149306948,-2.2323697772105646
149306949,-1.514406512636306
149306951,
149306952,-0.8186161092711757
149306953,-1.773543139673059
149306652,-0.6407750292850476
149306653,0.0003247422524990107
149306654,-0.6450867365442241
149306655,
149293763,
149293764,3.5038850620198474
149298418,
149298419,-0.0009847488000644944
149299721,
149299722,-2.1208697920200015
149299723,0.7615735751413899
149299724,0.6940946258109966
149299729,1.2783941376446935
149299730,1.232198009040757
149308654,-4.875832618775924
149308655,-3.1626417212375593
149308656,
149293973,-0.00019359902079685298
149293974,
149293976,-0.4227877597630325
149293977,0.154852769315724
149293978,0.123541610762544
149293979,-0.1687512705918195
149293980,-0.17942286690871612
149293981,-0.4795151302254723
149293982,-0.46794156742500803
149297957,
149297958,-1.0834765742704917
149299786,-8.952136729844028
149299787,-10.8667992921675
149299788,
149299791,-13.734438346240992
149299793,-14.364627194765234
149299794,-8.906999877124136
149299795,-8.00585983374529
149299585,-0.5555395628096882
149299586,-0.45390675907362166
149299587,-1.807759677167315
149299588,-1.8555269523047073
149299589,0.6214253740467974
149299590,
149299591,-1.5557144523574458
149299592,-1.1733728823645997
149299593,0.7578469206514811
149299594,-3.2762566750072537
149300392,
149300397,-1.5958148399446692
149299894,
149299895,2.1350151664286052
149308782,-1.8010804339521087
149308783,
149308789,1.2252830991101575
149298936,0.06478446749040323
149298937,
149293155,-0.1838160856191493
149293156,-3.5166063702993
149293157,-0.572420175932919
149293158,-4.339667854194268
149293160,
149293161,-2.2166377476342305
149293163,-4.960749183528101
149293164,-10.865288427655763
149308423,-0.4402569200616071
149308424,-2.3238853145782414
149308425,
149308426,-1.2847277424018912
149308427,0.40542211940716655
149308428,-2.546897064047087
149308429,-2.5787220523061656
149308430,-0.09657062485751311
149308431,-1.5470172818808479
149308432,-2.140246919645346
149307741,4.2679906071059355
149307743,
149307744,1.499430388084285
149306623,-2.651226967261522
149306624,-2.102903579179653
149306626,
149306627,0.28596522560304294
149306628,-1.766735318230829
149306629,0.3905138437929878
149306914,-1.043566167002992
149306915,-1.189224241707815
149306916,
149306918,-1.2101886263669632
149306919,0.02696493902518249
149306920,-0.07928316405333025
149306921,-0.3674430909724693
149306922,-0.9579024630737241
149306923,-0.3546540301207841
149309123,3.5338741508519433
149309124,1.9842564883275315
149309125,-0.9738395541797615
149309126,1.6100727555715935
149309127,2.7487519578256183
149309128,3.7808483807421567
149309129,2.698163897057043
149309130,
149309131,4.0518850743537485
149309132,1.0566288719006707
149308526,-0.8792819633364388
149308528,-3.7970210403894384
149308529,-3.5737814283291414
149308531,-2.341905225361984
149308532,0.29027066182158023
149308534,-0.9458288706159124
149308749,
149308750,-0.23399191456326207
149308751,-0.6891718278534995
149307485,-6.111831456388991
149307486,
149307489,-6.228469206354774
149307490,-0.11289060626086922
149307491,-0.19527660118168733
149307492,-7.591096909163829
149307493,-7.284675164124311
149307494,-7.350355873156243
149308746,0.19153987724962773
149308747,
149308748,-1.2381620381802882
149299562,-5.742161374335296
149299563,
149299565,-1.2562358223165688
149299568,-4.333892400166121
149299569,-0.2897517563829126
149299571,-2.3871128920370097
149306648,-0.8619674210334196
149306649,-0.8239985847472866
149306650,-0.17186283345130704
149306651,
149308327,-2.40020312174795
149308328,
149308330,-2.1209075062820517
149308331,0.35863745344747855
149308332,-0.7218876391845583
149308334,0.26268850492644447
149308604,
149308622,-9.64213102558017
149308623,0.2122168918977252
149308627,-12.647866752456721
149308660,-2.1726792000743558
149308661,-6.348763270245627
149308662,-10.942617493131841
149294092,-2.9369033100851
149294093,-2.8920788914120834
149294094,-2.9166696170472335
149294095,-2.8975478384440123
149294096,
149294097,0.03654851507847923
149294098,-5.045292727585533
149294099,-5.6724604706431165
149294100,-5.0735447909387545
149294101,-5.217390221586442
149294128,-0.20145433419796177
149294129,-1.3811887705086292
149294130,-0.6835431973858519
149294131,-1.0911809740136533
149294132,-1.2404435637542335
149294133,
149294134,-1.6178979550220731
149294136,-2.137886650199917
149294137,-2.714122343724341
149293323,1.5989986752005052
149293324,-0.051025215121725864
149293325,0.5423806550821269
149293326,0.8913137143455572
149293327,-0.9633869581960539
149293328,-0.2264577346215333
149293329,-0.8587868438769135
149293330,1.24112933972647
149293331,
149293332,3.374239221463043
149299324,-0.7526121092947555
149299325,-0.8579606412703598
149299326,-0.8482847810097258
149299327,
149300588,-3.2849785992142557
149300589,-1.405891586518564
149300590,-1.3483471243469722
149300592,-1.3308579551732294
149300593,-1.7737859769515083
149300594,-1.3493674690289055
149300595,-1.629786121396009
149300596,
149300597,-0.8780229501038121
149298068,-6.002123876417656
149298069,-3.9730095645388843
149298070,-4.882047209352734
149298071,
149298072,-6.336668240855346
149298073,-6.212906881845754
149298074,-4.738552875318739
149298075,-2.8279086375899425
149298076,-0.10565878706151466
149298077,-4.731491529042842
149294013,
149294014,-3.2126826693433372
149294016,-2.2666374577932373
149294017,-2.5479257390897487
149294019,-2.299598396286612
149294020,-2.360419435648936
149292337,-2.1796219825723853
149292338,-2.3169153508201106
149292339,5.157027931426796
149292340,3.10338651156583
149292341,2.068753501972978
149292342,1.4080130840177247
149292343,0.8857777053780183
149292344,-1.995889561839249
149292345,
149292455,-6.952513766670023
149292456,-7.219558190034604
149292457,
149292458,-1.7473815584151282
149292459,-2.953610899193336
149292460,-3.691176810321622
149292462,-3.5442953745241255
149292463,-7.160126001536781
149292464,-4.052688305068585
149308372,3.7343329558852467
149308374,
149308376,-0.6559555835367803
149308378,-2.1781109883721292
149308379,2.5868133235545123
149308380,2.9812697854830272
149308381,3.6394112854523906
149307426,-3.2416623052006495
149307427,-3.242620722739267
149307428,
149292665,-0.17712094579320592
149292666,-2.4350877359438527
149292667,-0.18080090212137634
149292668,-2.4342807397189574
149292669,-0.015213634791592767
149292670,-2.2142428368562435
149292671,-1.4070645750320239
149292672,
149292673,-2.209958656120193
149292674,-1.4107348216205935
149298631,
149298632,-0.09061626177762605
149298634,-0.7778392304773689
149298635,5.312731551343404
149298636,-3.0371605933748214
149298637,-0.6567938882660229
149298638,-1.2008124896531882
149298640,-0.8787822229017195
149291683,-0.20499785024476225
149291684,
149300499,-1.9492870908022581
149300501,-3.3055325902468553
149300502,-4.108164637692248
149300503,
149300504,-3.3533458584182085
149300505,-2.9315302197666
149300506,-0.6085103586238603
149300507,-2.621147859360704
149300508,-1.6702162544558092
149292823,-0.5998325124203916
149292824,-0.3285381206213174
149292825,-6.132463549334432
149292826,-6.1475741648126245
149292827,-0.23645670022187915
149292828,-2.2816581074903866
149292829,1.6673574135645595
149292830,1.676365797462779
149292831,-4.0567886632678665
149292832,
149293796,0.19150004518755281
149293797,
149293798,0.1927322987267388
149293799,0.3336669818631677
149293801,-1.1806633744140598
149293802,0.7927737693465531
149293803,0.778801927043439
149293805,0.34098088970063145
149293440,
149293441,0.9736287158603218
149293442,-0.3627494770003352
149293444,2.335832593465909
149293445,2.1318272793451563
149293446,0.0025893705332116213
149293447,2.9753292925369017
149293448,1.6921681235339427
149293449,1.4913804042545102
149299222,
149299223,-9.234182938655522e-05
149299918,0.03592205740632437
149299920,
149306977,-2.915469995887431
149306978,0.9028468238771943
149306979,-2.5224130676873386
149306981,
149306982,-3.0543881977541467
149300613,0.05424770542101953
149300614,
149297818,0.5779079106127583
149297819,2.6307270270676675
149297820,
149293826,1.8409868883407015
149293827,0.7798236468542399
149293828,0.006870974556655085
149293829,1.8445167716684807
149293830,0.6500893133044343
149293831,
149293832,1.1698357242901452
149293833,1.2856187141404973
149293834,1.1598513538023525
149293835,0.6773492843608935
149298367,0.0017076345954336603
149298369,-1.3594976194238768
149298371,-1.953393777178718
149298376,
149298919,1.0630644343280697
149298920,0.996278511441496
149298921,0.6721827735008508
149298924,0.3669680631272416
149298925,0.00838210945973561
149298927,
149298928,0.7452802250047177
149299218,
149299219,-0.3354443636752258
149298048,-1.8330671814385653
149298051,-1.9685302792368446
149298052,-1.517602570132624
149298053,-1.0278975732216935
149298054,-0.9894864966688885
149298055,-1.4033467179017265
149298056,
149298057,-0.020719181226539263
149298118,
149298121,-0.09640831142382922
149298122,-0.7216663439428714
149298123,0.5093034552593423
149292132,-0.2285965556734979
149292133,-0.020513586531219374
149292134,0.04236559738523127
149292135,0.24965024203262942
149292136,
149292137,-0.4102462709080186
149292138,0.5347068449281629
149292139,0.2987479786736955
149292140,0.5329610589150313
149292141,0.2973945758254928
149298238,-0.4296803514575913
149298239,
149299493,
149299494,0.4167959016720033
149299495,4.257426777121964
149299496,5.577021161759035
149299497,-2.026773769483839
149299499,-4.2828035019296635
149299055,0.45953672240810306
149299056,0.197826859917825
149299058,
149308564,0.6134753658649679
149308565,
149293219,0.008454255145323941
149293220,0.2432657432885108
149293222,0.24133689299434735
149293223,
149293226,-1.2906968802042194
149293228,-0.40348890119878433
149309050,-0.10965936556439715
149309051,0.16584676900376394
149309052,-0.1550479784863228
149309053,-0.02963926952025986
149309055,0.3049611252347688
149309056,
149309057,0.15958097643593305
149308504,-6.430744280961832
149308505,-6.387168097061256
149308506,-6.397237010732816
149308507,-1.1597963305200807
149308508,-1.0857833440176563
149308509,-1.31682548669923
149308510,-3.853379598106919
149308511,-3.7089940652779916
149308512,
149308513,-3.667301762426497
149292606,-5.132225408255891
149292607,-1.3325650348779448
149292608,-4.574124674773373
149292609,-1.5289915003689032
149292610,-3.7669817670791303
149292611,
149292613,-2.0057364175112014
149292614,-5.003639091010967
149292615,-2.423121933497981
149293303,-2.4914563390946682
149293304,-2.4898464005471936
149293305,-2.07791144434146
149293306,-2.0779999843435704
149293307,
149293308,0.011794657996638591
149293309,-4.065589750235176
149293310,-4.593963661516092
149293311,-4.084484817278117
149293312,-3.7765036851552267
149291436,0.09421768635788474
149291437,
149291438,1.2131617597964812
149307776,-2.236923101955135
149307777,-3.5054395158268505
149307778,
149307779,0.004662481723400447
149307780,-3.4779290888819645
149307781,-3.3731262982702717
149307782,-2.6425183614773786
149307783,-4.060524091244169
149307784,-2.632636504401603
149307785,-1.9378605667472897
149293259,-0.5950059775633041
149293260,
149293261,-3.685459189982432
149293262,-3.732984795869674
149293263,-1.2722419621696899
149293264,-2.8183357353026803
149293265,-2.7916812667477986
149293266,-0.9256807667004732
149293267,-3.027921562853738
149293268,-0.8722875610398564
149308796,
149308797,-0.30348144712164427
149308798,1.427597509701716
149308799,0.7370748398216769
149308800,-1.3806997336355487
149308801,0.46966460296602364
149308802,-0.3908258098346842
149308803,-1.4256454965365357
149308804,-0.31317560356684027
149308805,0.43835257910076564
149309468,-1.9398721725428416
149309469,-2.5613617221898863
149309470,
149309471,0.77305764645984
149309472,-0.886223843452985
149309474,-1.522675667953422
149309475,-0.6056932821018215
149309476,-0.36615439231906066
149309477,-2.5036434876911997
149298621,-2.9555558276593707
149298622,-0.7845993405398737
149298623,-3.653727894452988
149298627,-2.7008880333244036
149298628,
149298629,-1.5418087356826682
149299626,
149299627,-0.7098105522178084
149299628,-0.7094294705036992
149297566,
149297567,-1.9846728430882123
149299936,-1.1621713953490058
149299937,
149299938,1.6955647522999726
149299939,1.1516192824072462
149299943,4.98921599940131
149299944,1.5575467671069774
149299945,5.16030456535551
149298357,-0.1694103040516346
149298358,-3.5110516496204838
149298359,-0.5856122949288327
149298360,-4.877271837297268
149298361,-3.4344458694854616
149298362,-1.0403793760343092
149298363,-0.2321271264232756
149298364,-1.8815090762410343
149298365,
149298366,-0.956529422142161
149307748,1.0538377486555888
149307750,0.9099236402141706
149307752,2.403633291361249
149307753,
149308762,0.007792978828064179
149308763,0.32593607515673284
149308764,-0.20595573119827293
149308765,0.3212272616837879
149308766,0.564151634758133
149308767,1.1596190749983464
149308768,
149308769,-2.3378519826133015
149308770,-3.5612393579993693
149307855,-3.9256393588101837
149307857,-1.8519056508606546
149307859,
149307861,-1.4751041981542006
149307862,1.1964645012144306
149307863,-2.0263530245907173
149307864,-1.7081025827978245
149300226,3.0078360277782394
149300227,3.8635807666385062
149300228,2.666801635943841
149300229,
149300230,-0.6181111128816497
149300231,1.3456810333554472
149300232,-5.282967837326055
149300233,-0.010036463999256284
149300234,-1.645600028506749
149300235,-0.6163011021181433
149299926,-3.333509173181824
149299927,-3.9764130739721395
149299928,-1.0060814629586048
149299929,-1.4749683503130768
149299930,-4.253382101297177
149299931,-5.808759934124367
149299932,-0.9319778254167659
149299933,-2.9541779906165857
149299935,
149291913,-17.91702482236866
149291914,-16.908934447557876
149291915,-15.976551748065443
149291916,-18.267893383658155
149291917,0.46905431459320646
149291918,
149291920,2.2103622069787914
149291921,-30.039066970011405
149291922,-30.07299755563143
149291750,0.1632727634836577
149291751,-2.0260005806932426
149291752,-3.356808527016323
149291753,0.12495561732679406
149291754,-0.9517715768835977
149291755,-4.091323215903671
149291756,-3.2682523508281704
149291757,
149291758,-2.724009027881838
149291759,-4.933647870086091
149300548,-0.9162886033128785
149300551,-0.9219300686393979
149300552,0.4553004144409982
149300553,0.4752054339787435
149300555,
149300556,0.000996832859357255
149300196,3.0227426191568156
149300198,
149300200,2.2335307415393686
149300201,3.1610705035450906
149300202,1.0077095997560264
149300203,-2.714339525272379
149300204,2.5190503926496604
149300205,-0.8384195115813213
149309305,1.0233880876661567
149309306,-0.4581693333774064
149309307,-1.5961746037354212
149309308,-0.7304119502190494
149309309,0.16999717257353364
149309310,0.8606640016066907
149309312,-0.4722373234662074
149309313,-1.4807508041889603
149309314,
149300563,-1.142389331152259
149300564,-1.5227335255231367
149300565,0.00020815226278614318
149300566,
149300567,-0.22440587661682798
149300568,2.132496057036434
149300569,-0.218042297171138
149300571,1.0255199878125723
149300572,0.444812607120042
149298661,-1.1287991530825536
149298662,
149298663,-1.465869591676693
149298664,-1.2165807266729303
149298665,-2.1322947592126695
149298666,-2.5848230680584834
149298667,-4.167794263690155
149298668,-4.562445800883751
149298670,-0.3032237972074938
149309478,-0.751144286351888
149309480,-3.395287660784618
149309481,-0.8104158000130752
149309482,-0.9113522962055427
149309484,-0.08791139420790728
149309485,-1.2875664938478764
149309486,
149309487,-1.205955808585422
149292576,-3.4710049100910396
149292577,-3.454897706025932
149292578,-3.4624072959093013
149292579,-7.3727937176650755
149292580,-3.2108704888758695
149292581,-2.7791577198932202
149292582,-4.484767101539035
149292583,
149292584,-2.8695712228007153
149292585,-6.092522642587568
149297619,2.487718954271763
149297621,-0.19203413784076417
149297622,
149297623,-1.3837352541969565
149297356,
149297357,0.2563726380524045
149297358,2.170485097667239
149297360,2.6242993830281307
149307294,-0.5344801622632396
149307295,-0.3177114931512506
149307296,-1.3119744962819269
149307297,-0.7322636878648634
149307298,-0.8054476498630336
149307299,-0.9658665461192832
149307300,
149307301,-0.8622013223196117
149307302,-0.7658098086417002
149307303,-0.9565276583254807
149293333,-5.938863676428809
149293334,-2.8526691482948934
149293335,
149293336,-2.743857753282569
149293337,-4.193193657389855
149293338,-3.9112414308593912
149293339,-6.620844243503441
149293341,-1.4511999717433781
149293342,-6.298203647601952
149294049,-1.0352098103016374
149294050,-4.326920343284058
149294051,-3.982716205313956
149294052,
149294053,-2.109040665413744
149294054,-1.040287550196851
149294055,-3.5090181844598476
149294056,-1.3969331825031688
149294057,-1.1290732425774976
149294058,-4.0660823469383445
149292327,
149292328,-0.8169483629550882
149292329,-1.431581051420892
149292330,-1.5852555406328008
149292331,-1.9587886431478125
149292332,-1.2102692140904878
149292333,-2.2458610126965652
149292334,-0.5311978678250853
149292335,-0.7734935733843145
149292336,-0.5454150156256787
149293046,0.8423408695698669
149293047,1.3370555346669306
149293048,
149293049,2.761255421050336
149293050,2.900624214452762
149300608,
149300609,-0.7120910262277249
149307348,-4.74225941936276
149307349,-4.759111134160072
149307350,-4.756059485480918
149307351,-4.742321377630475
149307354,-2.3699248109579685
149307355,-2.380583384101243
149307356,
149307357,0.011992527083421578
149299180,
149299181,-1.2930340058962067
149299182,-1.0952219115820867
149299183,-2.111604602193566
149298510,0.5662757144547044
149298511,2.6025102610075272
149298512,
149307066,-2.0558173006070177
149307067,-1.1892984994215112
149307068,-1.1903231602909727
149307069,-1.5431326759614166
149307070,-0.010073511720776196
149307071,
149307073,-2.0518554524434194
149307075,-1.5449433331857847
149299330,-0.00158956104351482
149299332,
149297776,
149297777,-0.00011590647123771447
149306908,
149306909,-0.00716169245098186
149306910,-5.898116107583093
149306911,-6.270989433470561
149300418,0.009851014585763096
149300419,
149299575,0.7195413423065702
149299577,
149306339,
149306340,-0.003142523646388895
149306343,-1.2365587910408635
149306344,-1.949132310301124
149306348,-1.9480724185897174
149306954,0.1008504887303765
149306955,
149306956,0.09864626232203122
149298537,-0.740535382226966
149298541,-1.8913229977917823
149298542,2.2906808131046787
149298543,
149298545,1.810815067084711
149297655,-1.6963992467171636
149297660,
149297661,-1.117874949587602
149297663,-3.379215009507192
149297664,-2.657991539883639
149308525,3.510813509946118
149308530,3.517016534180364
149308533,3.529394345497572
149308583,1.4474412980179707
149308590,1.4306771585031228
149308591,-0.32343295234353064
149308593,
149308596,-0.321306553808995
149308599,-0.01801542862229155
149308723,3.487598916566327
149298199,-2.395147784722255
149298200,
149299207,
149299208,-0.15690283924655546
149297665,
149297668,-0.06624575665711063
149297670,2.4329581422962008
149297672,1.1682704835794055
149297674,0.7108642809005232
149299081,
149299082,-0.42820360717670525
149299083,-0.2366270852605865
149299084,0.10934229740882273
149299085,-0.2868643442566423
149299086,-0.28802958570184956
149299087,-0.436895987799204
149299088,0.5047772234722387
149309177,0.034996878865740655
149309178,0.1606522628767948
149309180,0.14506608650458475
149309182,-0.006728335619243353
149309183,-0.03316049737065896
149309184,0.205074981560756
149309185,0.12106262211671037
149309186,
149293846,-4.261944146452253
149293847,0.9089763306249583
149293848,0.8986807291032048
149293850,-4.403945110983024
149293852,-2.0699374192732334
149293853,
149293854,-1.884047668706684
149293855,-2.3863771600101154
149309640,-0.8729885840705833
149309641,0.2740610633395164
149309643,-5.996846952940864
149309644,0.18028929633779
149309645,0.6241495344551353
149309646,0.13358651342142736
149309647,
149309648,-3.177516756501795
149309649,-1.2021282303906204
149298378,-0.349039530117615
149298379,-3.2495635929007136
149298380,-2.2861125865680663
149298382,-1.4346647153600287
149298383,-2.1999706388727063
149298384,
149298385,0.19442353427983505
149298386,-7.130800585516418
149298387,-2.0202270873055426
149299117,-0.05426444931154961
149299118,
149299121,-0.021325743198815417
149299122,0.38709315373138864
149299123,0.44945120317803244
149299124,-0.046272107425632925
149298216,0.15843515023735222
149298217,0.17066608911667913
149298218,-0.059696095693539064
149298219,-0.5893975298560008
149298220,0.37500836818563243
149298221,-1.5486387063218956
149298222,-0.06620412652134178
149298223,
149298224,0.8578783341090173
149298225,-1.7420116788566702
149299668,-3.9740217675313403
149299669,-3.4373820735733105
149299670,-3.2608533234104016
149299671,-1.7409053505357122
149299672,-4.13733991306777
149299673,-3.959020961310621
149299674,-2.0897932632707352
149299675,-2.0882269716199957
149299676,-4.171549294732408
149299677,
149299680,-1.5570848048207608
149299681,2.07399569703702
149299682,4.07892623422336
149299684,
149298439,-4.504095557222864
149298443,
149298445,-6.97516148798676
149298446,-8.403931726489166
149298447,0.6279501719119196
149298448,1.1063088169540336
149306278,-0.0014032056356212408
149306279,
149306280,-1.887971190878968
149306281,-1.8832538912834336
149306282,0.4348132989521991
149306283,-1.0026896497154807
149306284,-0.9725158810073893
149306285,-0.9456855588510269
149306286,-0.9883068432688296
149306287,-0.27149426141849897
149297885,-3.2246561774134697
149297886,-2.8886158573863012
149297887,-0.9950420693103199
149297888,-3.8947000793466486
149297889,-2.802876918029128
149297890,-3.6665079509917664
149297892,-3.3993645164128505
149297893,-3.565347762520226
149297894,
149298825,-0.0024163569042343624
149298828,
149298829,-3.3972681257557014
149298830,-3.3970873753566764
149298831,-5.4054739928769635
149298832,-5.951188560112243
149298833,-6.486339369075424
149298179,-2.3335553269377005
149298180,0.6109170222793168
149298181,2.2764169007310606
149298182,-5.9828490975658575
149298183,
149298185,-0.1703105182027933
149298186,-1.853501258546249
149298187,-4.593882755734695
149298188,-0.4163010936180189
149308160,-6.6524595939872455
149308161,-8.368585262735458
149308162,-10.327971058791825
149308164,
149308165,-11.907599258470043
149308166,-7.537465321659937
149308167,-10.00320579487731
149308168,-6.832746092172371
149308169,-9.263182192045669
149306288,-1.539407624871508
149306289,-3.42813676711161
149306290,-2.729167673943415
149306291,-3.4426022588694565
149306292,1.7079683003782975
149306293,4.056627092340285
149306294,2.3343627384591557
149306295,-2.607447572708473
149306296,
149306297,3.4215761263998914
149300186,2.0914970300049447
149300187,2.0928401663387035
149300188,1.5773036963999232
149300189,-0.014546044851840634
149300190,-1.3883078095212795
149300191,2.511190659685667
149300192,
149300193,-1.6517674324154257
149300194,-0.06655552906835283
149300195,-2.2091855660881663
149298388,-0.9564526291660513
149298389,-1.032249962037227
149298390,-1.7454364249316825
149298391,-1.7038167001200861
149298392,-3.087458848936052
149298393,
149298394,-1.4062474372119738
149298395,-0.9658275710734472
149298396,-3.0403027281900847
149298397,-2.5149284495119844
149297685,0.08054082518489736
149297686,-5.397860432065244
149297688,-3.997638405893177
149297690,-2.541821469044308
149297692,-2.183724639821058
149297693,
149297694,-1.3609387637739374
149299294,-0.2501161852541145
149299296,-0.038113251477994936
149299298,
149299299,1.4949257355989118
149299300,0.8029046768599812
149299301,-2.2176476514335093
149299302,1.8991501736919076
149299303,-1.2039552351929501
149307270,-2.2385496203354123
149307274,0.2055668711302161
149307276,-2.198626354867905
149307278,
149307279,-5.1991685475957965
149300206,1.9001549484597717
149300208,0.0171432249340171
149300210,1.0879519795846875
149300211,1.4569142402312991
149300212,-1.2753752011561517
149300213,
149300214,-2.5848941549351707
149300215,-3.1327474071475763
149299304,-0.7184673996553244
149299306,-3.3528768824391335
149299307,-0.8160099717511713
149299308,-2.443914421614494
149299309,
149299310,-2.4593519978734832
149299311,-3.3502449899614106
149299312,-3.235663747138574
149306613,-2.7566416269116445
149306614,-3.8741662119880154
149306615,-3.3806048240534174
149306616,-3.7689082252611676
149306617,-1.6894208103419999
149306618,-2.1399657608002123
149306619,-2.90713353630775
149306620,
149306621,0.005059036228411529
149306622,-1.7202176244137029
149307161,2.0212909094230547
149307164,0.7784793077851795
149307166,-2.6795244386835932
149307167,-1.0575485836795089
149307168,
149307169,-2.6299656028664913
149307170,-5.72162473109546
149309820,-4.430548634172197
149309821,
149309822,-4.6065497790234815
149309823,-2.9272634942326192
149309824,-1.5754227926490216
149309825,-3.2841688863979073
149309826,-2.000957079760127
149309827,-0.793258058777127
149309828,-8.31264671504664
149309829,-1.4073701053881393
149293293,2.7150521313125893
149293294,1.9253622538960542
149293295,3.028359628831666
149293296,1.3334738851479528
149293297,5.054602951260634
149293298,
149293300,0.2023211393418336
149293301,2.3382046978548345
149293302,1.5909064946960427
149292347,1.6168751124196206
149292349,-3.491694736542769
149292351,2.8566404915103476
149292352,1.8793005812494243
149292353,3.0380239425145135
149292354,
149292355,2.6159959870408045
149292356,-0.12278729471015026
149292512,-3.354428367578379
149292513,
149292514,-4.636740121940932
149292515,-3.863744466469086
149292516,-0.2288049276198194
149292517,-1.1620303048638334
149292518,-0.6266890338180531
149292519,-4.129384166602279
149292520,-3.655607978673032
149292521,1.3760491490179163
149300166,0.8150502290091595
149300167,0.6015976325795123
149300168,1.208532720047799
149300169,-0.3517667057633105
149300170,-0.6155052277760262
149300171,0.09799727403316183
149300172,-2.1468898043150944
149300173,
149300174,1.7595519697073314
149300175,4.977551168410429
149293619,3.9594696358125248
149293620,
149293621,-16.978344913953492
149293622,-11.049652991456355
149293623,-0.21629414999006258
149293624,-12.930881461092326
149293625,-13.514278183461101
149293626,-3.629985478159483
149293627,-13.420393730461
149293628,-14.440709561395693
149294324,-1.4530261728307323
149294325,-1.9264032382946539
149294326,2.953361485066239
149294327,4.455501628934314
149294328,
149294329,2.495704062897687
149294330,-0.838722383625452
149294331,-16.513379432577267
149294332,0.29814463826636484
149294333,-1.0969207296985815
149298032,0.0015318483676907135
149298034,-0.4639473141283581
149298035,
149298036,-0.4631181200181054
149308270,
149308279,-0.2157140576817369
149300627,-0.15068218525374277
149300628,
149300629,0.0023962891806945663
149298970,
149298971,-0.0017200260382708166
149300639,-7.005486192213084e-05
149300640,-0.005087810792545611
149300641,
149308521,-3.752918703395914
149308664,-7.065532231843762
149308666,-6.459551520461598
149308669,
149307648,-0.0006108899402832435
149307649,
149308732,
149308733,0.004872530861476321
149293786,-1.3650725566908317
149293787,-0.6194919953288407
149293788,-3.7496977855989644
149293789,-2.86318844828274
149293790,-2.1411749516433582
149293791,-1.8574033851566645
149293792,
149293793,-1.9101483601367746
149293794,-3.994139834310019
149300018,3.8628419888110557
149300020,3.5389288918863144
149300022,3.5394389273524496
149300023,3.8669789743596823
149300024,-1.160263286939852
149300025,-1.4175023353861036
149300026,
149300027,-1.5470141718658965
149309620,-1.8337024638518429
149309621,-1.7942130098540083
149309622,-2.183543230753415
149309626,-2.522840813777613
149309627,
149309628,0.4392260547333393
149306638,-0.5546485156949945
149306639,-1.843165008404803
149306640,-1.4754829099229774
149306641,
149306642,-1.8191720184354132
149306643,-0.5533219724109308
149306644,0.002072319212619078
149306645,-1.4818859052120779
149300630,-0.15619982324292891
149300632,-2.786565650181984
149300635,-4.977973092601616
149300638,
149309441,
149309442,-2.199255056389955
149292087,-1.8517877849213562
149292088,0.6629390692972663
149292089,-1.6338244920849547
149292092,0.6850077099274472
149292093,-3.414169558172432
149292094,
149292095,-3.1139129403846084
149298100,
149298101,-0.08433224267898476
149298102,-2.19959634987092
149298103,-2.213324333708014
149298104,0.9412843979545114
149298105,0.9409720964375687
149298106,0.48690645486358974
149298107,0.5054356876315187
149298108,0.8613229669843365
149298109,0.8560706731422663
149298296,
149298297,-0.23784591912733788
149298298,-1.3167533426553746
149298299,-0.9916216674565703
149298300,-2.3153830364130528
149298301,-2.71329255999909
149298302,-1.8475222466322379
149298303,-1.5716250368078022
149298304,-2.3216563283032485
149298305,-2.685859565752139
149308232,-0.09379043549702537
149308233,
149308234,-0.09539203909592864
149308235,-0.015231740205718935
149308237,-1.2455855522338304
149308239,-1.3094756367628921
149297915,
149297916,-0.7409065935953958
149297919,-2.9228450555493737
149297920,-3.0675285075054717
149299711,
149299714,0.05446225063916188
149299719,1.3529194525415988
149298752,-0.33352012744902737
149298753,-0.0008007344587355192
149298754,-0.3353913502983943
149298755,
149298756,0.815375720519782
149298757,0.8164814473061668
149299196,-1.5777157435815852
149299197,-2.7718763801602435
149299202,0.012725359164292627
149299203,
149299205,-3.3468356984541714
149309118,1.434430320156821
149309119,1.0903013626986962
149309120,-0.36602928403438284
149309121,
149309122,0.3802733135262457
149291793,-1.4254802819177623
149291794,-1.542795987330397
149291795,-0.19928114250829232
149291796,2.806426669585589
149291797,3.5667069342098046
149291798,-0.23348343409155348
149291799,-0.6682834780850975
149291800,
149291801,-1.1408013738746288
149309006,0.7062034980177145
149309007,0.7490300551540088
149309009,
149309012,-0.04708414127128435
149309014,-1.8917327288731087
149309015,-2.014553616551467
149306924,0.10725128322998856
149306925,1.6284009892519862
149306927,1.7436000360006005
149306928,-1.1634141698288047
149306929,0.3350248608433759
149306930,0.4528727726847883
149306932,2.6919676839872313
149306933,
149298329,-7.635983180328964
149298330,-8.731629839924587
149298331,-9.360676500743072
149298332,-6.644137529418909
149298333,-6.376125430790037
149298334,-6.258600871709593
149298335,0.5500001372148517
149298336,-2.671894040190324
149298337,-2.882007034137658
149298338,
149300058,-4.4470115776413195
149300059,-4.883111565473428
149300060,-4.6099659327827
149300061,-0.06667694149604131
149300062,-0.17921173131145451
149300063,
149300064,-1.6370582186411866
149300065,-3.77132497700336
149300066,0.7753722874533082
149300067,-4.174546762296075
149307979,-8.495685548721383
149307980,-8.45448005475729
149307981,
149307982,-0.09054844535372908
149307983,-2.863483200989645
149307984,-0.8223850802347457
149307985,-0.5114505604647732
149307986,-2.8754195026355838
149307987,-0.4302845848210879
149307988,-0.5106640587756921
149297645,-0.15997246480166893
149297649,
149297654,-1.5534379914794272
149308966,-0.20058272454573967
149308968,-0.8262575943940362
149308969,0.6395836698580126
149308970,-5.2507154791582025
149308971,-0.10527057358311254
149308973,0.31624614835419607
149308974,
149293004,-2.3735469135241303
149293005,1.3580259782172064
149293006,1.352794212115306
149293007,1.8068934270777746
149293008,0.00438723818016129
149293009,
149293010,-0.9404769443657379
149293011,2.093135581010081
149293012,-2.3803481757195897
149293013,-1.4321430436348805
149291697,-0.5363218748759486
149291698,-0.5379998397283252
149291699,0.10120552029302132
149291700,-0.9104162644912783
149291701,
149298343,-0.37492264489564064
149298344,-0.12848151295831656
149298345,-0.7269660114269811
149298346,-1.013379862902191
149298347,-2.1458716482662226
149298348,-2.378188754912074
149298349,
149298350,-0.2767724634336233
149298351,-0.92234800618197
149298352,-0.6387387670421063
149297439,-2.0455529525988894
149297441,
149297442,-2.4423832155789356
149297447,-0.02312960300857725
149307657,
149307658,-0.025886940895819777
149307659,1.1884520598394133
149307660,1.0691954523178495
149308624,0.3890410974285814
149308626,
149308638,-4.348059000470748
149308639,-0.7407813516683888
149308640,-0.1045605320799865
149308646,-2.5370759591423635
149308647,-2.4788527748739497
149308653,-5.021164671146693
149309404,-1.057910734327665
149309405,
149309408,-5.530800578409359
149309409,-3.9289129879885056
149309410,-2.96321721325692
149309412,-4.111180168277993
149306863,-0.9090217069631876
149306864,2.4018996063664133
149306865,
149306866,-0.01278938538894181
149306867,-3.550990855115259
149306868,-0.7708268576744786
149306869,-1.4681047300060754
149306870,-0.003841015275980908
149306871,-1.9814139454848316
149306872,-0.6340170117157982
149309725,1.6131195030822094
149309726,-3.379282781729059
149309727,
149299144,-2.5538154359845358
149299145,-2.5785435982389373
149299146,-1.5898590755879134
149299147,-1.6560804327619785
149299148,
149299149,-0.08018361535472707
149299150,-0.08578312752436901
149299151,-1.6457595086993955
149299152,-0.07534643905667338
149299153,-0.7415921999349067
149300216,1.665006858079579
149300217,3.4185485146567487
149300219,1.6483835995952347
149300221,3.3473822616936104
149300222,
149300223,1.5202757693421631
149300224,0.362344053508167
149300225,1.535440149810995
149308752,4.901736564386141
149308753,4.862851135411972
149308755,3.8206958457186317
149308756,6.746309436576354
149308757,8.072967692251325
149308758,3.0362515758657196
149308759,2.9709894029235073
149308760,
149308761,4.643782102995971
149299690,0.11311815495669464
149299691,1.3456953828817007
149299692,
149299693,1.2530798368817813
149299694,0.9209620345868785
149299695,1.0419017529415981
149299696,1.4924530735591475
149299697,1.364699890289529
149299698,1.5310023221526592
149299699,1.1783286879152115
149297535,
149297536,-0.8443372050985474
149297538,-0.6362578922952693
149297539,-2.547846163023955
149297540,-0.7511606629677914
149297541,-4.063498416982796
149297542,-2.433694379588381
149297543,-2.706673625190284
149297544,-3.024150898267564
149309091,-1.5319910705473774
149309092,-1.6028979415937386
149309093,-1.626067269555307
149309094,-2.1510980334078056
149309095,
149309096,-1.4000659036081515
149309097,-2.0706783827054664
149309098,-0.5596987451800288
149309099,-1.8936083449227397
149309100,-2.523965221231606
149294334,-13.467390288794832
149294335,-5.418359096803897
149294336,-13.27308736136257
149294337,-3.922143889640381
149294338,-0.2223382802172864
149294339,-1.7799749856120002
149294340,-5.313877068403826
149294341,-10.54680934962289
149294342,
149294343,-5.154015090416749
149307593,
149307594,-0.5162941578068541
149307595,-0.0001534398249347646
149307596,-0.5164355385025843
149307597,0.8216635338723108
149307598,0.7130614492323133
149307599,0.8206197167392801
149307600,0.7133520375937792
149298916,-0.9102546517495078
149298917,-1.0241487894086632
149298918,
149300088,
149300089,-0.00037522071579232374
149300090,2.0678243686006326
149300091,-1.910136876165268
149298785,
149298791,-4.038779344860654
149298792,-2.832688739127228
149298794,-3.876161850403122
149298207,-0.09731358864562623
149298211,
149300004,-2.841121582503547
149300005,-2.8643920100501816
149300010,-1.1830456461097185
149300011,-1.1914101431808888
149300012,
149300013,-0.0009482047140068062
149308222,0.0772019112556066
149308224,
149308226,-0.6323221923716034
149308229,-0.6466981962664278
149308230,-7.052644336323148
149308231,-7.3512247086758435
149299061,-0.07439650785235585
149299062,-0.12060548464529575
149299066,
149299067,-0.12220007259612942
149299069,0.06854675402946242
149299070,0.0757276010822423
149298601,0.00375697708393119
149298602,
149298603,-3.241785475365864
149298604,-3.2095614915664186
149297556,0.05834418373602723
149297558,-0.10282637525494387
149297559,-0.021125810061635164
149297560,0.010662928966691965
149297561,0.0856382348958995
149297562,0.1277499273184315
149297563,0.006420781138949394
149297564,-1.743091771537145
149297565,
149306228,
149306230,1.0715438421854628
149306231,0.396129804182749
149306234,0.13404129218397998
149306235,-0.5285317832051817
149298459,3.4020623890094726
149298460,3.4003976019404263
149298461,2.764769469062969
149298462,2.760879820761417
149298463,
149298464,1.993226133503768
149298465,0.002898264559206609
149298466,2.013294318483574
149298467,0.6366422598471217
149298468,0.6657137060136762
149307308,-6.182719449451888
149307311,
149307312,-6.278121905168629
149307314,-0.004176691846293323
149306335,2.7852083684664333
149306336,0.7763699487117695
149306337,0.38227059877931424
149306338,
149309650,-1.6794165205002045
149309652,
149309653,-1.1883399340426273
149309654,-0.7026232305306337
149309655,-1.6876363693257908
149309657,-2.9634310957631875
149309658,-0.6275386130905254
149309659,-3.7933969554824927
149307714,-2.1557800862545804
149307715,-16.578517274439193
149307716,-3.88481784774379
149307717,-5.901475884471068
149307718,-11.513221427173377
149307719,-5.780349434222643
149307720,-2.6904644837029963
149307722,
149308206,-0.3786879526601368
149308207,
149308208,-0.287821001670153
149308209,0.1053612432089821
149308210,0.988311980359228
149308211,0.8946220156721694
149306998,0.36475044316742355
149307001,-0.11474394098761564
149307003,2.9085962290511134
149307006,
149307007,-0.1484690046787236
149309147,0.3406317379288879
149309148,
149309149,-0.19525830893830687
149309150,-0.4085477186743418
149309151,0.12274182212230755
149309152,0.04610224821263387
149309153,-1.653579287450512
149309154,-1.4397469210360185
149308721,
149308725,0.17676888443972416
149308727,0.4601790094073124
149308729,0.5191385898414751
149308730,0.06112602769880482
149308731,0.09636179796405031
149297469,-1.2646811907972904
149297471,-0.981061954954761
149297472,
149297473,-0.7888606693395701
149297475,0.2879694520134848
149297476,-3.00055465739964
149297477,-1.2037496518909876
149293856,-2.8493552510267897
149293857,
149293858,-0.01357381558309001
149300236,1.7756333348783926
149300237,1.7778857648544317
149300238,0.39316275500075903
149300239,-1.9947497399053873
149300240,
149300241,-1.5321262508030884
149300242,0.031216994449522417
149300243,-2.6193969516173183
149300244,-1.429066390390517
149300245,-3.33834656209757
149291783,-3.097356963811446
149291784,
149291786,-3.136921693825389
149291788,-2.044465117699559
149291789,-6.537379373884352
149291790,-6.25076032335765
149291791,-5.651292225763793
149291792,-3.298600207595072
149308903,-4.171942113881542
149308905,-0.12270025871471546
149308906,-1.5484441058895015
149308907,-5.414239415911368
149308908,0.8013288645160372
149308909,0.8281538984169856
149308910,
149308911,-2.73705411358371
149299134,-1.286843898836839
149299135,-2.4425155944740986
149299136,-2.5569978967223967
149299137,
149299138,-0.3596902699539406
149299139,-0.2697669038497814
149299141,-2.349806771803376
149299142,-2.3913943613263875
149299143,-1.6269629659237559
149309739,-1.215388006387812
149309740,-1.3536816244764083
149309741,
149309742,-1.7186921646345752
149309743,-2.1775574711588632
149309744,-2.1428945109582145
149309745,-0.37245488050897535
149309746,-1.8720474916168044
149309747,-2.1617327941456495
149309748,-1.980674389391801
149306516,-2.4402793088100623
149306517,-13.27230700598696
149306518,-8.167204662110635
149306519,-4.493776511901785
149306520,-4.093172400284658
149306521,-10.853599367686627
149306522,
149306523,-7.965890579214573
149306524,-7.756007444530013
149306525,-6.124256257000297
149308027,
149308029,-2.4309424688976264
149308030,-0.2649545103632249
149308031,-0.7917604761793768
149308032,-2.6794236181249858
149308033,-0.572725004645747
149308036,-2.667036729496033
149309679,-1.870866855555306
149309680,0.6122471606503268
149309681,0.6351681962178191
149309683,
149309684,-0.1314818957486068
149309685,-0.33047614834183037
149309686,-0.5743026132662408
149309687,-0.594865830026805
149309688,-0.6132017607146167
149309060,-1.1567670754407686
149309061,-1.2089587314571872
149309062,-2.265141750472708
149309063,1.6716577242791573
149309064,2.0467626393175635
149309065,0.44910932603221454
149309066,
149309067,2.2165199966452462
149309069,3.8683969885643705
149298815,-0.20751059914645786
149298816,
149298817,-0.39417009183203655
149298818,-0.2930414217075268
149298819,-0.7601740930824097
149298820,-1.0151444518801553
149298821,-0.7902162254889349
149298822,-0.461953094224236
149298823,-0.014856668073194967
149298824,-1.6472559531700797
149293649,-10.385165437732212
149293650,8.573921924315414
149293651,
149293652,-5.106729937468685
149293653,-7.655761433704583
149293654,-4.170258672830869
149293655,5.890376259500499
149293656,-4.016885737121015
149293657,3.3329575640188978
149293658,-1.0368873539949846
149300573,-0.43299311451862366
149300574,
149300575,-1.5977416937891178
149300576,-6.720386384544909
149293956,0.694485450644251
149293957,-1.326903936131707
149293958,1.4031908512987172
149293959,-1.3345886659168045
149293960,-2.9946033554654647
149293961,-0.6318374134246483
149293962,-2.910964861653113
149293963,
149293964,0.5428373604054073
149293965,-3.2803490864749705
149300080,-0.5771934417736588
149300083,
149300086,-0.34393215891961404
149299240,0.49296262124639156
149299241,0.36860762077209586
149299242,
149309689,-5.523391945352685
149309690,-3.5902034283321207
149309691,-0.6109478334633565
149309692,-0.6247662121475575
149309693,-3.8563966162601986
149309694,
149309695,-4.065594357703144
149309696,-1.7665927883454167
149309697,-7.563110815630569
149309698,-4.908286973199523
149309831,-1.9974071848529196
149309832,-0.7967427395641185
149309833,-0.15073321576683085
149309834,-2.126935042019296
149309837,-0.9170694881554358
149309839,
149308482,0.19186157843602558
149308483,
149308484,-4.631662667724907
149299229,0.4262427452292421
149299231,
149299234,0.617337845977108
149299236,0.7673061259950522
149299237,0.11041848209802119
149298088,
149298089,-4.451922582334021
149298090,-2.2786140990051535
149298091,-1.5256051888969395
149298094,-0.1356803592328859
149298095,-2.3098566086895147
149298096,-3.6901624119669734
149291606,2.468120563102283
149291607,
149291608,1.485025577459711
149291609,1.4798972338692375
149298240,-0.8950658454878138
149298242,1.8651439838212198
149298244,-3.9395836489918565
149298245,1.6358708304443823
149298247,-0.18450050996096934
149298248,-1.0973459166152253
149298249,
149297675,-1.2086393300604072
149297676,-0.38654285867388793
149297677,-0.06929340561486086
149297678,-0.6738681531138937
149297679,2.5648517938433315
149297680,3.7463158786713358
149297682,
149297684,1.3832365388776395
149309167,-5.865291314555456
149309168,-5.780965581390433
149309170,-2.5653869528446833
149309171,-4.869385288253341
149309172,-4.95216912381273
149309173,
149309174,-0.8295369263915617
149309175,-5.671783206290733
149309176,-0.5834867356484423
149306349,-0.8802103886802115
149306350,
149306351,-0.8143682747314074
149306352,-0.5148881302331461
149306353,-0.6138913973557578
149306354,-1.6330144693079092
149306355,-1.1945903770533732
149306356,-1.133348094652547
149307573,0.5767083490112128
149307574,0.20787246101706103
149307575,-0.8929628296199468
149307576,-0.16594302102528502
149307577,-0.791370316796943
149307578,
149307579,1.9286293926148232
149307581,-3.000968941950717
149307582,1.348494154805536
149292782,-1.882495053923229
149292783,-2.215037683792442
149292784,-3.5202937556293588
149292786,-0.6568844506882865
149292787,-3.3117777436433666
149292788,0.29333327596073566
149292789,-3.1819235555600134
149292790,
149292791,0.27177672753322923
149309564,-2.0165148004914784
149309565,-2.1320632010590685
149309566,-1.6562538552480817
149309567,-1.1558697563985305
149309568,-4.234082706305728
149309569,0.4293615446864294
149309571,-2.3914796616848975
149309572,
149298641,-2.141924741095121
149298642,-2.326775702075333
149298645,-0.3994723958060693
149298646,-0.38224675331385227
149298647,-2.881735379954822
149298648,0.05446174639759316
149298649,-2.744919475407391
149298650,
149299977,-0.8804847223309196
149299978,0.0027198723169021832
149299979,-1.9757062195815251
149299980,-1.4031813636302104
149299981,-1.2092693619632087
149299983,-0.5607647845197334
149299984,0.423530136247507
149299985,
149299986,0.4239370940433673
149297939,-5.075700680192176
149297940,-5.176286886371161
149297941,
149297942,-0.8040847951981327
149297943,-3.9048349127455264
149297944,-0.3386472546534822
149300617,-0.0757835244153231
149300618,
149300619,-0.2731374438223053
149300623,1.4554094795349766
149300624,1.4366452617125454
149300626,0.42210430382141695
149299091,-4.141399201712485
149299092,-3.3584127025171266
149299093,-6.880414373381543
149299094,-4.000901636489681
149299095,-3.4413159756394034
149299096,-6.323297769892402
149299097,-4.622790791255811
149299098,-3.126823688606489
149299099,
149299100,3.291996799096113
149308830,-1.8733347733319619
149308833,
149307151,-0.0665649482408952
149307152,-0.05278921345446008
149307154,-0.03776642976768585
149307155,0.1481044887763403
149307156,-1.8533276971855912
149307157,-1.6076325759784709
149307159,-1.6341436211185112
149307160,
149299246,-1.168171215113631
149299247,-1.8556699889909396
149299248,-5.027632546539564
149299249,-9.731148169182944
149299250,-8.928648951979369
149299251,-5.604124241350718
149299252,-4.781169904498341
149299253,-3.7204027747701787
149299254,
149299255,-5.514950899386065
149308180,
149308181,1.3613096139638907
149308182,-0.675809143933269
149308183,0.8286472668935527
149308185,-0.1104080919152235
149308188,0.3344335014517821
149308189,1.955277634980705
149308958,
149308961,2.1435722997395246
149293993,2.463774492733876
149293994,1.0577640401718327
149293995,3.96743672106183
149293996,-4.149438433133753
149293997,-0.2528605234520285
149293998,0.48088665943291176
149293999,
149294000,4.150165688564783
149294001,5.307605553278279
149294002,1.3882441454757668
149306938,-2.3295309020443824
149306939,
149306941,-0.01580283119113801
149306942,0.3377780779143791
149306943,-0.3220176266177077
149306944,0.6377104613119968
149306945,-1.9588177295109972
149306946,0.8028456095016168
149306947,-2.596276824955396
149300516,2.5525567678647008
149300517,-0.02142222802464744
149300518,0.554050105362137
149300519,5.1898137124453
149300520,0.6564930946018421
149300521,
149300522,1.9489708090414126
149300523,1.6628339166441606
149300524,-0.24291615754580675
149300246,-0.9650163887867222
149300249,-0.9608508099206574
149300251,-0.21403308162061307
149300253,0.013408220946161009
149300254,-1.5618378152764478
149300255,
149309213,2.214254924548129
149309214,-1.1411681707582204
149309215,-2.9313380175459827
149309216,1.3262820414433918
149309217,-2.2414310606315553
149309218,-2.908452462017209
149309219,-1.1098919358375952
149309220,
149309221,5.292588613418246
149298581,-3.5231088732515445
149298582,-4.1596273478985495
149298583,-0.004504505120053182
149298584,-0.25733834265918176
149298585,-0.3372434643530937
149298586,
149298587,-0.2837126797065821
149298588,-0.455917096518192
149298589,-3.52977226112273
149298590,-0.7772211745984237
149307522,-1.220043442781261
149307523,-0.4418853504702298
149307524,-6.794739611968694
149307525,-3.247693556906164
149307526,-1.0885289192774863
149307527,-3.7028944476821763
149307528,-4.775527084817504
149307529,
149307530,-2.6774808358578923
149307531,-1.7930879255354029
149291604,
149291605,4.381441196428554
149306803,6.956631370744759
149306804,
149306805,4.691803310252112
149306806,6.262531675773644
149306810,2.2054229218575756
149306811,1.6646029289237418
149306812,9.388655970541109
149293396,-2.0879681562295005
149293397,-2.112251170802999
149293399,-2.4928018283194717
149293400,-1.7956018603528392
149293401,
149293402,0.2127345223416519
149293403,-1.9830045817881299
149293404,-1.1284410673063547
149293405,-2.1411416672644172
149293056,-2.1903571994918423
149293057,-0.01706175812645938
149293058,-2.127385125376236
149293059,-1.6008822492251227
149293060,-0.6519681304453258
149293061,0.3991884472025049
149293062,-3.729921220743506
149293063,-0.6575342079858189
149293064,
149293065,-2.7522069526893205
149292183,-0.14645001167832916
149292184,-0.14299466722511767
149292185,
149292186,0.005709960317794582
149292187,-0.2237362001670391
149292188,0.7089638624779591
149292189,-0.33431703785940137
149292190,-0.2533126641421992
149292191,-0.05084594808206688
149292192,-0.04285761204934602
149291520,
149291521,-0.08496538886581462
149291522,-0.24671360003869935
149291523,-0.5446801924137681
149291524,0.7982406265507311
149291525,-0.5039115905638969
149291526,0.8956741733577491
149291527,-0.731797609282836
149291528,-0.5272358600571696
149291529,-0.5312399179649905
149291484,-0.6635996561985209
149291485,-1.649309388730849
149291486,-0.7295741757469116
149291487,-3.1860554660592726
149291488,-2.7835927784338264
149291489,-2.784090676206862
149291490,
149291491,-2.9394785979139524
149291492,-3.149871004561147
149291493,-2.928386118828735
149293740,-10.129503309782422
149293741,-10.117140223161641
149293742,12.007306401545748
149293743,-11.899985128727849
149293744,-13.25018744031081
149293745,12.66492086522976
149293746,-4.699365182465499
149293747,-4.698746421817077
149293748,
149307999,0.21062360822638482
149308000,0.7066976088912327
149308001,0.6909780843000703
149308005,1.3267692031472578
149308006,-3.359379025611254
149308007,
149308008,1.3487351061244013
149306258,
149306259,0.00884203950357687
149306262,-3.402191741335251
149306263,-1.7924732080155685
149306265,-1.7944024289728553
149306267,-3.421245083527367
149308402,
149308403,0.011534652617875452
149298405,-3.3331931697485153
149298406,-5.30168143151554
149298409,-1.7609833707687237
149298410,0.9136156782542812
149298411,-2.6336294027590412
149298412,
149298414,-2.764993669534121
149306430,0.05159499279562141
149306431,1.344653277265536
149306432,
149306433,-0.2703458558907883
149306434,-1.0034082061798628
149306435,-0.6013673993688862
149306436,-2.2040357003326783
149306437,-2.114079761854814
149306438,0.3904140081806098
149306439,0.1436285650879121
149298339,0.011782248915922278
149298340,
149298341,-0.5881960499169483
149298342,-0.5788418129559756
149298905,2.0976890994965167
149298909,2.2418200120052454
149298910,
149298911,2.542097117030611
149298912,0.25518806079498546
149298913,3.4267839748490125
149298914,-1.182651295284817
149292425,0.07204768634467484
149292426,0.1815270439854828
149292427,0.037977587831221626
149292428,0.21792052391292316
149292431,1.3031760162912889
149292432,1.0521653752597473
149292433,
149292434,0.8174899644830873
149298795,-2.129900111533928
149298796,
149298799,-2.1782031622811644
149298801,1.5968914232904012
149292937,1.4766798227819464
149292938,0.40917218591290805
149292939,1.0898692049985925
149292940,
149292941,-1.633585636843108
149292942,1.1138949150315653
149292943,-2.1999234820231095
149292920,0.6604141155695658
149292921,1.4803003115984978
149292922,1.0045418323221185
149292923,
149292924,-2.215091269574337
149292925,-4.136906991964743
149292926,1.7209323926878568
149292909,0.24813732336690464
149292910,-0.7198904327822078
149292911,-3.247986306594676
149292912,
149292913,-3.463521392658066
149292914,-7.253226383676072
149292915,-4.174921214802374
149292916,-4.4583147058298565
149292917,-2.380009172666462
149292918,-2.3977863524944425
149306298,
149306299,-3.118828756288309
149308597,
149308598,0.5483424786767106
149308600,1.2081967075496785
149308603,-1.6213577025343415
149308605,0.17056658186199947
149308606,-0.9725497917285573
149308607,-3.1521050811024534
149308608,-2.865008387704215
149308582,
149308584,0.6363261188739717
149308585,0.9993318928914829
149308586,1.470004738349064
149308587,1.6535779525531273
149308588,0.2504544182286519
149308589,0.13579215770252584
149308592,1.0065585391190295
149308594,0.921917337479826
149306300,
149306301,-1.9591783438058812
149306302,0.3752692958862909
149306303,-1.849327576676636
149306304,-2.155538997754242
149306305,0.5144965437777245
149306306,-0.899752970697044
149298611,-3.4906239354726694
149298614,-5.2316924716976985
149298616,-4.3615646148555385
149298617,
149298619,-1.8244535669085735
149307201,-2.5822583736450717
149307203,-2.6921185378738812
149307204,0.22315555299163137
149307205,
149307206,0.8937169719149054
149307207,-6.12202671832274
149307208,0.7029181432313898
149293836,-0.17009909660156675
149293837,0.015938298472332413
149293838,
149293839,-0.16397354142010112
149293845,1.0391097011480257
149300038,
149300039,-0.24772625049718044
149300040,-1.3135594651735119
149300041,-1.424839625314121
149300042,0.03360727968055244
149300043,-0.2760972424524084
149300044,-1.4561592267596666
149300045,-1.2653665095621136
149300046,-2.7073111782977435
149300047,-0.8184062209332978
149308913,0.6140195204580436
149308914,
149308916,-0.9730340562970241
149298591,-4.225991299305715
149298592,-7.263690609050498
149298593,
149298595,-3.8499986408105666
149298596,-6.55783135423108
149298597,-6.575850187538576
149298598,-3.621173682599826
149298599,-7.359625604818278
149298600,-6.662067863943179
149308683,1.3417491782232105
149308686,3.2999615083236336
149308687,
149292803,-1.5946966596209222
149292808,
149292809,0.007606307664154599
149292810,-2.4638925061338455
149292811,-2.5684981013061083
149292812,-3.2040146400806044
149297525,1.1948974515353612
149297526,1.1215089647383607
149297530,1.7314142593526256
149297531,2.408459625599704
149297532,
149297534,1.6970584794476977
149293183,-2.189681944935458
149293184,-2.064159732418389
149293185,1.6552652114873467
149293186,-1.642267452021791
149293187,1.2524961987394434
149293188,-2.906742756620517
149293189,-2.8485365493522536
149293190,-3.4192862887574194
149293191,
149293192,-1.0879472985585892
149297504,-3.0347609253092926
149297505,-2.908213656467062
149297506,-3.2932920129040824
149297507,
149297508,-3.2271380451336356
149297509,-3.3999446117030843
149297510,-2.132882472625141
149297511,-3.285285825360205
149297512,-5.303725494473369
149297513,-2.4773656711123877
149298038,-2.3098935917810834
149298041,-4.173355453106488
149298042,
149298046,-0.5121729455932993
149299973,-3.6919950470967393
149299974,
149299975,-5.270399390305528
149309855,
149309856,-1.2625002258345033
149300536,-4.33844074543984
149300537,-4.26040796403079
149300538,-2.9273352753302078
149300539,-3.30229046574469
149300540,-3.621975623307364
149300541,-4.123499071162669
149300542,-7.619365971271122
149300543,-7.511867804402868
149300544,-4.860796970603104
149300545,
149306706,5.123151626330177
149306707,6.745649707561945
149306708,0.8583537346000512
149306709,4.197570286476669
149306710,0.4784209997577413
149306711,2.6226003660285855
149306712,3.2094026591940903
149306713,2.389573543082914
149306714,
149306715,7.296820791021826
149300382,0.6022365607128073
149300384,-0.20833560284675556
149300386,-0.0728572092105857
149300387,-1.5087461566473515
149300389,-0.8797042090405789
149300390,0.06780117563289778
149300391,
149306307,-4.635879128770156
149306308,-4.638956209912706
149306309,0.5508837674758524
149306310,0.5560296701176668
149306313,-0.024278385110747536
149306314,
149306315,-2.2980268185013983
149306316,-2.3065014743924053
149307958,-0.23247599939111652
149307959,-0.22099745039533358
149307960,-0.000961021771570536
149307961,
149307962,-2.562126833798652
149307963,-2.1679036868296975
149307964,-1.6708371971413438
149307965,-1.6481295200186188
149307966,1.342326179218233
149307967,-1.66530090821264
149308820,3.644428342869542
149308821,3.451535323822469
149308823,0.8325579499676934
149308824,1.3775921637882504
149308825,2.4690168260440615
149308826,0.08492802604320104
149308828,
149308829,0.5895746097488725
149292835,-2.3076055356691967
149292836,-1.8456283375240616
149292837,
149292838,-2.7294042569078556
149292839,1.148811236690804
149292840,-1.7299565054855748
149292841,-1.9776075447333028
149292842,0.34606576303598047
149292843,1.6243556823759917
149292844,-2.8463903491714717
149307611,-0.781380663134648
149307612,-0.33502639969578496
149307613,-0.23553587782394203
149307614,
149307615,-0.5514457300594771
149307616,-0.6660103110358548
149307617,-0.20543531473659726
149307618,0.5552582966943618
149307619,2.9620988391472594
149307620,0.4524149342523458
149292971,-3.5750760230929615
149292972,
149292973,-2.7830864150009518
149292974,-3.6534337859978763
149292975,-4.565753879381504
149292976,1.4802685951986945
149292977,-3.356176283936179
149292978,-5.722598458644427
149309018,1.0150702765961341
149309019,2.0876544307271843
149309020,1.121872385658932
149309021,-0.4506305284274674
149309022,0.7826940080498446
149309023,2.7992714882626615
149309024,1.228435631823018
149309025,0.5093731578747906
149309026,
149309027,-5.347104726278644
149307704,-1.1391369663512165
149307705,-0.18365786365355063
149307706,0.4428894993604473
149307707,-0.6630014144968044
149307708,-1.7817314146931267
149307709,-1.15193966735211
149307710,
149307711,-1.42494152149267
149307712,-2.0624331717238533
149307713,-1.6300083367214881
149297765,1.4929103542446995
149297768,0.44046191313745453
149297772,
149297773,-0.36915848133381957
149306357,
149306358,0.22577501227758034
149292702,-1.4075042896907775
149292703,-0.9327591208763266
149292705,-1.7578960133818526
149292706,-0.5885115712776923
149292707,
149292708,0.16563244188505166
149292709,-6.22525842027656
149292710,-0.4976495047453824
149292711,-1.3393334810330515
149293629,-5.9628634491206185
149293630,-12.00743131823424
149293631,-9.685801139195519
149293632,-16.860835224688913
149293633,-16.769564813932448
149293634,
149293635,-10.343493081318911
149293636,-5.816104885109212
149293637,-12.291944814258045
149293638,-9.536894419569421
149299545,-2.6376409915136705
149299546,-3.35792039337921
149299547,
149299548,-1.5813210097041264
149299549,-2.9785056770907303
149297398,
149297399,-0.7345152565567474
149297400,3.1109924151186945
149297401,0.039155399087910325
149297402,1.5870294055035643
149297403,0.4012589461976859
149300028,0.20820459689809923
149300030,0.3767699786375829
149300032,
149300033,0.4498609585168083
149300034,-0.1940723680434644
149300035,0.054616438826883495
149300037,-0.11372176822322899
149309157,-4.017994353084475
149309158,-3.166699744758631
149309159,-1.077545716926636
149309160,
149309161,-4.920832755086366
149309163,-4.647754502945787
149309166,0.5734544679702935
149307141,0.7306077004165097
149307142,-1.001970891600429
149307143,0.5389773243288705
149307144,0.9021764148015787
149307145,-3.9498393415119772
149307146,-2.000875598313882
149307147,-0.2838180925342879
149307149,-1.6761662033177749
149307150,
149291869,6.926022063783876
149291870,-1.2298711332383405
149291871,-1.5512650574712623
149291872,
149291873,1.8203902913923642
149291874,1.5639200559975635
149291875,-0.6038870307614488
149291876,1.2563305766326849
149291877,-0.48519389859080064
149291878,-0.05567394564613437
149308047,-4.162805701840433
149308049,-4.412241497022073
149308050,-2.657570061244787
149308051,-7.712487209281559
149308052,-3.4556983965469357
149308053,-4.327353511294202
149308054,-1.7718411777992635
149308055,
149308056,-4.721267978171362
149298547,
149298548,0.6859968636817175
149298550,2.7014696656803103
149298551,0.5500489062402667
149298552,2.9338210344517552
149298553,0.9382983796618638
149298554,1.0352378651226974
149298555,2.4155294866868475
149298556,0.15184542644214272
149292927,0.3368325407881727
149292928,0.21441888059322167
149292929,0.2676911593225242
149292930,0.30016730493656496
149292931,0.05759700317684491
149292932,-0.024752289621325474
149292933,0.11315821024336259
149292934,
149292935,0.7694586473625051
149292936,0.8898787133787849
149309070,0.9101636136287539
149309071,-0.3061390777188535
149309073,
149309075,-3.0865672741208243
149309076,-0.3935677132150204
149309077,-3.6092381045985746
149309078,-1.8856413062633237
149309079,-2.1431132845775664
149297798,-0.7880528696914553
149297800,
149297801,-0.6609575502859073
149297802,-0.7314190813622758
149297803,-1.9063368816207742
149297804,-0.4421181009105766
149297805,-1.9912729167368397
149297806,0.06389445832910567
149297807,-1.5991839249752076
149299439,1.5505118795968542
149299440,-1.1620595692801885
149299441,0.3720026545718156
149299442,2.1645599355568663
149299443,-1.002702942079253
149299444,-0.7389899042221373
149299445,
149299446,0.3635169425975562
149299448,0.6370886053860261
149291687,-3.6624332209981496
149291688,-0.23619708481917812
149291689,-3.42341606601439
149291690,-2.546296012074281
149291691,-3.8461842163671065
149291692,
149291693,-0.8296552409584361
149291694,-3.406691561375796
149291695,-1.982505584668555
149291696,-4.03675840190569
149308950,-1.968321003610484
149308952,-0.5026973944748931
149308954,-0.22055492613561967
149308956,
149309600,
149309603,0.11737304840355911
149309604,0.3151710894782642
149309605,-0.04438805668645429
149309606,0.051005415394945075
149309608,0.3756472286054571
149309609,0.5776717129495497
149309749,-1.0013947430959131
149309751,-3.6050940033320664
149309752,-2.60960451317165
149309753,-1.599358468252781
149309754,-0.5460636481420149
149309756,
149309757,-2.1914185990862016
149306934,-0.039266541028760926
149306935,
149306936,-0.856387626701478
149306937,-1.083642616641212
149291547,-0.1190689303232304
149291548,
149300404,-0.019956797273186666
149300405,
149298758,
149298759,-2.5820497625649423
149298761,-1.3608767193085498
149298762,-1.3101061560631635
149298763,-0.9840448185188819
149298764,0.18198128730790586
149298765,-6.948010134512927
149298766,-5.6694629813382775
149298767,-1.7429637217389242
149298651,3.9316154886118824
149298652,-0.5682330781724829
149298653,1.8157505327013297
149298654,1.7705489783216777
149298657,
149298658,2.1615587745231153
149298659,2.2439396979548647
149298660,0.11888461268757311
149308212,-1.1534256923218607
149308214,0.18909761207229359
149308215,-0.5416562266638714
149308216,
149308217,-0.17924607859350417
149308219,-0.8397089303772187
149308220,-1.4160884812088792
149308221,-6.285163222539106
149292204,-0.33301765794517757
149292205,
149292206,-0.006653575747396445
149292207,-0.2705367150404048
149292208,-2.015916644728485
149292209,-0.2958268873979675
149292210,-1.9703020699363702
149292211,0.5357353756320773
149292212,-1.3408866441012723
149292213,-0.921514590294231
149291955,-3.6675918753213104
149291956,-2.1575323246216094
149291957,-5.323438518184918
149291958,-3.8261515191033553
149291959,-3.8549932181988993
149291960,-3.2445433544929294
149291961,-3.104874192451014
149291962,-2.865387801240608
149291963,1.352646993107669
149291964,
149291531,
149291532,-0.017817696998903898
149291533,0.6280651483748017
149291534,0.6275736190634049
149299731,-1.4020480868921794
149299733,-0.27977225225697566
149299734,-2.569572259195496
149299737,-3.637219566623152
149299738,1.0153874623654104
149299739,
149299740,1.4498526799309488
149307321,-2.5934597506563364
149307322,
149307323,-0.9482731421125408
149307326,-10.259865847586383
149307329,-2.2726612688061465
149300276,-0.7038367285163645
149300277,0.12489517741730083
149300278,0.08243720681718969
149300279,-0.6404373916470831
149300280,-0.06197282820011196
149300281,
149300282,0.6491903182717635
149300283,0.6993042836932375
149300284,-0.683012737345905
149300285,0.23856227972686384
149297869,
149297870,-4.0565976354427775
149297872,-4.760207192584009
149297877,-3.8358272796713813
149297878,-2.278440548286518
149291805,-3.860150622540381
149291808,-3.6588905517071098
149291810,-3.3738957195675354
149291811,
149291813,1.317616450575052
149291814,1.2648088682087746
149291825,-3.161590704165917
149291826,-6.047587957845572
149291827,-5.806827378643753
149291830,-5.972942945572186
149291831,1.6199853520978849
149291833,
149291834,-5.764654010156704
149293582,-4.562080991198307
149293583,-4.06343922036168
149293587,-0.0036545085373376196
149293588,
149293589,-4.074946886006998
149293590,-4.5633939742240415
149299272,0.0036009762707536197
149299273,
149309630,3.2361147875319576
149309631,-0.6746295953363877
149309632,-3.522256878540512
149309633,-3.3570610288514176
149309634,-2.230583063738135
149309635,
149309636,-2.347648916298853
149309637,-5.784806035494895
149309638,-3.7035787051464
149309639,-0.5063828690258196
149298671,-3.549009555922993
149298672,
149298673,-5.75000399916199
149298674,-0.38257026433556973
149298675,-4.445059636704869
149298676,-0.693284492843091
149298677,-3.7060576001107393
149298678,-5.50444101224528
149298679,-2.654763224496037
149298680,-2.977959432538597
149299701,
149299710,0.4536746523161277
149309137,-1.3214848886354744
149309138,-0.20435195982129528
149309139,-1.7048230899201826
149309140,0.004645904818403324
149309141,-0.07111010805045481
149309142,-3.347007157997517
149309143,
149309144,-2.966823391955735
149309145,-3.620546068161822
149309146,-1.254186620932792
149292959,-1.829140360085134
149292960,
149292961,-0.9912355566692952
149292962,-2.335412357819436
149292963,-2.6702327098141723
149292964,-2.3122155368265567
149292965,-2.6360372497996423
149292966,-1.7461438193375898
149292967,-2.666788575387912
149292968,-2.495046065485269
149300048,-0.2740145618109011
149300049,0.04308160330526789
149300050,-0.4050868391426832
149300051,0.05025804241864762
149300052,0.19795506063744028
149300053,0.3124325069820486
149300054,-0.11683578805119055
149300055,
149300056,-0.9509565772800102
149300057,-0.9040154409454431
149293750,-3.055259432602867
149293751,
149292855,-2.622652987146324
149292856,0.5756755929548518
149292857,0.13001867720208793
149292859,-0.3108051096779292
149292860,-0.1074313610940294
149292861,
149292862,0.9052625742330918
149292863,0.09867053832141437
149308836,-1.296169192331746
149308837,-1.1793267003692023
149308838,
149308841,1.6662982112405587
149308842,1.8514070771414737
149299741,2.360350644252456
149299743,0.9695239388319905
149299746,0.10545326065071947
149299748,1.6591659623566741
149299749,-0.3263848514310439
149299750,
149299898,-1.9898925837255268
149299900,-2.2357353275891096
149299903,-1.0564840000455593
149299904,-0.33418768666629894
149299905,-1.3591869127364085
149299906,-0.16269566410944947
149299907,
149299127,0.4929826395977557
149299128,0.2908938519485105
149299131,0.0692282306723655
149299132,
149291763,-5.0595148832822865
149291765,-5.599896862109716
149291768,-5.221444153827175
149291769,
149291771,-3.598949952734859
149291772,-5.863999208098949
149309806,-0.034422172946825924
149309807,
149309808,-0.4821994715243747
149309809,-0.7519263126798812
149298204,
149298205,-2.2797537479727907
149298473,1.7843541060835193
149298474,-0.3280506431678418
149298476,0.3085867735477166
149298477,
149298478,-0.34427849257487964
149298479,-2.17455065628436
149298480,-0.4917632614877334
149298481,-3.1365989022908494
149298482,1.9947506823959884
149291665,2.3947943959559552
149291666,2.3950991818506964
149291667,0.0020215948303814457
149291669,
149291670,-6.469531608985164
149291671,-6.595900512833737
149291672,-1.8784888139448412
149291673,-2.471870611644789
149291674,-0.3229261485800805
149308433,-1.4776279536521741
149308434,-2.361801555562238
149308435,-1.064612016977712
149308436,0.7770681726944062
149308437,-2.6639772027858513
149308438,-1.5620828663029727
149308439,0.5088217477353254
149308440,-1.2653118178456282
149308441,1.1565957845995527
149308442,
149299040,0.028296798768465692
149299041,-0.6714240309405426
149299042,
149299043,0.8268648972852191
149292845,-0.771354643730227
149292847,
149292848,-2.1090710274703284
149292849,-0.26806106120498185
149292850,0.47817247913590677
149292851,-8.102850282132145
149292853,-5.383849045530177
149292854,-0.8705906452784902
149307539,-4.6765712807365425
149307540,-7.1599283028772405
149307543,-1.5474603022280213
149307544,-1.547676868885958
149307546,
149307547,-2.5595309160516813
149299505,0.39859451875531704
149299509,1.0639745351789998
149299510,0.12769607799373262
149299511,1.0623170690441839
149299513,
149299514,1.075969494597416
149308893,
149308894,-7.473184511316122
149308895,-2.1049892081360735
149308897,-7.523736715867567
149308899,-4.99313949179364
149308900,-9.354005111374098
149308901,-0.46194917137918345
149308902,-6.793175707144746
149292949,
149292952,-1.0887904649179347
149292955,0.03009373648464475
149292956,-0.18557318387885857
149292958,-0.22039768248498603
149309610,0.08841911424546822
149309611,-2.803410102689554
149309612,-1.4239380876880716
149309613,
149309614,-5.80788295965192
149309615,-6.1534405574298745
149309616,-7.615280005229394
149309617,-6.068944023908713
149309618,-7.157513198873531
149309619,-4.14340821446703
149309521,-1.0331891962835087
149309522,-0.271272909856787
149309523,1.0311436317190363
149309524,-0.7034720721448373
149309525,-0.2456999127781252
149309526,0.8909621793406437
149309527,
149309528,0.8013750553668686
149309529,-0.5013096557566215
149309530,0.36179507691122126
149307284,-1.8124021829238757
149307285,0.4325631125800129
149307286,-3.2837261376612332
149307287,-0.9598639673108593
149307288,-1.092537360492578
149307289,0.17575136176775885
149307290,
149307291,-3.338856064266693
149307292,-3.3307272336156757
149307293,-2.88842417288771
149298281,-0.7282874482415309
149298282,-1.0582064683009378
149298283,-0.8571675586646563
149298284,-1.1798720329171317
149298285,
149298286,0.5633348226097894
149298287,-1.7004129822672667
149298289,0.9646110350577999
149298290,-1.8114831625217107
149300445,-0.09758268747346577
149300446,0.018782036293320203
149300447,0.28728388112158854
149300448,
149300449,-1.1162483468187396
149300450,-0.9818041600253089
149300451,-0.4726496163882743
149300452,-3.0185108582644986
149300453,-1.3616472462083813
149300454,-2.9103096199286504
149307171,-1.1802968580162982
149307172,-3.154345634670733
149307173,
149307174,-2.5579942444342265
149307175,-5.154021373213766
149307176,-6.91460795439815
149307177,-1.5163372068119045
149307178,-4.065989201959148
149307179,-4.631330155467062
149291563,-0.4212024673102066
149291564,-0.9628495829874257
149291565,
149291566,-0.10852923712952567
149291567,1.776572364117846
149291568,-1.377192072486677
149291569,0.5478939578286619
149291570,1.7910575673589353
149291571,1.84753894433962
149291572,1.4016969602301792
149293639,-3.1147721362386847
149293640,14.028319214118255
149293641,-1.8111969518591877
149293642,0.2484186796227732
149293643,
149293644,-1.4108465835587367
149293645,14.080464566116575
149293646,5.842840745068429
149293647,10.354001394721422
149293648,14.062453163652094
149309223,
149309225,0.15669893607974927
149309226,-0.17279232410612622
149309227,0.6370071680847218
149307694,
149307695,0.4367582283283751
149307696,0.5582068485719152
149307697,1.5882662776943297
149307698,-3.979302720140179
149307699,0.5936672091970578
149307700,-3.898048328946371
149307701,2.1581102338640417
149299347,0.051426663674497775
149299348,
149299349,-3.2627963528763573
149299350,-2.507000466831908
149299988,-3.2025688235362963
149299989,
149299993,-3.5408202138107043
149300400,-0.8518159693219758
149300401,0.1557971787606931
149300402,-0.9512213262289322
149300403,
149291856,0.648352477195516
149291857,-4.1095506924615535
149291858,-2.6301371469162973
149291859,-2.6748362273067414
149291860,-3.2093683365656744
149291861,-2.5323945236989687
149291862,
149291863,-0.33791341971520694
149291865,-0.2542409230682523
149300526,1.704784063903503
149300528,-1.090142727789683
149300529,
149300532,-1.1850761538334353
149300533,1.4695565658053198
149300534,1.4427471390842896
149300535,-3.52385592727137
149309660,-0.03897083379132482
149309661,2.704986909564667
149309662,-0.5853963183042481
149309663,1.1381889849043603
149309664,2.3528988698849105
149309665,3.5217878896031323
149309666,
149309667,4.960034112775531
149309668,1.7581837770999869
149309669,1.8435610132715965
149307671,
149307672,2.2739611765440557
149297346,-0.7556837418774407
149297347,-0.4623583364982551
149297348,-0.47418263860314624
149297349,-2.7507051075749445
149297350,-1.2142192561884926
149297351,-1.2905931764748786
149297352,-2.138415373165742
149297353,-2.266951773731698
149297354,
149297355,-1.8250521226758565
149293078,2.377378778440061
149293079,0.9927022512798231
149293081,
149293084,0.4554620086277055
149293085,1.9070535493332414
149293086,1.9943649929747096
149293087,1.246203198629928
149292264,6.093629894668396
149292265,6.9431664646604645
149292266,3.45626912900903
149292267,-0.5881375764031986
149292268,5.364182902026926
149292269,5.191857359543491
149292270,5.010686340998092
149292271,0.7512775573162003
149292272,-0.3309045590108326
149292273,
149292478,
149292479,-1.7732388081816453
149292481,2.663980623778201
149292482,-5.843751490186662
149292483,-3.5679963185491204
149292484,-6.025613349140997
149292485,-5.913930898315925
149292486,-10.434343762599042
149292487,-3.9349643710068847
149307180,-8.918514939299087
149307181,-6.230425711736814
149307182,-7.616146590429139
149307183,-3.2262055822352522
149307184,
149307185,-5.419804226769884
149307186,-4.831610752021163
149307187,-7.370283498837807
149307188,-9.003402099657876
149307189,-7.5355754615627575
149306537,-2.710836482113379
149306538,3.037946996122095
149306539,-7.9577918652567945
149306540,
149306541,6.855517228873744
149306542,8.494946873455554
149306543,8.508693042298859
149306544,-1.1278974431534792
149306545,-4.084063421084345
149306546,14.357453703940003
149306568,1.4729852727441255
149306569,-6.025061397511294
149306571,
149306572,-3.394338034729614
149306573,-2.1575009600678783
149306574,3.821158651460678
149306577,-3.131041775889173
149291975,-0.3076660645770133
149291976,-0.05114578694378835
149291977,-5.010214101744978
149291978,-6.257540025253341
149291979,-0.2789783902876408
149291980,
149291981,-0.17611573805747582
149291982,-3.70744985965667
149291983,-6.24232930816115
149299616,-2.143974947786422
149299617,-2.511088488831726
149299618,-1.8583471412383874
149299619,-2.551192228027083
149299620,-2.793707338610881
149299621,-3.0488609677876566
149299622,-3.738232035160282
149299623,-2.240278098938875
149299624,-2.7762547744280166
149299625,
149297716,-0.6501773893302527
149297717,
149297718,-0.33707560182179463
149297719,0.6999747077089324
149297720,0.34181486552901674
149297721,-1.1700742611663912
149297722,1.0793409660265354
149297723,0.617520029409576
149297724,-0.4403120124445792
149297725,1.7112158333285237
149291495,-1.143365280871123
149291496,-1.16448482146113
149291497,-1.039766663179492
149291498,-0.9749972519297927
149291499,-0.20048598624805436
149291501,
149291502,0.03215158104534055
149291503,2.7848553529911158
149291505,-0.15132237339649635
149291506,1.1042464413693835
149291815,-3.7521923987886936
149291816,-3.5768680248735407
149291817,-3.6330528233963832
149291818,-3.4240274518059692
149291823,
149291824,0.12986224480645348
149293386,-2.3105860878181415
149293387,-0.781509543810536
149293388,-0.35883497535700704
149293389,
149293390,0.4201168404185869
149293391,1.8596004822191015
149293392,2.552725149540085
149293393,-0.06681547435900548
149293395,0.32718928108499323
149298078,-2.321604940633449
149298079,-1.8858398741244855
149298080,-4.115576572093119
149298081,-4.6478869535581
149298082,-3.825677688219571
149298083,-5.529229914280961
149298084,-1.3882360231075381
149298085,0.7274567047264782
149298086,
149298087,-2.8011285500521126
149300068,-2.171275586219849
149300069,-1.1346558769632225
149300070,0.7182276263078933
149300071,1.284862568373768
149300072,-2.8040484123453098
149300073,-1.7389829020348628
149300074,-2.1459600481774714
149300075,-1.1824945665445057
149300076,1.5932227069254168
149300077,
149291803,
149291804,2.453630758445655
149291937,-0.8166574849823078
149291938,-0.4569319469168498
149291939,0.43156515655476824
149291940,-1.2971876519682688
149291941,0.8408866482182411
149291942,-1.2789868191495408
149291943,-0.5354850643788609
149291944,-1.5864365143453405
149291945,
149291946,-0.692126546102525
149307792,-1.3250689614487499
149307793,-1.3982442212909234
149307794,-1.0417397348626878
149307795,-1.0429141433301652
149307796,-0.058561858093952424
149307797,1.7146362683392624
149307798,-1.895052685561808
149307799,1.799265428545283
149307800,
149307801,-3.9271862881053607
149299908,-0.6982412847948236
149299909,-1.8336442577070233
149299910,
149299911,5.439996766954668
149299912,-2.1265325522880048
149299913,-0.02305831158873506
149299914,0.09959652142049968
149299915,-1.06694556735797
149299916,1.3752422687667885
149306763,-8.435114864772657
149306764,-9.01294988992521
149306765,
149306238,0.3681853087912499
149306239,0.16940315715775345
149306240,0.19766594630161993
149306241,
149306242,0.4459242079436523
149306243,0.5656524755626071
149306244,0.19099675307940966
149306245,0.20035159145510928
149306246,0.23447112853770902
149306247,1.0717905715028628
149298228,
149298230,-0.8615386155052427
149298231,-0.9351442836962072
149298232,1.1945867237268306
149298233,1.3223966874719402
149298235,0.12146252213247877
149298236,-1.5966150177736687
149298237,0.7227142161048956
149293859,
149293860,-2.223686347143314
149293861,-0.9475858401280277
149293862,2.7660911841774976
149293863,-1.2750555262589813
149293864,2.0696403504683474
149293865,-1.035413443462275
149293866,-0.6260740403361069
149293867,-1.6635630645062776
149309201,-4.0066626971200066
149309202,-4.0446414406416125
149309203,-3.5288499930653927
149309204,-3.510764284870092
149309205,-11.070858164908472
149309206,-3.0344621924401167
149309207,-2.7279475903445416
149309208,-2.7814056351070633
149309209,
149309210,-5.271203227814198
149298768,-2.7444830597094025
149298771,-1.8486010595809148
149298772,-0.45956101271660543
149298773,1.2532816646011682
149298774,-1.3341085762898857
149298775,-0.6971741642512868
149298777,
149293714,
149293715,-1.724751299767604
149293716,-0.015165396693873845
149300511,
149300512,-2.3518170381695427
149300513,-0.5574019258748066
149300514,-3.934795449386918
149300515,-1.3852199640373115
149308806,-2.3519660707679506
149308807,0.8620510125540619
149308808,0.05231300959505347
149308809,
149308810,-1.2269771475636944
149308811,-1.527299417820693
149308812,0.10121448618794915
149308813,-0.3875030854189845
149308814,-0.12311629064372909
149308815,3.265371644723338
149297905,
149297906,-1.84645711060584
149297913,-0.646679692240955
149297914,-3.072879274142325
149308772,-0.4706238377919476
149308773,0.3915319211771475
149308774,-3.399175421350293
149308775,-9.171135503709792
149308776,
149308777,0.5401137282413515
149308778,-2.921268085771402
149308779,-3.581327651543262
149308780,-0.6940680139189794
149308781,-4.536380729277909
149307583,-5.5647493193900175
149307584,-5.695028591524192
149307585,2.202945888929065
149307586,-1.3232727595330118
149307587,-0.26322733896259365
149307588,-3.7500211441052045
149307589,-3.7369705005232277
149307590,
149307591,-5.5103055421521105
149307592,-6.5152857921501095
149308855,-4.066559856229219
149308856,-4.271864867654358
149308857,-3.564673676398442
149308858,
149308859,-1.0796147013556805
149308860,-1.7966550149670155
149308861,-0.8014232316759689
149308862,-0.3126557789414761
149308863,-0.07668250702718638
149308864,-4.499586655902732
149307739,
149307740,-0.044669171842549815
149308262,
149308264,2.2243524047104195
149308266,0.10014973564447693
149308267,5.155118632347694
149299606,1.748584073469381
149299607,
149299608,1.949742500195157
149299609,-0.485559047516567
149299610,1.9121538088562886
149299611,2.103230608544443
149299612,0.09441328511670832
149299613,0.14531755375451638
149299614,0.1129852724925513
149299615,0.12834841361492977
149293727,-11.267846288898909
149293728,-14.352756731203499
149293729,-2.300414910757354
149293730,
149293731,-15.227242885981013
149293732,-0.27460114455698204
149293733,-2.896109447527351
149293734,-14.035712603318643
149293735,-5.721835106042818
149293736,-1.003942044667383
149298058,-0.1869214529363319
149298059,-1.6287897931706041
149298060,-2.4954097476742305
149298061,-2.1038701690306354
149298062,-1.003644720244445
149298064,-2.0266456757714124
149298065,3.4302773353923683
149298066,-0.11539901209863501
149298067,
149292813,0.35903889995528004
149292814,2.8698235027588765
149292815,3.0583014241570794
149292816,2.3042296400406173
149292817,0.13878526358124077
149292818,3.048967979684761
149292819,
149292820,1.3129042728819655
149292821,3.300355003498254
149292822,-1.5431867676601883
149291650,1.719162816123145
149291651,3.5704473926242315
149291652,-1.3192902951294627
149291653,-3.0127487906987938
149291654,0.7710882704989785
149291655,
149291656,1.2098457097862365
149291657,3.9591888822023407
149291658,1.6705839226027024
149291659,-1.3343368480953188
149298750,
149298751,4.237375028054359
149291610,2.1257157817327084
149291611,2.1260169505614925
149291612,-0.28597035256977676
149291613,6.228486261864617
149291614,
149291615,4.342124640856952
149291616,6.726246742733878
149293816,-3.2231746110166455
149293817,-3.505263951840618
149293818,-3.162745138773573
149293819,-3.331439576843991
149293820,
149293821,-4.040780141406685
149293822,-1.0607299533751018
149293823,-1.096227502634889
149293824,-1.58497347924893
149293825,-3.869322227236239
149307076,-1.0995913060808782
149307077,-0.6898817906438879
149307078,-0.5059821485672202
149307079,-0.02807166710852016
149307080,-0.20426905109763283
149307081,-0.2930762674364722
149307082,
149307083,0.08003288478922954
149307084,-0.7885739310238549
149307085,0.3637845392346186
149298148,6.169999595228532
149298149,8.64443609402872
149298150,6.7291225808349395
149298151,8.359229218555711
149298152,
149298153,-3.692689690389898
149298154,-2.222219894619485
149298155,-10.063013776293559
149309191,0.18622959144921403
149309192,-3.56783877003185
149309193,-3.4354651460760373
149309194,-3.3987086777925715
149309195,-0.11515889511797717
149309196,
149309197,2.1102632425403858
149309198,2.048686414073625
149309199,-3.1016605382842872
149309200,-3.1325630698296987
149293768,
149293769,-0.37295819173415623
149299596,-1.0056950523006094
149299597,
149299598,-1.1265340313793217
149299600,-0.6656296177388867
149299601,-0.7121351358792296
149299602,-2.2642495846910933
149299603,-5.776716122630745
149299604,-2.5572543387680753
149299605,0.025148016851325394
149297697,1.41343737275578
149297698,
149297699,6.762573768337944
149297700,4.815138649481824
149298573,
149298574,0.000439055378041564
149298576,-0.607852515217786
149298577,-0.6071639384608858
149298579,-0.44129671858625885
149307035,0.10825870829264517
149307036,0.1134595925656221
149307038,
149307040,0.000309128314803786
149307041,5.69561260774061
149307042,3.370780526810673
149308408,-1.3436452160678982
149308410,0.0002598757500749116
149308411,
149300455,3.5750294083790806
149300456,4.440495698089691
149300457,
149308404,0.2668485883811207
149308406,
149308407,-0.19419139472136981
149299819,-2.367161622383801
149299820,-3.3423456301617165
149299821,
149299822,-1.2672306534845212
149299823,-0.047611498826972465
149292865,-1.7298640344929765
149292866,
149299177,0.05466858494478899
149299178,-0.00021879400436475294
149299179,
149298353,
149298354,-0.000545094635043597
149306400,-4.065210787638804
149306405,-2.942754944521184
149306406,
149308923,-2.1101038604585654
149308924,
149298398,
149298399,-0.001066555854284168
149308716,-4.6801691799519745
149308718,-0.16323134873454137
149308719,
149308979,-6.724779419037247
149308980,
149308981,-3.5526738788255727
149308982,-1.0843327256255293
149291889,-2.445693629426657
149291890,
149293353,
149293354,0.1627300304623276
149293525,1.8859100732069578
149293527,-1.77645389937652
149293528,-0.044327801917063425
149293530,1.7684342696952058
149293531,-0.04553123973141737
149293532,
149293533,1.765169538324244
149293534,2.449335399847712
149306775,
149306776,-0.0001062445096571274
149306777,-2.067313583220847
149298130,9.564588802624613
149298131,6.691595484015785
149298132,-0.7726829179025287
149298133,
149298134,-0.4535462425403409
149298135,
149298136,-1.5423992274911313
149298137,-1.3071664613220264
149298138,-0.5277039325757897
149298139,-3.076119080664853
149298140,-0.9714145084664381
149298141,-2.6529361061971457
149298142,2.2421818737025774
149298143,2.2351943131334053
149298144,
149298145,0.9955162478626391
149298146,1.0100486256428098
149298147,-0.0004551630060234402
149309759,2.8123262177660067
149309764,2.8549990607252695
149309765,1.95690913284853
149309767,1.182186615338459
149309768,
149300489,-2.9728527499847957
149300490,-2.989867100027645
149300491,-5.525496341236334
149300492,-4.1496777949676655
149300493,
149300494,-3.6332121235615276
149300495,-3.549331549071333
149300496,0.5427545596512928
149300497,-6.289984553883002
149300498,-3.5060932746747895
149297711,-1.257994851563332
149297712,
149297713,-0.9507993243169466
149297714,5.81364913112856
149297715,5.406625189204725
149299765,-3.3456857582701787
149299766,-3.6483666976937172
149299771,-3.4067202274569013
149299774,
149292979,-2.4493292014799977
149292980,-2.458204052985593
149292981,0.4598948747317593
149292982,-2.156369070952138
149292983,-5.918526044017483
149292984,-6.842180302582335
149292985,0.9949383065550705
149292986,
149292987,-4.35313544086975
149292988,-8.049025253810584
149294257,-2.606914364642364
149294258,-3.1997169758221844
149294259,-7.684839769806672
149294260,-1.0757927124282105
149294261,-1.7945620995239437
149294262,
149294263,-0.6053561611531109
149294264,-3.234405571994955
149294265,-1.0442995772489212
149294266,-2.1595730021521717
149298126,1.1440841707824774
149298127,
149298128,3.9212396147647155
149298129,3.6681742749416486
149308194,-1.3741831313214163
149308195,-1.2590469813881668
149308197,-0.1076311034476447
149308198,-0.8017325162459485
149308199,-1.2126121121874291
149308202,-1.0057342553074164
149308203,
149306218,
149306219,-2.0463672183313903
149306220,-3.135671412955709
149306221,-1.6578235103884467
149306222,-2.010915808038945
149306223,-1.8858029231808473
149306224,-0.8817487905133916
149306225,-3.98436606084573
149306226,0.3093563959679031
149306227,-0.8911360760470828
149308204,
149308205,-0.019012904230343963
149293717,-16.402068784107314
149293718,-14.01492669827644
149293719,-4.110305067350055
149293720,-2.9550964110758287
149293721,-15.401254679673684
149293724,-7.129727139343686
149293726,
149293669,-10.984361779975188
149293670,-28.513931603418996
149293671,-13.695625426406423
149293672,-2.7470789425091198
149293673,-9.952230560855696
149293674,-7.306172519308461
149293675,
149293676,-20.217303137263343
149293677,-1.602285221199395
149293678,-15.64127302947145
149306692,-6.9492842547606894
149306693,
149306694,3.5110792075965236e-05
149306695,0.17444131787047423
149299351,
149299352,-0.5708112987615621
149300509,0.48380679168238316
149300510,
149306360,-1.6301226918591212
149306361,1.3618011611272323
149306362,
149308495,-1.4145448152895739
149308496,
149308499,1.0914596260765421
149308500,-1.4926515115036167
149308501,2.4494028935602046
149306778,-4.033360077440115
149306779,
149306780,-0.5574724025221158
149299031,-0.0010275255117946358
149299032,
149299036,-1.8236126606671272
149299037,
149297287,0.8722717403137175
149297288,
149291866,
149291867,0.0011980897999919193
149291868,-0.5979333831563913
149299209,-1.5233236330610778
149299210,
149299784,
149299785,0.564335015524456
149297381,
149297383,-0.8794706446701781
149297385,0.30049963755725173
149308448,-3.3926409122851027
149308449,
149299270,3.265763852788183
149299271,
149298434,1.2786108000466498
149298435,-1.8000474415605154
149298436,
149298437,-0.00029958941883023726
149298438,-1.7998875742216072
149307096,
149307099,2.6567562560657834
149307025,
149307026,1.457332965273105
149307416,
149307417,1.1116156325092224
149307418,1.111595402568657
149309463,0.0003065110624547174
149309464,
149309466,-0.21106733998754912
149306582,
149306583,-0.11992015976378667
149306584,0.5265452843342651
149306585,2.5314515184743236
149307505,-3.3865894212874394
149307506,
149307471,
149307472,0.0007190043906830645
149292993,0.9129624984886284
149292994,0.5716452826434519
149292995,
149292996,-0.6207770425028194
149299027,
149299028,-4.67343939016223
149299029,-2.7335357179835142
149299030,-2.734551420545202
149297310,-2.6512588692548675
149297311,
149306393,
149306395,1.6750222140497115
149306397,0.4697853984426601
149306399,0.1092500468609785
149309295,1.7118959162525869
149309297,-3.495475510991355
149309298,1.5631197338873868
149309299,0.3975324103530511
149309300,-2.2818197877025383
149309303,
149299826,-0.17456317725006132
149299827,
149299828,-0.3976803044767325
149299824,-2.199291714776928
149299825,
149308450,-5.206740280269621
149308452,-2.5630860111045948
149308453,-4.663363617746338
149308454,-2.6012906888340055
149308455,-3.919371294756292
149308456,
149308458,-3.324236194119333
149308485,-4.674110833805759
149308487,-1.7026417611983256
149308488,-1.9427391471569457
149308489,-5.723034859601583
149308490,-3.787227884234717
149308491,-2.3213110964580395
149308492,
149308494,-3.6616511830724967
149292035,-1.3077229368446694
149292037,-1.268946592917132
149292038,-0.5453076117141222
149292039,-1.8541285174825646
149292040,2.3946856610075997
149292042,
149292043,-1.2819939056617216
149293700,
149293701,-5.627822623300858
149291627,0.00011639457713386037
149291628,
149291995,-1.3703231856895925
149291998,-0.054378021043049785
149291999,-1.0947903821184468
149292001,0.0010132852215747334
149292004,
149292057,-0.26986014271270164
149292058,-3.2755865723288906
149292059,-1.5196814780755972
149292060,-0.19088856415940825
149292061,-3.8085114057336824
149292063,2.059087471643778
149292065,
149292066,-2.7722581726159916
149306179,-0.02229695807193366
149306180,-2.578949770703815
149306181,-1.8934063611205971
149306182,
149306184,1.1567845933904124
149306185,-1.4275403347019449
149306186,0.8677971124741504
149306740,1.3781241374062851
149306741,
149306746,-4.527763615531779
149306753,-0.9660660149790878
149306754,-2.818297071146322
149306755,
149306756,-1.794420324028053
149306757,-1.8941063846358226
149306759,-1.6144858248589458
149306760,-2.875944098682602
149306761,-5.69131845738621
149306762,-0.4231228004606997
149309317,-2.6485662298494095
149309320,0.00046983943421818886
149309321,
149309322,0.038636473211405065
149309323,0.03862859699933674
149309324,-2.154209542016364
149307766,-3.1518257114243653
149307767,0.21097878747657717
149307768,0.2107657464212167
149307770,-0.578106740338697
149307771,
149307772,-7.8574916399065415
149307773,-4.466802162699622
149307775,-0.6389715126941979
149297254,
149297255,1.6817530879188265
149297256,-0.09617016110749432
149309670,0.10528081766314301
149309671,-0.7936528780841599
149309672,-0.7938579849947018
149309674,-0.001001119005337614
149309675,
149309676,0.15092120668217035
149291507,-4.96247554721824
149291508,-3.898400103901423
149291509,-3.7837280700362044
149291510,-0.7707567729816702
149291511,
149294184,-2.4152642178125703
149294185,
149294186,-1.9629661115118644
149291619,
149291620,-0.002921805959630319
149291621,0.12901272076473447
149291622,1.3899808048522857
149291623,0.860935432900078
149291624,0.03567247022036213
149291626,5.29124610950484
149292877,
149292878,-0.5788395625427185
149293355,-3.9634665486507403
149293356,-1.449568307674721
149293357,
149293358,-0.5652327017763978
149293359,2.3910197712401526
149293360,2.390675674544578
149294063,
149294064,-3.142962030077907
149308917,-1.9510628871004911
149308918,
149308919,0.15076556010136244
149308920,2.577749190698711
149308921,2.5766602237891476
149308922,2.516502739190898
149291773,3.3593304123834145
149291774,-2.507686357575828
149291776,-1.9674455001053914
149291777,-0.48237996048068155
149291778,15.269048747825504
149291779,-3.146750633142428
149291780,
149291781,16.499433566227744
149291782,-3.6003071852867556
149309549,-0.4130226487502071
149309550,1.1269578709793429
149309551,
149293505,2.7804617501594464
149293506,0.6170338867323153
149293507,2.3170087545899776
149293508,
149293509,0.6066274269046801
149293511,4.040619674030779
149293512,-3.1551267816825543
149293513,0.02091748788970449
149293514,-0.20020637437406208
149309101,-1.5430227228972058
149309102,
149309103,1.7943687904398473
149309104,0.7995969286476736
149309105,-0.458700017806251
149309106,
149291549,-0.44201279059733345
149291550,-0.10520223037288545
149291551,0.7408676313343285
149291552,
149293203,-0.8405916383211931
149293204,
149293205,2.6824834945579568
149293206,-0.0020960004248422592
149293207,-0.5119983713517442
149293208,0.7619297243464658
149291475,-0.1821450417979087
149291476,
149293899,-1.821282649706589
149293900,-5.021052841164064
149293901,-5.172361846239397
149293902,-1.1832973171717924
149293903,-4.7826848829554365
149293904,-3.3273429108838
149293905,1.5131974301816626
149293906,-0.42292480018663525
149293907,
149293908,1.1415841985601105
149306486,0.08163261421378021
149306487,0.07885347436575874
149306488,-2.524999851257325
149306489,-2.6051848021270487
149306490,-2.5172695207989477
149306491,-2.3600988967417957
149306492,0.0009453375839019174
149306493,-5.070340811793539
149306494,-0.15209344684010162
149306495,
149294061,-3.7483899077517506
149294062,
149292488,-5.1455384225730825
149292489,-0.9892139166886409
149292490,-2.459922639296593
149292491,
149293869,1.1596252642622886
149293870,-0.6077380940538859
149293871,
149293872,4.013923649275338
149293873,2.1578377096575956
149293874,2.6473598074173843
149293875,3.7803284291774197
149293876,5.039185224971657
149293877,4.68851020633733
149293878,8.21351133238787
149300458,
149300459,-4.101140699250536
149300460,-10.418411935734142
149300461,-6.034215310755258
149299807,
149299808,0.44226686622275224
149299809,-1.1119877579920825
149299810,0.6709218332575162
149299811,-1.1118219869273744
149299812,-0.3096793725995113
149308337,
149308338,1.1266864402092374
149308339,1.127142815356649
149298005,-3.6393050813443324
149298009,-2.4812746212491916
149298010,-3.3413923129718626
149298012,
149308290,-0.7490092791877855
149308291,
149299839,-3.0143014390046474
149299841,-2.280081255569918
149299842,-4.009903178822791
149299843,-3.4648535293181766
149299844,-4.210227026978098
149299845,-4.023100732265849
149299846,-3.7010762718990904
149299848,
149307507,-4.290580588031958
149307509,-1.4014390679116318
149307510,0.0005610452790847376
149307511,-1.154070725703555
149307512,
149307515,-1.780879293812312
149307233,-8.855555147954167
149307234,-8.843291069025835
149307235,-6.096594211462921
149307236,-6.090798795560997
149307237,-6.484671808078455
149307239,-6.481980814989112
149307240,-8.449436925209838
149307241,-9.828812827649656
149307242,
149309784,
149309785,-1.569816383605934
149309859,-4.66231914271488
149309860,-3.797130921366511
149309862,-3.2336282300795105
149309863,-3.797742104577191
149309864,
149307429,2.8930444406995104
149307432,-1.6941939838928746
149307434,-1.693180671904287
149307435,-1.0559664444107295
149307437,
149307438,-1.0523895046952731
149298495,
149298496,-1.4791006924185766
149299190,-0.7629483433816855
149299191,0.0020092470953301245
149299192,
149299193,0.41861185464965445
149299195,0.41903302539275167
149307384,-1.8763104449193833
149307389,
149307390,-0.8318317894781515
149307391,-0.0019755976980206924
149309016,-1.2681313612078782
149309017,
149292723,-1.8097484300448627
149292724,-0.5909628901060628
149292725,-0.8789351947125468
149292726,
149299038,
149299039,-1.38880351727496
149297588,-3.27751483338227
149297589,-1.0141456995390854
149297590,1.1991433907832487
149297593,-1.1212986944433467
149297595,
149306163,
149306164,2.662225520448743
149306165,2.662120935048314
149306166,-0.8597975713135142
149307215,
149307216,1.0976279939463112
149292997,-2.0049894625147076
149292998,-0.8961420874999462
149292999,-2.994245032915522
149293000,-3.4836190629406403
149293001,0.1889789881760251
149293002,
149293003,0.5696286770018872
149299034,
149299035,-0.9020326690903302
149298114,-0.5778562338959219
149298115,
149307340,
149307341,-0.00036444685661773946
149307787,-0.45610770515470067
149307789,
149307790,-1.416909955259071
149307791,-2.7794950127905906
149307733,0.0016349302540881183
149307734,
149307570,
149307572,-1.8714353755855946
149307086,-2.6538153949289445
149307087,0.47215022074955293
149307088,-3.3690454279879622
149307089,
149307090,-2.2650177027805523
149307091,-0.5423326080784534
149307093,-2.1511231275557705
149307094,-1.8342027112958856
149307095,-0.6323030693094918
149307217,-2.6502796462308016
149307218,-2.622053184950067
149307219,-2.6200793225396133
149307220,-1.7400137290679405
149307221,-1.1964343292030337
149307222,0.621455249561615
149307223,
149307224,-0.00044343510412758746
149307225,0.49747041775088086
149307226,-3.1109687622141617
149307227,-2.1215844562056123
149307228,0.339179598882712
149307229,0.4084649396478799
149307230,
149307231,-4.192995272270016
149307232,-3.2410474280522763
149292889,-3.3347536151331525
149292890,-2.2976483140776196
149292891,-2.2373201871273523
149292892,-3.686155422810458
149292893,0.23342956986138574
149292894,-1.7827341118533866
149292895,0.45104984199222997
149292896,-0.7545019972513103
149292897,-2.0822660577955645
149292898,
149299373,-0.5495652759834115
149299374,
149299375,-1.3816273567099415
149299376,-1.6841246890865875
149299377,-1.68883816282883
149299378,0.6136012436874125
149299380,0.7735640158981312
149299381,0.4616580157485828
149299382,1.2636786562002271
149299829,-1.035746132681716
149299830,-1.0504793522249685
149299831,
149299832,-0.043963871852994885
149299833,-0.638324688904568
149299834,-0.7803656781639958
149299835,-1.0844198907634137
149299836,-0.8439110910683638
149299837,-1.4213334726671008
149299838,-0.8684768080577783
149307680,-3.307653181744783
149307681,-0.448244457824746
149307683,
149307684,-0.17934447147698762
149306169,-2.5874922982075894
149306170,-4.559121704243928
149306171,-2.8504407226279156
149306172,-1.267114303340712
149306173,-2.8736386615116665
149306175,-4.595106551008623
149306176,-1.9794967180570673
149306177,
149306178,-3.815435362263269
149309574,-1.5335469767149341
149309578,-1.6526805536185698
149309579,-1.4658752384486444
149309580,-2.00660591341361
149309582,0.5988643463015535
149309583,
149306696,-2.7316118440860464
149306697,-1.9776342316720346
149306698,-3.2324953878564884
149306699,-1.5994013102592533
149306700,-4.639187576691569
149306701,-2.8481095211797864
149306702,
149306703,0.9681885114315278
149306704,-2.356149725361682
149306705,-1.7038577961819783
149298158,0.19105507599600102
149298159,0.1481427579320247
149298160,-0.33886382670080906
149298161,6.893914320635396
149298162,
149298163,0.13220135982905035
149298164,1.3321949436125777
149298165,0.1967107697463959
149298167,7.1056917859890945
149298168,-1.6556298212623908
149298169,-0.5715187438781761
149298170,-1.3140221990956995
149298171,1.3346810508212847
149298172,-0.013759649677808738
149298174,
149298175,0.16049768121450825
149298176,-0.7731787129250023
149298177,1.9560083703512277
149309402,-4.6838984490799245
149309403,
149309840,
149309841,-0.00019264191579893009
149309842,0.48943148152380367
149309844,0.48913477941849237
149292867,-3.00154045231794
149292868,0.5869635944227838
149292869,-3.390559153632296
149292870,-4.136806956307851
149292871,-2.7417530901940523
149292872,-2.197492363982036
149292874,0.28233317357303633
149292875,-3.603777757736708
149292876,
149297300,0.30437165460320514
149297301,-0.44611106741509055
149297302,-0.08349559435509235
149297303,-2.447147688530446
149297308,-0.776066618307075
149297309,
149300266,-0.9321708269077931
149300268,-2.0613064386730713
149300269,-0.9813124201189396
149300272,
149300273,-0.11116670223002245
149300275,-1.3867179118533102
149293933,-2.8769219170736413
149293934,
149298558,
149298559,-2.9453243922033536
149298560,-2.945476087073679
149299353,-1.2680733851102843
149299354,-3.5400647328979176
149299355,-1.0711732611876243
149299357,-2.658803977587837
149299358,-2.6094264175688124
149299359,
149299360,-0.7882269644338749
149299361,-1.9093740812825217
149299362,-3.846315054142508
149291901,-0.115113809126278
149291902,0.16048366681974358
149291903,
149291904,-1.512387996564847
149292067,2.876772289449974
149292069,-0.4284071835067067
149292070,
149292073,0.9270240908265919
149292075,-3.717392666838464
149292076,-1.2331555932631062
149292045,-2.598622819519221
149292046,
149308688,0.3126842271443673
149308689,
149293089,-4.7184523214901475
149293090,-3.651786163687241
149293091,-3.6493463644028807
149293092,
149292740,-3.81939629358169
149292741,-2.155032568742122
149292742,-0.8171970314499717
149292743,-2.1547360456717612
149292744,
149292015,-4.153199934670809
149292018,-3.5138913327777743
149292019,-2.0489008660834003
149292021,-4.781568271774859
149292022,
149291707,-0.0643797191955553
149291708,
149291677,
149291678,0.63045831549978
149297967,0.3051701294727991
149297968,0.04055431179662605
149297969,-1.0587862727034292
149297970,-0.390602374628088
149297971,0.23994380965484652
149297972,-0.6582779747542986
149297973,0.30686935520185443
149297974,0.023219338244842902
149297975,
149297976,0.7570605924544225
149292569,-5.150183297404709
149292570,-1.6083513983691091
149292571,-1.9879429914498843
149292573,-2.24063123566404
149292574,
149292575,1.5229721495927038
149292143,-4.20700063136303
149292144,0.16449800699638217
149292145,1.3653104195582273
149292146,-3.6092287162801426
149292147,-3.048402747148941
149292148,-5.915212471333803
149292149,-2.991336569853331
149292150,-3.0512858946084975
149292151,-2.8555665585643624
149292152,
149307894,-4.521187956602212
149307895,-2.1262462785650555
149307896,-2.124690866252621
149307897,-2.202428087637905
149307898,-2.2035964223519144
149307899,-3.0109699969430395
149307900,-3.010019550005559
149307901,-0.7299390741834415
149307902,-0.7256453434634835
149307903,
149308443,-3.6400275799908144
149308444,
149297341,-0.8655339949244762
149297344,
149297345,0.26209077178137363
149309349,-0.9586901142415725
149309350,
149298015,0.9999568903845564
149298017,1.1772365593522771
149298019,
149298020,-1.5186549401322011
149298021,-0.6252545851416897
149298023,0.787297480742243
149299923,-0.7914855951827562
149299924,-0.4054890272383673
149299925,
149297290,0.12781158666880899
149297292,-0.1280545722847819
149297295,2.799885107430942
149297296,2.737763891527246
149297297,0.6805586113673172
149297298,
149297299,0.6821241165636049
149299751,
149299757,1.8066227808254425
149299274,2.5097238656756953
149299275,-1.1622795307463014
149299276,-0.00028907216205587005
149299277,
149297788,
149297789,-0.04507945405126179
149297790,0.07282019110371607
149297791,0.891556344187002
149297792,1.4228023906007188
149297793,2.152063556522929
149297794,0.8384188749145025
149297795,-4.2775916935405185
149297796,-0.017514231800554114
149297797,0.7449729461438324
149308294,-0.946457967657949
149308295,-0.4245254355109864
149308296,-0.5621628121195812
149308297,-0.0033886403493568196
149308298,0.2255551375095024
149308299,-0.6592662728234444
149308300,
149308301,-0.11829809196711949
149308302,1.1820672320329209
149308303,1.1938786146193365
149306383,
149306386,-3.291526622074951
149306387,-1.696189607293494
149306391,-1.7943643202332034
149306392,-1.5879665065371356
149299859,-2.638935880694187
149299860,-3.3802782640165354
149299861,-2.610232857973762
149299862,-3.706145155362747
149299863,-0.1798813943180706
149299864,0.02719211000159749
149299865,-0.17905851871430656
149299866,
149299867,-3.7077857077106167
149299868,-6.134499392132661
149309511,0.3201990768373122
149309513,
149309514,-2.5196035586113794
149309515,-0.09646805064034325
149309516,-0.7010773355557234
149309517,-1.720402770692079
149309518,-0.033282002143902645
149309519,0.024876440330000804
149309520,-1.8329212982090297
149307045,
149307046,3.768142158379419
149307047,1.5189639971347901
149293423,
149293424,0.0051261775762441175
149293425,-1.4314862510987894
149293427,-1.4257701294061178
149293429,-0.8557119520686172
149293702,
149293703,-2.712923575329114
149293704,1.4672618799874044
149293705,-8.597748632689786
149293706,-8.89431185911667
149293707,1.463368072584899
149293708,-6.142980769410087
149293709,-5.625165043592688
149293710,-9.391557769615474
149300420,-1.2150293503504486
149300421,
149300422,-0.8099383300967418
149300423,-1.229104424656029
149300424,-2.9968467012248965
149300425,-3.557446254248646
149300426,-2.5894172967083193
149300427,-2.267277622289413
149300428,-1.3381475974549204
149298261,
149298262,-0.06711611231519043
149297729,-1.7050426627088555
149297730,-5.453332723621511
149297734,
149297736,-2.8294801963609473
149299849,-2.4963284115518434
149299850,-3.095728889687379
149299851,-1.498393520350092
149299852,-2.461113334489113
149299853,-2.1200555014128923
149299854,-3.004743704374235
149299855,
149299856,-3.33235932529513
149299857,-1.9755423914027546
149299858,0.017932856512928197
149307664,
149307668,0.8625931644199127
149299071,-4.58959965084432
149299072,
149299076,-0.12742051358893036
149306601,0.0882653253358896
149306602,0.07630464514335245
149306603,
149306604,-0.007015012982897417
149307243,1.344790089024686
149307244,-1.7180585998005513
149307245,0.6284619805163967
149307246,0.5746661991419
149307247,0.0008341707507169005
149307248,
149307249,1.7446190268756805
149307250,1.7586275436531071
149307251,0.16327105441235368
149307252,0.9136001665254834
149309769,
149309770,0.34430546091940073
149309771,1.3793214369544913
149309772,-1.4370934375349549
149306853,0.6376341017466616
149306854,0.13023810477492725
149306855,-0.6984740725811056
149306856,0.06616396153797766
149306857,0.5890196648354831
149306858,0.2966733845875651
149306859,-1.1695291828564423
149306860,
149306861,1.1511878154776163
149306862,2.204474734594092
149309414,-1.6935566401072188
149309415,-3.3872377248521195
149309416,-1.431637288747896
149309417,-1.4333918450274572
149309418,-1.7233706545473755
149309419,-2.483147405313421
149309420,
149309421,-2.7566799731659746
149309423,-0.21579329147572368
149306783,-1.7357482465995702
149306784,
149306785,-1.8356715417580487
149306786,-4.2458519914091095
149306787,-1.5790034053047446
149306788,-3.088033793431036
149306789,-1.8687927646817704
149306790,-1.894210294386407
149306791,-1.849670417696764
149306792,-3.303645601493031
149292234,-4.9096733871777545
149292235,-2.6718454679269357
149292236,-3.1208950921400245
149292237,
149292238,-2.715692740652848
149292239,-2.4379933939247493
149292240,1.2233511008440239
149292241,-1.3593395489000883
149292242,-3.465934231044379
149292243,-1.9167512753550007
149306847,
149306848,-2.9059065288209833
149299946,-1.390594367976913
149299947,-1.48516015884638
149299948,-1.9778951886821368
149299949,-2.100831846330781
149299950,
149299951,-1.4254808643532328
149299952,2.9643191374863918
149299955,1.6792806042568174
149297987,-5.736833009437589
149297988,-5.848789601690669
149297989,-6.373042304996858
149297990,-7.320407545605946
149297991,-7.0694101119850075
149297992,-7.068508622247151
149297993,-5.283153915057426
149297994,-0.004012437870272834
149297995,
149297996,-6.026341840133512
149299401,2.353118295917227
149299402,-2.6109470484607016
149299403,4.449614045831879
149299404,
149299406,1.384408365358496
149299407,-1.3112383508648406
149299408,4.127584848080744
149299409,-0.39328712120507703
149299410,4.555767867277041
149293463,3.9017679152980236
149293464,-7.354294375501922
149293465,-6.452788267703454
149293467,7.915670138104588
149293468,-3.362567798023065
149293469,1.7058432932642518
149293470,-4.432429963767504
149293471,-1.9683948983619075
149293472,
149308280,-1.215817884482238
149308281,-0.5491238379313046
149308282,-3.102481014715046
149308283,-0.27592846519360137
149308284,-1.1690276390032786
149308285,-1.7532859859795167
149308286,-0.50657377853409
149308287,
149308288,-1.7420005916164243
149308289,-1.6459001338686434
149306111,-2.7366687713335125
149306113,-1.1683430603070946
149306114,-1.1944341899435926
149306115,-1.1822223874019784
149306116,-1.1716196035339834
149306117,-2.828207036548079
149306118,0.13072921646866575
149306119,0.34546788781887017
149306120,
149292025,-1.3421755117916376
149292029,-0.15953747987305178
149292030,
149292031,-0.3688722360883361
149292033,0.061134252530465005
149292034,-2.114286556010086
149292586,-0.934424603298794
149292587,-1.8818418173356122
149292588,-1.6700120198381114
149292589,-0.45102680545562635
149292590,-1.7246340211651159
149292591,-1.1670366378930623
149292592,
149292593,0.601142775067899
149292594,-2.4594315424393756
149292595,5.840783073934517
149294112,-4.303834294258453
149294113,-1.616222464997835
149294114,-1.617110648439434
149294115,1.5223137834567435
149294116,
149294117,-0.00028157256088912064
149292532,-0.7770137229404277
149292533,-0.32417100092409257
149292534,-2.7778310936359176
149292535,-0.7749881651969623
149292536,
149292537,2.1241326048564932
149292538,0.24055594487527188
149307807,-0.6021929779164061
149307808,-1.0277600568974314
149307809,-0.4830117488092771
149307810,
149307811,-0.8250376993639055
149307813,1.9614834617152361
149307814,-1.9741726371550223
149307815,-2.8438220804020506
149307816,-6.156081579322098
149297635,-1.3015101825311888
149297636,-1.9657007519388578
149297637,
149297638,-0.9209288801553797
149297639,0.12549421152482765
149297640,-1.287911404753201
149297641,-1.9455506194205672
149297642,-1.7371740054878568
149297643,-1.6254345794464058
149297644,-0.25957423336309127
149308554,-2.3568152586442075
149308555,-2.146569854492281
149308556,-0.07327936583763162
149308558,2.1045921861629235
149308559,
149308560,1.9964761387140726
149308561,2.1956919838134503
149308562,1.7624951445834185
149308563,0.12676605270655905
149306456,-0.5369452321198267
149306457,-3.923159142735507
149306458,
149306459,-4.764533108749916
149306460,-10.596798297384098
149306461,-9.772185707201096
149306462,-3.6673326648883418
149306463,-5.040864278516132
149306464,-3.5452504790211847
149309710,-4.1499181137445476
149309712,-3.210421654489714
149309713,-3.672841595229883
149309714,-2.916164023343349
149309715,-3.562829110897198
149309716,
149309717,-3.3435863557764733
149309718,-2.772259270981074
149309719,-2.204166042952153
149306578,-0.47361489750453956
149306579,
149306580,0.8119348796065964
149306581,0.5598062656749647
149307601,-1.9709981198162758
149307602,-1.9605540174069702
149307603,-4.308948406188513
149307604,0.008444359109713417
149307605,-4.73613185363962
149307606,
149307609,-3.363290515606309
149294041,-5.364855041397966
149294042,-2.6233320676930987
149294043,
149294044,-2.2525163773248202
149299678,
149299679,-0.12825800752560212
149299652,0.3999958440901423
149299653,1.6310363736227487
149299654,1.4431551789652985
149299655,-1.679100301471692
149299656,
149299657,-2.072768526796267
149299658,-2.1229468361510158
149299659,-2.4875103353234636
149299660,-1.323356331923435
149299661,-2.109741265459263
149309845,-2.943584504265571
149309846,-2.5629626943160417
149309847,-2.74029274917706
149309848,-2.6342215177471022
149309849,-1.6666609167408417
149309850,-2.370024108742916
149309851,-1.0243588814214029
149309852,-0.07055962917880088
149309853,-2.2299517507641013
149309854,
149309438,
149309439,3.0193170563771776
149307517,-5.595646825441941
149307518,
149307519,-5.5956343774381025
149307520,-0.06697103808878868
149307521,-3.548125573594721
149293169,0.17732456531953744
149293170,
149293172,0.16162734579421567
149293173,-0.43621746849916576
149293174,-2.3228861134197984
149293175,0.7148792138959266
149293176,-1.9642954564891397
149300578,0.29639408413356705
149300579,-0.5946799774624765
149300580,-0.14759252026615854
149300581,0.19043468220262127
149300582,0.5920775706512273
149300583,-0.641788041698959
149300584,0.26784553697994795
149300585,-0.3846755442478127
149300586,
149300587,0.8716234925420707
149297755,-0.7632478596811723
149297756,-0.5655917815690898
149297757,-0.7852380149961888
149297758,-1.3916672040016707
149297759,-1.8859976324353767
149297760,-1.982110957222659
149297761,-1.7006644588368616
149297762,
149297763,-1.6926134165793698
149297764,-1.559158272070782
149307685,6.083930256470818
149307686,
149307687,6.306547314743163
149307688,-0.534219925081235
149307689,8.795519767968514
149307690,11.175697602928757
149307691,-6.969351394128015
149307692,10.134536803357037
149307936,-3.046820085218565
149307937,-2.369118868372505
149307938,-0.4486140505495779
149307939,-3.1630509407539833
149307940,-3.1731457485567205
149307941,-1.1157095698650163
149307942,-1.121275604306076
149307944,
149307945,-3.414425676958242
149309265,-0.16737455811596647
149309266,-0.5216341426141753
149309267,1.9357474987198202
149309268,-5.675215402334288e-05
149309269,-1.2178157321384333
149309270,
149309271,2.040338802853114
149309273,-0.06342508208570052
149308690,-1.1816066741402267
149308691,-6.751512729662437
149308692,3.88495167056152
149308693,
149308695,1.2433458284148742
149309332,
149309334,-0.42808618802909937
149309336,-3.5116811942748942
149309337,3.16707140094473
149309338,-0.8844829151079558
149309339,-1.7878133869852162
149309340,-1.2567264674471277
149309341,0.3795819267774032
149292793,-0.22953055808605427
149292794,-0.2318446600428672
149292795,-2.1751709224288334
149292797,1.133226330786357
149292799,-0.5845536136764053
149292800,-0.5812211417114383
149292801,1.131043789307256
149292802,
149306143,
149306144,1.0643157791452182
149306145,-1.6650213214494727
149306146,0.5224338255889762
149306148,0.10761152828108322
149306149,4.689778579670218
149306150,2.552417203172027
149306151,1.4528047742329733
149306152,4.9163473621478175
149292005,9.305251304909063
149292006,
149292012,8.177607362770644
149292013,4.090960979718247
149292014,4.09110596108475
149293376,
149293379,0.40938373778661585
149293380,-0.3533137984379948
149307439,-1.412931511251987
149307440,-1.7485517529149983
149307441,-0.8361585019241002
149307442,0.21232466046115972
149307443,-1.4099853051340063
149307444,0.2122591624512542
149307445,1.5148278955861798
149307446,
149307447,-4.898177396625622
149307448,-0.5847401472289255
149307451,-3.8949225213176213
149307453,-2.122845636339477
149307454,
149307455,-0.006928080358980182
149307456,-2.1209426115270613
149299813,-4.144198369308413
149299814,
149299815,0.00012540210624933934
149299816,-1.5707010296324313
149299817,-1.5716556537117299
149299818,-2.3338253217241345
149297977,0.43173281373472605
149297978,-0.09694027787955406
149297979,-1.9112093040242257
149297980,
149297981,-1.7178131481958019
149297982,-0.22009960257236116
149297983,-0.965654349883124
149297984,-0.47679001531068366
149297985,-2.4175038856642743
149297986,-1.5218160677189871
149294059,-2.7203016868604695
149294060,
149292294,-0.9397849424680373
149292295,
149292296,-0.0378536644634444
149294267,-5.3282836306206605
149294268,-8.783346886202139
149294269,-12.976243614942575
149294270,
149294271,-6.324648592733297
149294272,-10.196817633248713
149294273,-8.467654387271011
149294274,-2.911057667537591
149294275,-9.550342915306317
149294276,7.3514041705877275
149308936,-1.6572651971190595
149308937,
149308938,-0.4441673776633195
149309699,-3.0612532991840737
149309700,-3.171410906562045
149309701,-3.1636380606491343
149309702,-1.7280284986509287
149309703,-1.7170351060073017
149309704,-3.50879083945145
149309705,
149309706,-1.9603355852960647
149309707,-4.725123430289926
149309708,-1.7210277561749194
149309424,-3.9489171793317794
149309426,-3.7564885005801703
149309427,-1.233936702258493
149309428,-1.4487091074801626
149309429,-1.439205751895983
149309430,-0.05600596719843587
149309431,
149309432,-0.20547334128391803
149309433,0.047722899841510014
149307926,-4.502622271083055
149307927,-2.6323571752990347
149307928,-3.6007579292212597
149307929,-1.106087583606012
149307930,-0.13322406881371762
149307931,0.167223636550915
149307932,-5.087733755214302
149307933,-0.7760119975416586
149307934,
149307935,-8.098477470621987
149299411,
149299412,0.011849758613266204
149299414,-0.021751825355977417
149299415,-0.9187632302736688
149299416,-0.9256662600108143
149299418,-0.1884001960785895
149299419,-0.28889523381371873
149299465,0.14378626310480058
149299467,-0.642051685949923
149299468,-0.6418950391681619
149299469,
149299470,-0.30055612395148046
149292989,-1.7995136262056164
149292990,-1.9184343721367796
149292991,
149292746,-3.4101811251487923
149292747,-4.24430729481692
149292748,-2.538212411766388
149292749,
149292750,0.05238096177338036
149292751,-1.675761153665146
149294007,-1.6900652379223118
149294008,
149294009,-0.023858891361868473
149294010,-0.8281755186029187
149294011,2.608848165247551
149294012,-0.34397823088912105
149293125,
149293126,-3.195046078784216
149293127,-3.466607847710222
149293128,-2.0426541992706575
149293129,-4.341635968721533
149293130,-1.2833506423062317
149293131,1.9323356357419925
149293132,-3.4145423169189257
149293134,-5.276279649884373
149292097,-4.106467160652297
149292098,-1.147332453532588
149292099,
149292100,-1.0452598669077986
149292101,-0.6072522466023926
149294164,-5.724763446784458
149294165,-8.312642728803155
149294166,-4.5413596291394
149294167,0.3768084280338009
149294168,-4.236827223708637
149294169,-5.025913725559128
149294170,-5.067287515056471
149294171,-4.075292155338431
149294172,-4.246801291724928
149294173,
149291685,0.0039255987193570485
149291686,
149291443,
149291444,-0.5361462128663756
149291445,-0.002073012254883544
149291446,-0.13493211488395218
149306527,-7.038396035740504
149306528,-4.131163306688052
149306529,-4.228286338346265
149306530,-2.7225966245541713
149306531,-0.49495329007601185
149306532,-0.48609008349893656
149306533,-7.09687897477005
149306534,-5.58381748578887
149306535,-0.8706686744301919
149306536,
149293165,
149293166,-0.6630775354234402
149294078,-0.005412324055067419
149294079,-2.600458177467014
149294080,1.6540281105476753
149294081,
149293456,-0.3525333848131744
149293457,
149293458,-0.35227638774425785
149293459,-6.550710257968717e-05
149293461,0.8547112823850291
149293462,0.8546987406739532
149308566,0.0847459920447875
149308567,-0.4474367807562487
149308568,
149308569,-0.44589416805496285
149308571,-0.3756268255434918
149308572,-0.41885134096881416
149293406,-0.00027713492379888294
149293407,
149293408,0.6975304570124479
149308518,-3.7522966522431602
149308519,-6.704308025828404
149308520,
149299539,
149299540,-2.209260266192601
149299956,0.1338694575148267
149299958,
149299959,-6.615707214052691e-06
149299960,-0.14074201078184245
149299961,-0.1408704080308567
149300642,
149300643,0.022850011370593393
149298898,0.0018833846170878132
149298899,
149298901,0.7613902376561867
149309733,
149309734,-10.11557946406323
149298156,1.5332765056173727
149298157,
149308987,3.633318006534438
149308988,3.4258194421709334
149308990,
149308991,2.228761003085822
149308993,-2.0326249829809058
149308995,0.25761737863496137
149298028,-2.8689907063056577
149298031,
149297280,
149297286,0.44051159580833854
149297321,-0.9731326546038019
149297323,-0.3336564583443504
149297324,
149297325,1.3391180718016216
149297327,1.4366460430765073
149297328,1.5716813155089895
149297329,1.5569478325127406
149297745,-1.8624312333045054
149297746,-1.255030842912845
149297747,0.45234872867752074
149297748,-0.565417294011894
149297750,1.063367117706889
149297751,1.4587364116179629
149297752,
149297753,0.93503082194934
149307726,
149307727,0.002543337205921148
149307728,-0.09001005153503172
149307731,-0.6680104733620738
149307732,0.609572910730563
149306548,-4.655948566022552
149306549,-5.429794402138938
149306550,-4.626530934200076
149306551,0.45173132938776916
149306552,-1.2574233580157994
149306553,-5.671028710577474
149306554,-7.171135224821612
149306555,
149306556,1.3461683466288292
149306557,-6.534542699607883
149291466,
149291467,1.2626092903257282
149291468,1.2623764055445124
149291469,2.2911116972770644
149291470,3.7860364729960265
149291471,3.786123306783801
149291472,2.2968875818266143
149291473,2.30423493132761
149291474,3.9239556043146955
149307008,-4.488051077460241
149307010,-4.337237038287341
149307011,-4.4810814918198005
149307012,
149307013,-3.8870245760438067
149307014,-5.327166203270238
149307015,-1.8475529555108352
149307016,-1.7816309152137002
149307017,-3.9504861310518002
149307865,
149307867,1.3415719880143087
149308306,
149308307,-0.14960795311967345
149308308,-3.565279813008651
149308309,-1.5425707113143758
149308310,-3.756383683334871
149308311,-2.361861866844123
149308312,-3.211675737862567
149308314,-2.931969104107818
149308315,-1.72104046750513
149309552,-2.7711681744870305
149309553,0.08694852427870359
149309554,-2.277704670254863
149309555,
149309556,0.1451889630815515
149309557,-0.02359100334911801
149309558,-1.550674695023396
149309559,-0.44549774953665633
149309561,-2.0705862974945646
149298265,-2.1386573002479423
149298266,-0.3607228965862106
149298267,-0.03805327546835713
149298268,
149298269,-1.801920484940986
149299776,
149299777,-0.0003265496821427405
149299781,-4.619124799390633
149300472,
149300473,1.0818003368641405
149300474,0.2961591911714905
149300475,-0.39127530913169295
149300476,2.6844307284623996
149300477,-0.391426145216772
149297578,
149297582,-0.14546736896065227
149297583,-1.5018673416741848
149297584,1.0535338941668897
149297585,-1.1489194940888439
149297586,-1.7636034140674894
149292254,0.171760270528317
149292255,-1.8683455286303854
149292256,1.5427836417110399
149292257,-1.4737132986486756
149292258,0.5333108370404496
149292259,-1.2727544990974948
149292260,
149292261,0.3390224411861986
149292262,-0.7305031688972399
149292263,-3.101120928490591
149308392,-0.6196019924066078
149308397,0.12898203526712138
149308398,
149308399,-0.5066579443328791
149308400,-0.987612502685252
149308401,-0.4135500341366054
149306599,0.2712346360407576
149306600,
149306898,2.641454833211874
149306900,0.4313731781210919
149306901,0.44420473123676274
149306902,-0.0050365562894754135
149306903,-0.36984061636458065
149306904,0.4712997978853153
149306906,-3.636095295272419
149306907,
149306678,-7.103020318391586
149306679,-7.959684292516101
149306680,-7.092950380467869
149306681,0.5889767066591816
149306682,
149306683,-4.732086945734778
149306684,-4.72139460215196
149306685,0.3040842143976761
149306686,-2.3518019098120106
149306687,0.5903625361608391
149307254,-2.332917824617404
149307255,-2.9135505028340827
149307256,-1.2468092062871161
149307257,-1.4490172980330378
149307258,0.16761429367259417
149307259,
149298497,-4.114163279445194
149298498,
149307817,
149307818,-3.3279210098449425
149307822,-3.3339443240397486
149307823,-0.7400242162569199
149307825,0.10523993783314722
149307826,-0.37687614900212196
149297494,-0.1809820431230449
149297497,-2.819466216734398
149297498,
149297500,1.4563340906660187
149297501,-0.17545943200894243
149297502,-2.4112706417832186
149297503,-1.0791792614529285
149292465,-1.8937254359717883
149292467,-0.4261643638560315
149292468,-1.9007917392006988
149292469,0.11066481925961114
149292470,0.4339641963626377
149292471,0.4270751278816931
149292472,1.2863318501411527
149292473,1.1881531903739528
149292474,
149299328,-0.09338354248738057
149299329,
149299797,-9.498194495198632
149299798,-1.7163024196291445
149299800,-1.7156563517250873
149299801,-0.009901810321210291
149299802,0.01960071305057909
149299803,-0.0003210531517936488
149299804,
149299805,-5.974446624352254
149299806,-5.955206560719816
149292626,-5.569347494065255
149292627,-2.8597747465533985
149292628,-5.485690583439236
149292629,-5.485344766426408
149292630,-3.772225452872874
149292631,-4.625969425273752
149292632,-1.1095168779479536
149292633,-2.8607813179483514
149292634,
149292635,-1.1056895324432503
149292435,-2.8424074374389363
149292436,-2.840221317255903
149292437,-2.7248597515129767
149292438,-2.0291808911257228
149292439,-2.972276128886161
149292440,-2.9743788995410334
149292441,-1.7744500341422622
149292442,0.6625856557193899
149292443,-1.7727498170286644
149292444,
149298449,-3.1707864296396124
149298452,-1.3692144456657402
149298453,-1.442579958630965
149298454,-4.006733018239469
149298455,
149298456,1.3856828306088609
149298457,-3.432965594110513
149298458,-2.0421852226142967
149292224,-0.8257436056295155
149292225,-1.7182362527115487
149292226,-0.5204144856862953
149292227,-0.44506462671639113
149292228,-2.1121017328995677
149292229,2.3894686582210447
149292231,0.3009839867343942
149292232,0.5366098748680024
149292233,
149292366,-0.742467444510055
149292367,0.3670884327193562
149292368,2.012385107184059
149292369,2.2700942140659777
149292370,1.9695374112501156
149292371,
149292372,4.675552703206193
149292373,0.6807943239888061
149292374,2.9613978831162058
149292375,2.7910532338160863
149292357,-2.35257663640283
149292359,
149292360,0.12868122626275635
149292361,-0.9130502982817745
149292362,1.398262485564885
149292364,1.1331779481184299
149292365,-0.05462801377609594
149292415,0.6860902560790691
149292417,-1.1796719341968185
149292418,-0.29000251825584655
149292419,-2.0934627469238194
149292420,-0.17787437385823068
149292421,-2.8436472667694375
149292422,-0.345654874604179
149292423,0.7134651154386233
149292424,
149309080,-0.9215057581411301
149309081,-0.899846851816207
149309082,-2.1845746895060714
149309083,
149309084,-0.4700242133172736
149309085,-0.7290294374199249
149309086,-1.9844213228220937
149309087,-1.6189099916080778
149309088,1.0475998869878111
149309089,-2.0130990525193297
149297331,-0.1837514893577321
149297332,1.8616309108051183
149297333,-0.45290793058516954
149297335,
149297336,1.9457848269417042
149297337,-0.7160335209352695
149297338,4.357833904326512
149297339,0.47996544877796055
149297340,-0.8485691891603722
149299501,-0.001990237693291874
149299504,
149309258,
149309260,-1.5463044519540006
149309261,-0.24550072454329097
149307048,-0.5493558714213904
149307049,
149307050,-0.40537960278025054
149307051,-0.3995570499880401
149307052,-2.1199317416080063
149307053,-1.7567557252944184
149307054,-2.296224834845816
149294003,-0.8472033554487979
149294004,
149294005,-0.8986559886426875
149294006,3.3580026612790306
149299871,-2.24472413326364
149299872,-2.316673263835761
149299873,-1.8684895240788384
149299874,-2.56528212115798
149299875,-2.724215266624
149299876,-0.2979303483860942
149299877,-2.753343127843746
149299878,
149299879,-2.454304558977769
149299880,-1.4625904271063668
149307018,-0.43836113743897087
149307019,-0.050415508522206665
149307020,
149307021,-0.5300796591005117
149307023,-2.1238864448397514
149307024,0.721772852656354
149308009,
149308010,3.6289848515344687
149308011,-2.9093112930311875
149308012,-3.866464991530215
149308013,-0.9340899520960662
149308014,-0.813704605742636
149308015,0.02274901757403569
149308016,-0.8874600596822546
149308017,-4.41945647648523
149308018,-3.846924205991563
149294045,-3.771561316660731
149294046,-3.9162710542989876
149294047,0.20659963005492843
149294048,
149294148,
149294149,-0.18952922137864547
149294150,0.1643950183217946
149292969,
149292970,-0.3164303895939584
149293135,-0.05709718415600662
149293136,0.2456793394697634
149293137,
149293139,-0.6396685436194716
149293140,-0.22788259582937442
149293141,-1.8879543295799017
149293142,-0.8760240340309124
149293143,-1.1976441245916511
149306815,-0.486039502114184
149306816,-3.1716950681279403
149306817,-0.6404511295417605
149306818,-2.9008418311000894
149306820,-2.94603813403837
149306821,-2.217711454575022
149306822,
149306823,-5.292119326022263
149306824,-1.8085911340806278
149292698,
149292700,0.49450813934669213
149292701,-0.07408497544869874
149292737,-1.451734590740159
149292738,
149292739,-1.0995608777205632
149293036,0.34427045110589916
149293037,-2.7043535753267065
149293038,0.8481049474090128
149293039,-0.8626753744855336
149293040,-0.23101709150509464
149293041,1.0818028565347078
149293042,-3.0732030295490347
149293043,
149293044,2.2930461894039667
149293045,-3.2703663208631752
149309531,-2.6287280695076163
149309533,-2.2277208238090225
149309534,-4.91214033904734
149309535,
149309536,-1.0097130375838361
149309538,-3.371400802673378
149309539,-5.666806202040732
149309540,0.4409470913877698
149298400,-8.858886204146884
149298401,-3.4856040318191077
149298402,
149298403,-5.2529607681536135
149298404,-13.011261929819185
149300300,-1.9239377222874907
149300303,-1.1520829523252445
149300305,0.23517413957809197
149300308,
149300309,-1.1458160466483918
149292284,-1.5954229028951517
149292285,-0.30075547095921706
149292286,-1.897044533076226
149292287,-1.9704042225269234
149292288,
149292290,0.5942178936269897
149292291,-2.335951250074146
149292293,-1.5934065893011677
149292445,-4.634680763652
149292446,-0.3987517416530295
149292447,-7.113252186107388
149292448,-4.325986817247951
149292449,-1.6529331969541659
149292450,-2.482832191372381
149292451,-2.963107629432443
149292452,-5.516266592199486
149292453,
149292454,-4.743597019500328
149307358,-4.157298221529695
149307359,-4.157067276079998
149307360,
149307361,1.8291329869413175e-05
149308340,
149308341,-0.0015116830234056522
149307378,-2.2455592903312134
149307379,-2.2456457922221524
149307382,-0.0026056788266490827
149307383,
149293410,0.2809726338744287
149293411,
149293412,-0.0005428949027503904
149293413,0.03489196405787176
149293414,0.619074266717357
149293415,0.6198873337500164
149293416,0.0341572480505441
149299185,
149299186,-0.9245846556038444
149298938,-0.7103019370428996
149298939,
149307027,0.9349534389977343
149307028,2.7366885767000113
149307029,-1.7921036478317411
149307030,
149309342,
149309346,-3.384361367147882
149309347,-3.3848675153154613
149307449,
149307450,0.5459642792222086
149294118,-2.8264766086952875
149294120,
149294122,-1.4051935059964364
149294125,-0.2190420246453897
149294126,0.06668273954304027
149294127,0.23902757698725452
149299525,-0.6459417000477821
149299528,
149298110,-4.937617573324745
149298111,
149297961,
149297966,-0.05543137705602419
149297258,-1.5423842592318913
149297260,
149297262,0.11428841979335225
149306587,
149306588,-2.7930508750916268
149298966,-3.411052779235418
149298967,-3.412942880030423
149298968,-6.031554279051221e-05
149298969,
149308875,-1.837027001116894
149308877,-1.8736415136296927
149308880,-1.1942118381025324
149308881,
149308882,-1.2004703114486972
149308883,-4.1314347292127565
149308884,
149308885,-4.854441067565233
149308886,-0.5147309244621567
149308890,-2.5016491832736847
149309292,-1.4109721094646055
149309293,0.32837425947720433
149309294,
149292685,-7.306972243286623
149292686,-7.134835671878079
149292687,
149293945,-5.840425679293169
149293946,-5.406541877575378
149293948,
149293949,-3.621090610006469
149293950,-2.865766259595631
149293952,-0.4896424670728834
149293954,-4.327480491384286
149298415,
149298416,0.0004673791513525316
149298469,
149298470,-0.0060616507233675065
149297997,-2.468713549441084
149298001,
149309040,
149309041,0.007519856287814264
149309042,1.1965031550666367
149309043,1.19652731167713
149309044,-2.838196176101178
149309045,-2.836476784293666
149299025,-0.7309747561007638
149299026,
149298355,-3.1869568111888906
149298356,
149298485,-1.522954566873162
149298487,0.713025043341041
149298488,0.7139610811066319
149298489,-0.6450687129350943
149298491,
149299481,
149299482,0.0006196363176513842
149293051,-0.001706503283969596
149293052,
149298420,
149298421,0.01301336903173933
149298422,-5.627442990109365
149298423,-5.625244214870776
149291893,
149291896,0.24445665383322535
149298292,-0.979761275432864
149298293,1.2487187899073433
149298294,
149298295,1.4533708299732453
149309028,-0.2301540929841508
149309029,-1.2646245448272566
149309030,-1.1613443214467907
149309031,
149309032,-3.757694671210345
149309033,-7.812414130576144
149309034,-0.07019236753447444
149309035,-7.407680449345577
149309036,-4.982978963431805
149309037,-0.6148575025779337
149306131,-1.3801736520112229
149306132,
149309232,1.506886155851106
149309237,
149309238,0.7554096548579423
149309239,3.3618108903550024
149294286,0.9339857286274196
149294289,-7.4980011994879305
149294290,-2.6661034693264014
149294291,-6.071256091818839
149294292,-3.5118639438269383
149294294,-6.107590134333918
149294295,
149293485,-6.202247620340586
149293486,-0.47330605330597564
149293487,-9.225325601199927
149293488,-9.430895267327514
149293489,2.1823257155161855
149293490,0.15191797832022758
149293491,-0.3784711416000164
149293492,-9.270658114663092
149293493,-3.568334133732492
149293494,
149300298,2.602637431464103
149300299,
149299633,
149299635,5.178213334862107
149299637,1.7567404914736926
149299638,-2.0585800652240493
149299639,3.296272986372003
149300093,-8.894855900549771
149300094,-5.437370299373612
149300095,-5.45032725089132
149300096,-4.303674702932938
149300097,
149300098,-1.8488167689041006
149292399,
149292400,-0.0016735799966340892
149292401,2.565114740760407
149292402,2.5657843757960563
149292403,1.8498416790014574
149306813,-1.2779035710054742
149306814,
149292762,1.2755045137136083
149292766,0.7892550183507563
149292767,
149292768,1.2374668550082575
149292769,-0.04431859090600199
149292770,4.533226156937145
149292771,0.7689457987870156
149299642,-0.626498404311576
149299643,-1.5131583694959545
149299644,0.15852116987713316
149299645,
149299646,-0.16582940920147848
149307457,-1.682262168992939
149307459,-1.7017422693216981
149307461,
149307464,-1.7097104206467555
149307465,-1.6709024930328469
149307466,0.0016439343095897563
149307837,0.5473209613250667
149307838,
149307841,-0.0751328905687636
149307868,-0.5458875203726485
149307869,-1.149733058231142
149307870,-0.7100470359250419
149307871,
149307872,0.4587425145710817
149307873,-0.04794866588357749
149307874,0.15455525791567837
149307875,1.1447823511767208
149292655,
149292659,-0.9077225297054099
149292660,-0.9070920777153617
149292661,0.008102449509266307
149292662,1.1096405339592366
149292663,-2.4942831655397413
149306730,-6.8036398071180315
149306731,-8.678013843494284
149306732,-6.593902214301849
149306733,-3.9453442246081067
149306734,-8.282071155403564
149306735,-6.187161627234353
149306736,-6.512732354828785
149306737,-8.335250048727076
149306738,
149306739,0.43611041411980267
149306476,-1.2843890536170477
149306477,-2.1093014866678956
149306478,0.17729326302176318
149306479,
149306480,-0.9901916168275129
149306482,1.9064297028430168
149306483,-1.5242625306677198
149306484,1.0445924061799658
149306485,-0.5602149057303762
149293284,-2.6879519984613296
149293285,0.1984522473065411
149293286,
149293287,-0.22525768221147047
149293288,-0.34760732313453246
149293289,2.5315844785595374
149293290,0.8959876257319195
149293291,-0.5360703957456892
149293292,-0.5400110793684867
149293372,
149293373,-5.590433522948178
149293374,-5.994293414592105
149293375,0.6271239495150072
149297568,0.05495387732406698
149297569,-2.660016801908199
149297570,-0.6720981672677908
149297571,-0.8839142913076614
149297572,
149297573,-2.879868854370983
149297574,-0.6618685387940673
149297576,-0.37380388380199747
149297577,-1.8911612378259406
149292112,-3.6727838360681986
149292113,-4.748121727272487
149292114,-0.4447880728602698
149292115,-1.1115274975745315
149292116,-4.552458952196133
149292117,-1.1092647728010014
149292118,-3.67907940918829
149292119,
149292121,-1.781327142739837
149306373,-1.0804256117706181
149306374,-0.9558752996960713
149306375,
149306376,-0.7407090961493026
149306377,-0.234837413834164
149306378,-0.8905867849654712
149306379,0.602366128429896
149306380,0.707887320264728
149306381,0.5267976139790775
149306382,-0.23437993152008474
149299278,-2.5108959516316522
149299279,-2.7946807597110137
149299280,-2.0763091945823557
149299281,-2.075920608629925
149299282,0.4388947943028203
149299283,
149299284,0.00026420933090953724
149299285,0.4332261810839704
149299286,-1.1916292510645548
149299287,-2.8822438265506936
149299333,-0.8570247048469835
149299334,-0.42428901990765056
149299335,
149299336,-0.946657361496257
149299337,-1.221663543075481
149299339,-1.7469351143338763
149299340,-0.09539356296511237
149299341,3.291794588260136
149299342,0.34359842829498355
149308019,
149308020,0.0007066739692511703
149308021,-1.6544699878356823
149308022,-0.2573076373416434
149308023,-2.7204645878932396
149308024,2.690522173949745
149308025,-2.7167335763486804
149308026,2.702668600932739
149307394,-0.6064097619805864
149307395,0.1354155551259879
149307396,1.9724618682006962
149307397,-1.9955002452468236
149307398,0.4594293654067627
149307399,2.1893491908169693
149307400,1.3824616747837908
149307401,
149307402,-2.015236197383402
149307403,-2.195447583982485
149291910,
149291911,-15.220480913523502
149291912,-6.765967334314475
149308925,-1.4105497343160778
149308926,-1.3012419161419473
149308927,-1.4253777569357453
149308929,-1.6551292240437334
149308930,
149308931,-1.2784689266520957
149308932,-1.6469019401426266
149308933,-0.00016127389415032667
149308934,-0.01080067664443618
149298563,-4.567497616456862
149298564,-3.233904370936358
149298565,1.1355582409837837
149298566,-1.000483979972742
149298567,-0.47399365300969976
149298568,-2.8734828297250914
149298569,-2.5394555201025355
149298570,-2.021313967788643
149298571,-0.9319514029886022
149298572,
149309280,
149309282,-0.4874739969004338
149309283,-1.006409621961069
149309284,-0.9762380188570887
149309285,-1.6405952968193844
149309286,-1.6664920067057096
149309287,-0.912862061531655
149309288,-1.4089751064630036
149309289,-2.1072889887222175
149291879,-3.4972533875867207
149291880,-1.5424760521163385
149291881,-2.57039185918112
149291882,-2.4146655440004956
149291883,1.625209259871255
149291884,-0.27288547482599057
149291887,
149291888,-2.7221493522177713
149293115,0.5070226607937371
149293116,
149293117,1.0843032037980862
149293118,0.9906880597063434
149293119,-0.6191322672525246
149293120,-1.7503690113498038
149293121,1.0524619775299158
149293122,-2.1722702824370828
149293123,-2.2528110838967237
149293124,-0.6431313630610589
149292102,-0.44974660853210935
149292103,-0.01194179031884346
149292104,
149292105,-0.44429644971602045
149292106,0.3441402420580175
149292107,-0.2478257281163252
149292108,0.042658653685094805
149292109,0.35530633254596466
149292110,1.7093430327719688
149292111,3.211032763621361
149292214,-2.417206118978953
149292215,-1.4604550285420004
149292217,-2.612642130706064
149292218,-2.845289849300528
149292219,-0.9738310107881318
149292220,-2.421848271743059
149292221,-6.314469548046205
149292222,-6.059021870492003
149292223,
149291453,-0.1318778737552515
149291454,-0.1068564667479377
149291455,
149291456,0.14021422995112687
149291457,0.35225513052368296
149291458,0.6715722751587476
149291459,0.6493378440207733
149291460,0.07949105459536021
149291461,-0.05266178359800211
149291462,-0.03595887296119926
149291463,0.2976948362645824
149291464,-0.0510017534915721
149291465,
149291447,0.07995093642834838
149291448,
149292944,-2.2634565483977847
149292945,-2.1351446908944522
149292946,
149292947,4.836095929653153
149292948,4.230234940887517
149292307,-4.462181829872748
149292308,-2.9632161374397015
149292309,-2.684075238514481
149292310,-4.495915137418024
149292311,-1.8614675930234341
149292312,-2.9924824493823223
149292313,-2.773183281382387
149292314,-5.266989021290868
149292315,-2.9906484634975072
149292316,
149293495,-0.006490591333061957
149293496,1.1222108184329613
149293497,
149293498,1.1129021291393713
149293499,0.005665908830962962
149293501,0.5092858873534283
149293502,2.396251392897966
149293503,2.3966319482010476
149293504,0.7603576256499878
149297387,-0.279993852176708
149297388,-0.1706528495142141
149297389,
149297390,-0.13215999693698333
149297391,-0.12750374292663835
149297392,0.06586491927584426
149297393,-0.16570566220802174
149297394,-0.6739043583335214
149297395,-0.6754282874755662
149297396,-0.47514507171977094
149292549,-0.382008417663684
149292550,0.379022348375571
149292552,-6.529244020485251
149292553,0.6535357642258646
149292554,-7.38883684273992
149292555,
149292556,3.6634918019857707
149292557,0.7701591804952699
149292558,-2.2432005232177232
149292879,-1.739512945319234
149292880,-1.486514842210454
149292881,-1.1389958542878276
149292882,-1.8542359671822055
149292883,
149292884,0.34709780053538
149292885,-1.647867170465247
149292886,-0.5393309488257501
149292887,-0.3304725615494135
149292888,0.360124045764735
149292386,
149292387,-0.01417894576394474
149292388,2.6768171930734184
149292389,2.5394034228137343
149292391,2.8412712369888027
149292392,0.25028066961317563
149292393,2.838733297402598
149306781,
149306782,-0.0003060834773101623
149308552,-0.0001700927634624705
149308553,
149306718,
149306719,-1.6959423570520435
149306890,1.0570854511287031
149306891,1.0566325056149601
149306892,0.6223322392098503
149306893,0.5827508349979631
149306894,-0.2751892046355664
149306895,
149306896,-5.589461097231766
149306897,-5.59285129928794
149293430,1.9753482795186628
149293432,
149293433,0.14075565706804838
149293434,1.3791142545670496
149293435,0.8205187798960338
149293436,0.8162708828521019
149293437,1.3805555101284632
149293438,0.5029518929911347
149293439,0.012260694056777766
149293361,-1.6199916729581822
149293363,-1.0730822523650332
149293364,0.10198922617278683
149293365,-0.8334614420920445
149293366,-0.16580873706825017
149293367,-1.5713255440187552
149293368,
149293369,-1.9841806096786634
149293370,-0.899954798184261
149297952,
149297953,1.2937863030000543
149298514,
149298515,1.3409942634390433
149308865,-3.352876024703889
149308866,-2.6060898737203786
149308869,
149308871,-3.078199057051634
149308872,-1.768641222696786
149308873,-2.69241148272566
149308874,-1.027417063986661
149299268,2.083655448844553
149299269,
149307342,-4.3070144047401
149307343,
149307370,-2.3639072978189795
149307372,-2.356936078782134
149307374,0.008277580545343
149307376,
149307266,-2.2192214269174073
149307267,2.279314233330929
149307268,-4.13045062035404
149307269,
149309443,
149309444,0.0015662212249090146
149309445,-1.057046560069459
149309446,-1.18015780484561
149309447,-1.3329443040827869
149309449,-1.1009127285253957
149309451,-1.1067424704568438
149308268,-0.2994679322452498
149308269,
149308342,-1.5795008519600842
149308343,
149308344,-0.0001194726929210077
149308816,0.00163703628930989
149308817,
149308818,1.464450577116395
149308819,0.4767651417705281
149307653,-2.963831227733497
149307654,-1.0911084860173261
149307655,
149309796,-4.960844338017248
149309797,-2.9642794747446413
149309798,-2.2822412186024135
149309799,-3.9529283444977796
149309801,-5.786382813148197
149309803,-4.387222517662732
149309804,-5.047991883997369
149309805,
149306994,0.3797114174658027
149306996,
149307260,-0.6667742429801331
149307262,
149307263,-4.366099067837823
149307265,-0.09523982957659971
149309677,-0.00022306611212741245
149309678,
149299543,
149299544,-0.9953446107521913
149298427,2.677589561500014
149298428,2.6545904345073517
149298429,
149298430,-0.00389740655206694
149298431,-1.5364724732307806
149307362,
149307363,-0.04221691003665384
149307366,0.8468836752659321
149307368,0.8702457409781132
149299164,0.16267475291978029
149299165,
149298516,-3.45212930901935
149298517,-4.433804733222308
149298518,
149298519,-0.7376758458180763
149308609,
149308610,-0.40700056690720743
149308611,-4.1931535569242016
149307304,-4.027329246307165
149307305,-4.037793125026788
149307306,-0.004272988523575272
149307307,
149309453,-0.6608505622023944
149309454,0.5688604848331162
149309455,-0.08540414039597133
149309456,0.6017444730279897
149309457,-0.667886681451201
149309459,
149309460,-0.49481590611437865
149309461,-0.08708403719790558
149308535,
149308536,-2.6041468437384125
149308539,-0.17910133461612077
149308540,-0.17981017279382883
149308541,-3.79341379285502
149308542,-2.713789191539874
149292492,-10.173556608308644
149292494,
149292495,-7.688320141093499
149292498,-7.7997459237035685
149292499,-8.5964290038837
149292500,-1.9899620803540898
149292501,-7.048671865217443
149293209,
149293211,-2.532297941887407
149293212,-2.5319476871843136
149293214,-2.2789885756823907
149293215,-4.084730844567147
149293216,-1.7911615881836127
149293217,-3.864266656039945
149293218,-1.5395479313956884
149308573,-1.7249940018003258
149308574,-0.0009342172450033104
149308575,
149308576,-1.3730537029348397
149308577,-0.20374555390964133
149308578,-1.6490437302509804
149308579,-0.9695096925120765
149308580,-1.0757908933395015
149308581,-0.7478601542036927
149297273,-4.510233775756788
149297274,-2.230742785138318
149297276,-3.717819372434718
149297277,
149297278,7.3644016449020455
149297279,6.814943461790776
149299529,-1.1820465102328654
149299530,-1.6036963760464644
149299531,-2.237369977587697
149299532,-2.5994743387656314
149299533,-0.3548378676202688
149299534,-0.7276566354546432
149299535,
149299536,-0.530291817272385
149299537,-2.0347664539056254
149299538,-1.8769873354605835
149307419,
149307421,-1.6912863169092411
149307423,-0.6246427472648155
149307425,-0.3441689027826573
149299515,-0.12450030178240468
149299516,-0.12373662118517359
149299518,0.001871702192261182
149299519,1.6809187992607235
149299520,1.6788379331646297
149299522,
149299523,1.4212150729335349
149299524,1.4281536787913183
149308736,
149308740,0.37485536309645795
149308742,-3.5880888457327273
149308743,-0.43008606749945955
149308745,-5.85057701303711
149306667,-5.52984109291347
149306668,-0.9294254401285755
149306669,-7.655734027138074
149306670,-7.650448769540672
149306671,-3.0827950131177726
149306672,-1.5679023617890469
149306674,-3.1352193290451105
149306675,
149291500,-2.1512296858697937
149291504,-2.059678858789087
149291512,-4.07028362896739
149291513,-2.0579167697603413
149291514,-2.201945900405467
149291515,-0.4265972267354252
149291516,-1.0510566747781303
149291517,0.03975740034370112
149291518,-0.8363660970104903
149291519,
149293753,0.42443678757664216
149293754,0.40590179814640237
149293755,
149293756,-0.237063957982663
149293757,0.2847777303528858
149293758,0.45310418109082207
149294227,-2.362413860232688
149294228,-2.3866857036170672
149294229,-4.746987680125162
149294230,-5.014767736822448
149294231,-0.14379954520414218
149294232,
149294233,-3.8185611714850336
149294234,-4.0654630542944865
149294235,-4.41631592893915
149294236,-4.48336072284185
149306720,-3.366270865408005
149306721,-7.7030218248743125
149306722,-3.3105787020788853
149306723,
149306724,-0.19683441963702464
149306725,-3.8830772042873782
149306726,-0.42045836888890875
149306727,-4.1086729259810895
149306728,-4.736064947601811
149306729,-2.703139705196943
149293929,
149293930,-2.005602636265067
149293931,1.6664415997815247
149293932,3.9368526721663315
149298306,-4.837243178979996
149298307,
149299449,-0.5289664846550295
149299452,
149294217,-2.0091909690180767
149294218,-4.867235245966707
149294219,
149294220,-3.8113446265572986
149294221,-5.774511238064608
149294222,-5.728704530169482
149294223,-2.623525819978198
149294224,-0.4858639106281277
149294225,-0.6235316002773388
149294226,0.6458668747088829
149297950,
149297951,-1.3603288897658103
149308362,
149308363,1.3112834112110843
149308364,0.07337751324119512
149308366,3.425756581166599
149308367,0.21538770776188176
149308369,-0.0026869292512001763
149308371,1.4304050685409493
149308792,-0.48408043468435835
149308793,
149297424,-1.537147688104767
149297425,0.01303254340911053
149297426,-2.19808292411318
149297428,
149297429,-2.637592983361401
149297431,0.5092147393244773
149297433,-2.0748173569407413
149298940,-1.747613195672585
149298941,
149298942,-0.8121880149564618
149298943,-3.207403828789893
149298944,-4.547420981748047
149298945,2.1133609169752674
149298946,-2.1048054435465247
149298947,-1.8261346913948557
149298948,-1.1330247400116775
149298949,-4.0828860346223905
149309786,-2.5162615516638693
149309787,-4.520080912674961
149309788,-3.90211065285932
149309789,-3.2265932830015807
149309790,-1.7118519030987784
149309791,-1.4747102956276028
149309792,-3.6471005516343897
149309793,
149309794,-6.182961914130788
149309795,-4.238770964741025
149292244,-4.228911939743419
149292245,-2.51495374596799
149292246,-2.820396294830232
149292247,-3.2780318530537116
149292248,-2.433291953033919
149292249,
149292250,-1.4425877998833307
149292251,-1.0477631919044867
149292252,-2.5948372749573814
149292253,-2.2390540990738685
149291985,-8.949733087059338
149291986,-9.143323208073877
149291987,-1.2773169947022773
149291988,-8.510770802792276
149291989,-0.09981703319865609
149291990,
149291991,-7.022224137438155
149291992,-4.83135929037412
149291993,0.40156736710255636
149291994,-9.380146566563607
149292173,-2.047955201737226
149292175,-0.47849247962917474
149292176,
149292177,-4.919143229526899
149292178,-4.658943068692048
149292179,-2.5115987941905296
149292180,-4.901531809524338
149292181,-2.17284922225479
149292182,-2.3358247536715115
149307110,-2.1773805666460286
149307111,-3.162579642928715
149307112,-2.8946464949256687
149307113,-1.5667226647646109
149307114,-1.7416964880035795
149307115,-0.052635309128587604
149307116,-2.3993360300576714
149307117,-1.0973658235958532
149307118,
149307119,-1.314075751650602
149309501,
149309502,0.14131759586702408
149309506,-1.4051270578321375
149309507,-0.9171808482317783
149309508,-0.16147266741308108
149291948,-2.0210065387709193
149291949,0.3477687518024748
149291950,-0.8785453996832118
149291951,-0.927820463154859
149291952,-0.8894717600054847
149291953,-0.5541046509709595
149291954,
149292194,-3.002119603344731
149292195,-1.8355873114180348
149292196,-0.5903469538657689
149292197,-0.1998437054238913
149292198,-1.1649101972820368
149292199,-1.054855996001347
149292200,-1.041596503254695
149292202,-0.943172249011198
149292203,
149291536,
149291537,-0.9150296453617708
149291538,-0.34317173675263124
149298974,0.0009041456347631538
149298975,
149298976,0.6462193170038262
149298977,-4.670510477701377
149298978,0.6511286325225711
149298979,-0.128228286961928
149298980,0.19005840053632284
149298981,-1.5066292765586269
149298982,-2.973452299468761
149298983,-1.4837760073091886
149292675,-0.36650707925250003
149292676,-1.3279496735406013
149292677,-0.36846753392966036
149292678,-0.5223490800215558
149292679,-2.9025654292956204
149292680,-3.6154519725484278
149292681,
149292682,-0.6297799617111934
149292683,0.0022039456029574467
149292684,-0.6363371606766748
149300406,-3.5868721292395094
149300407,-2.518738233612467
149300408,-3.2629207910104157
149300409,-3.086848919499559
149300410,
149300411,-3.1728212526722217
149300412,-4.564725480102169
149300413,-3.651424280781214
149300414,-4.013589949494147
149300415,-3.755585332836773
149309351,
149309352,-0.6741786082579431
149309353,-1.5292863829901329
149309354,-0.9049112009531228
149309355,-0.17055714041424253
149309356,-0.4232873863050841
149309357,0.7731778988858391
149309358,1.5872479488901217
149309359,0.5735768608719134
149309360,-4.641431346295342
149309774,-2.0917013101296202
149309775,0.588410057664345
149309776,0.09154955219639338
149309777,-0.22827306299946448
149309778,-0.7549052393621325
149309779,
149309780,-1.2633523582859585
149309781,-0.921473717087556
149309782,-0.2530406964897045
149309783,-1.0485541932042879
149297263,
149297265,1.9931277933204115
149297267,4.95777374246714
149297268,2.600402069532059
149297270,-4.603422156882139
149297271,3.8148920837066953
149297272,-5.739814826671655
149308317,-1.5364343206016162
149308318,-2.6044080039894215
149308319,-1.449597298785955
149308320,-1.7057398634188097
149308321,-0.5582784124866897
149308322,-0.5573800472370074
149308323,
149308324,-1.353519053314784
149308325,-0.5872740079148215
149308326,-0.5591744703447077
149297455,-1.0244684636678052
149297456,
149297457,-1.9454104653903919
149297458,-5.981235895852588
149297459,-2.1817451067078544
149306153,-3.3280927126013395
149306154,-3.3940569113615027
149306155,-5.144655137376667
149306156,-3.706216125057928
149306157,-2.120032249875848
149306158,1.548398186780311
149306159,-3.647569490331904
149306160,1.3635538364167985
149306161,
149306162,-3.3523188832636848
149291845,-0.9536770598115716
149291846,-2.2223682490245604
149291847,-2.510628902536524
149291848,-1.7706336971822259
149291849,-2.2880468597314616
149291850,-1.4429886358335775
149291851,
149291852,-1.5424722715844164
149291853,-1.3488279426569254
149291854,-1.64836645801872
149293451,-2.97105870121187
149293452,-2.9742209671073683
149293453,-2.3530917440047885
149293454,-2.3422290432758093
149293455,
149291629,0.786278146914384
149291630,0.7844783881581918
149291631,0.41873861993215655
149291632,0.4234049398749562
149291633,
149291634,0.4856538623327822
149291635,0.48921682922804166
149291636,1.844348935034418
149291637,1.8487531465028155
149291638,1.0482181661581649
149299363,0.3544702787248184
149299364,1.2940598017217155
149299365,1.6686573579917763
149299366,
149299367,-0.17512550521894354
149299368,2.322882702501431
149299369,2.7231147453111646
149299370,1.979784558821848
149299371,0.17323606399244795
149299372,2.1705158556987953
149309133,
149309134,0.08962561026964977
149292077,2.1078311164528998
149292078,
149292079,-1.2969359181140874
149292080,0.01005550509501063
149292081,-0.6365701356695013
149292082,-4.81239446097922
149292083,-1.947914401800432
149292084,-0.7462259496748516
149292085,-7.181998796595224
149292086,-0.8138727208447563
149306850,0.0002816318548877206
149306851,
149306589,-0.9667205642541923
149306590,
149306591,-1.5359579030564428
149306592,-1.1454665832933149
149306593,0.039110298807692345
149306594,-1.753876778640251
149306595,-0.549430033710971
149306596,-0.7426857017700161
149306597,-0.6355663965099385
149306598,-2.030931856644907
149307406,
149307407,-0.0023884165430079207
149307408,-0.23075477010067225
149307409,-0.007623462032434247
149307410,-1.383999317830467
149307411,-0.02000637432896646
149307412,-0.2418537688072515
149307413,0.37866364138368525
149307414,-0.03136135166598919
149307415,-0.742125306688779
149291760,
149291761,-1.2250731710719815
149291762,0.3732971053508827
149293105,-2.17141388204481
149293106,-1.5284549340674465
149293107,-0.4326189588571445
149293108,-0.5643605303948211
149293109,
149293110,-1.2645430171937004
149293111,-0.43750246627555445
149293112,-1.5357923064991734
149293113,-0.45616409170135563
149293114,-0.8591667507058363
149300256,
149300257,-0.2445228064911973
149300258,-1.559662082874489
149300259,-1.1039675425892526
149300260,0.26515566077763
149300262,-0.2274291426417534
149300263,0.39479808046410625
149300265,-0.263774304897602
149293167,
149293168,1.4194555742663368
149294065,-0.9880975527769351
149294066,-0.06676228077875379
149294067,
149294068,-1.142150519957351
149293177,
149293178,0.4269616589300895
149306558,-1.4006685255050328
149306559,-1.2762142941554018
149306560,1.1982994472942252
149306561,-0.7001288831809447
149306562,0.2565787034859639
149306563,-1.1059646826223002
149306564,-4.208528895078189
149306565,-0.7052284502490593
149306566,-0.4668460712836833
149306567,
149291933,-3.667880209438721
149291935,
149294247,-2.406859833758812
149294248,-2.739519419017597
149294249,-2.4096803273412135
149294250,-2.480292805993841
149294251,-2.7057442618720664
149294252,-0.2917595715160193
149294253,-2.824794791705628
149294254,
149294255,-0.2100361434980016
149294256,0.1687040866554117
149293545,-8.365348338600825
149293546,-7.940947381523188
149293547,-7.454157265099411
149293548,-7.399936728569514
149293549,-6.953135896570529
149293550,-5.204338662617488
149293551,-6.13066950965333
149293552,-1.712665253402406
149293553,-2.716471360270475
149293554,
149291675,
149291676,-0.000157902334914084
149306656,-3.3745529296050467
149306657,-2.9988912092876596
149306658,
149306659,-3.788694381008484
149306660,-5.946358532723064
149306661,-3.0295759231740123
149306662,-3.5903987939752167
149306663,-2.79135869107329
149306664,-2.9808149334822662
149306665,-5.366513047993503
149292297,0.17238154900331892
149292298,4.326158357241866
149292299,
149292300,0.22986444665184536
149292301,-3.4606848664913628
149292302,0.7858540562564826
149292303,-2.621610129678004
149292304,-0.015887260319232155
149292306,1.0995915580223254
149292502,
149292503,0.1812461546225137
149292504,2.6693477440701656
149292505,-1.1560907952755315
149292507,3.3904094945868906
149292508,-4.215199516955295
149292509,5.317012641076772
149292510,1.1667363913106925
149292511,3.8398342176460147
149299664,
149299666,1.7878681330591348
149299667,1.7857637873003966
149299647,-0.008629137377340612
149299648,
149306317,-0.003036383003152565
149306324,
149307064,
149307065,-1.1528750449346492
149306766,-0.2143775796698364
149306767,
149306768,-0.0001405383642136826
149300442,
149300443,-2.9113967188809298
149298226,-2.375516839249343
149298227,
149308190,
149308191,1.062476414043818
149308192,0.5075158086018963
149299212,1.6435829743053683
149299213,2.7664452273062734
149299214,0.045578883778081725
149299215,-0.24516537131763894
149299216,
149299217,1.1150880947583302
149291897,
149291898,-0.10827218832822183
149291899,-13.53906567282073
149291900,-13.729500126728336
149307621,-0.8261620716015905
149307622,-0.8459019928954383
149307623,-0.654361714364466
149307624,-0.6788283123237235
149307625,0.015471428703762058
149307626,
149297614,
149297616,0.6866374860066822
149297617,1.1732514322553005
149299782,-0.004787922906638542
149299783,
149299881,-2.617956992865702
149299882,-2.049189215212447
149299883,-1.5651911557797398
149299884,-2.617631182492433
149299885,-1.2693264678771978
149299887,
149308514,-2.9264106037728626
149308515,-4.225898581721433
149308516,
149293599,
149293605,2.5476059489326985
149294304,
149294305,-1.7598132251105199
149294311,1.446962511878553
149294312,1.5479798963478402
149294313,-2.802962464370296
149309187,
149309188,0.7874496026011428
149309190,7.706340246834628
149293689,-0.9929146600658214
149293690,7.341631927528056
149293691,-0.8654766229626603
149293692,-3.78054174195438
149293693,-3.058551953431788
149293694,
149293697,2.0621067825544515
149298561,
149298562,-2.97955799943292
149299869,-2.9073720576771533
149299870,
149308670,-10.061496061941284
149308671,-9.164831606568796
149308672,-3.214208520299735
149308674,-9.298803192053668
149308675,
149308698,-16.48055582350753
149308701,
149308940,-3.8471970050780726
149308941,
149308945,-0.3033215051928835
149309325,-1.2652364531334848
149309327,
149309328,-0.00019936616660765072
149309251,-16.29628461179766
149309253,-1.154201166910184
149309257,
149294277,
149294283,7.052534482428143
149293608,-11.356116052023708
149293610,-13.830796799314726
149293611,-12.958152014674738
149293612,-12.615009653725906
149293613,
149293614,-13.830543873018883
149293615,-12.946815178917404
149293616,-16.197280946760998
149293617,4.527943131924758
149293679,-4.104653597202173
149293680,-13.736665141832873
149293681,9.480055665094937
149293682,-13.440072792339151
149293685,
149293687,-12.854858263379924
149293688,3.6557366499345108
