,Bond,Angle,Dihedral,Improper
149300610,0.016958839910328007,2.1823906870503955,18.087404413445363,4.0903816509603095
149307738,0.02869663443700597,2.068373865606175,14.330587699046037,6.3732555701904605
149308037,0.021854739455871134,1.7123502557212564,7.150010804526047,4.539423442131348
149308038,0.02185035626337955,1.6964341267866687,6.850493217219703,4.529394732444276
149308039,0.02400949918737636,2.5033841078830417,9.82089026223716,3.090382450983806
149308040,0.020688606894737737,2.4831421636184556,19.84586660108802,4.082032557466714
149308042,0.023686361064973217,2.5601178813964114,15.121646152207475,5.57856593192992
149308043,0.023626853226415112,2.55399642009468,15.27736167541512,5.64601709919173
149308044,0.020691665609117862,2.4744185943842485,19.538742688466318,4.001783248833966
149308046,0.02404163207115389,2.5084894438656313,9.830539809116544,3.204309343512821
149306873,0.010384882499049631,1.4257694497547244,1.2252921263894156,0.777044133522264
149306874,0.012609841065128203,1.3733665226973333,1.2564098365887286,0.8074920999699128
149307532,0.013818309485122443,2.273639911378824,19.86457425277535,0.7461602986898632
149307533,0.013859337048855322,2.279478094259966,19.88989840496908,0.7767646215949503
149307534,0.018252761901454712,2.61721450653767,9.502070081805295,0.4111020443949241
149307535,0.01809729188725606,2.6174575640074047,9.688958772537895,0.4222035678544518
149307536,0.01832964083689225,2.628042199172617,10.775173099335142,0.4722494333386097
149306849,0.008451336242859705,1.379096921969736,5.693680140613636,0.13834191179650127
149307786,0.014477742986518664,2.297595282881333,8.894773833926848,2.976794118350117
149297695,0.015526642236827487,3.1013854746179277,14.464924725412404,13.163746514951463
149307280,0.011794011327792092,2.2469456600235613,11.086981851671423,2.1633866704127005
149307281,0.01180943889098337,2.2508375585443545,11.035427580352025,2.1203701700589814
149307282,0.011173771165187973,2.6849143714396813,14.464066942321171,1.6044790938085833
149307283,0.011195310673912483,2.6517068330103526,27.69036843631432,2.1363331379519432
149293094,0.007246403378902853,2.6376254492343785,5.86195818134795,1.1567771420605697
149293095,0.007171487468011599,2.749669137807566,9.275199604649398,1.2249554367563569
149293096,0.007971312219356019,2.8049587139149392,9.553430976938696,1.2309019503460594
149293097,0.007291450686549444,2.7225648670956772,6.351642030989649,0.9815316142257259
149293098,0.0067085820332333105,2.8947458898506966,10.566538572324806,0.4225834412159275
149293099,0.007364521156661466,2.740709257600223,9.527042903912676,1.2749354890635267
149293100,0.0077666615802242855,2.778673395852938,8.33382565264285,1.1740900331185098
149293102,0.007398358176955463,2.5839566606630022,4.878087690434592,1.3697233744286066
149292396,0.013778120511745068,3.4753461729047523,14.35874295099001,4.561048368632359
149292397,0.013001984553439488,3.2194852888684524,14.341397338096444,4.416278391354487
149292398,0.012997590627680465,2.979864255152085,14.33094234868515,2.847394393379024
149299154,0.018453341532322462,2.4082474399713614,5.138574708919499,1.21834179183994
149299155,0.017705295500457147,2.5144491158035613,7.123314520683354,1.0498534615736361
149299157,0.01771599136642582,2.508732818700582,7.089617284846599,1.0418628095271887
149299158,0.018329587831226325,2.2794159597618306,6.504252186100887,1.4923309863184488
149299160,0.01833859537962223,2.4157972545447417,5.16532510014465,1.1827494743438725
149299162,0.01842923447806944,2.301280447309346,6.7019050929109,1.4832452928780588
149297935,0.007530082470938795,1.8267171288763946,1.6938968554157008,0.11497435297244489
149297936,0.007614567635427211,1.903798149341618,1.6680579276555048,0.12321908090752101
149297937,0.007582557109731703,2.230945348687966,1.7752771598994566,0.08158506175621577
149297938,0.007309071126800483,2.1437388112362825,1.7158067847347822,0.11805898281086817
149297925,0.01082449848133334,1.9932230188987579,2.5753160786150233,1.5572928617635133
149297926,0.01066540308448849,1.9906986930303736,3.369072569739956,1.3355784158748683
149297927,0.010823333016203803,1.9524503282017707,2.6164409540302653,1.3332976894718669
149297929,0.010004320881243915,2.0347070780139,2.8564581361005317,1.4167381734736868
149297930,0.010130573720308886,1.9173211803564238,2.4005683139928484,1.4379390304016302
149297931,0.00956740262037867,2.0230750302218636,2.465511225156165,1.4259318220969033
149297932,0.010494240767707854,2.0158586656961486,2.8580960224535445,1.1404838010879959
149297933,0.00981297357415742,2.048193885028687,3.4381707029396065,1.2604305199848118
149297934,0.010420516375918187,1.9776676115225222,4.89650695071992,0.8729814328370551
149306208,0.020057696848639135,3.458339246129627,10.791395092078478,1.845250416740487
149306209,0.019718275457111363,3.4301498591301947,9.424640468518819,1.6707642060307402
149306211,0.018135411781423947,3.284003368032173,12.411714078912029,0.7502124116501275
149306212,0.018201842462636397,3.3168036864114185,10.795782293461349,1.064610927676003
149306213,0.019718273578721857,3.4307555516075063,9.058149221284038,1.251283094338625
149306215,0.01989804875948921,3.3840225417870244,11.552521437342781,1.6517233350382776
149306216,0.019799231170218444,3.4306518088721507,9.823012662629525,1.37764621931552
149306217,0.019692244112550963,3.4268601945807524,9.591566840525429,1.6237423233201647
149297435,0.010631808252932227,1.4249869829606716,10.761117981661965,1.9982322970829873
149297436,0.010677103444891266,1.4846257953651396,10.292507147126805,2.0968725121174154
149297705,0.010480728963342909,1.6648329140132667,11.355955936826945,2.067022705523597
149297706,0.010804683868060425,1.625839270795483,10.888090263647497,2.650880889966569
149297604,0.009812933549389242,1.8745042986323082,12.187033620310446,1.8076624530300767
149297606,0.008818013124929462,1.8814434649884328,4.207209222641071,1.8292515378079246
149297607,0.008808972105418604,1.88858126616028,4.2799255339193065,1.7821691562728788
149297608,0.008880988255116599,1.7485803235704178,3.7463042330904335,1.757829067675261
149297609,0.008958457843457855,1.7590071831539456,3.9777508754908792,1.7652555823198322
149297611,0.009905645232091444,1.7383243700562354,12.46889499295656,1.901473521450405
149297612,0.008232690282406934,2.1050198966984617,17.496870494068546,3.42338153427845
149297613,0.008584007431772712,2.027403057141778,18.25314964537718,3.6245681296147314
149297598,0.012352355813052706,1.4616034153270476,12.329329579827583,2.5628948109773937
149297599,0.012573593166149368,1.5130066036830396,11.830379996824883,2.8247413604071325
149297437,0.012003850932457915,1.9918669068641335,8.579255227986161,2.045506835120074
149297438,0.01183173726446093,1.9882202996232097,8.259319438965083,1.8054846265344373
149298951,0.02478221024438205,1.8746594249460826,10.399051841487674,1.3988440595698648
149298953,0.024981526441748787,2.4213932229390775,8.334023002863029,1.4401527640916472
149298954,0.025280515965743815,2.3743944272499626,8.451984098717569,0.3552024018762618
149298955,0.02591354145898197,2.3929333713121452,20.374805056480305,1.8066084286478932
149297600,0.010713267470124186,1.731359625122758,17.65939733907935,4.644383264388199
149297601,0.010854026480501374,1.7840877519161145,18.058678418550098,5.0627055774378915
149297602,0.011281408108651185,1.8563594221702744,8.472466447662228,4.226569406340575
149297603,0.011369670053325124,1.8380067286218507,8.143383044549578,4.041909293472283
149300133,0.013099537778917257,2.9396413042679126,3.4344293336843585,1.2625025292162089
149306450,0.011064446787483617,2.1668527686168257,13.95323090457337,1.3205875680130572
149306451,0.011130122775740464,2.090587764692294,14.128716556132659,1.3366111140961492
149306453,0.011279297026667075,2.071187356854672,13.756207538243032,1.0606649423146592
149294197,0.014343307849924576,3.1688748140965877,9.461031297498074,1.0743849244146413
149294198,0.015356113488858968,3.513169039919324,10.307802066153474,1.612516436505409
149294199,0.014558406768314967,3.4910051855439117,10.933736862237646,2.2009476261953664
149294201,0.013790450193971309,3.2567926110313317,8.976742782480473,1.12032858531505
149294202,0.014777150737922105,3.1647932952531272,19.797506658737095,1.263064677597564
149294203,0.013483887590608885,3.169238156339646,16.87225361247738,1.7802667486545527
149294204,0.013808747714695074,3.4798258006203366,8.039874417043956,1.2207222428086388
149294205,0.013283578708333537,3.1344689509468315,5.787444413480143,0.5855183327522542
149294206,0.01396517653263122,3.5072672780568124,8.411730613235282,1.239580710169093
149297834,0.028118430079335517,2.724927520116788,4.336731339513914,1.1812237709396547
149297834,0.028102541202024683,2.8215668720383498,64.45600708966643,8.5693736501365
149297836,0.029112642597510584,3.0868270400679365,78.28757336576896,8.593811509262256
149297836,0.028990596232855697,3.1404349743461935,61.601694272406235,1.7454238220849527
149297839,0.029233787703785954,2.98332862998631,67.67556318670827,4.149463113436495
149297839,0.029095463983935456,3.1632203276808353,53.87742234660889,4.245211431422089
149299102,0.016886579143465037,2.307289596146505,23.011269925271133,6.455979437742854
149299104,0.01893263583837245,2.0482739598469513,22.81484160162513,6.554055294840291
149299105,0.016983079556878698,2.2257651472680973,22.986340248013192,6.456767070348757
149299108,0.01813038924406628,2.046791387233178,23.486305932537764,7.2477232101137155
149299109,0.01817859160150778,2.056090556238632,23.19270577379213,7.351768900473988
149306689,0.007887815812744869,1.2937452349329257,5.816600780293308,0.10484151811341752
149306771,0.03154994127394309,1.8036036779025222,11.0323375902863,1.7656871347745655
149306772,0.029234426443379747,2.7823559017246007,22.21747624954506,2.967936718736362
149306773,0.028714779934025055,2.4170794614197026,11.792771960553328,2.090823051590448
149306774,0.030472744445804306,1.959363337881309,14.95124832790625,2.806315587385754
149300557,0.013120741716693326,1.9166787615855818,15.436871909408183,1.8845939656482709
149297808,0.01946359978814233,2.416351940499231,5.488753647174064,2.8188871039247814
149297809,0.019550571803547898,2.3916764666478523,5.283313191913081,2.780627001185654
149297810,0.01870277732379618,2.0152439132512603,3.2595417168965026,2.3501426533262997
149297811,0.018429103457798874,2.014996177539154,3.915751915746196,2.788712588218475
149297812,0.021018884085409587,2.093193663695144,6.306100605051819,2.414739899463838
149297813,0.022156606516216266,3.0325939247443454,16.952610147009253,8.978420709656143
149297814,0.021724096087903367,2.652340203937233,4.5607977280362455,2.961922848866145
149297815,0.019104693262152216,2.4922141967292517,7.34201297006501,4.50285621182315
149297817,0.023255208970919677,2.7694378790222745,12.983177262816184,4.8365488035720885
149299763,0.010871881287674206,1.183646103322936,8.953840759986345,0.9591267888037309
149299113,0.01781994712347875,2.5118427232019367,11.884788032437584,4.390310804082634
149299114,0.01645245654738713,2.412113798455753,8.60020608013893,1.160519185808983
149299115,0.017753138308139967,2.495360761523287,14.02668734266584,5.044607544877389
149299116,0.017158855982812228,2.470352782925481,10.268813789735155,2.5140671836480175
149299166,0.017052157039566057,2.7949864859983666,18.550478233296793,0.9579451442239991
149299167,0.014565569441808314,2.8462440449458746,10.667208679517824,2.3529279479998304
149299168,0.015527277588209425,2.787784451863644,17.206968042436603,0.706976370045772
149299169,0.015210149078914659,2.8580626237121205,20.501969524248594,1.2538963208653817
149299172,0.01703699192654344,2.8079543666355034,12.042394591231401,0.4433664813506932
149299173,0.01652372431665081,2.7978583314894943,25.590109327233236,0.7751679625468308
149299174,0.014129413694471436,2.8656862725472925,17.550756026638336,0.6480946703060271
149297404,0.01537480596684433,2.5379617554828564,5.642279046409428,2.1123617667330676
149297405,0.013686041322592992,2.644221236026066,4.254172079639351,1.7066962254337177
149297407,0.015213645967357482,2.583842797135582,7.100835271413369,1.275659405110308
149297408,0.013438019862199953,2.758984774262571,4.5303859267731115,1.2930440855279428
149297410,0.013920710146142972,2.8290147602272406,5.58901462671669,1.302355931689269
149297413,0.013552884331906247,2.7409032376288,2.5637995901282262,2.4127651136588653
149307560,0.017393636934168455,2.3088699634736303,11.785094436815013,1.0131816998122276
149307561,0.01806910345579346,2.82360914826674,17.040681508182573,0.6283081386306316
149307563,0.018789240640413127,2.7725588083211408,14.00867010417341,1.832134933004668
149307566,0.017908372519521376,2.2824978027234697,7.486127185876366,1.6949101577953545
149307567,0.01770489943896409,2.7528416616937474,15.644969329582581,2.891871864525631
149307569,0.017405528850701724,2.5280449294693748,19.200028317335015,3.6862674723064783
149300313,0.029568905559524895,2.6345926410334717,13.171548737530928,1.0746169570964164
149292047,0.019202844519414012,3.548709635136778,7.963198582833269,0.9508780783126418
149292048,0.017172656528328608,3.6902593161716535,11.491725742527235,1.4520220794802565
149292049,0.0193404823927453,4.272557147040391,12.663127667332438,1.4725704207236288
149292051,0.019158654712701752,3.7581783922608247,14.336226757175302,0.8068193144783383
149292052,0.018898145144988037,3.611597125622738,10.416475640752017,1.2498287062250926
149292053,0.01719939156469848,3.758686429589502,9.985537762338026,1.3928665562944071
149292054,0.01739329693043582,3.5480561993997157,7.460346608570941,1.5353694360836274
149292055,0.01829625949468514,3.604536659083738,7.738190678542342,0.6017729028049568
149293144,0.01150464123294773,3.2731286239567603,6.971588139436431,0.3022186534563002
149293146,0.0106641701086592,3.3120290232214975,11.702633162672813,1.391876015172774
149293148,0.011299259528371196,3.07523241762073,8.158427119662935,1.3395092891187201
149293149,0.010057611010187933,3.1838117521161906,8.760738339134612,1.3400292337676876
149293151,0.009311296855064712,3.440948416729585,13.047921578326436,0.9168877730332925
149293271,0.011145175177492148,3.37539471811039,15.399721803242144,2.002131018679759
149293272,0.009863156908195957,2.6913831659040595,3.800415204052015,1.4064431496848924
149293274,0.009395668257678971,2.9695217186167073,4.437089215452835,1.8223923184708368
149293275,0.010099849972407619,2.766162598749856,4.16641139090232,1.2158193454962454
149293276,0.011342487077409246,3.2538946126798676,12.61916609672665,3.31822948088661
149293277,0.009241849447382577,2.9598446262638523,5.413753185763623,1.791644428686402
149293278,0.013439700813947008,3.5924677746586635,20.535576998283457,0.40087220102131643
149293279,0.010426196409399738,3.1867643055613715,6.9884898440493775,3.0651301538494873
149293280,0.013256038467128629,3.5642956343081105,15.374497752163439,0.7315649958701298
149297463,0.02259612595789026,1.898206956725892,5.719838015112236,0.7420272276754689
149297464,0.022571522251120166,1.9940627405699707,5.750232691919669,0.2868771146939754
149297449,0.0136274429519836,1.9693105310557248,8.447676544873072,2.0189232136210826
149297450,0.013841392663015172,1.968109914524932,8.074118292006577,1.9712014877245416
149297451,0.011676647058436585,1.8001372179119233,14.466609387364237,0.4854888449288813
149297452,0.011784573574735576,1.905169700153752,24.02863027020289,1.507907663449447
149297453,0.012436745981394973,1.5393163211560403,7.943464088680703,0.7080837402976308
149297454,0.012015953673209298,1.52647055605129,7.6286015491918855,0.5024962967471915
149298271,0.010519493805248274,2.169535173256216,5.275403298773799,2.6628853462477275
149298272,0.010600640283846012,2.178769072494563,5.494766109459135,2.623433587814633
149298273,0.011483394726800097,2.202614245552929,4.393286729047231,2.3314387568205466
149298274,0.011492018057555805,2.2016339597966468,3.330638622433689,2.331557661182837
149298275,0.01185800063878768,1.9421016928050603,6.762473785041808,2.3242439352900757
149298276,0.011897746033985765,1.9519852316411543,6.704591052736606,2.348348937897186
149298277,0.01157397831496434,1.8294596358058544,5.242627025412019,2.2957196890994096
149298278,0.011324190634852061,1.8467740473459815,6.947431255241414,2.306340077227734
149298279,0.009724693296718025,2.461921676777309,16.79812312078952,2.7597587491228177
149298280,0.011899015584196686,1.8508429018695993,5.4949862010478645,2.100198356635547
149300145,0.010264384637273527,1.7243820146165585,6.165267322229418,1.2635096891222448
149300145,0.010909050663209267,2.3485085630355864,44.35636540274799,0.9830332311461099
149300146,0.011992869111305073,2.327468979963692,68.24385390077657,1.4805271306713916
149300146,0.011389446600653729,2.794034449138354,77.83924419192458,13.933356234165364
149300148,0.013239809795301552,2.179666442014162,44.37393743091017,18.083654445385843
149300148,0.014207951538504713,1.956463674523914,65.38420951039794,17.392620935689873
149300149,0.01261231493079788,2.1347307408525897,60.68478031112371,16.386776754680064
149298483,0.012315994279432843,1.9635842735196705,14.852610246299639,4.318563915172337
149298484,0.012548503961914613,1.9562242411739357,15.192871063454211,3.831925222885155
149299963,0.018008277819789455,3.6527873872061534,8.349994414832878,1.5799816692973685
149299964,0.017836822286130077,3.76734382702555,9.034039571402479,1.526450320228146
149299965,0.019364256435043452,3.7044365121486904,9.34427821248557,1.3955883597198864
149299969,0.01751462990613116,3.712230806672212,9.525567880067246,1.809769832821039
149299970,0.019610945591072317,3.6192115104532894,10.773741238306698,1.5093126895361333
149299971,0.020853183085397232,3.969929231957269,9.815286674610487,1.5709866751900217
149299044,0.019772719504069624,3.954708808490127,9.988781025914816,1.2044564907495203
149299045,0.019824013157072544,3.8548631622560423,14.263992523399674,1.6450240630648985
149299046,0.01564330370931806,3.5900317648308073,14.503955996986841,2.01050093596998
149299047,0.020221848025725592,4.012864838652042,21.770892622997653,0.6351753486908134
149299048,0.02001689599106142,4.113656090143508,18.510782723767925,0.5353039598554967
149299049,0.018680756293630238,3.8046440543534255,28.406509890953284,0.7787970625326631
149299053,0.015572541203330046,3.5642137951503354,15.88098881493446,1.5686689958740734
149299994,0.020082204523743406,3.7858505782470147,7.783537712987114,2.5421949153341914
149299995,0.017780405029201005,3.9248555356453734,13.351232637124252,4.125170350139687
149299996,0.019735344159388084,3.837701983313709,8.380575904607179,2.22736020453922
149299997,0.018196550312402367,3.886969657822839,8.722475421640492,2.9300771406716546
149299998,0.01666844474473662,3.708427419236492,7.748874158916831,1.6822976990080407
149299999,0.017292091901940424,3.925559488586823,8.255041051779758,2.412794878296044
149300000,0.018380100124814457,3.7731336508075426,20.158635271214163,3.2703269891833187
149300001,0.018510430822486528,3.6915501198718643,7.57512982763379,2.1525140096120197
149300003,0.017396927949396037,3.6395667277351076,7.794220222421891,2.062752458524931
149308612,0.023630817308160527,2.612768990178348,6.399738411544903,3.180765347066005
149308613,0.022806117080335586,2.697979018925313,6.890001129990284,3.2968248715704074
149308614,0.02359447153569572,2.6183306078251523,5.146692501414552,2.868064036682377
149308615,0.023228728949969458,2.726265364161926,7.4811267888653,4.058475431205182
149308616,0.02436696929471069,2.590157834566773,7.148305916647905,3.1852677280922217
149308617,0.0228839750086609,2.7714139608357797,6.9008030865321235,3.33064971768941
149308618,0.023146776891450945,2.684420836117873,8.373939519393371,3.4032883174013313
149308619,0.023718931777351918,2.5796652469566648,4.837259620845534,2.9516869905529246
149308620,0.023353981707066578,2.761361335188154,5.635798977705969,3.0257911935167785
149308621,0.0230727791620668,2.8427065806194816,19.815099857803574,3.2392475522095863
149293966,0.018655852699191244,2.750658726317994,7.111166525468482,0.2566281928334266
149293967,0.01887941462015721,2.929169464406468,6.886097741188433,0.2600412738474857
149293971,0.018922906174254055,3.046384288630787,5.830780470528582,0.2741260103444142
149293972,0.01835167129460332,3.1397212728721047,4.202542609408726,0.15866515574290488
149294187,0.017553236515460632,3.101788425776058,5.581467181554505,0.25428078415562777
149294188,0.01693855538187437,3.232494817932316,7.7890066925189005,0.35542027491551087
149294189,0.017644148507710206,3.0293688443279447,4.211592452573845,0.3822930819235316
149294190,0.01831521899756653,2.6946060509684764,5.286086541040532,0.2456390575603079
149294191,0.017234042981330123,2.5224061276999934,4.809055866032377,0.23594975862882303
149294192,0.017327094181078424,3.079662284863003,6.643117003363144,0.47823427851465383
149294194,0.01808748977255913,3.3170370886367535,11.988980064861929,0.2871373571975654
149294195,0.01752741912457898,3.240779904178862,4.390912231750108,0.2582813186681795
149294196,0.017350157417056197,3.0461850182313066,4.508445852148631,0.2276665980016042
149292122,0.019795890371602846,2.778036050260272,3.32943825705889,0.27862886251094293
149292123,0.019795266243687593,2.778453779327726,3.416312764444485,0.27386342136306446
149292124,0.01979997926612527,3.113093321728138,4.8290295314019565,0.36506465990619247
149292127,0.01957035479190619,3.3075772565407564,3.1503976187492224,0.14040759264060887
149292128,0.01947088230865188,2.8501177641022464,4.543515486538352,0.23259391172728788
149292129,0.01888755831095462,3.1853300841953014,4.839489694776849,0.3821530391199708
149292130,0.018909005770715706,3.2016575318695395,4.451457458168808,0.3415885005505996
149292131,0.02031593485021561,2.901388828173115,7.573710226179927,0.31282190927334413
149307878,0.012968541773925986,1.7324830713822785,17.93556134401474,0.15592632073678017
149307879,0.015201797240955545,1.7731915693171938,20.34921842051676,0.31455687887838446
149307881,0.014771525631353057,1.720734463163184,6.814895395188907,1.258730833590117
149299471,0.02294362265288631,2.603087511989141,8.095594505906572,2.3462238051191
149299476,0.023493779469098638,2.508317991195417,15.04426842144995,3.099996160972186
149299478,0.023498255347538837,2.513209758261206,14.3360180627826,3.2011103861284305
149299479,0.02294836979510525,2.6165587788673097,8.155439649500794,2.3558589011734803
149299455,0.028826393452489215,1.676825278712219,4.018974523008308,1.970438170381131
149299456,0.028833910479221663,1.6729491876151612,4.115205086136128,1.9796316130675908
149299460,0.028596486697799756,1.7158690340164697,3.640621768900615,2.080765432568998
149299461,0.028981397170906396,1.7398495383890638,3.594553382611766,2.2489637841519503
149299462,0.02898248002819651,1.737775434099632,3.5733303128446496,2.2509114980975604
149299463,0.02938620664505766,1.6804884352101237,4.963711664234042,1.8517637421071969
149299464,0.029560898347561034,1.6819159434660746,5.037243745802058,1.8262635789967439
149297707,0.01605137074301099,2.053853096777722,5.009002686674802,7.757598126458722
149297708,0.015931575719337683,1.9728329633775459,5.217379812179864,4.833155366684133
149297709,0.015620883994953679,2.137741474271239,3.2942251781127627,3.7694241025797006
149293239,0.009265567112512864,3.101372930135239,8.019208296404013,1.0903059224557967
149293241,0.009249206232116638,3.126912189559533,8.25229504387274,0.9745862990800819
149293242,0.009420954665213966,3.102401025541484,8.340094089393425,1.0895318356251262
149293243,0.009438560173769307,3.107573571424876,8.000706058726967,1.1410849925287283
149293244,0.009197035452061521,3.1132710013844145,7.930565020163115,1.13570307939189
149293245,0.009035742574415483,3.2416271413573314,17.70738484986553,1.0720243861006833
149293246,0.009410542727759933,3.112272850649159,7.826434519044464,1.1444954778107606
149293247,0.008949048292412344,3.27961065693163,14.969290203426072,0.7137280955216582
149293248,0.009015264586920611,3.2829934937136245,15.985686296369519,0.8300321485473903
149309585,0.019792130007503673,3.0286181757542927,5.599770596293019,1.1416560976761974
149309588,0.019717322848602552,3.1177989362841676,6.955429949836512,1.0844987086263285
149309590,0.019557802191723237,2.905124598006922,9.659994659480269,0.6325679857998098
149309591,0.01995449945654064,3.061041085834724,7.427550999083744,1.1405815865908968
149309594,0.019809833603162758,3.093616872485576,5.673763931382402,1.2322842742054554
149307191,0.016282118554635017,2.128676074270165,6.198737512897134,0.3210853465251613
149307192,0.016310447978337535,2.1376072384333655,6.007654333565425,0.40058014970073363
149307194,0.01805329946277449,2.3100544987199667,10.556454410246479,0.5866395825563298
149307196,0.01805366265611352,2.3114836263700624,10.486461404462245,0.6991834383248425
149307198,0.016968913405119152,2.3086404374352005,10.608557120729884,1.576821583423045
149307199,0.019909978494655034,2.054787983558098,3.409833528903749,1.14384286431301
149307200,0.016982655032507784,2.318785124234193,10.8301003879962,1.6552145570991432
149297946,0.014513468786585921,2.931574114171132,4.714616873096168,3.5977054147464207
149297947,0.014313319625340654,2.9460535152747878,6.203222460783448,4.5051833333252
149306133,0.008320183703014572,1.6405306391483576,3.541157285492643,3.8084266460973897
149306134,0.008244577215084203,1.6325050430252706,3.4824547858378327,3.8051495466314624
149306135,0.008360867430845135,1.6773112816723554,3.869745963189702,4.1378946464976964
149306136,0.008218488026386995,1.6600712771141177,3.8698903367275372,4.183479239019672
149306137,0.007957069367642912,1.6644630984788484,3.8791851247634446,3.992669575971373
149306138,0.00827173492311013,1.652904403537112,3.587645236063284,3.9437788961926423
149306139,0.008568191268617536,1.4282099560298382,6.976840985935893,6.243310316343517
149306140,0.008604534834758683,1.6279504190806784,4.087714144952292,3.960517248215379
149306141,0.007483135155599977,1.6990722330462762,4.296389186000222,4.12740958319242
149306142,0.008071593972819929,1.3892604167288976,5.339581853569595,4.827540367237309
149307827,0.012968189718754457,3.0578412892685165,6.310190426872336,1.9197642720640153
149307828,0.013624512968639162,2.828153260001578,11.177335672223512,5.047367104898044
149307829,0.013686753995109687,3.176262351614137,9.690702111514709,2.8086995612259043
149307830,0.012783144772357485,3.0360749137205656,7.956053601080175,2.536649667274106
149307831,0.012841547880840324,3.040058578859685,8.430106631960905,2.6558258532365873
149307832,0.013883999402502607,2.861364074532026,11.555291101659272,5.060835088983171
149307833,0.013447711674214246,3.106604489017182,9.79112613699477,2.745009703175937
149307834,0.013424081829984332,3.09766755443779,9.956003526864343,2.870065712211076
149307835,0.01296223649737589,3.1290239335369057,7.347950773876494,2.237577650347471
149307836,0.012948846664144703,3.1185319653356482,8.469510557058108,2.782778242354326
149300373,0.018577614614781485,3.456070496876617,19.763954792508457,2.232188981949202
149300373,0.01917995315070215,3.6250025736973654,24.949696407547396,2.2818673639291798
149297483,0.018721379025127233,2.934798181421658,12.176447907923096,4.9398224147419
149309720,0.015624549406087105,1.957348210323587,5.671527557127022,1.3692226233619007
149309722,0.01570085800180783,1.9669281379226486,5.798429319248111,1.4746692131056114
149293983,0.01744869921062594,3.3121822740831113,9.854194043911924,1.200715064294963
149293984,0.017689949917009177,3.2478235740674415,6.755096162309005,0.7785102522471472
149293985,0.016208463078133072,3.2556115590612986,3.9680546472290277,0.9969232116285329
149293986,0.015364688537499106,2.917412859750818,6.611851999553932,1.301475900230568
149293987,0.01741898060065206,3.29847175192469,6.8380910218934075,1.3266916586365034
149293988,0.016097658237616157,3.400372785166228,5.821293820538964,1.9061730354825175
149293989,0.016606940922464085,3.1893666933494518,5.866599608191466,0.7915523618155268
149293990,0.016224462308853615,3.183274077566545,6.666494352106991,2.597003255057036
149293991,0.013681616801568852,3.2077300377003133,5.480711563588027,2.3790833612433824
149293992,0.01667385725872221,2.9638962065864476,7.021383678379327,0.7429423954577935
149299187,0.01700358354715006,1.6081933817340628,5.490981985943356,0.9580818838307855
149299188,0.018322113811528956,1.5757178486695052,6.1300519595962095,3.6479956522496275
149308382,0.0323402823117399,2.817467890437281,17.00574153521003,6.734720422115327
149308383,0.030947135011780705,2.7868078830680636,23.7988864918106,8.62262109323223
149308384,0.03256487161857208,2.8515371380473935,15.166658901443816,7.1446464563911025
149308386,0.032130748860992875,2.847705643791549,14.907735826259858,7.7441290213848974
149308387,0.031757294313545,2.7224205869906175,12.918849078638427,2.4962845667844626
149308388,0.03129088762938104,2.7625457326470864,8.295660586636359,2.5977160405675774
149308389,0.03240784818362731,2.825435569040334,11.826887662603458,7.45305067985339
149308390,0.031303022662022756,2.7490644622559346,7.270849004114593,2.3946794298576193
149308391,0.0319796649866095,2.7652799576927953,17.917947389850177,2.6524724955452657
149300479,0.026943389108435526,3.4757239350312483,20.41864626890289,11.439257922908634
149300480,0.026679268414480237,3.468626872629148,27.35399813074111,26.071540074012297
149300481,0.02710079879711862,3.587156127658069,19.35231169194346,10.988363280410205
149300482,0.026567171847636743,3.344830260060052,27.66500168887948,26.63108123600705
149300483,0.026746448265331173,3.4846248263579116,19.478856412016793,11.456319842805362
149300484,0.02637941606325491,3.371466994751678,26.550406224153612,26.471123768122215
149300485,0.0268635179237744,3.5094948932160395,20.099699826587567,11.57737936709815
149300486,0.02701495953495406,3.8737640342863573,26.61948659936566,20.739389693176474
149300487,0.026735628697716174,3.3774390158035787,27.696379379887933,26.6735472751283
149300488,0.02769461528258655,3.847418469376129,30.89213190080601,20.634350483779162
149292317,0.014447468148586544,2.37399507381966,5.848208214699634,1.872889456983057
149292318,0.014346551082609921,2.3926058120800353,5.556070599258741,1.8688219711842964
149292319,0.015073014798697043,2.640372542059782,3.0497760255367403,1.1428177791422724
149292320,0.013068670585738986,3.5043208671471717,13.997075792597036,3.0516881789523524
149292321,0.01462586289845648,3.6946633391806816,22.97066095698292,5.386926062841587
149292322,0.013334368148445892,2.6381524492394344,5.939068578534595,4.803765788054137
149292323,0.012907608291621906,3.4356119155057834,10.731887617465514,5.648820864411902
149292324,0.013596087572327931,2.1655242274390596,3.5248261013908513,1.5059027439027348
149292325,0.01500837188330403,2.3642365644893366,5.231692097377999,1.5382426803242453
149292326,0.013563758711060353,2.7138776129661446,7.7632986299927165,6.978915699627311
149293193,0.011604888047839577,3.215191303264614,7.058558413538985,7.51400776963064
149293194,0.01156429979211882,3.2182011016944525,10.206636282180208,14.821472850649277
149293195,0.01077361909726555,3.4133569747316463,14.552383103430737,7.976423721174403
149293196,0.010656367979364806,3.4322836106300043,16.58729780861604,14.697995243525789
149293197,0.011316391490862138,3.1952473069134366,6.316572285847902,7.46232592173937
149293198,0.011172700350804575,3.4522109740226687,15.138420858807816,7.402779662054306
149293199,0.010256462558005372,3.5044283144405286,10.135468744770773,7.386919874377164
149293200,0.012388695642198213,2.963908381864628,9.174394237554521,14.48587545001785
149293201,0.01132796805041015,3.1960985087298264,6.129197061896763,7.583205303792271
149293202,0.01131865090513371,3.494480858070201,8.56261761235827,8.674233692971544
149306198,0.01742570604898729,2.941571213044839,9.633383820840464,14.890378820490794
149306203,0.01760515730008381,2.902914977800052,9.812784684329806,15.25992140788596
149306204,0.01750585253065817,2.9797637033372144,11.152776400554735,15.038234123420706
149306205,0.017821938790572176,3.0825416553437925,7.584805734120817,5.775154039949382
149306206,0.01780368026449866,3.061297684433325,10.124471379290911,15.315741864278028
149306207,0.01778473185881647,3.057673417376876,10.116837477350131,15.368223811025906
149293249,0.022057576428781846,3.021761600551117,6.94518845512223,1.7743276775606878
149293250,0.02231481862787541,3.0336644858191346,7.053060043473199,1.7515915150921955
149293251,0.022519499069245,3.061394577705785,6.36997276045378,1.7957945294864652
149293252,0.022492956545659,3.1611388186909553,9.672109311254937,2.036587516070591
149293253,0.0220698989678805,3.0198584920467977,6.949348482719134,1.7780519554706744
149293256,0.021847231028649872,3.192606555521865,5.800995112860763,1.952800649254492
149293257,0.021802316150391958,3.1323708923135887,5.761491728452674,1.8324167609552982
149293258,0.021866732612055205,3.1281312341704335,6.091942656800584,1.879070419447631
149309830,0.012560946781474808,1.1124651571774897,1.1960073920379404,0.22298104952557055
149293067,0.02425847114098422,3.1319869349543747,6.36319017696226,1.5402117357807479
149293068,0.022686144993385476,3.4798824959707706,6.379157289741785,1.0956903070610535
149293069,0.02190030345386766,3.720146895816016,17.55473191629852,7.004943141257828
149293070,0.023584006884248734,2.948229933709803,15.460474735367516,15.328730209053788
149293071,0.02374912698031652,3.151883315626036,6.206825773990077,1.7112091614844938
149293072,0.022148571330969882,3.6413277057808546,12.744189104676703,2.8322194190490184
149293073,0.021727385718153695,3.5447837554766917,7.9971029810770835,4.9410430466397415
149293074,0.02425792592109347,3.060654004829603,23.810815282426496,17.944451750770735
149293075,0.022099577995150582,3.5963403985781,8.361695675785109,5.478239074819895
149293076,0.024054154971032905,3.2343552959469317,8.106145600645503,2.9825790098479636
149306408,0.015309387116803486,2.6775957607505143,11.768990518373846,5.123538076733185
149306409,0.014784880347334339,2.7303980570483883,12.175657053947868,4.612953892145184
149306411,0.015144809403261239,2.7048666824689045,8.268479788432233,4.86029344922113
149306412,0.014638472412164346,2.522988158029602,5.257082860449,2.5328515246039385
149306415,0.014317108880261224,2.570501534536645,15.644100400366007,2.2273631592992653
149306416,0.015180151557196151,2.6635378798057836,9.993641206866663,2.5155359305307115
149306417,0.015025909186777816,2.7692972514622594,8.11077956845481,4.064439449871547
149306466,0.014346658437330085,2.5168226775669305,17.598393167463456,8.19275597700878
149306467,0.013906428549368343,2.559154901667842,16.81007451033347,7.860644431903498
149306468,0.014242286397717777,2.5365008590545304,18.51374319703744,6.680834349518093
149306469,0.015502988060394084,2.569818558853771,15.060077284874568,5.561368377419533
149306471,0.015745534621553255,2.573561162614339,11.1993292445203,2.5750484141183043
149306472,0.016518943831232775,2.5484593968473135,13.226312235895143,1.7580182503779507
149306473,0.014768009280074115,2.601665201280311,8.419428249891496,5.997628157592664
149306475,0.01543210283179632,2.5835553053183062,11.11359888983668,1.6571783289273372
149308705,0.019412419072520382,2.776044196931054,13.812397459089372,8.139528424622753
149308707,0.019436392078088564,2.793752154461472,9.51092043560344,7.469888420677921
149308708,0.016892167269046996,2.8086193014055203,17.239739772431854,7.184021160351318
149308710,0.01564829058277519,2.5775259323515067,21.666177816495015,10.112668277918013
149308711,0.015214649923782984,3.0132358272547,24.794974630776615,7.747952258690547
149308712,0.01842980414685864,2.912270229005729,15.60584943369914,9.318158914797305
149308713,0.015436318946360862,3.009317312102449,23.63740861590329,8.298719688023215
149308714,0.015394540820775297,2.6195356540897374,20.709650380509594,11.053610589310317
149300176,0.02671436706067878,2.614008876491149,8.316416351027687,3.1440474864860373
149300178,0.026770783754266333,2.6310186373939612,11.128489755020974,3.1857877009509243
149300180,0.026290959142465483,2.4952508019092194,7.832636907372702,2.741576379446281
149300181,0.025979370890828416,2.5788600019588355,3.632168046353868,2.822361206764203
149300182,0.026251759818836578,2.6042326673584273,3.647214500683245,2.7765654640034234
149300183,0.037614215596729964,3.359494420322871,5.745979962545652,1.979805729012609
149300184,0.03685992003164838,3.262003350879088,6.168393714139651,1.9364490556242955
149300185,0.02629518597079049,2.680925946040524,11.777728969841197,2.4738214034865216
149307100,0.017250589457515387,2.5735966443245006,9.706502355737024,1.587948552950348
149307101,0.017190123296921548,2.487231649072257,24.21005597814292,0.6240610399656625
149307102,0.017798843745140732,2.4036869283465863,25.545500667143433,2.5485786535450115
149307103,0.0166671840403334,2.6738402961378407,18.547012221748297,0.7516219726235577
149307104,0.017236408105551913,2.3907149167232236,9.800488877372961,1.2279232378757101
149307105,0.018044186639649414,2.4400847324193813,3.6620824644226615,1.4374728138096984
149307106,0.01735147042496448,2.8312909508746262,20.43791729649931,1.7590479044209806
149307107,0.016601346815586723,2.520587906506719,17.559117581049463,2.389936380321653
149307108,0.017412585029823915,2.741962928929977,19.09100390921892,5.525229041194016
149307109,0.017354019686052536,2.584901403138254,13.799985578661552,1.4045558068208355
149299014,0.018730326474464425,1.9238100023352378,3.181599353760446,4.415922262075844
149299015,0.018746368853566057,1.9227890901746651,3.1885522044039125,4.306966173582866
149299016,0.016934709062829255,2.068884899954666,5.494567217954591,5.687224815041044
149299017,0.019724629782216164,1.9608057659860805,4.360622606920114,5.529143333233477
149299018,0.01872860078454368,1.8531130440510755,4.6601830287286985,6.291555858048639
149299019,0.019098062668219864,2.154006238015194,4.651405128175529,6.720759957964558
149299020,0.018744829445598705,1.8607474420481893,4.61850959457445,6.377161857904174
149299021,0.019124661491417963,2.1527286058673774,4.88632880317476,7.009702137782763
149299022,0.01955514862664849,2.004156779239306,4.0023134402349285,5.733542622108919
149299023,0.019658203030886647,1.9671631767847837,5.339409302712623,7.438462819253463
149307842,0.015440218729866843,3.3900977289151832,11.435802712731467,0.9583682276160098
149307843,0.015230783313517477,3.6506603354915255,15.339321580618735,1.8057637477792559
149307844,0.014730288507689818,3.8059139157656414,16.009987081050184,2.720452508424725
149307845,0.014946860407538228,3.8381611510969242,15.794635399520406,3.122742180241436
149307846,0.015076930990065596,3.6810955276479453,16.368164214038345,1.921576333052408
149307847,0.015093436035037681,3.4199132952411664,7.595558155671496,1.6971198645031775
149307848,0.015034309035993908,3.4376709617013264,7.729015076904944,1.6706288707093502
149307849,0.015351185817295653,3.5378927085136915,15.429170197918065,2.6212693392031245
149307850,0.014956750151638743,3.8374903413011263,15.988899719349249,3.1408461943760746
149307851,0.014996841973772069,3.4875221919805908,12.517917826088553,0.7854241996195299
149299383,0.020295705082645873,2.480310341735386,11.550043504369267,4.489357756174911
149299384,0.02008729512653639,2.505699815486777,7.161717226631605,4.575361836952304
149299385,0.01948567434513641,2.69079002429904,7.300422126183064,5.718981997618933
149299386,0.019914899936462695,2.523866508019644,8.112826139019464,4.289027172187982
149299387,0.020429737934856265,2.4612155446754893,10.779009669025752,4.076515542824319
149299388,0.019574261016013568,2.177907769997715,8.029764742911317,4.259471184481838
149299389,0.020019740225557175,2.7762036412463007,9.53190965494171,4.568531150903372
149299390,0.01846195418582363,2.8738778817506483,14.988785848568766,5.464951887459858
149299391,0.019535119262895646,2.5972109403070083,9.504606888895333,5.994346713051858
149299392,0.01928940738015828,2.811023573660157,9.543881124512625,4.697632175298092
149298520,0.021295721959390123,3.159999309398838,5.810438198321272,7.742379610395249
149293919,0.00827050327485903,3.1577464126095913,7.923705439600896,2.1103669041401543
149293920,0.007421450611984784,3.265835652785867,10.277565602805247,2.2799524576551184
149293921,0.008256834452848237,3.0601632042606544,8.664722845661881,2.278191843081504
149293923,0.008263285644956136,3.132934016712599,14.030183580755638,2.7124251397219687
149293924,0.008501317509277566,3.0981249235420205,14.304719218019889,3.988534231271305
149293925,0.00901032208708859,2.8592334879936607,9.471454640962152,1.9821950743590215
149293926,0.009374949505027826,4.152804783299694,52.30871462054205,3.5593984483641665
149293927,0.008092499278925275,3.0819244674879487,8.834230096131096,2.7887321732263377
149293928,0.0068334006258550925,3.1799414169311677,11.249731316902533,2.398919449558611
149306418,0.008264983347546731,2.3727903172606517,4.788782778401912,2.7781139180693133
149306419,0.007396024789198863,2.3163248557657,12.734432582263022,13.12983409834254
149306420,0.007532575840620562,2.303717529601314,12.850703814289085,12.84497136083368
149306421,0.007725841534667122,2.3059865157614703,13.097903160891283,12.342824075433393
149306422,0.007925063059961155,2.3958644185723985,10.070510097552823,3.055693352540283
149306423,0.007942147368019962,2.4497915619583885,13.174922508988484,11.683575918427357
149306424,0.007801688591922563,2.295642513846835,12.841818590251519,12.680971475651688
149306425,0.007996970170976007,2.2861911727199042,8.323520183775463,5.34461173165651
149306426,0.007766946627003433,2.342181128712889,11.777375381619319,13.039205447357295
149306427,0.007604333315360284,2.2990565484677017,10.058324277034504,13.377203212761417
149294207,0.01059249803349446,3.1048027632826596,8.460250115277704,1.573748697840339
149294209,0.010134046856703329,3.0929492562058547,9.236038355765944,2.744963555365613
149294210,0.011179333508580296,2.822541837691687,14.820288939643524,1.9374025269245168
149294211,0.010238799082337713,2.6207543406001705,9.996491125518475,2.933548454706981
149294213,0.010508241700171693,2.5069050284369094,9.929094543887272,2.6105836642465885
149294214,0.011328571938167852,2.64748433651392,9.000424407754853,1.9042862362995814
149294215,0.01052203713044359,2.5122800585631024,8.686203154993901,2.1223913972422452
149294216,0.010635828586819173,3.116334729618919,11.741371071770047,0.5051845526922635
149306607,0.025996739653538922,2.0950467313966294,8.526210367186073,2.4094183069991923
149306608,0.026024550168905293,2.107822084866502,8.402801899848354,2.5396969247071697
149306609,0.02629392926767863,2.1894539565086375,6.159955890842626,1.627332235710718
149306610,0.026277709895511776,2.1884458699827434,6.147307727287798,1.7273700361807542
149306611,0.025884082971542044,2.2201284229612885,14.77267511075557,7.076735732727836
149306612,0.02651134181163204,2.284228732004706,9.039099135623609,1.8049286696961133
149307627,0.026273370604799243,2.4699840264045876,5.671936744586169,1.2286518162130182
149307628,0.026286275334096845,2.474154067422903,6.038058978686852,1.3602402961069533
149307630,0.024622399420158633,2.383221717448254,7.603073748782201,1.3047893394008319
149307631,0.024918893341019772,2.3984687038602313,2.760774451105993,0.7179500227897375
149307632,0.02491878001694922,2.399051308881542,2.6671967136789267,0.7023706520489366
149307633,0.02457843461856709,2.3671857520996027,7.480975104848863,1.278683387758224
149307634,0.02457668803695859,2.4279365249285,11.185631214410977,3.168873812053548
149307635,0.024615698482157562,2.4392670833315075,11.215054506263003,3.239972312986536
149307636,0.024608790276839505,2.440102079472554,11.217852856545852,2.105519519476581
149306506,0.0298965909113736,2.685004159967328,6.871995266429186,1.5174596621904608
149306507,0.029941102876425287,2.6848915883030426,6.724117113256066,1.5781337825053645
149306508,0.02577628208001063,2.3228265480429324,6.077061764905969,2.5951680271212028
149306509,0.025813649152096423,2.3192050833228124,6.2365396751715645,2.73375331404606
149306510,0.030000107954781734,2.653259960137037,5.940817050929538,0.972364802954547
149306511,0.028724819615690626,2.70553249247257,9.697760299558965,1.5471786105043324
149306512,0.030037566842964596,2.6324574238234537,5.785195122716772,1.8907609483721335
149306513,0.03014177342221376,2.6401885221685637,5.741520300022401,1.9094709954516567
149306514,0.024799352794708625,2.1437798181452274,13.779386056444702,5.459385502204051
149306515,0.024770236385394353,2.131976278733369,13.70061685230492,5.3679370660675785
149300314,0.053308675110728405,5.253876243536016,31.479917353668583,4.960657296591143
149300314,0.05161624160216554,5.391678153141372,55.212550569800115,5.507092217001353
149300315,0.05311560193987494,5.002065680117687,48.87307997872919,4.583846113070837
149300315,0.05608093230846556,6.598905477138851,56.01537428810286,22.28184503618953
149300316,0.0593793768075235,6.49705382814493,63.500400760288564,27.52219115287623
149300316,0.05575223470515407,6.668273920849189,60.859912553083824,25.59579379088248
149294069,0.016821299967327494,2.5432737026157577,10.72123629659142,5.505111550369776
149294071,0.015248072340295061,2.0867232906693105,8.294547557476596,5.586305751020638
149294072,0.017069321031853234,2.5547062776609817,10.878584296095147,5.556231808289621
149294073,0.01490772174703682,2.1245036046871784,19.98350948369042,4.888257848631128
149294074,0.016867531501596356,2.532455802039448,10.843371802817824,5.256787487235692
149294075,0.018741247528394126,2.5693850724690046,25.366462931371505,8.179401027675208
149294076,0.011968625811499866,2.0562447538545823,15.94688391757874,6.844141200609081
149294077,0.015433168652513833,2.491014698998272,24.711901199380847,2.5088026741828586
149293313,0.013804355776933832,3.8280520572588,25.728748554434446,3.6709026846021127
149293314,0.011841179443843561,3.364476635231271,11.985262534287454,3.766500262363951
149293315,0.014432496091290626,3.7195169359935143,16.486384926593377,1.3245061629982964
149293316,0.016267416687457802,3.368045721780105,10.082320991630942,0.8686215894651991
149293317,0.01386478285582723,3.853593699198624,28.180492783830687,4.382602331761072
149293318,0.013488053792438509,3.918322790290747,11.104495271018875,2.136688141403993
149293319,0.015598270767178459,3.1178367066008654,8.65853536133713,3.349429052203127
149293320,0.014988208253763263,3.5616174459901733,10.506369499713346,1.7532548933255097
149293321,0.01394354072313511,3.0778067231917374,8.741400941138602,2.8513068772611248
149293322,0.01496358517935726,3.998350307198889,14.004897723027867,2.0709739659254165
149294297,0.02644693310308318,4.530640602798941,5.762695166559712,
149294298,0.02670407523994283,4.523193305586728,5.559849116404063,
149294299,0.02443311743018431,4.500138706954812,4.775515190965721,
149294300,0.02451086501721512,4.492519033655786,4.68466089256243,
149294301,0.021140690400702183,4.539090995090987,8.58979934409025,
149294302,0.020682787662293034,4.804072659349258,5.329244517754926,
149294303,0.021261845649458395,5.11048996202731,4.938570633884523,
149292405,0.023934912199660634,2.7936718814797765,16.46126157709341,5.343364247202904
149292406,0.02345004627458491,2.8204804567435415,15.971983686793047,5.140711853190611
149292407,0.023423896771940882,2.8206537296113634,15.932017343956502,5.159229947816285
149292408,0.022888999277649775,2.325645913327968,17.113860588711315,3.564140925330925
149292409,0.022847079094794293,2.3429466554767697,17.164556841025462,3.583921060363725
149292410,0.022791115850955668,2.4531424730635534,17.13862188719337,4.210837691657086
149292411,0.02277667488350725,2.4471138196063027,17.06758454402405,4.206240006181442
149292412,0.023747829995883037,2.5035861047963204,16.56362012319387,4.427401672128062
149292413,0.023370338399116262,2.6769924997835814,17.398551330979007,5.718705069504754
149292414,0.023416828451140462,2.6759868759678094,17.37854945204061,5.7306604477635545
149293154,0.009521895511934478,1.8462918687635301,2.113771346268736,
149300287,0.023807161566113302,2.6518872011293606,10.440801318211324,2.061397744182617
149300288,0.024329189841633885,2.6590060854552293,10.434681515876516,1.7115379072939279
149300289,0.024167565091303172,2.6356863437457196,9.657636184490876,1.7754027477547034
149300290,0.023633007045019944,2.7677925850623777,10.766914718721027,2.386369388291982
149300291,0.02371160543233541,2.5918599401222493,9.86309621985729,2.528177201189175
149300292,0.02428841848716115,2.8792152640383954,13.652546218739651,2.9996252087805333
149300295,0.02425254787544361,2.793114262873032,10.59606058247895,2.2905935349022264
149300296,0.024677643610982365,2.787020560999377,10.172820453344073,1.8371388451878805
149299430,0.02205498720322066,1.6939077221458831,8.811758310390703,23.032785818751236
149299431,0.02563997736422743,2.168281978760445,17.073351787535405,5.1428624015018265
149299432,0.021163936221462277,1.8849206425835667,6.708402755010972,7.0381096581455305
149299433,0.022164078194018794,1.7374706068807833,8.964403449330472,22.82981506532448
149299434,0.022375436453848062,1.7920525965543888,8.876008779162454,23.008032290543323
149299435,0.0253741078684181,2.011639728167963,14.670485354739535,4.240868827107591
149299436,0.022268793704554504,1.7564318103053318,10.35418189400429,23.062241096709496
149299437,0.023210517099110393,1.8448742262074882,4.04737192884366,5.542860215413643
149299438,0.0231243475262822,1.8575547623993593,5.0229099679182445,5.361278623371976
149292833,0.007610828486928067,2.3547313130799896,7.008315653116841,0.816390289332544
149292834,0.009084020407248206,2.4717156830230254,7.3414174319744445,5.296602642719801
149291483,0.013973004434890555,3.097562594602563,6.17865474187323,7.49815149597368
149293014,0.005437103549606235,1.8538788496173109,3.1296009452957843,
149293015,0.005373740212768728,1.8789729007669955,2.7416807041530893,
149293017,0.006351970737526308,1.9637481646703165,7.517826287296789,
149293018,0.005568894284662898,1.86343300126688,3.5890349657371483,
149293019,0.005805565744119358,1.8736905633824155,6.181999442516583,
149293020,0.005840856033499349,1.8006118348704416,3.1992276734958027,
149293021,0.006580680784778513,1.938303601957709,6.7519880725511605,
149293022,0.006429827086812318,1.9345957172209347,4.458844551828104,
149293023,0.0055083383827880476,1.7926453707069046,2.6913871570247045,
149292616,0.01036851911560681,2.474737540074897,27.041037120271742,17.809363284874532
149292617,0.010034093678206337,2.421276716337555,26.812261547766727,19.823534291909773
149292618,0.012226164169745852,2.92053643055686,8.273226861025998,5.018612747166631
149292619,0.012315924875425132,2.9348627537089276,6.987049986433138,4.218733961662487
149292620,0.010183803782893583,2.476659716974804,27.072940125790744,19.826208174279838
149292621,0.01017903988488297,2.4130337996756897,6.404138072506819,8.691832806615226
149292622,0.012219577485664,2.904102635700941,6.730156369996582,4.223726579857491
149292623,0.008394494651058099,2.43336439028263,7.409674740462972,15.8101031565988
149292624,0.009794072252020449,2.1465749909775704,19.609233013802505,10.077550886162342
149292625,0.011763627933540948,2.9648995252682524,8.115705303107198,3.0565864215431926
149294174,0.010543327355301772,2.477028467719291,6.491175434740827,0.7235766949420969
149294175,0.010919857592717356,2.5300289841220347,9.547033991615969,1.4822866046796197
149294176,0.010781425837784618,2.4220239328856343,14.673580294675487,1.5592769295513917
149294177,0.010912058173296444,2.3369815062780868,8.482529448276802,1.4732919836634484
149294178,0.010972110141520558,2.2708300739721756,6.5829177447451,1.2997348945076863
149294179,0.010896905545479521,2.5393568414426535,5.0840409443889545,0.942425324816995
149294180,0.01065798143178254,2.2446125943354462,10.481102473618117,1.5820636758296833
149294181,0.01045731297483996,2.5946897204848414,18.766835918853285,1.1084508780154136
149294182,0.01090975066807962,2.591628298908385,6.375744877609777,0.730089171089061
149294183,0.010749743488919482,1.953843931785753,3.815072348750215,1.0721534826285037
149292522,0.012615378911988034,2.827883311247182,11.850809615266998,2.9819169602767643
149292523,0.011648014086263068,3.0890368001803323,11.218500979397307,4.151493421480045
149292524,0.012626877102755889,2.7378316136724137,8.741697840589717,2.0424394175134535
149292525,0.013220129879608194,2.9674414189613065,6.6942097161824305,3.5799767222681003
149292526,0.013660243774320891,2.903013438118003,6.188115857444353,2.616769712009128
149292527,0.013846116960193128,3.084348801216194,18.306301761577668,3.567968655968125
149292528,0.01260301751584632,3.132028849362897,11.551699636034064,8.905376563204202
149292529,0.012338072705105334,3.1495939004656326,13.20077503644089,11.215509726995828
149292530,0.012173961710528437,3.1219663011124217,8.94509047507843,4.380852989742418
149292531,0.011833777440403412,3.4942391742816494,13.235538853464092,11.868954303057595
149294031,0.01585580807042924,2.904534402271284,15.965515014339324,5.776332815930874
149294032,0.017866027859366217,2.883748530856208,11.471802000762574,6.123532293502363
149294033,0.015283818390510757,2.9950569340838684,16.69009889362451,6.981326587154253
149294034,0.01581408819664329,2.943815754022616,16.22852640253938,5.841486281936473
149294035,0.015793808308158692,2.9307762408009084,19.725522199961947,5.484560727863196
149294036,0.015725873729678982,2.9594764703277265,20.64894362376078,6.457491429815235
149294037,0.0164963905761825,3.152959434555516,31.291657082356025,6.167925645553089
149294038,0.016094261633017557,3.097969729495993,17.344219226290157,7.663452704084725
149294039,0.01530528817590159,2.9793247503929776,22.10192901077979,7.03820601425636
149294040,0.015966508326583622,2.9698420630119617,20.2160144066731,6.103900848566354
149293712,0.02560900555632669,5.349539714768737,14.932493867989674,
149293713,0.025700355000008838,5.355453496061583,14.943938506258068,
149298250,0.03432650625512914,3.280884169467445,13.5768381431793,3.148099633368746
149298251,0.034540190452481245,3.7332645981758983,17.702501912434833,7.442889334926757
149298252,0.03473481442198887,3.7835606416834944,18.965061929892165,7.90543047566907
149298254,0.033812122868703214,3.316164720288027,16.585762700927194,10.226830343430382
149298255,0.0338718662055253,3.311842270226934,16.592636468157743,10.235067969556034
149298256,0.033768216560546904,3.2993237752546674,16.25487082364448,10.07034932842772
149298257,0.03377287102209137,3.299349154710271,16.100813327433954,9.959223174291791
149298258,0.03451752295687503,3.273957783362607,13.928681768571451,3.019031366596876
149298259,0.03465360677979645,3.3173431659670913,15.664032571773076,3.040964262079844
149298904,0.021483055472369252,2.1583144216412933,40.15524459923495,0.0028735507657058185
149299225,0.020966787582204226,2.080459185570404,23.155809383005344,0.9754646160768131
149299228,0.02088370834818008,1.987732810314639,39.13089658013081,0.0046472414576628086
149307559,0.02263201304974097,2.4112124333925626,3.6515903918567125,0.9181479235661195
149299888,0.0121499540055432,1.730633440982757,0.15005902679803562,0.005943825288893827
149299891,0.013469701068850632,1.7162936392701984,40.029317784167894,0.006966475110959889
149293417,0.017343497439017218,3.5458784098780045,2.7728825785371822,0.2525771262081146
149293418,0.01740752091997059,3.501615455109059,3.363776185001321,0.21681583622296993
149293419,0.017339037979446224,3.5615715519450646,3.419932053595111,0.21831249493481295
149293420,0.01743204438868506,3.4958635130944553,3.229497740491116,0.23335289273040094
149293421,0.016745241520365522,3.5853582496356644,1.7535847352122749,0.4741731106624138
149293422,0.016720293424670737,3.5850622854648733,1.7086707077871761,0.4393750331012457
149299892,0.014270942439182374,2.377106951849161,0.019265970524891932,0.0007116627991721686
149307484,0.014102966481379854,1.8029821837070827,7.600813232487388,0.8960874854373326
149306496,0.016319797458779914,2.240406726626416,3.993779392579723,1.2220573667811514
149306497,0.016275599587057016,2.217232593434103,3.710974691649256,1.2132139383769796
149306498,0.014306764314030945,3.645950490989387,16.563416937305064,1.6835249211176238
149306499,0.014277961207437273,3.6692003854437836,17.015016628893328,1.6378987814317985
149306500,0.017584468788277116,2.4124459419695574,5.786174719496372,1.1869525631771645
149306503,0.01757670216038266,1.9715748953666172,34.42731109563573,1.6791471686683972
149306504,0.01763044562512181,2.3823774855714692,4.767688108129514,1.140075758413362
149306505,0.011899447971334333,4.087282621550578,13.889531137276874,1.2294018512531701
149308460,0.017852659582136603,2.8956382019480857,18.82430943907883,1.6933319197407881
149308463,0.017747730763289855,2.897536746948815,18.56181721605964,1.6403290483033044
149308464,0.015825159593238252,2.761562505957306,19.62401405011607,1.783328951804724
149308465,0.020181999560071853,3.0126663530427256,22.170714055034924,4.369942477997073
149308467,0.020332286139652607,3.1393182125277743,21.578911980823573,3.402234687925919
149308468,0.015839687769223985,2.757130184742548,19.7415581872766,1.7599724443246973
149308469,0.020194530054341412,3.0177651854263936,22.279348685993543,4.255845481134892
149307469,0.023450276176077072,2.7791616898378377,13.996942768691213,2.8031578654149274
149307470,0.023365767833713892,2.717593678953327,16.960721357953563,1.4643913162044613
149306443,0.014331678803053728,0.9882412942298588,0.00014058129455398152,4.7324049981053045e-05
149309315,0.015155463245227579,1.0625893935058268,3.940918291376191,0.6976461897121815
149309316,0.015138139931631569,1.0567584244984352,3.898872683425764,0.7023428837878619
149308543,0.014779738721096591,2.15947399589471,6.780218365514279,1.8990556373708571
149308544,0.014860642078721313,2.142828482649781,6.60638936613175,1.990256716043426
149308545,0.014757270092439512,2.2012472062514505,7.2513164488866195,2.0830141770192907
149308546,0.015136243460777415,2.1832826674383816,6.710038462650813,2.195775568845115
149308547,0.014694575151736841,2.181816247803544,6.81425110453324,2.038667703601346
149308548,0.015583061203809654,2.1767876371668993,5.695639228484591,2.700961686027679
149308549,0.01526935305221377,2.221444225888463,5.686711818012569,2.1699423395388724
149308550,0.014777900220275648,2.1508110237080533,6.57098556224304,1.917994335891111
149308551,0.015404560402957465,2.2018097301330473,12.155334889178933,2.651166381088916
149292153,0.016951265979816627,3.411880989650305,9.737796496870365,0.9079479561545846
149292154,0.015638224907807242,3.334477822074537,8.628011190686268,0.25153706755649247
149292155,0.015657393703634878,3.3198481740271286,8.517352540530824,0.24482540246307696
149292156,0.016295421773692465,3.1925123919573277,6.980005610645135,0.6457435111340903
149292157,0.016300454946118523,3.187431939486944,7.003886052440629,0.670971354715476
149292158,0.015486107695508771,3.2608579016776886,17.351772161837708,1.0392597973536413
149292159,0.017318842493956307,3.1952890099199487,23.987826858583286,0.4052153564861367
149292160,0.017110079083525256,3.319603674045043,6.617640625839056,1.0376405864750409
149292162,0.01561970381663193,3.2766420959931866,5.553647457498375,0.3659894017719942
149299573,0.014028305216365795,2.217336975813238,9.669846070487022,2.318181459339877
149299574,0.014064720138748406,2.2124668906510783,9.591739344214558,2.333636468399874
149307852,0.016354289050898533,2.3968467107652387,10.505078898938603,1.1366756220457697
149307854,0.017222886653144052,2.1060909498309335,13.999582398450041,0.8648286507808018
149297851,0.018416736910556317,2.077554715867061,5.4382614815207635,0.8563510612785722
149297851,0.01828665241769768,2.0956705410396803,48.668209841373,7.695934378802348
149297852,0.018605542075124,2.1992241781151867,53.81202131641411,1.9444346241501724
149297852,0.018521493417346817,2.201233706954137,70.58032900626672,6.975842366088526
149298716,0.02225411717469767,3.26381486127261,8.164734754743858,5.5433981221759066
149298716,0.022249856466978017,3.3011106294520935,10.979457560068374,5.076361782361075
149298717,0.01972809781082837,2.8441039645411417,38.49909297348262,9.609628820232418
149298717,0.019697318601607502,3.1442354103470427,58.77175535888332,9.88100739565449
149298718,0.022382936843293864,3.5808402176450524,57.11143028503635,11.812016764431078
149298718,0.02232518983150605,3.5753517044859877,43.337802027015314,4.431456843396361
149298720,0.02200365251003529,3.6228808874895413,35.562858504976425,10.664827302919155
149307802,0.013125149813894245,1.76996212991557,3.7378232413379355,1.588333011937873
149306630,0.01853220789098208,2.489478094539961,13.427931749126243,3.57851085699726
149306631,0.01856399295914812,2.4899077969725467,13.580673004783975,3.5774543131097056
149306633,0.018409934643222034,2.5810854160332592,8.876850916379906,4.140001020460008
149306634,0.017684720964553282,2.600541609138484,5.460816795314256,3.967250567728622
149299080,0.017005223786712143,2.3222124979804413,2.2701176714257154,1.3243090054671451
149309242,0.028741026068887076,3.891592864282567,14.529580419507344,1.4360384358152583
149309243,0.030514736929216177,3.042423144766328,23.993069805519855,2.248132056655873
149309245,0.03068936055793352,2.9719027019845083,25.918007769281605,2.2593227611955813
149309247,0.026311168680341442,3.306438734786549,10.558059117765035,1.9033982181084914
149309248,0.03074356295838304,2.148376467847637,14.989249081553238,1.4072379324028506
149309250,0.028731407303187812,3.5191395177087745,17.395312899223025,1.1022606906586634
149297361,0.01910719716997831,2.335843931505311,12.471793711924711,1.197944500655994
149297362,0.019456949419488213,2.3423541866809363,18.374710607947062,1.8599211679274412
149297363,0.01922427922577364,2.5437130485536046,15.008347894100943,1.303499783778958
149297364,0.018737227849552587,2.331814464658156,17.401023007595477,1.2866291960383194
149297365,0.017872125775204438,2.0822560981719356,5.256869856528713,1.0545542998223576
149297366,0.01776356157611013,2.0693494669101953,3.8716173791337307,0.5321911304811663
149297367,0.018070256929978084,2.1279546599298556,11.386309291496637,2.5902436378663993
149297368,0.017853927044669385,2.0873966933882517,4.127678206525246,0.8324028681622367
149297369,0.017885639992332454,2.1236995093990334,8.943133400453908,2.9154327143136753
149309709,0.014726246776326604,2.8185758312626676,33.2871056924454,3.9054326678884648
149298206,0.015006363118020598,1.8498587790487522,2.6297187056855007,0.31946991244761347
149307746,0.029180727658337083,1.9834257798303963,1.557001905620344,0.7946716375015644
149307989,0.019671674260460004,2.8373738006674305,7.598750618248649,4.153417854221129
149307990,0.01709687260370618,2.7183699259505127,0.750345676749332,0.26862131035476805
149307991,0.01957729670793806,2.864908757051342,8.012463565025863,4.1826961980993556
149307994,0.016999503895746802,2.8912870772994337,5.829198102836848,4.336415552362291
149307997,0.016311800180460363,2.9263207876603867,14.321211960830688,4.457366410065393
149298527,0.024387015907446637,3.822403937493864,16.898991579351595,4.420945739489237
149298528,0.026042421200775715,3.5941889853507187,24.75349481845481,6.376168340489304
149298529,0.02688485209416334,3.5010344072868422,18.27192900869819,4.765933078050933
149298530,0.026955434529291358,3.4996021698421242,18.531421790432145,4.7506313984809125
149298531,0.02521568762198418,3.6116398175133444,25.020969221697854,7.685830340240633
149298532,0.024579128424730028,3.484969968032511,28.54096244424756,6.884046913021831
149298533,0.02472173062550532,3.459682653178789,29.01595982661275,6.938180436974457
149298534,0.02434967459973623,3.6737424664390006,26.092026135740106,8.4333232325024
149298535,0.024416487724555545,3.6677507191245287,24.963137659523625,8.134683964251417
149298536,0.025049860849297705,3.2441397120286073,21.159051801736332,5.732208246153106
149307549,0.013175787323084354,1.5781872269248058,16.275253701461747,1.0764037792693248
149307550,0.013368003593393634,1.557425922211325,15.469748289809631,0.971896680842361
149307551,0.013672520199128346,1.5643739501033367,14.102974986304252,0.7895468522130502
149307555,0.01304828778361552,1.5601961223378855,16.658576809242888,1.3915764567079978
149307556,0.013231029765083814,1.5665330251670495,17.159596162630457,1.3638197931418203
149307557,0.012781304564185114,1.6328914274028667,18.43744687998731,1.5256295750414355
149307558,0.013054626421288693,1.603893359252391,18.11247727889146,1.5729949273466646
149306586,0.010676178331814189,1.258698138233802,2.5182831516656914,1.616756273625463
149307946,0.014235716387232025,3.1773358640039633,4.530515229560392,3.220287261784222
149307947,0.014314267292197438,3.199104753767413,4.396382138535284,3.207902733685071
149307948,0.01526560217538704,3.323773843976402,6.695607454710989,2.652018047471243
149307949,0.01530794017786431,3.3103301741398923,7.197717024016664,2.639839217550056
149307950,0.013154904285507326,3.1959403937979456,16.703060665678787,3.5561238502464474
149307951,0.013010481047284495,3.180170140098176,15.152292713756813,3.5831331773355424
149307952,0.013300344387002516,3.4610120395022763,12.02269270726141,2.7925915662496417
149307953,0.01325356130841425,3.4538792091874555,11.976468775138729,2.7276132963125836
149307954,0.015243076053278001,3.4718085846004674,5.481103590935722,2.5163442227056376
149307955,0.015301015237897994,3.4712923538847487,5.605428311650922,2.4972589937171104
149294151,0.01810575554003077,3.22293636244881,3.881660489282963,0.952797342480267
149294152,0.018035734193381534,3.349708267873786,3.8688486739750663,1.1458886569040494
149294153,0.020218086035640834,3.0446104120299147,9.404365423767837,3.887609195281234
149298212,0.016129311760695163,2.104353398930221,3.3411987556960123,0.008367446804133268
149298213,0.01463078444405645,2.3579409364484443,3.235297051289314,0.0060692980669014044
149299256,0.017616789865997847,2.6928567600957254,11.556303932831634,1.3766795599133335
149299257,0.015181374051953066,2.747265694512818,30.863465795651788,2.319042966648637
149299258,0.015229487457445052,2.6768096334572804,29.121301106098954,1.8298429561963339
149299259,0.016881628984429128,2.6992962844781925,32.48363438011249,1.1919771262069085
149299260,0.017957965802771307,2.829456325641203,26.91142311282099,0.835144555126789
149299261,0.014958599042124295,2.656417220859953,19.95745644295658,0.7927688315036957
149299262,0.016655512746190072,2.7017197814334883,30.772990165822605,0.2735630884260383
149307724,0.01925433665938038,2.263083717460295,10.505677060564452,1.8064514805324854
149308628,0.020015609882674056,2.096756924654679,4.85867158960785,1.9202681787630909
149308629,0.02006329002149896,2.097255430325285,4.769771805969819,1.9090633334266447
149308630,0.018114740482342195,1.82383649961182,8.644450336975574,1.1763286559358526
149308631,0.018152018788485626,1.8158037038714399,10.210463903618905,1.1942305469356778
149308635,0.02069278528427768,2.070957581755893,4.661893584208558,1.3962959407317852
149308636,0.02061768429720531,2.070682728142233,4.71631839791987,1.4086032324218791
149306605,0.01893472953497585,1.9386643688929468,8.023087761256049,2.5829623686582037
149306606,0.018894947050494666,1.9173761014227357,7.482685305288616,2.3537156961486425
149300014,0.017032629811922367,2.3573431576831725,6.700999613319986,2.035256667582952
149300015,0.016666037957883097,2.4153971923669975,4.430724472919797,1.4028256371801122
149300017,0.01758108853292482,2.3079755474306807,9.73694118182642,1.2984347672545322
149299578,0.01182932645301622,1.7579405605787437,3.6434011290615294,1.2227547666588852
149299579,0.011932847205796434,1.6606599872532748,3.3842969995921868,0.9843163051066057
149299581,0.011920774242812767,1.6324460581058111,3.8078760777236322,1.3969631503903885
149307956,0.016163282977364267,1.8820000236221173,4.717852392714917,1.8290626014926599
149307957,0.015692890944681185,3.140498342814973,17.572164525671923,2.303262672208795
149300078,0.014633697310996554,2.900894416527351,12.069523894443845,1.3346384665781723
149300079,0.014857765977539291,2.8941138866331717,11.456869743596375,1.3115775754924126
149298500,0.021152013331811527,2.703502997553447,7.265031957124464,4.122086917780034
149298502,0.021107787412438,2.6871760076864732,6.694039123136015,3.9725517894762
149298503,0.020822725934936195,2.6881811307843595,4.665168622517395,3.362664225594098
149298504,0.02131762398982688,2.557864459105396,5.7170228443228135,2.579951249617972
149298506,0.020817590778324437,2.6885743345949753,4.734391243903205,3.3825939411216943
149298507,0.020904158513545143,2.721685284299308,29.23276338901233,15.046720399966556
149298508,0.02135481839981712,2.5581939334268875,5.888685528184461,2.646862075822421
149298509,0.01767898932704135,2.717078429187456,4.951348505662803,4.328035036152088
149299550,0.012393347000443857,2.2700433120084,5.132455210667455,2.8000131788224962
149299551,0.010665514932508554,2.4037092027072156,4.206044717117355,2.9100257439217105
149299554,0.01036412110353795,2.5489777171028414,4.423626485342338,3.4601461716829993
149299556,0.011183239143046747,2.6020482791729305,7.048318343586343,3.2880820972849047
149299559,0.01063046149551915,2.461000560222747,2.712010127389539,2.4958512810050615
149294021,0.019566341406186447,3.801319821303132,18.961414652502537,1.5913638574864597
149294022,0.01971571160073297,3.7935929769008934,14.751616609571597,1.8921451117841637
149294023,0.018346259471489334,3.5952000116887466,7.452164384601207,2.1536162173402467
149294024,0.019628824413223906,3.716775902867411,17.69091800409263,1.6282175191439854
149294025,0.018457398809484445,3.753790110448298,18.062670065425063,1.6166306190827218
149294027,0.018853133661690235,3.752818507627006,7.229816647145175,1.4491083722066076
149294028,0.019257303471364708,3.733705209701696,5.401428980616574,1.6904895714353607
149294029,0.017506100748011434,3.402693249196357,5.825258490423228,2.7283881306258237
149294030,0.01942150948139688,3.622831136404049,7.418732971224074,1.2223077989939164
149299483,0.02358560736709783,1.883133454190572,3.6402790736966932,2.1701218513296037
149299484,0.023585864558371694,1.8871585565982825,3.44867716100635,2.065354821626543
149299485,0.02352549390237068,1.8711902231828719,3.2091399993140937,2.0088726440509235
149299486,0.023482398330603626,1.8709803667159248,2.973055114172361,2.084513741458221
149299487,0.02352455179533067,1.8636992009933318,3.23274300430084,1.9699087071076327
149299488,0.023509861961793617,1.8797572833159275,3.1572252618854084,2.0471433620669823
149299489,0.023641148933647816,1.8854093935343463,3.6652951316779245,2.1694822432075984
149299490,0.023547194705658976,1.8855555982870587,3.429442894811868,2.0667303695314954
149299491,0.030640664726770957,2.4303398461987946,16.164895159975508,4.639700984488628
149299492,0.030775878105380756,2.4427394285250474,15.515993629315963,4.49968137002051
149306835,0.009281111262140485,2.517262030551528,2.815337552393534,0.5721957343204502
149306838,0.009298358716275355,2.5101815856796894,2.9046802695599365,0.6000843937142087
149306839,0.008674014609337206,2.5653780967914446,5.046992323820447,0.6756345075457632
149306840,0.008857093439690367,2.5392995037037327,6.093343433784268,0.7144649599021897
149306841,0.008864909543440066,2.532748680532391,5.833458478627749,0.7383122781201271
149306842,0.00872161933146681,2.764367787988621,3.20514522553918,0.7488015394454339
149306843,0.010485890816369992,2.7477203007125883,23.96457481257512,0.24751330528957385
149306844,0.008660882208404112,2.5576941751220144,4.91791900802463,0.6776501192968173
149292899,0.007353923319751174,2.5646404199269477,3.7453141760941837,1.6031475966910076
149292900,0.007815061575987381,2.772445932156336,7.430718758360902,0.8343136248469663
149292902,0.008694356020294152,2.4479487558283335,5.443319567358236,1.6059936047783239
149292903,0.007639310172514332,2.6989860534654975,7.163443030000027,0.27495065947892294
149292904,0.008343288280924198,2.731893008661281,4.846015692437487,1.4507576021923598
149292905,0.008942005336022806,2.651467415675348,12.619729609860896,3.7315960703800095
149292906,0.00820584990252668,2.6130221799481754,5.923100182800989,1.7831639750161636
149292907,0.007372533088879171,2.635257886812792,5.101311784716967,1.799338867047352
149292908,0.0086529721343102,2.725214270694839,11.372320016099689,4.254284841774684
149300559,0.01902344785176415,1.8335857192071592,5.8576423501579065,5.390297703875587
149300560,0.018638119832320957,1.8171793107846343,4.106312104964764,4.351007526591571
149300561,0.019159600917403288,1.817879890466878,5.602724741704698,4.801977146776826
149300562,0.019149761126436068,1.5853261017931142,3.1259440042563744,1.6038760018764888
149299761,0.009072532874551465,1.1822689673318587,2.1622672757544947,1.3652941714655844
149299762,0.010479709422848555,1.3427017626982285,2.588617731806372,0.7379548446249858
149308057,0.01819457862213731,2.5137223981732113,8.995514031660006,7.507186784331848
149308058,0.018121145444066948,2.516578202945448,8.909362576184561,7.514399688069424
149308059,0.018118263173788195,2.5159084816343906,8.879683406403286,7.36558025732935
149308060,0.018202026350203886,2.5098194413386685,8.962247773457749,7.379229009355847
149308061,0.017060409188379425,2.6063703730627954,18.323096787890734,8.161889961400814
149308062,0.0171427054815708,2.5975185534744085,19.690286144058547,8.679963001325902
149308063,0.016944030264032788,2.8410967490121894,17.965909687423554,10.753883676515962
149308157,0.017002388974948726,2.878398625517542,17.374981415448122,10.6704055456276
149308158,0.018244515635987574,2.5943085977203904,9.925043776355615,7.458418134113144
149308159,0.018332647333979206,2.5935829239785684,10.169891871539015,7.282361591370392
149308252,0.02418622176966438,1.8133283761069907,9.801474821873692,4.09094905086786
149308253,0.02411769396700879,1.7933103006488944,9.522564861746831,4.35765092672558
149308255,0.02465711184092064,1.8963650095196836,7.000515529087788,3.7932625105137605
149308256,0.021066464583838092,2.3024011525660533,6.681026594596422,3.92006967495838
149308257,0.02141756375844398,2.2124704877761627,7.086311442046565,4.891124538154443
149308258,0.024126809895091878,1.8024257703430824,7.990936065296061,4.26390806546845
149308259,0.02459726174290525,1.9043582859047485,8.036195519874589,3.8729166936543122
149308260,0.021686886974760608,2.1970658874462985,7.2292725989374365,2.3871625894647073
149308261,0.021401639022757362,2.257337381264807,9.369282024663896,4.778787504393897
149299288,0.01693053175686541,1.6465477196204226,4.198593419950794,3.281206411861016
149299289,0.016591571442431598,1.8361403348064642,3.9413422492231454,3.342884971453583
149299292,0.014471201753414507,2.7232172724007646,11.471716155462044,6.417039185875534
149299293,0.014979968538285812,2.840812398100377,13.457192136163915,7.610013563917482
149306121,0.015564286889226338,2.5955954705397253,6.14966300555892,1.9671199270832656
149306122,0.016376225761591787,2.477244443774128,7.081378554119319,2.0571105292558136
149306124,0.01696411242764521,2.8431955387155674,35.11729561220464,3.1756375044168217
149306125,0.014459078034152861,2.6818521149917665,4.994387040460076,1.5895934217747496
149306126,0.014765246813710305,2.64063479214218,6.421439229093907,1.288226975168757
149306128,0.01586058387586549,2.496177838809644,7.246271393396999,2.069402433648275
149306129,0.015666857921096268,2.6928958404619645,6.362842923134245,1.380288906713299
149306130,0.01698822231631488,2.875416322852592,27.475740902902924,1.214748803562545
149297514,0.016899211490572018,3.5353167746993885,5.839433149169578,1.2491483310422662
149297515,0.0165274006801035,3.4723216243651267,12.68600930194163,5.779928521702449
149297516,0.01551574654997629,3.600860400289268,4.643917008496744,1.227702452739424
149297517,0.01531532265046412,3.511511053249389,8.334581240885393,4.81578208292919
149297518,0.01687682061249408,3.4377688633697847,7.876878057370303,6.39196962176915
149297519,0.015189664984033053,3.659256876759968,6.055996184673746,1.131148662651021
149297520,0.015298044650757035,3.6212117350797106,5.53722490173974,1.348046899333715
149297521,0.015131496907518548,3.577961081586788,12.679134016047907,6.538779956740446
149297522,0.015487914057139082,3.4840784362542028,6.983494182303543,6.388720352310999
149297523,0.015063621524818736,3.5816939928176406,12.776898122551488,6.711885734909152
149307055,0.019455471935896706,2.597982847464045,8.106539491237857,1.0918754670890103
149307058,0.016444073042551226,1.6258380581449225,11.366929924330668,1.4682833856720023
149307059,0.01588323513693934,1.7293049468369603,5.2359656414735705,1.2079835209416159
149307061,0.014304810370161975,1.4496642701896585,7.7765984332103795,1.967007512160035
149307062,0.014159825738410785,1.443710668677684,8.19095611069264,2.0734363508567326
149307063,0.017808524901652578,2.2485522389865435,5.593132159537446,1.5227769122293255
149307315,0.014459721006926102,1.819626790783595,5.020514281335156,0.9323358053608142
149307316,0.014907274548292554,1.7843267435433086,4.370784345417848,0.8122472779156467
149307317,0.014304509637984757,2.2806164373686295,5.7355913694125435,1.517573488771584
149307318,0.01235809507133593,2.1435326801970915,27.97308411857405,1.511622565410364
149307319,0.014480698785461979,2.008831345348328,1.667216682188684,0.619518600131247
149307320,0.014119323318302965,2.4242834803738913,5.056236213057541,1.402912138612069
149297778,0.01803277454584354,3.4594350778946485,3.9911394821678234,3.658094041050368
149297779,0.017997565475267666,3.463517239457043,3.807708088650692,3.516107849685274
149297780,0.01795427493039693,3.462388498844948,2.751429308061363,2.710857161037387
149297781,0.01788908287009436,3.4504977308329416,2.8785549516971267,2.7853007135618175
149297782,0.018008962060464394,3.4385596135741845,3.7023645343835714,3.4673649822015156
149297783,0.017972840515008047,3.459077733823599,2.5256461237556613,2.1002895811936346
149297784,0.01787233347463394,3.4003687897442068,3.0853464157169825,3.0050843039490447
149297785,0.017931936331987388,3.4139041859716506,3.258429521671009,2.984508518522432
149297786,0.018107129036892176,3.4720669300825673,2.590778653652717,1.7724344459566268
149297787,0.018182309306425348,3.3680118781626303,1.9607376368311809,1.7755772406138408
149297948,0.015747898705968558,2.9633087092120416,3.3846535345081965,2.706777492236126
149297949,0.015737924471660912,2.960882349652261,3.406419091388777,2.7526737142315123
149297371,0.012650600744191332,2.0625241896982085,7.14951709484121,1.7705469259299644
149297373,0.011619138029232125,1.9523250444431413,5.231489147600725,4.11462440991615
149297374,0.011901841349039075,2.0133201415654542,5.046882926154507,1.959557323142617
149297378,0.01315085773838116,2.0729372392981777,16.210003980684753,7.561188716437228
149297379,0.012544139708800308,1.9670537710755802,7.165843116591223,3.026115026875232
149297380,0.012256303323053285,2.1751927402496762,8.158233319962987,2.079171982789246
149292713,0.01721187904910999,3.3869241852866487,8.367522247064585,2.1475571793388313
149292714,0.017445138990903015,3.311826116115818,6.858955008936099,2.634603135590292
149292715,0.016140220541263225,3.4675020388189903,7.014716468008377,2.0170783833470334
149292716,0.016118472826786252,3.541576678665351,5.5390820348737,1.652117720291167
149292717,0.01579591005135732,3.317491313337302,4.8456840988097,2.2664489061608606
149292718,0.014608189164941329,3.361793695931405,5.771798422479157,1.4528852997338708
149292719,0.014900993103038964,3.0532577280209208,5.4877609311656945,2.7161071507143073
149292720,0.01602751202103283,3.54803955727469,4.5809981810325064,1.2923913221723453
149292721,0.01584421740959155,3.586578753576535,4.331807149767287,1.8203161444384517
149292722,0.014776784789834877,3.291305670067956,5.585148996348175,1.7361794902559795
149294138,0.016510649450125873,2.9623261792973667,6.372758155830749,1.879543362739609
149294139,0.015083308127329442,3.041670198742024,5.389773513461344,2.244281050786033
149294140,0.017122030432208904,2.8841099892437048,5.183620860447091,0.8351926430912917
149294141,0.015410427855272569,2.947796940998203,5.129978477218046,2.630426972663563
149294142,0.01689940916136662,3.048704237448046,9.939490551615277,1.8373575766396824
149294143,0.016715359762882867,3.1603229677524594,5.903724907094383,1.8509373717886946
149294145,0.01675352189336366,3.0208817169835465,5.563848317430546,0.9791632476242867
149294147,0.016746678071353032,2.929656307850972,4.634102540703888,1.2258559163966836
149293179,0.01586736731183133,2.400210793553201,5.480140323264908,0.7234675537625629
149307885,0.01329961991891192,1.8146928269869909,11.744779378826616,1.1622485348673839
149307886,0.01355254888412369,1.7683700479028706,9.376619675793526,1.0089101050476865
149307888,0.013698656055680665,1.6385774830310258,7.734067780893808,0.8693391717618462
149307889,0.01328621575464394,1.4900906063111716,9.860708257512606,1.4116545889630816
149307890,0.013942623037439024,1.61475197722845,6.922136929664611,1.7556477874351546
149307891,0.013112106812134023,1.5979038935748402,19.608866851413943,1.1913032066603462
149307892,0.014265485541341437,1.538904993059542,2.6948388181232215,2.320933955722178
149307211,0.014014236782174297,1.8950835202143683,2.052235758668129,0.29582261696383777
149307212,0.014080519827152882,1.9250646785000751,2.032958532783427,0.3246915407769419
149307213,0.01304466300431861,1.4641342365415715,2.255491712535959,0.16471885865547217
149307214,0.01336187161051209,2.2304913523617085,2.117727104992233,0.059446711106211476
149306793,0.01362407548246514,1.7123486981458382,2.782725581929423,3.4038955247048284
149306794,0.01352233002962417,1.7059458436182078,1.8661436795695672,2.111773846094432
149306795,0.01330166590080734,1.7448270194339406,2.9130209130456675,1.8314674775984434
149306796,0.013442520543349448,1.7368470316157978,3.2862098958442014,2.51852079153619
149306797,0.013320617962682219,1.7845480369022897,3.431674065951186,3.584035846713197
149306798,0.013433937766766792,1.7876419161279373,7.736903768502509,11.485239043364292
149306799,0.013201796807917828,1.7657802549033852,2.436020036938614,2.2134492237843983
149306800,0.013153522891769078,1.759156639522917,2.8704894250747213,2.877602177457454
149306801,0.013491639631070832,1.6986444542977461,3.650270692937654,2.595437666773079
149306802,0.013395665747812742,1.7016590538768466,3.0795940933008232,1.7157029258983203
149300378,0.03668776983835932,2.9147174150160464,15.238055639116284,1.9865517289169854
149300378,0.036275315030287476,2.7579756891076013,65.07201599066461,2.356910724035696
149307121,0.017282150232313612,2.7658583907187264,25.78280081294226,7.4071207243406265
149307122,0.01695521158334535,2.7923980106515756,25.892257901120924,7.266566385929338
149307123,0.016420136635948948,2.5900703871149835,11.432747660502661,4.3853430811793
149307126,0.016409158544238394,2.6294962772548294,13.528259277838139,2.140646712103929
149307127,0.01562332553377927,2.7142617143857617,11.575065462432455,2.2403599695541185
149307129,0.0162046363196195,2.750538247264719,8.60552193339519,2.6351475002187827
149307130,0.016802463525991133,2.6509201313096344,20.18124368688606,4.59282071540179
149293889,0.009227525212392505,2.8890128529833863,34.83554763694813,8.921928484294149
149293890,0.008679334534073569,3.484417950400238,25.39551397964297,10.386157374810939
149293891,0.010425032668084682,3.1360087327633503,17.90433126553503,9.409331838300185
149293892,0.009142518161324524,2.9417827257328804,11.139726830456715,3.683349434930752
149293893,0.0088675906729444,3.2186352059600134,10.370036012530159,4.026171076284216
149293894,0.008238093945081492,3.0404120250410633,12.078367580428235,8.550818740528733
149293895,0.008955166519081051,2.616878964212498,22.930842611003953,9.708363163942511
149293896,0.008077872637321362,2.661145045283065,7.435665322711292,3.7671010118406256
149293897,0.008131680855769319,2.8082597855800158,5.216049623115665,3.516521935992022
149293898,0.00973250320974594,3.321058417797912,29.904839248691832,7.995196314462979
149293935,0.008908633766027522,2.5760839685943067,18.126558464420444,5.782959684843802
149293936,0.009723348581119005,2.7986871458508413,11.676075189964378,8.569650411643154
149293938,0.008826142979688796,3.0738592814161487,17.32368019474213,4.928051292908503
149293939,0.00995276824707946,2.894929200575984,11.582321009821031,6.942476335793594
149293940,0.00799152891837204,2.878176082052669,5.279095621594224,4.520567239381944
149293941,0.009253717355076112,2.610354201360149,11.592922553959,5.525280405982234
149293942,0.009500752249877288,3.285427072057238,29.08672284795983,6.293274497276836
149293943,0.008517197575410633,3.155750179519108,16.252339709274388,5.261798788568365
149293944,0.00993303451563384,3.0958269588773026,11.90227644181446,3.573192915826669
149299393,0.020636735989100864,2.4615736006822675,11.87917699252716,3.1419218566324116
149299395,0.02058128891302652,2.436434601122096,7.925628160877457,3.3340602517800457
149299397,0.020948345543286076,2.45513120620203,7.957410763595187,3.2493531632593387
149299399,0.02037162243970112,2.3851050305639516,6.433873386428459,3.7093811948618507
149308242,0.029003812264546704,3.4142246423975684,8.338680066316176,3.992252992385317
149308243,0.029445145654721443,3.187618123106355,6.172950542485183,4.284019925900169
149308244,0.029783258317195707,3.252065210901173,8.41711581273378,4.776309930586598
149308246,0.029070354303089293,3.9827555710655504,29.81272960121067,13.758363367321495
149308248,0.028491365965509316,3.5010485440539947,6.841408419683165,4.709259314008876
149308250,0.029484837900065133,3.4045611939780445,10.733794487564696,4.186412814426347
149308251,0.029431027461168338,3.776893024806179,17.480628162798247,4.439325646868812
149293343,0.00971193194472293,2.8510139296581407,7.790763211458164,3.4454525196034855
149293344,0.009841929644084998,2.8640293737248474,11.085921168187706,5.431524748458881
149293345,0.014282751570836845,3.1037474395169,9.794276950240093,1.0475240383846294
149293346,0.011106905486399124,2.819519393335656,6.2786509090231455,2.5727686461074115
149293347,0.011353988665734303,2.7644670686745503,5.92759393701972,2.533457224275455
149293348,0.01147662797856273,2.7567796360852017,6.09110754603513,2.6174320898163264
149293349,0.01067160817179346,2.700288163320424,6.930575760556701,2.4587573555094386
149293350,0.010675227785495513,2.7177926068909204,6.924546368343481,2.343778583312419
149293351,0.013244214971029821,3.100939526458602,10.547341789788272,1.1726926341080748
149293352,0.011411724068563311,2.7614057693218608,6.144647445197566,2.62859385183139
149306188,0.013926295526981426,2.655682587910364,15.930584510173704,8.059460237688736
149306190,0.014038514907199057,2.7221978505789224,8.323990118605945,7.088100073082261
149306191,0.015443873509499231,2.619726114214371,20.09549640646783,8.652056317168782
149306192,0.013521044274231177,2.638098093718107,8.16427835184166,2.212201514700669
149306193,0.01359361514926226,2.700651916149783,15.33377946304139,8.47256682099561
149306194,0.014836645770752586,2.6421591772952144,18.377381580218323,9.200592865548359
149306195,0.013866747256702547,2.693956461139497,14.224473809324,8.806787338115738
149306196,0.014328634241995526,2.6434038738062764,14.988236572514008,8.479321496761422
149306197,0.01471710644958992,2.6569445975409214,7.037401936031877,2.6227568072374905
149300598,0.011685312881299495,2.2549160679065925,2.820339095082265,1.1491507870829916
149300599,0.011433260953112749,2.2764092584202427,7.95845944998608,4.233507658705431
149300600,0.011421125887122845,2.281106269727468,8.331590940846233,4.278529855832057
149300601,0.011604070557495249,2.300164553930941,4.092490229152488,1.9146518800156063
149300602,0.01141680208866715,2.3048845386780514,3.598313749283817,2.2440197230199823
149300603,0.011916211434054524,2.310740462585692,5.1012045745279195,1.7834930354402798
149300604,0.011912212918028799,2.309899566753462,4.858876816763789,1.77526429784966
149300605,0.01147884666643307,2.2554405961044806,8.192646908209046,4.3183297077687985
149300606,0.011926485644946715,2.284969089640942,5.459457876067944,1.378726736562243
149300607,0.011995193518249072,2.300284991782061,5.886352518556776,1.3878143132994325
149298521,0.013874503871719889,2.3604526941615114,5.760238948468171,7.716896566454416
149298522,0.014489854636353201,2.3218983319746376,5.977368213249229,8.244420611439013
149293026,0.007658582451906139,2.401254033502602,6.9911853912563,2.766584081186752
149293027,0.007932496778060811,2.542515052394173,7.61254334284404,2.0928440164697197
149293028,0.0074880599516750634,2.260141223557541,9.823618529108089,2.648567206858495
149293029,0.006875647955727258,2.731825608227923,6.294010219679726,3.532966690219624
149293030,0.007598074457378983,2.396165670213929,7.740938732386588,1.6853628226042598
149293031,0.007844091388466902,2.5785953336808176,11.205463542457496,5.038735474578188
149293032,0.006817701243262211,2.623812635195534,11.745014470255803,3.6728115029646875
149293033,0.006784231456341859,2.4205369967185706,8.104500024193992,5.8784158426224815
149293034,0.00812964504036117,2.9592824864570995,14.991284053744634,0.6904095415139648
149293035,0.008506586899627062,2.5288401923723516,9.410204679592105,2.4907174383761728
149294237,0.01625991199594524,2.956439647361644,7.014978642422223,1.1936012325210117
149294238,0.015215419383284341,2.996862463072937,14.458016005536955,2.175638855740241
149294240,0.01642230186951793,2.9128322492528356,11.443086426250863,1.005890401247408
149294241,0.015670664612784053,2.7484231201112905,11.133214193971478,1.9583765975479657
149294242,0.014471447198179957,2.8334904215179684,13.924538810733305,1.091563622328467
149294243,0.014506780904863282,2.7320254741548324,7.182672727299948,1.8537465238077866
149294244,0.013584258873316355,2.5820472774222654,8.947799026252461,1.6635837419577502
149294245,0.01615980141571021,2.952203380310574,6.733417393614938,1.2635191243955923
149294246,0.0157297520990549,2.9365023514635125,4.815427914058315,1.6445641234885753
149294102,0.014998960193115363,2.8576555770750036,6.131132716553233,4.612709042068629
149294103,0.014776165443194418,2.984467828323783,4.686207036807088,4.318951619567568
149294104,0.015147956625934473,2.884591227218203,4.064467087723637,1.7267761042257708
149294105,0.014527971800664915,3.1195167034425357,8.169474790125868,8.522824804077418
149294106,0.015337104228238167,3.112059762811837,7.22739903255112,2.0673983086165135
149294108,0.016243932795329468,3.1351873155080825,6.752176945457322,2.1431768207722555
149294109,0.019754117144452056,3.2356163015405883,16.323132361434745,4.2722574666664475
149294110,0.015027494681055825,2.923102136288492,5.8637031594534,6.0847395262907344
149294111,0.013548637305767264,2.837364581719906,16.69840877852467,15.953150554368348
149292645,0.03152202106352384,3.659293243049446,19.528847849829564,17.3237536788119
149292646,0.031628423364813744,2.7447936205191112,15.90269765525875,8.32372435975905
149292647,0.03141924866187709,2.836382991048579,16.378026040987553,8.723547304173948
149292648,0.03158821571753652,2.7399644119556736,15.88475527546698,8.263921090335957
149292649,0.030797929490064924,3.4911872778172697,18.89271471253401,17.219194146238337
149292650,0.03088543224029282,3.4378745050151114,18.750474732300216,16.95526000809463
149292651,0.031421141069379814,3.7936708920993643,18.443063983000407,16.67666525698037
149292652,0.03148125160031426,3.2031694052441453,15.78176397618757,9.214849507127646
149292653,0.03156502601904031,3.204994295861477,15.851097467113197,9.318973794937442
149292654,0.03114658993295341,3.7516733980822567,17.32164609866611,12.96701829120921
149298424,0.00782066178172923,2.0341259597977763,12.218454503938197,19.053449471989687
149298425,0.004930048496432335,2.2934685615919657,11.89750796651936,17.65080321143826
149298426,0.0065948997230417215,2.180698825216646,11.867398454229447,18.263783129665512
149307331,0.012144778416894314,1.7655688035591268,2.516009709954797,1.198858974076701
149307332,0.011076215920082294,1.6123626597300742,2.7787369978313325,1.7125424790100476
149307333,0.012152134113720734,1.7425650137341564,2.3771219978400366,1.2657795731705512
149307334,0.011087968466849958,1.6163023275256279,2.773359253068765,1.6645813793998316
149307335,0.010997467930308726,1.6299498231485623,2.029237087564246,1.451526969972545
149307337,0.011045201145910722,1.6262379723372202,2.1650208742851818,1.5394176171947387
149307338,0.012657831933991524,1.8751065941048273,3.0599921340144034,1.3030033167224897
149293659,0.05696258075909848,4.885201100546146,8.006141171433518,4.057095271707861
149293660,0.05728593682159342,4.8628964433165915,8.515073582662453,3.9479860191691474
149293661,0.05758253358100806,4.640497843098222,8.385850030377691,1.718171835112007
149293662,0.05719662339394594,4.717362375106247,9.102767352592785,2.8466576927422507
149293663,0.05723463832295515,4.671281083804813,6.996184678459492,1.15816412301046
149293664,0.056672740711538265,4.639997851117515,9.849230498034368,1.3433395449543244
149293665,0.057125499447779414,4.871314474108231,8.036911007518572,4.026389480462425
149293667,0.05701901644608379,4.707480058791849,8.268293941581348,2.284384549376006
149293668,0.056212529048777396,5.0134536705063635,7.699943428650459,1.0912969311881902
149292752,0.0069533178481571345,2.0800683171947254,4.36989730077114,
149292753,0.006904570524833229,2.021625674542113,5.530791233601332,
149292754,0.007147882896204938,2.1193510185201694,4.9882981666098605,
149292755,0.006849982526426872,2.144444460521543,6.724804487291498,
149292756,0.007011787560213183,2.049393510576802,6.244711988888744,
149292757,0.006450043964809769,2.153881378664823,3.4632443835577638,
149292758,0.006617236766362558,2.14086936304363,3.693551883509376,
149292759,0.006325570335731928,2.2284856828844517,5.542422121127599,
149292760,0.006809972687618486,2.219927941941898,3.7331277817489315,
149292761,0.006888681651888166,2.2061656127624825,11.282968316718513,
149292539,0.013631338457202557,2.8707213603972876,5.556639803262518,2.632331584351577
149292540,0.01250587547956734,3.056023295015679,9.233699571690327,9.66845685022762
149292541,0.013124550530235935,2.89217709139587,9.122856735333173,6.579995705084269
149292542,0.012199832105730439,2.9874962494901602,19.769428337766257,11.570970494699035
149292543,0.014911765866596536,3.35268206912547,8.164717814308531,5.370450687205785
149292544,0.01445455886775679,3.423856487123659,16.459150360843427,14.120818486615706
149292545,0.012789953778938925,2.904294615760301,8.263137339304297,3.7480333194160647
149292546,0.015148551943657402,3.4613208993968136,11.262583715777781,10.95538792276238
149292547,0.014676075976798571,3.3657871804369446,8.738455686183352,4.674688028843307
149292548,0.014047802475234622,3.5190301214273774,11.577726631025802,5.625083808964295
149291740,0.012254670183812589,1.7987491425058286,10.118136744425236,5.5350622050421325
149291742,0.013894100595597293,1.9422632721210509,7.515013000783379,5.6059589252828035
149291743,0.01224730489267966,1.8215155727088361,5.098362470477616,5.5865674079862035
149291745,0.013612715792148388,1.9029170080834648,8.808884148957981,5.635368669161894
149291746,0.013300764213958724,1.9254765073030076,12.371561637451528,6.070527306942045
149291747,0.012801846604530372,2.0202362170975077,4.4565747970338725,6.173722770868069
149291748,0.014679508325292632,1.976001612413856,10.166859169787207,5.725420092535462
149291749,0.013360320278866935,2.2141353785317186,6.630929655440793,6.718353922504024
149292772,0.009867747815666543,2.11604561470726,5.237858711273386,2.686503324423166
149292773,0.010092536678256813,2.1219762119060883,13.918577394940172,2.5344232135168854
149292775,0.009909369957760513,2.1832499814356803,5.4636232233408935,2.5203873767157132
149292776,0.011152700808334935,2.181274609841506,6.9560021679491575,1.6075124792273479
149292777,0.00986796470839758,2.0931901564696975,7.087722225746866,2.178283756154551
149292778,0.009969734083758805,2.184298872767757,4.798412352058339,2.089757704542945
149292779,0.011417564279118095,2.237480707718138,4.363479568433153,2.454589817053141
149292780,0.010272856430741077,2.1470979098934726,9.62430854175505,2.0804202348096186
149292781,0.011545055767633712,2.1452173579320646,13.755735092557462,1.3450085060991248
149294314,0.027430705611237696,3.2188017496184758,11.223956216578879,
149294315,0.026228257871206646,3.5837586085700583,6.902491831061791,
149294316,0.025631956887141788,3.6523078035786862,9.154097569106705,
149294317,0.023235236185008206,4.830440278077436,8.590203073495987,
149294318,0.025305371261335106,4.622552954805972,17.173619498262024,
149294319,0.024695383272419498,4.339172971547322,9.305133421054089,
149294320,0.025523832664255362,4.111902256514166,12.942179786402576,
149294321,0.025531224592248235,4.120879169759194,10.061082409718745,
149294322,0.02369685498071636,4.153676381121932,11.090022365981328,
149292559,0.010471453063132465,3.007343221703762,8.752791195474963,3.6928930120648853
149292560,0.010253039124781697,2.771494238683341,10.156912591676843,2.1458938243756167
149292561,0.010898345993698296,2.742599419677371,13.23145601621344,1.2504934592658996
149292562,0.011158412573860028,2.6187430780117955,7.6063071381114655,1.4531556658303848
149292563,0.010899452264717285,2.994628415188505,9.839844978094929,1.320249561006577
149292564,0.01008940260543144,2.834926235191341,5.766778984823695,4.382917589074257
149292565,0.011020131276359047,2.9603080984461445,13.610917014723892,1.3935448404735171
149292566,0.010490732988667237,2.627446517259435,11.682991839156541,5.074926087720731
149292567,0.01127718847581128,2.5645029528357313,11.609470298598815,1.5979010531248932
149292568,0.010444036061833008,2.5440857172553395,11.146193410083406,1.6078361008890834
149300087,0.02341302978217922,3.6057332096921764,11.562096622259705,7.736757258292498
149299632,0.026135215088612582,2.011131427214886,0.015206596051556115,0.009036626407426213
149300435,0.03784045417014352,2.685307356014006,6.797760136376354,0.7917913762429513
149300436,0.041528357238050734,3.6188747013798355,20.105580309725912,3.7467910744804445
149300437,0.03405844784306651,4.112462125689265,23.026978483255046,1.1119514699094368
149300438,0.034041717376884356,4.11192954381136,22.91418712176704,1.0706147348460162
149300439,0.041604605882841386,3.665575215142273,6.774055215107541,2.9480363339121767
149299244,0.014278244281646625,1.3328321846906686,37.53034797086134,4.611994252576618e-05
149299921,0.012767706176845249,1.2993092321471709,37.52096704659374,4.1285794790361036e-05
149308304,0.015745127566325772,2.2950495090918968,26.239990011145224,0.0006251869526521727
149306876,0.016875769916657245,2.260884886516125,0.04160926650695861,0.03044334365131787
149306879,0.014589063496413606,2.468992570395135,4.856915501480389,0.8774697831949435
149306880,0.014473207127891753,2.8332630430136874,4.591705709094069,0.6943140014408719
149299211,0.013855736723298378,1.3308700805499771,0.2515357207118355,0.005506475941403726
149299239,0.014537429570178244,1.4539037622497182,39.594172317442656,0.004078662575426922
149306635,0.017848286959224236,2.3041893400274214,7.028406463559359,0.42898052358968325
149306637,0.01780602020554249,1.4493675968953834,4.51835477558975,0.4143172571319117
149308470,0.018177968100074444,2.1328789855146706,13.078559147073191,1.4326131844706125
149308471,0.017327273992793775,2.180977307225281,8.84292590191137,0.9510504431037248
149308472,0.018086604135902094,2.090243722447399,6.889790910246406,1.1435382508169605
149308473,0.019119157901508785,2.142398176544939,8.459634051529164,1.0265271932809505
149308474,0.017110493564146782,1.8673157285895756,8.40903184649942,1.6563046443366491
149308475,0.017643969761218438,1.9207771226296113,27.216610773351263,1.323367655060372
149308476,0.01949930476101213,1.9618207275043387,12.469645310906355,1.1649010722030457
149308477,0.016505450397206717,2.536714474436499,12.273058881781063,1.2877319086214967
149297955,0.012328605930363844,2.1015695350195522,5.691658204657277,4.320659267694416
149299054,0.01484878630131111,2.008846324882951,0.0035069359526447266,0.001289161100373818
149300310,0.03681012531946783,2.987007967514715,7.537617972431066,1.6738287865797268
149300311,0.037542652385931165,3.0395568575221676,13.290643680442807,1.832523492429208
149300312,0.037047465256491566,2.994842044813251,11.97847818591597,2.8751484831217287
149309274,0.030315717642264175,3.3705686736720026,10.592229749066435,3.9368891068394163
149309276,0.02594856012111249,4.519635593953795,27.413273434191684,8.397272651645066
149309277,0.02453061162562884,3.9007457776164665,17.466062494168426,7.537430142942952
149309279,0.027497798860072586,3.753411224489358,21.007712055835064,8.588457606440484
149307737,0.02164685618968074,2.634630118654059,4.7141390657890545,1.5648576354234527
149307537,0.02052747179644646,2.007423737756495,4.326403805939528,0.3110289483878126
149307538,0.020538503078013196,2.0393973318007004,4.83256660351766,0.28623530911222445
149309541,0.030772706603565406,1.632775277057273,18.051257120785714,1.1557486827298091
149309543,0.02467150452805818,1.5997946826258589,4.050130409568685,1.030319081022479
149309544,0.022209679614923292,1.6514729679604065,10.544721139284519,1.207266029313794
149299101,0.013409147917385107,1.6616825788414284,0.0031985250783057124,0.001762819301140155
149308997,0.03154708168948168,2.4365741261550684,10.826926725513173,3.541814132520649
149308999,0.03144248281450048,2.440782304107354,10.973833803806976,3.544363925210872
149297954,0.014686545884994422,3.0643999951128227,11.084648294061386,3.957385311734096
149309728,0.020610763324223784,2.240905325953297,0.8198037743953259,0.009117971572436632
149309729,0.019112587995828035,2.123364467159985,0.7307467592111402,0.005449748248894767
149309735,0.018862323609318967,2.2777535887240723,6.023283245369246,0.9790696416018768
149309736,0.018872525494158365,2.2812819465323595,6.0796449962771755,0.9758365717901337
149309737,0.02007149851978938,2.3755647523400567,1.7458127938635806,0.014135954160179941
149309738,0.01770996205297256,2.277891481040375,1.3841171354546054,0.007935243790036437
149307968,0.015836533959853797,2.793875471364077,15.328899314302337,2.8674458706714288
149307969,0.015948983640082855,2.81303338337833,17.839282216644694,3.7759748733096163
149307970,0.016161555250097902,2.6819465751176823,2.5238094988144266,0.9630228376590787
149307971,0.01570849641104152,2.283442321066086,20.53516830158956,2.229718828194951
149307972,0.016070941527252802,2.555619667813241,4.706924113843517,2.3409146233105
149307973,0.01593898410745419,2.5532750064173424,4.581930829830849,2.14920922468938
149307974,0.01563380778442737,2.287441901954919,20.084801832646264,2.249311568270377
149307977,0.014973630271067736,2.7943368306278376,1.531332615065375,0.9718904824796372
149293879,0.010517245476620734,3.060030253628784,14.15969670922265,6.550041016771168
149293881,0.009806155401814275,3.235105737769422,4.041684357871455,2.4196073400190055
149293882,0.010048254214370752,3.361770587926656,5.506495532179954,3.683400496556937
149293883,0.010108648895877296,3.3433785729485583,5.25920208493665,3.452580955864859
149293884,0.010593726136612427,3.0482951366862205,13.746025405987055,6.5053630549699815
149293887,0.01038345452393103,3.2807989685250507,5.624670614759403,2.8947215062687617
149293888,0.01033768177622791,3.1928819424063852,12.919813322462895,6.4808594259429775
149298308,0.013166689868245304,2.6703794964908907,10.564606500112927,4.890945131689076
149298309,0.011727076056748904,3.002775955934685,13.367082453736355,7.07635918662848
149298310,0.01248996523696827,2.7617511997472577,28.447820311861868,0.9213897712960938
149298312,0.012493694288366759,2.7595196243695157,4.520071614821782,3.0409434850462853
149298313,0.011271800144613583,2.9934813759241687,36.64941325486545,3.795236945044598
149298314,0.013324833098775168,2.7618728425523797,6.468205653220925,3.4186737228182933
149298315,0.011423532651958973,3.0292991740525332,11.199813970455349,5.091295614622786
149298316,0.013257346997855197,2.6188614382496036,12.089205564730186,1.8322151404871359
149298317,0.012144091496645758,2.818059444769704,16.351481407788274,3.8151446650060272
149299685,0.016499398803787375,2.6938739769596283,21.519664576395794,1.9327646047115945
149309857,0.00974476296724218,1.9794885257696166,6.0693326098555795,0.9255348754410762
149309858,0.010232312639672751,2.0080768306502246,7.603526724727919,0.6580807363261196
149307745,0.02653248105544105,1.758824083081971,11.64395759038158,3.643952024380436
149307637,0.021990927073085358,2.4470207368782613,3.22559265892314,0.3431758418238836
149307638,0.02204763528149835,2.440083273617674,3.1842248695645488,0.3531462032042382
149307640,0.0188079056872859,2.500601064721175,4.1933900887284565,0.251619408885471
149307641,0.018823101050568343,2.4971018324950647,4.0787434071557715,0.25202458033704545
149307643,0.020496185207202346,2.2517058741685836,3.4798802299810907,1.491033651654232
149307644,0.020484956056115774,2.254259988666743,3.456149510607558,1.5239772109226406
149307645,0.018891764008354347,2.4900261141973767,3.6999781894545207,0.23127954200367654
149307646,0.01880598529250249,2.4675717822679006,4.520955300612056,0.3726806905877836
149298956,0.025241047253821407,2.613370315082087,7.433393393515835,2.6919308738416423
149298957,0.025270692865714827,2.595828348740554,6.875951261595193,2.2916825479226697
149298958,0.02528771515744728,2.575334517757275,6.800353548143051,2.3552020104748594
149298959,0.025350808291942355,2.607365539042366,7.082218489490258,2.732559073756298
149298960,0.025319352724043016,2.56699487810762,20.804806528008708,2.7164925456654996
149298961,0.025700560350675267,2.7073677756163343,12.212063757859612,3.628746352084262
149298963,0.025423582349109117,2.6731554629718075,7.358683132994749,2.7168800009945544
149298964,0.025391217690090118,2.6078824696500575,5.953840074524573,2.184425341454065
149298965,0.02543740459555347,2.650603647001214,6.488333282102417,2.444659258607096
149298778,0.02330413631739542,2.366731813731838,19.331146474055338,1.5331249006979684
149298779,0.02421451484349044,2.270966944633643,18.122445829030536,3.512353237863262
149298780,0.024134924013356547,2.2635457690662344,17.702753361787906,3.53190201451004
149298781,0.021273817961208245,2.7440273869107075,16.49460492701949,4.142879269867269
149298782,0.01977289718619798,2.549354837173495,11.513808467075693,2.7473473504530825
149298783,0.021031059077610686,2.728595022983357,27.023378503696424,4.197763749431847
149298784,0.020993102829427557,2.7275204704903846,27.173886859271565,4.188753557984655
149293281,0.030847976283831045,2.9894669104792038,5.354419567680308,2.1621266758472215
149293282,0.030825740729355764,2.9865333348156833,5.4350601351767,2.207318083663615
149306268,0.0125216863203501,2.2996836378551935,0.20965393939333413,0.0055658319926260285
149306269,0.01212085149538207,2.3085339229998647,0.2244061426468333,0.005682545091862557
149306270,0.010703465640755014,2.406579551313663,1.5871654171925136,0.4437537128539055
149306271,0.010690607130129154,2.406563272813519,1.623342469314937,0.43899291349329583
149306272,0.01286534851176936,2.5852792686917456,0.5813630953445322,0.0794199794446158
149306273,0.010563318627110284,2.555396161221442,0.8801051685432814,0.37607941138755085
149306274,0.0137110984292822,2.1344837917154202,0.20824565667515135,0.009442189403791393
149306275,0.013680109609643989,2.129591928851483,0.22678882460626917,0.011963844294340324
149306276,0.011096419048962632,2.6550902542979364,3.717355211878041,0.2942679641256127
149306277,0.011138414852224382,2.6600738843249885,3.767301694148058,0.28276954265972115
149298318,0.011014341864589737,2.614324973213746,27.768612085871048,4.204106169851198
149298319,0.012741339676848007,2.4582084660157038,14.162984200041626,4.714219769655786
149298320,0.012907026315640006,2.375890675266319,9.295575676846344,1.7572587793376075
149298321,0.013164112960312929,2.6328957701493265,28.80539510699167,5.2608420127623585
149298322,0.010760644449004847,2.478559214938541,16.91023047383329,3.338525412593724
149298323,0.010975624335899962,2.5983294327294635,30.749471305732417,6.08036671205023
149298324,0.01161466932534664,2.4123629684419807,8.60851335370168,3.4345196366614803
149298325,0.012467195776266959,2.423029843056291,12.07484657157292,1.620501397019724
149298326,0.013321524317792615,2.327653706414432,25.067130510233575,7.3252838093154375
149298327,0.013046624001400779,2.318328656032921,8.076683861422646,4.626136766214632
149308170,0.021252854701405557,2.216038162631484,8.243369503671264,7.0568200060204065
149308171,0.020893290542749594,2.2903769642534946,8.906848568839072,7.272358887140667
149308172,0.021371113641256254,2.1963676612177614,10.23193759049197,7.178653270997095
149308173,0.021185402418020693,2.482595120221883,20.14606154860629,9.5592772158487
149308174,0.020939905958914543,2.281878904428827,8.933160776048776,6.282432737516876
149308175,0.021312361742938785,2.206935264249099,15.602328294268226,5.7099362391381145
149308176,0.021878014562982873,2.501191520440783,13.65991538529548,6.126673791231948
149308177,0.021768031182690366,2.4722238422077836,9.744891121112742,6.202174029696615
149308178,0.021741611086327488,2.4621992247269024,9.38534057505519,6.1418569406831205
149308179,0.02181260968669596,2.5939014726714276,12.733875601279502,6.17380840972451
149297696,0.013587651586702288,1.7292365584894933,14.739043825465355,9.729907454868677
149297879,0.015775806758472656,1.611443000213236,6.789182122992725,1.1530332262634233
149297880,0.01575412585279916,1.5986195424373972,6.363982426067434,1.0484404452704563
149297881,0.01595436224326537,1.935026599320448,11.6219224698326,1.4309171283539937
149297882,0.01567457712952728,1.850797151163373,5.736906612473644,2.6222668546041334
149297884,0.01483501783434859,2.049138646239641,6.419801066713452,1.239528485967858
149306957,0.015868111278178186,2.5922493932967883,5.627923728145168,2.2828516188365438
149306961,0.015599298257199771,2.4389152297214665,5.7598768293258775,1.8023615345024735
149306962,0.016147810888099044,2.4267398930583073,5.4609182614806295,4.099626885109975
149306963,0.01660656927110876,2.4382501713566698,5.026830466482966,2.0929316535786535
149306965,0.015603919280340451,2.365780466109496,2.9472341115855563,1.872287371732714
149306966,0.015055195069688415,2.43547338866324,3.4916197588162468,2.5727376635754413
149307495,0.02028080426549194,2.4055976869718307,19.237500486206077,3.020747416130992
149307496,0.016661753544560176,1.8145160354408423,29.970564216188354,6.927005252962976
149307497,0.016665139877873977,1.8784130407658666,24.290137854119777,7.5449852360545515
149307499,0.018417103006184418,2.008461942028997,0.5686752820015114,0.0004547165545757517
149307500,0.02004598130216633,2.325799092623989,15.991424515295886,3.5267777755722607
149307501,0.018072407736157165,2.3000274915323344,10.276349782849328,1.5023861203341211
149307503,0.01851956417708033,2.124664530234837,8.924782636424707,3.307357792865456
149307504,0.018567662271947543,2.12914339945659,9.03229170289139,3.3418774869946346
149292596,0.019076059459411186,2.8744117131272042,11.496643327955956,1.4097471801548136
149292597,0.01894177509362355,2.7395812642098187,8.670263555020469,0.9050249739397854
149292598,0.01905694873671649,2.965608781939159,9.449691521445018,1.091055546406465
149292599,0.021532584707802734,3.0358582870251474,12.186243815607709,0.983958888791419
149292600,0.02275353640786029,2.6859273248733806,3.4348680629947186,0.5547664135282033
149292601,0.020726359619467262,3.5594972905585625,32.73238203595381,2.510400729567495
149292602,0.019681182131692107,2.9995239247532823,14.557010143415178,2.203088743304355
149292603,0.018693653602724174,2.4160983402615615,11.411950701535881,2.827370034532484
149292604,0.02007352917051578,3.326223923637997,25.758624609204638,3.0997079697354963
149292605,0.019799102635083877,2.264863248709873,4.008192284598587,1.3993961619212743
149309212,0.04291309298944987,2.21583261336353,6.587586663682068,4.928373474768702
149297956,0.015608180331952461,2.763356845131212,7.165486194467155,4.3972410725648645
149307804,0.012162315431812915,1.7347938010922335,7.355672178783329,1.9274291397473826
149307805,0.012118861944285199,2.4011216614840807,10.570976204906088,1.7200448368371652
149291905,0.021961272847805927,4.217517497635382,37.51552556736374,4.91693154643176
149291906,0.021359333207188774,3.855522878098122,27.360917356724922,4.427738300259242
149291907,0.021615131034881677,3.764580133610007,26.310441922906595,4.271761610754128
149291908,0.02211408484525266,3.7493680531440847,26.148179508571534,4.016789886150409
149306983,0.014959053062492447,2.494268602373589,10.310209211044894,1.101916742616634
149306984,0.014826411744554055,2.116088167235666,8.51697751557409,1.593988638544143
149306987,0.015195112497253353,1.9449574706770802,6.981245797378031,0.8561039994148386
149306988,0.014651404394442978,2.116374138626631,8.321067603896909,1.508660287420236
149306989,0.014962230712778187,2.4918604001574756,10.130329301264142,1.1824791903175342
149306990,0.014716932126838668,2.1227070974343145,8.519908918546,1.4759691529284857
149306991,0.01520108480179147,1.9404174969884411,6.829144860164104,0.9369651917633716
149306845,0.007139912859565344,1.4236084751854896,8.003768701101945,1.3718845038512997
149306846,0.008770738411472153,1.254861427270319,14.72235919770723,2.079878295328851
149309810,0.019129551415872425,2.6195331288877735,8.099071299013508,5.1680535614995495
149309811,0.018856454593286772,2.6292563140728156,12.966741140571516,13.927200683069245
149309813,0.018110703356587505,2.7836602067635563,10.9821007731934,6.325282077412053
149309814,0.01868864529510907,2.6658713115651373,6.552154070890787,4.611624096237532
149309815,0.019015689889768372,2.5429823300006547,7.1723376125236475,5.393818212539255
149309816,0.018122246353123588,2.6930301717503102,11.041065067130955,5.834731244666539
149309817,0.018241555694954666,2.705547386869992,10.039692821725625,6.256325825328212
149309818,0.01871497686967191,2.6167853394997276,8.406102648217427,4.8769471177072345
149309819,0.018038043511758268,2.7476621370751175,17.5887955118632,14.156615976671846
149297828,0.0244284905065947,2.504594047701045,26.86671172210853,4.972220394560627
149297828,0.024421364618593074,2.487339683323067,71.01508777589903,7.531804961214296
149297829,0.023910230965648472,2.36042126291898,61.58787798598954,3.9097798038936795
149297829,0.023871380915033855,2.3936243550469136,74.05307176498391,3.8763099731410815
149297830,0.023581943781734074,2.599850678709611,72.41101336034446,5.95085080239382
149297830,0.02355630659258078,2.597718728485581,65.59158125306249,5.960556669872694
149299314,0.016326830995272736,1.751627738954288,3.82664618458031,3.103036752393973
149299317,0.014727124426283567,1.4627311006957666,10.328523292676246,1.9121248671698259
149299319,0.016757046944095976,1.580149107796501,41.20698878360764,3.268174720238865
149299320,0.014720108286691489,1.4666501026345677,10.86936360457901,1.8015601455616415
149299322,0.016781154942355818,1.5817710582982556,41.085645819587434,3.5277201650946095
149297546,0.009769959377743533,2.2600682920369537,8.284002964916295,5.836208939247777
149297549,0.009701326126371541,2.2564354564007276,8.135635969958162,5.783345716342738
149297551,0.009873925737630252,2.2905715194757503,7.697464331448214,5.740774119059504
149297552,0.009878978990336289,2.252972002824388,7.749565542183374,5.923211850516157
149297553,0.009960423728116997,2.2792701046890507,7.604331145618842,6.003221820042845
149291681,0.014764652703518323,1.931878409370845,2.52003463926505,0.915920368132644
149291682,0.013146587860579668,1.8857345769672909,3.167590496626667,0.0005872473851699194
149309491,0.023398950828929475,2.3816986456547258,12.337549756427256,0.5002834409668047
149309492,0.02333539136844233,2.3698544600368043,12.115241446427316,0.7299908806846063
149309493,0.02344210591461548,2.3659468501685526,13.219852822764798,0.7158993145268367
149309494,0.02264033701524651,2.478565722542969,12.882258154711197,0.9289151411841654
149309495,0.022520449066052568,2.4401458335350155,13.09845957059806,0.9916618039961996
149309496,0.02271094322227628,2.461294465005758,13.431306674127748,0.9626236363661346
149309497,0.022555323508364325,2.454662341674267,12.960907612511548,0.23607160671116034
149309498,0.023200126313744632,2.3623573660853787,12.123251425832498,0.7693221497517109
149309499,0.02134054636964023,2.5071999437954036,11.889090745707993,0.8980895785488882
149309500,0.021881032510682154,2.545986311076248,13.204024608482465,0.3756094026313732
149297739,0.017408563961661804,1.569999679583624,18.037872768920483,5.9299884007029
149297740,0.016654305002004825,1.5668016434033485,21.139807534922642,2.7090879894376396
149297741,0.016766747883101507,1.5705912626585754,37.11261953605189,2.811964714426931
149297743,0.01748683693133557,1.7077771508273771,14.883185707494029,6.377346077584063
149297744,0.017651635296674222,1.6970776036470592,32.288007748138305,6.103194970235124
149307755,0.015465930409588798,3.525472645028971,4.600854362513989,3.933261055631021
149307756,0.015381980189466361,3.559617331104337,4.238492661234254,4.153847279459944
149307757,0.015361507566635567,3.5615024074933013,4.218045515554878,4.196804987341475
149307758,0.014432021850703608,3.7951430680862774,6.022566378671639,3.1680807030657006
149307759,0.015529567121983149,3.5693107138340587,6.682375404965298,3.875243333630125
149307760,0.014429258550332929,3.792821714161384,5.969273053068223,3.102176763467812
149307761,0.015577514448423629,3.5820179410315798,5.597136643044361,3.8430377624862198
149307762,0.015626793710469475,3.5805079155704393,5.617296583949615,3.8337886046939578
149307763,0.015621712611590286,3.628768162760247,5.134332481729504,3.884376751362669
149307764,0.015523429713298165,3.6249505599402543,4.840552129520497,3.912271992913019
149307916,0.015458442184040584,3.554305363874276,4.359491626684568,4.181738164882139
149307917,0.015399716965237703,3.554666217847195,4.316126185857296,4.0384158069013845
149307918,0.01557165180716457,3.576558539794074,5.82186249455302,3.8613753286356145
149307919,0.015489638232730453,3.5847627482896436,5.9982585279594804,3.8984187981502862
149307920,0.015547983196869336,3.6113409023643817,4.876328664851588,3.890704296010727
149307921,0.015600840187934,3.5711986529334707,5.834288557377283,3.7975559134136634
149307922,0.015498606590096818,3.5830266045736034,6.064860863106993,3.900080131108367
149307923,0.015526865460373258,3.6303457602958322,4.861580437621821,3.9047447994692077
149307924,0.01554262374960614,3.6235346633510024,4.977166915859572,3.8369669436289566
149307925,0.015518214928062588,3.6061458214639517,4.727598683262475,3.826477124692058
149309488,0.01575084841350224,1.462340103515088,7.07682146638605,1.2935686561248319
149309489,0.01601840442835,1.4503311986459513,7.0261211489929165,0.24198433902718033
149309490,0.013246129240455172,1.259568644088213,12.12127304363952,2.7721347933299003
149292274,0.012623999328783437,3.698138468566754,22.45606612629514,2.143303465007511
149292276,0.00963239535381753,2.797795572165356,10.198328095194416,7.9892025712037125
149292277,0.010508608004386308,3.2737239473817294,9.782153249294364,2.9223156910647727
149292279,0.010503627942496986,3.2887553816517734,9.14981244621519,2.7345221686938754
149292280,0.010439299218158919,3.4992527156880477,10.824562530323954,2.9588241761078757
149292281,0.011777367757656977,3.4322647280518144,10.417579093258986,2.15618725812809
149292283,0.009267063276691485,2.6545852136710435,6.041288161450252,3.4782702036937234
149294082,0.015818049611105053,2.7532704426207677,10.604608103344706,2.6979019293090998
149294083,0.015701260351358607,2.87311581016944,15.741905294426614,6.183901670686355
149294084,0.018883914568576594,3.2148658600256987,16.926761285821062,1.9055159975569025
149294085,0.01744033598036604,3.078084671523501,7.0102898269042955,1.3240043333084892
149294086,0.017078998817044756,2.638950148122959,7.336950047872994,1.325783753825174
149294087,0.018566738969240278,2.891473610710927,9.745717247871244,1.08889234159133
149294088,0.019968771884912737,3.603510859759362,16.816871534249366,1.195180286102766
149294090,0.01706844795554259,2.9170481091999836,7.952095659310467,3.163749072604387
149294091,0.015734271865618772,2.71339155274248,15.665890916654805,13.469785033819804
149306967,0.01761151518302091,2.903421025610386,16.389389511626764,7.031217613631364
149306968,0.01755665021778011,2.8575666501896015,10.292510335252762,8.465543299774014
149306969,0.017057764705241035,2.9737662422443454,13.571132243272801,8.195032001332859
149306970,0.01721036708221562,2.9091484426871044,11.81103163710532,8.941488769082552
149306971,0.016466593505427504,2.9511247586972917,13.33424303914198,8.34044510549906
149306972,0.01913878151586067,2.906099265070845,9.529219883506476,8.770790267679937
149306973,0.01765999585723393,2.8179080462306896,6.762973364055241,7.134317036667995
149306974,0.018039678778648535,2.8756074723084315,7.2232709511917665,7.957198633227289
149306975,0.016873400784422437,2.870634870487178,16.883141417369472,7.818187418246474
149306976,0.017902559513572208,2.9833283267328485,22.32934145517472,7.747830352064659
149292639,0.013030778447381378,3.976152039172015,8.984092304151844,2.697836063579824
149292640,0.01597837719258052,4.606999033748279,11.38241642483503,12.9492698707443
149292641,0.01586997543279564,4.607413659246726,11.423516337147428,12.892537728396356
149292642,0.013002113177755025,3.9716284495296525,9.010741885967699,2.7373047837401523
149292644,0.013226245336508534,3.9022132017058695,15.316991751062087,5.221523019931569
149293770,0.009626414187059985,3.1202829912521075,3.1374509382458164,5.30890503991029
149293771,0.007417948701993559,3.210554620055351,7.2605971174902875,5.395046945437002
149293772,0.008682239027010602,3.2541306059260644,10.564786896142282,5.293066819379243
149292688,0.007319184688601053,2.163072620770782,9.058928098046884,1.0862692996371413
149292690,0.007372860782044324,2.211583188195686,3.5623157500772082,1.3932974887486684
149292691,0.007861598969417192,1.9470318686315722,5.328762802285285,1.3989422949344787
149292692,0.007942734707056975,1.9352578104880478,4.792603509480067,1.1226302970922182
149292693,0.007618673603660143,2.1913446492347424,8.913401785655136,1.3650723290852769
149292694,0.007583088182708692,2.3705545697811536,5.267890931262778,1.3410402811171829
149292696,0.0076942042234546424,2.208080721403106,5.196793504310024,0.9359872011042574
149292697,0.007734064650825898,2.0354134453078507,6.086172317963411,1.4552816744637485
149291719,0.013936348745510264,2.8858783595072097,10.192397741925458,3.7244207132946854
149291720,0.012964713675658162,2.853999023753607,10.050631635970387,3.5708917502494977
149291722,0.012923199865723359,2.9531687297879987,8.639204011480155,3.6314400070318484
149291723,0.011485599203980415,2.5780620299280113,9.055068856918757,3.5616285086832558
149291724,0.010388056179557948,2.523753922912373,8.507743269301342,3.2749796195071683
149291726,0.013547508005725534,3.1391163992677305,10.010841624786764,3.758933606854149
149291727,0.016958543315116353,3.1146307833062976,10.473298866222699,3.686126434526256
149291728,0.017233509825381715,3.0218599084679583,13.223968226837775,3.45967581819556
149293381,0.012936034608190034,2.468986885701755,4.764451487156649,
149293382,0.012326328656883467,2.5483475277673926,3.4840814360651473,
149293383,0.013285215547050677,2.3212858619497503,4.030479762049718,
149309108,0.01362104962956279,1.9612016098841993,6.925087883791003,1.3463222064106106
149309109,0.014892014725226402,2.220713377145213,10.431179050474944,0.8238719205205235
149309111,0.01362655308697411,2.1389403440071577,6.246333790299951,0.7187391769694861
149309112,0.015633894432023263,2.1790264149819887,5.296761786452305,1.866189821394321
149309113,0.013453057424702708,1.9436258367875612,9.464398604964696,1.4787840800265821
149309114,0.013971671150153332,2.243454783631624,13.584429961408333,0.8023290346874344
149309115,0.012513645616422686,1.998962881423355,7.243613951066538,0.7410567816646046
149309116,0.01385514155549044,2.067598000128895,13.828121824823823,0.6016847327533754
149309117,0.01407449049360496,2.202447235396742,19.79866662973994,0.5914776153582543
149298994,0.03654055784309228,2.4508219468691155,13.832373271437016,2.2093327244996166
149298996,0.03617291150199363,2.5072733227417014,11.662921931000971,4.215210211709743
149298997,0.035979308049739346,2.498006931571458,11.760452170479436,4.656452156642591
149298998,0.035945460134564435,2.3628237145023543,13.231215926143541,5.235843586503309
149299000,0.03856586082912567,2.304381804313292,6.912495614870493,3.64070669814706
149299001,0.03648155673530295,2.408796911625688,17.998610575694364,3.3692923808773063
149299002,0.03562965037215616,2.4189654796029574,17.254591546395623,3.291551787280661
149299003,0.032181119346076106,2.432424828209958,15.514335922939534,4.369122211509349
149293229,0.014776618918992858,2.7223092224910914,5.112001669568446,0.7493529523930789
149293231,0.012603140965702564,3.0162754000988805,10.507681475662443,1.9464040218545535
149293232,0.012449916118446437,3.242786649224451,10.960121571106875,2.442982364412487
149293233,0.012648668315552105,3.0393137380322592,10.775943108100652,2.921880680695648
149293235,0.01296174431177757,3.0346346823694357,11.41398016593723,2.914870813501177
149293236,0.014879484280660812,2.7281678807023546,5.120811037402012,0.8116816395509124
149293237,0.011260530705689175,2.9194016771002205,11.417421737578591,1.9294911966369706
149293238,0.011296110922553263,2.9070997348314593,11.261114446505596,1.9368431065515834
149292163,0.01665519014923254,2.6818613066885377,12.981035883371074,3.0259278524051676
149292164,0.016812331820267448,2.6906686521345975,13.233662963231852,3.1465972685872305
149292165,0.015203400457299121,3.0015515208462693,14.198540172339287,2.3767157599149615
149292167,0.016920038219802546,2.7162832400396644,11.761964935151616,3.0422074474902603
149292168,0.014550778223922183,3.161453611875025,11.441690431265078,2.1649414581349324
149292169,0.01667641436272286,2.707451420873607,10.810391151479761,2.0589059001637358
149292172,0.016646314577510785,2.7047574113931128,10.504457507139398,2.074969573418812
149307131,0.009732863479966066,2.2111812180902097,4.670672212374802,2.041799143938782
149307132,0.008797591427503372,2.2086105638632176,12.698906575982978,11.604564883449738
149307134,0.009346960701209849,2.2024505879474114,11.245782259884823,11.542749297427019
149307135,0.00936255482516495,2.251648437750641,9.258060069056441,2.7414069592870836
149307136,0.009100596888373724,2.170877904912268,12.43061344667069,10.890988472667745
149307137,0.008786428506284132,2.1930732995820246,12.23733586327069,11.839198801817748
149307138,0.009252615312431368,2.1923530426917934,13.730587578802067,11.069615291402101
149307139,0.009226262248408007,2.2237206947725494,10.774257611707487,11.45965730554467
149307140,0.009445109794246379,2.1610076675005288,5.641458674731834,1.940156549984451
149297312,0.00885363158248892,1.4549584575711898,6.306561421971008,5.3111658392701955
149297313,0.008080373291342348,1.5815923412072446,7.388304525536367,5.891584601909176
149297314,0.008072242193986473,1.5800199956553684,7.374280148245322,5.871390468172553
149297315,0.00800143886162242,1.7759143205311805,16.923822827480482,3.1954742872577557
149297316,0.007857253438213963,1.7017256816527249,7.002733017852312,2.7390555658824502
149297317,0.008148135642323723,1.690733776896951,9.40866523444918,2.721550811654941
149297318,0.009008464707283708,1.6289436196546585,4.05251950222141,3.8266899224075095
149297319,0.009030411434841328,1.6273226042640236,3.9971476658688223,3.761305934137263
149297320,0.007941018502505552,1.7603423907945082,3.5798938470910167,5.390027648253549
149308413,0.02879566651223539,1.8556823379226124,16.40143222967626,2.50597016244109
149308417,0.0292062115082224,1.8780701683875407,8.632118959570418,2.672044443205787
149308418,0.02874840018462018,1.8394555386548002,13.69907272356666,2.409455482798117
149308419,0.029398544411655674,1.7887948506404423,3.8945958724150915,2.5511610428697176
149308420,0.02963435933523103,1.781320251109294,9.750397509952144,3.20523539558907
149308421,0.028721823912259727,1.8223865551652503,6.1820982310005155,3.8124177041189204
149292636,0.03126819724442258,2.1148926464814286,4.090760706254511,2.2544762312666125
149292475,0.009065745032214799,1.9788908923566955,4.3628275718861325,8.652256039098909
149292476,0.01145123731509586,2.8213846324638996,11.797251045523623,2.954964249535036
149292477,0.008609306890801178,2.1167306226136997,4.67731168228234,9.724317203179766
149307474,0.015623232726104944,2.1438759526706916,0.9926081000808514,0.0017151352859857867
149307476,0.01623821058929806,2.249775690811864,1.4699923747303538,0.13222112737938713
149307477,0.01646443995172938,2.321535110858138,1.6298834182758872,0.21648199933268247
149307479,0.016520542092531915,2.323163346608578,1.6399621056884266,0.21109195613545367
149307481,0.014872222077250639,2.1696430899079218,8.930070518258168,2.8832213639265283
149307482,0.01495876874932371,1.919107512656461,1.0470479684733303,0.004971364390528254
149307483,0.015207876846735548,2.129213009446962,8.813320068255713,0.8561537752949403
149306363,0.01622396712399147,3.3407582975373424,17.942096395273257,5.334418459065912
149306364,0.01855612230923037,3.1397068170091074,11.840829948023908,7.566507376399845
149306365,0.01600991402101875,3.0379674205298395,10.694661536886011,1.6375813979948572
149306366,0.01846817858813007,3.2858652787926967,9.577082536367762,2.9722650260100543
149306367,0.015714927731546195,3.263851190412582,13.927734764744123,2.5322678742687064
149306368,0.0167987663569547,3.137099459127493,11.712572218703595,5.579415664730617
149306369,0.016602658079284252,2.8871864048342455,11.90615210245931,3.470065518159884
149306370,0.017131032996082134,3.081646647889904,9.68822828885199,2.401170982071355
149306371,0.016211385665409618,3.352634369287172,18.138620021782682,5.721493445282831
149306372,0.016243782464243704,3.2946860668711184,18.632692139317793,7.021482218713393
149291450,0.005825496471967945,2.411956148903115,3.716700946889642,12.634889528669397
149291451,0.0057546277904230525,2.4132316588688028,3.7173288167778358,12.656564638765715
149291452,0.006617470419760646,2.3858016656499297,3.8616485627856547,13.243362080490952
149297625,0.00838509424874223,1.7050718099552755,5.882261659500629,4.387212794174638
149297626,0.008020263194927657,1.6515055933520517,2.5344278791292947,2.1183499836190878
149297627,0.008442603563516867,1.7130487859019692,7.459457946113355,4.614467638264111
149297628,0.0082043159066077,1.7024083889536208,11.380107045859264,3.043623822068338
149297629,0.008345988769207866,1.7336757603230677,7.050107556954455,3.69612078987161
149297630,0.008293326992730946,1.7181103220157954,10.166261154658855,2.7310367372390973
149297631,0.008316856095382866,1.7201381069564154,7.227948050822099,3.748685664680766
149297632,0.00821692118673134,1.5967999914149522,4.797334925925611,2.000729209178639
149297633,0.007973905472705286,1.6448772478279008,2.764797954632815,2.1175675864618726
149297634,0.008999183777644752,2.1639470094392794,13.360477227777727,3.014673847904769
149297895,0.009039300691971897,1.712303670014898,2.52199580186181,2.5179495580534357
149297896,0.009223823892294238,1.8956490053129913,9.21181295954066,3.871986622415818
149297897,0.009009684617407332,1.679925194886256,2.7383340894479433,2.402167309629204
149297898,0.008929728953776998,1.7021075600346283,2.2247191716998636,2.4024838872397676
149297899,0.009142287890687955,1.7334813721178317,3.1708631322261702,2.1782280279899053
149297900,0.009134192206332374,1.6911645464908889,2.4398091906634716,2.729900932714033
149297901,0.009790350688046144,1.8922702549011938,3.012399456509809,3.927722623048741
149297902,0.009027496220674336,1.776511491256415,2.0154162794375896,2.380690794524253
149297903,0.009092449445007176,1.9180661697073988,3.631790599456154,4.55785853641968
149297904,0.00977703864610833,1.899364919079975,6.804219973898999,4.210997926658045
149291477,0.013174100763674647,2.7148745208668714,6.192602592672694,11.694462535645679
149291478,0.013091805574206025,2.7931404431299334,4.304774936097307,11.587455687559087
149291479,0.014961837839636978,2.9769370861437947,11.076351844328743,13.335346990394427
149294154,0.016051017048327475,3.4802814146309653,15.65002268323729,3.822948348803948
149294155,0.014979026101180161,3.1302709886901225,10.084934988587136,3.755380136753789
149294156,0.016094415223576693,3.485159866516592,16.319946324194653,3.9255976966876336
149294157,0.01584663228462531,3.353821356895013,15.092476351875247,1.3111268317516451
149294158,0.01578133967044184,3.3474890761467546,15.042824334085347,1.3339505060638168
149294159,0.014632189993382274,3.1849769721847045,10.232716429631028,2.6799238890905643
149294160,0.014495679523402293,3.1834286799014038,9.922531681032751,3.9281664727265793
149294161,0.014682062875248904,3.203801270347438,9.303492716276546,1.918123592925569
149294162,0.015128034140080666,3.223703729924787,13.685966255006326,3.346461981540424
149294163,0.015523880501520553,3.2069883327934328,9.837449040465385,1.106800321807822
149308845,0.014233150664211425,2.338611250822792,13.953376169766399,
149308846,0.014269098415034029,2.3842156455968793,14.137675443674834,
149308847,0.014298127076996618,2.2798252231634257,14.079735973588967,
149308848,0.014260529986096504,2.310047720659586,14.298346542632565,
149308849,0.01430467309792899,2.3054743037034564,13.825133102509465,
149308850,0.01432983605653048,2.2973897856741443,14.798311055008872,
149308851,0.014588514041293814,2.335044737761157,14.838006199505438,
149308852,0.014434901939823417,2.355875578509062,14.377721273271627,
149308853,0.014319161711529485,2.275444868041015,14.183059959276394,
149308854,0.014573695371490236,2.3853752169136477,13.930283271962749,
149306825,0.012505286458434647,2.7642726919100755,3.7231745787150876,
149306826,0.013046405807246945,3.0122865702879515,3.934047221424881,
149306827,0.011162460555800198,2.6480333230915956,5.238505183539581,
149306828,0.01292798686882479,3.024047258963171,4.079020453429549,
149306829,0.013197303343195466,3.141820607399317,7.05842895394814,
149306830,0.010823312967331487,2.6056432411390795,4.691932651820278,
149306831,0.012734404224712023,2.962003070081764,6.034460205488141,
149306832,0.01178021203562121,3.207684801808679,7.879487450101866,
149306833,0.011366109203136984,2.645796916345021,6.728120936126939,
149306834,0.012593398394479663,3.12287066577204,7.662395181547707,
149293473,0.027800637899631254,3.2171983657874694,6.911150665237328,0.35635013070292537
149293474,0.028364796622308886,4.181613345557994,14.22907009453589,0.6800115049245717
149293475,0.028660257739459044,4.713501181694782,18.063620585355732,3.1306818067748354
149293476,0.028834823810196777,4.485612231198845,9.15689545105231,0.4271603574070563
149293478,0.03415219722391676,7.169405962221458,16.113858687334485,1.1726183502160128
149293479,0.028552462956389992,5.199010283249468,13.342963999332508,0.5373706222340556
149293481,0.02849049352809211,4.630681955319966,15.594490296939563,1.2015169896123645
149293482,0.02824708250774575,4.728049648308984,10.807317760978737,0.4160149082279995
149291965,0.007713263607813497,1.4073916420292822,14.313380327100056,5.554168248999193
149291966,0.007571697423641739,1.3343695627682997,15.215235514543188,5.425243366139988
149291967,0.008362287453320667,1.575427852757674,16.251236868498314,5.845802894787438
149291968,0.008473172432212862,1.5909383502564107,15.710333205445972,5.906795347343073
149291969,0.008794912722400771,1.6965061856049672,14.61314342029597,6.2251534703708815
149291970,0.007565559383056404,1.5753980249713222,15.901317557076712,5.886429473047642
149291971,0.007479905282438629,1.3839858563473437,13.903592349306651,5.322174162835355
149291972,0.007524608227832197,1.5343545958411138,10.485390425354892,5.973084492824089
149291973,0.007483590704835661,1.4030878320526943,14.589558465480321,5.535535006195288
149291974,0.007602779178144964,1.5380836655864487,13.014909356972284,5.866564619089082
149291923,0.007607117208429055,1.3867278791574058,13.460941746371484,5.5292383448328515
149291924,0.007745283772340084,1.4904857018229398,13.867900534187916,5.696795740897835
149291925,0.008159614285200373,1.5074607719260373,11.975972744519648,5.661177127705784
149291926,0.008995787117247224,1.684493106530418,13.855815096376286,6.064276274361909
149291927,0.007760197267712506,1.5063179140557696,14.12535296772478,5.590659926655937
149291928,0.008277254589209934,1.6372867643702405,13.225360384211061,5.9136992687095535
149291929,0.0076144182405505564,1.5338048385623098,12.864326117370677,5.583816666025897
149291930,0.008794101453416924,1.5651184223828336,14.088943607262712,5.81832981829776
149291931,0.0077036360875253574,1.489038861412359,17.620605208542635,5.423257441472635
149291932,0.00759187734668367,1.4397695173527714,15.39146666646922,5.495264259745272
149292727,0.007216607054008089,1.886775802081978,7.360174502360351,
149292728,0.006964240072358019,1.9616346806213965,3.4661501233647667,
149292729,0.00688013841985189,1.8706917629652922,4.115098501693077,
149292730,0.0072950801482773945,2.003195236147687,5.52027544744138,
149292731,0.006991502729961032,2.045402103563765,2.9450997310572524,
149292732,0.007255151612922358,1.9687802137485066,3.3589256035930664,
149292733,0.007353423035141262,1.9640122945470928,3.628174705237545,
149292734,0.007250008266659764,2.0072721605150403,3.7124601449133303,
149292735,0.007568703049035702,2.145727708657585,14.240435364670901,
149292736,0.007322219891631003,1.9670977529316427,3.6060046963442733,
149291709,0.009819399192490622,2.0475566593420207,3.781660577141414,9.577465785857884
149291710,0.010002247937362492,2.0022532806271847,3.0882771862627907,9.27546156133897
149291711,0.0097803089568514,2.1214971125203888,5.386898609753132,9.97547719987191
149291712,0.009679793672349878,2.0281592563683715,3.5352895284154524,9.393012470187644
149291713,0.009703760690342737,2.0312126694106833,3.5146518756686813,9.40623327335511
149291714,0.010065801136200451,2.0890502280164136,3.486149844403308,9.96826629719562
149291715,0.010165671058372901,2.2753620226099254,4.664471111981336,10.204389658380139
149291716,0.009875120079724676,2.099876344531871,3.878462232267717,9.8951946084321
149291717,0.009943629285437537,2.002580577087025,3.6559243684596106,9.389948057246501
149291718,0.009686211876335829,2.0486314056403483,3.9302328474207497,9.697160673391915
149291594,0.003872219360455859,1.5896132846287985,4.455834580206153,
149291595,0.0037654444139926975,1.6278867056956285,3.1902143232467006,
149291596,0.004063287511713247,1.6665480140953173,3.1365529893322486,
149291597,0.004349050990430348,1.6564942427221028,11.186911923055838,
149291598,0.003697676189373773,1.6313350898978969,3.2889963689424158,
149291599,0.0045349049078825445,1.623186050707061,4.392136072247087,
149291600,0.004429316309637445,1.6390966847265986,3.5745968937650874,
149291601,0.004826926083938362,1.6420708655483427,5.379201263943771,
149291602,0.0037026340043086205,1.5942630322576843,2.6767720628206733,
149291603,0.0044547279670191665,1.5799946883436438,4.295822697991705,
149291535,0.006927022513801299,2.3117597938465666,5.421868606560781,12.594208205014686
149291660,0.009184325361329324,1.8103714841485834,3.7269455800447338,
149291661,0.009279125092129232,1.800353247090229,3.6425328204178196,
149291662,0.010138424247038204,1.7075091387946029,8.394064405434559,
149291663,0.010250350317017438,1.6553892695188939,4.732454929163301,
149291640,0.009980663827752239,1.6315821271682638,3.615893717081699,
149291641,0.00992901873454771,1.6696243616173583,3.011734577825626,
149291642,0.009976762657051838,1.6515972050567795,3.02108408291262,
149291643,0.010125739373160246,1.6624551284915472,3.4430824333385073,
149291644,0.00978115049177806,1.6788405187752682,3.389923747209062,
149291645,0.010066556297042254,1.621914015952673,2.9961114240485216,
149291646,0.009883057659724956,1.67051919622666,3.238515954142259,
149291647,0.01013476668631836,1.563826168916505,2.9078492009769707,
149291648,0.009998122194071623,1.6709466124773662,4.063107981560753,
149291649,0.01007977523736696,1.5989593914850033,3.328778023429509,
149293515,0.02726619373634345,3.0028928295806883,12.964893318306887,
149293516,0.02336674257805104,4.528733983458584,6.68232680284207,
149293517,0.02626687560228197,3.034247078296716,9.87385216422634,
149293518,0.025195398375076606,3.7911937713682975,8.315074483939053,
149293519,0.023396784583029524,4.099268760689666,6.651801533106326,
149293520,0.024921855217295615,4.235518435828285,9.60972162031938,
149293521,0.024929858688884268,4.528330783378862,17.41881017981346,
149293522,0.024518979646612826,4.157974098688775,10.216050027233823,
149293523,0.02730904048996954,3.02116018193208,13.44671476148236,
149293524,0.02582066780602186,4.0123176840716965,12.684189628733582,
149293909,0.0155828057740679,2.9767208319168468,7.52153230491557,11.550288268016136
149293910,0.01711616907579198,2.8032396361674583,14.448364314141735,25.472451886437643
149293911,0.01557798472591551,3.2565356909075622,33.53295481110682,44.89762804686035
149293912,0.015968783006937135,3.1764744876869084,25.313415582459896,31.045302254433903
149293913,0.016199198072544663,2.983771975702336,8.672183295305372,20.17647172270733
149293914,0.017245554827760693,2.759731086782767,12.60690652341703,22.766459836269767
149293915,0.01842591998877493,2.5839301767888263,7.081955511834763,3.860023832281758
149293916,0.016454115826869262,3.26888769258758,28.466362572402172,35.199431733810854
149293917,0.01732406805632646,3.1546510620992616,29.93746642999553,40.80755091238418
149293918,0.01771658835437949,2.9805427416922536,19.305992025624153,28.206040673942812
149299420,0.018220262913982967,2.1691519669103845,8.225942591853924,17.476237990271628
149299421,0.01845764019268015,2.1232096338639357,8.248631004433204,17.660513854591613
149299422,0.018612174749940303,2.2342676123706653,3.8782730983389735,4.714308953700056
149299423,0.01827249037391791,2.1955599189527018,9.521488925409395,17.71039885807611
149299424,0.01865045834603182,2.20221832835763,3.8721770351589138,4.684014542434597
149299425,0.01872399072894642,2.225300373676089,3.896379126774116,4.716812315903118
149299426,0.01871852626305385,2.177086905966553,3.9627558318903318,4.722750791595445
149299427,0.018370925646889285,2.1425702625995102,8.295093214252557,17.65895965492487
149299428,0.018726956699604114,2.195010952840451,3.9618435092360524,4.686495522098428
149299429,0.018264650093502057,2.21361201052499,9.202020112511699,18.120899611974483
149292376,0.034526687229506456,4.61591863462744,11.344998636544053,4.723294647831331
149292377,0.03763380937734202,5.220692686083897,16.1259706946687,5.686015485366341
149292378,0.035414379390917614,3.8118777262506707,13.700538684478284,5.183241161714958
149292379,0.03554171310273798,3.823970475735452,14.09371839340759,5.155164229257328
149292380,0.03769520851544858,5.252293779654071,15.885227780561191,5.737606753082961
149292383,0.0353881352805471,4.812190299980149,13.558184956918167,3.069291380587655
149292384,0.03492524606544499,4.2448643984221475,10.202333577858369,2.430636064317733
149292385,0.03553036235114335,4.957833539212638,14.641145346338629,3.3052685779639304
149293737,0.01551572574102695,3.621173756937606,7.502893012611421,
149293738,0.017817403965036387,5.575122771505708,18.33788509533155,
149293739,0.016275579471415766,3.971286889355799,7.972315772019788,
149309595,0.02258514366712542,2.8891609640614453,18.155323253507255,12.46876899755003
149309597,0.023695043283886573,3.1700252266053144,12.974610770577804,4.385706678524507
149306325,0.005255488633699211,1.8086091125390455,7.8448568095476405,0.3747813439457901
149306326,0.00528206590108691,1.8177983590733064,7.875791863988458,0.36548982074444925
149306327,0.006876552638022719,1.9934475955710456,1.6148114800332718,0.7779464378857524
149306328,0.00687483265047388,1.9940575340187385,1.6131387112349838,0.780942501350193
149306329,0.0056582502953526695,1.7850740187231602,9.996293138160588,0.4634766624879601
149306330,0.005678479514429604,1.794563201823096,9.958704072156136,0.44826187013381547
149306333,0.0057029184111416584,2.133639675713627,15.228045902141883,0.39979224377297967
149306334,0.005695830346542468,2.1216562621248407,15.15514886074323,0.39689508299295706
149308347,0.026603521142004226,1.7461779468369285,41.00310711624912,0.03696021918887273
149308348,0.026172249159268572,2.031657336304027,50.50615552294845,0.10255281587427105
149308349,0.02625829786950297,2.050408668407346,28.15346995188961,0.15620315895602216
149308350,0.026737695816700522,2.012190544126347,39.09356548136086,0.0932575334653225
149308352,0.02527017294540335,2.286906780217299,18.390818557107945,1.9456603216904236
149308353,0.025934491428764552,2.221268327302456,28.457570555175874,0.06311381040698978
149308354,0.02559388785022535,2.3547651937375313,11.952146835586959,1.817669117517935
149308355,0.026122715358224444,2.220325714918063,30.733364898739588,0.0459600702411513
149308356,0.02668164557361291,1.932939201602432,45.63148865932476,0.10505378905229905
149297414,0.02270892558480134,3.834922377564379,7.1116212189236165,0.30677670517981487
149297415,0.022653291226505452,3.851321606170448,7.174557381776302,0.35752355828661075
149297416,0.022911439588387972,3.6945028304678287,9.70535897628127,0.2780542656182014
149297417,0.022369097813432916,3.987792080663128,7.265977895293203,0.49730226776906
149297420,0.02260715473448885,4.2601899645009516,7.832352863106067,0.44256183210040795
149297421,0.02347202874008399,3.9381386884728826,7.083277433072707,0.3178884405085163
149297423,0.022639905159907703,4.263791507494129,7.832686116308153,0.41744082337069577
149299686,0.014839720298549894,1.7657720194044009,17.713019971153592,0.9563098890300732
149298929,0.02188718487636851,3.3058854055325155,0.059458217243093484,0.01188886946726271
149298930,0.02219229592095861,3.3617655351301554,0.09891818775378132,0.013224399303903732
149298931,0.022450438196349568,2.918245505052243,0.0727551085650213,0.018082818355206177
149298932,0.022114450658955,2.8306659087446886,0.04498064631013291,0.0051762955310482375
149298935,0.02229358374442352,3.367024585628669,0.02345276697061948,0.0026586490596778602
149298805,0.02206747452555806,2.03415200483664,2.5916198558895718,2.2956219200868255
149298806,0.02208218060595763,2.0173276528425914,2.5858916152392233,2.2927964045307956
149298808,0.022625848355650742,1.9926702384703412,1.7854296130265748,1.3786478431833546
149298814,0.022614381725833552,2.0045624510292313,1.7892071620197405,1.367795439950643
149298203,0.017943743479469112,1.9866302135940088,1.2592049511670067,0.7036583204290814
149293776,0.014343542757093986,2.9572295571036133,4.967612278319085,0.3465225312104915
149293777,0.014421009344150913,2.9394185464115687,4.769280677717395,0.31331733760898695
149293778,0.01401855967149483,3.09064837457143,9.664905873060077,0.4785010083356315
149293779,0.014385707307067284,3.2319006900872047,8.100576596897287,0.33878717215040627
149293780,0.014471505751832661,3.269960379725986,8.762049818121083,0.3685618065538955
149293781,0.01469268341795326,3.078846515932526,4.916723577615314,0.4074375346008304
149293782,0.013205841647661322,3.5691951595009304,8.399655088549338,0.6241057157333841
149293783,0.014675801397699249,3.091923137875528,4.908933952368224,0.4283101031788025
149293785,0.014168810571872513,2.8147517184015056,5.197626310596351,0.5813848013847566
149306248,0.016625010793911647,2.8751767036744953,5.341229128121578,0.8035421901949558
149306249,0.016164866362952522,2.9265333250343857,7.755122408033371,1.937600386100891
149306254,0.016445404414270132,2.953233493437088,10.097604236820493,1.2120650172813616
149306255,0.01629479790482066,2.968122590910916,10.732459521324683,1.2493264684918541
149306256,0.017190410528750488,2.897067136890333,5.593370682673356,1.256890843595701
149306257,0.017695010270378536,2.899158835169547,1.8067914038610873,0.8412790080024563
149293806,0.021330494663339795,3.2959293410854444,6.360775163501473,0.29573325754174107
149293807,0.021351433103218583,3.2918245065999154,6.252916573399023,0.30772746927880107
149293809,0.020970122012016187,3.3090278572090703,6.62218116587748,0.3524710165951602
149293810,0.021180057851795747,3.6261092852715633,4.829415153104678,0.2990789052748979
149293811,0.021167874662617624,3.630787739288421,4.735854379020423,0.27134063544813447
149293813,0.02135745581085252,3.2590575055180255,3.943278163327461,0.44248222246462454
149293814,0.021399880492453838,3.307374983500553,4.966165414589227,0.37232740397355907
149293815,0.02137822812779778,3.255863395722137,3.9601084876607677,0.4276698572907576
149300462,0.03946575079550067,4.287341943863855,10.54958186426377,2.5288199573323142
149300463,0.039497044290192906,4.135939125146252,9.534222950682482,2.7983119355105828
149300465,0.03957927701002661,3.962313064487822,4.131800597023124,0.9119753948586838
149300468,0.03914748735050293,4.428276181688188,23.48885679947928,7.166320596230773
149300469,0.03967800089026457,3.976346051255038,4.200367934252007,0.9425282078887784
149300470,0.03950203106202509,4.12795129849286,9.466003874418151,2.836739441864186
149299560,0.017829669320812893,3.7121063856697574,6.0456469846505705,3.055437772662157
149299561,0.017821701317337336,3.6648393737331566,5.57253678433808,3.252979196467032
149291730,0.02714356321177151,3.229645018656255,6.7771282157145665,3.3611786565153112
149291732,0.025987163474992934,3.1596000401898268,5.912242414749819,2.8385249602057647
149291733,0.027247321024723437,3.2331350939947807,6.90760876263238,3.360816859011326
149291736,0.025996471296205532,3.1522962846678646,5.722064917570538,2.8131955533328887
149291738,0.025563762521864642,3.181838246634881,4.9627577155851395,3.248469836530995
149291739,0.025491487937832003,3.169340696365988,4.930264519141662,3.233847251691953
149308642,0.018242115016145758,3.1653092288728333,6.870745473649734,4.014067133475203
149308644,0.01773978160172758,3.2356084157007117,6.7346017589363765,4.394368941494349
149308645,0.017106980400121964,3.3405645784780056,8.051645775320182,4.328879447563181
149308648,0.02022919443102218,2.8309179769175223,4.50390995575075,3.119281700376379
149308649,0.020288063790652882,2.9884555357520424,5.033649035715075,3.13880473702197
149308650,0.01834939083658249,2.8863849738010807,10.068704608359292,3.2144891367095614
149308651,0.019996362461813973,2.9325997060072533,3.29929634666217,3.034931973090691
149307736,0.020019292161455527,2.4865532375129527,4.753544996930503,1.621464747609243
149298523,0.02326480466430453,3.1876920276169627,20.255236116621013,8.215236940727577
149298524,0.02126397003600549,3.4143710983941595,15.078628987800235,7.202410625579685
149298525,0.02199410834137493,2.779885342047296,20.526506039492617,10.436329930039966
149298526,0.022736573068768185,2.936395493940178,18.339715650719224,7.351377811005897
149298471,0.017202685198574808,3.4353476920487176,11.717571117324459,5.341652427100258
149298472,0.017046646710321627,3.4535421904097783,11.696372754412714,5.374458419483816
149298877,0.019736982439354574,3.3354713789412327,14.826593558656802,7.687711856788995
149298877,0.020182140183994488,3.3675211905081337,35.99367953497513,8.491699838853975
149298878,0.021184175638731834,3.19702426046504,54.196861545349876,7.082366866164449
149298878,0.02177504375931795,3.9404771716925033,52.072137720318445,10.099829822206786
149298879,0.021719704171162722,4.090431017171804,42.52045767658418,10.310922679721008
149298879,0.021916612432164757,3.8013178117224475,42.402542232304086,5.255401140751203
149298880,0.020566941907178386,3.8963944826396086,42.5756912053485,6.676486427686102
149298880,0.02078426355577203,3.511636108979934,37.22647438903507,6.38968101706231
149300381,0.02197830683189646,2.535394045791463,14.960392715377731,5.059751077157697
149306948,0.011477097304120085,1.7124615336686522,23.101282879482792,1.3272564619346574
149306949,0.012210983184973222,1.471858963287883,16.655467562654138,1.2582287031589223
149306951,0.012766455849104623,1.8470485995783568,16.15618468706037,1.1376971275411698
149306952,0.012823014609892505,1.5469261283027884,17.54497638589328,1.7899183903635583
149306953,0.012662398568168544,1.691981982194411,13.7049584729389,1.228028527350094
149306652,0.016197548896992105,2.352124656867982,5.764592587488008,0.9209666207595759
149306653,0.016718300515256634,2.285379402147856,11.329148198686111,0.7647783323773685
149306654,0.016272873843304735,2.3539392668984043,5.234428776585083,0.9466679460053316
149306655,0.01669398385087273,2.3193421484207675,11.750186648278023,0.7715322586485944
149293763,0.008120514963360264,3.4325326766761526,2.728933283481592,3.25697809671002
149293764,0.008704029961316653,3.670292905962185,17.584581298670734,4.087420069258478
149298418,0.009073708382530509,2.2727332885883755,8.54675457166554,3.399684800179119
149298419,0.009034236005437311,2.2903941424130307,8.914241582362491,3.468412553881867
149299721,0.018421663325809454,3.62918339568223,13.281874482577484,11.833264057411462
149299722,0.020215180841228808,4.1268877875734225,20.937413665471887,4.5927807926538
149299723,0.019852445992645563,3.867591849321363,9.44625640053659,4.70034873915252
149299724,0.01987089862315209,3.8316181896133825,9.508550976333508,4.830445095763353
149299729,0.01937278324555062,3.935095995968936,8.63297806057692,5.414082014353857
149299730,0.019187078239179402,4.125961012728612,13.61697070366589,13.012479388856491
149308654,0.018975285346810748,1.4987390821823803,11.016638405611,1.623235645356241
149308655,0.011953356673161723,2.2326023665349695,9.054272643408254,4.3985890543239385
149308656,0.016691096626800118,1.6007201863761875,2.464206830151633,1.8674397918255574
149293973,0.00992894293371485,2.842850563380026,5.304953117991733,0.33695512365381663
149293974,0.009933588039889555,2.841584568963932,5.280595603296739,0.31810211362537394
149293976,0.009167142498059923,2.760701084886308,4.595062005113791,0.4316967736425531
149293977,0.008901783796235222,3.3046013108326497,4.2778797084517315,0.227887528975958
149293978,0.00890125894843211,3.316752605325628,4.334116974455987,0.2611161057578462
149293979,0.009544092011416512,2.868547934054392,4.188471400488204,0.3630141500905456
149293980,0.009502833162051394,2.8862965354598416,4.297024607413769,0.36701426422977407
149293981,0.009266582385245033,3.3284969142888174,12.451501713283976,0.6970584937701382
149293982,0.009205763143919812,3.329407121500759,11.915513357027297,0.6620076376028913
149297957,0.010603942014527856,3.2559423760131847,7.823518540861958,2.852067162030276
149297958,0.010509018792415569,3.235408596910593,7.684425539564693,3.0835724707158785
149306526,0.02112165781380246,2.9595095405488787,10.064528310262054,4.2899691588674065
149299786,0.01287396009046858,2.95333365130452,19.933161646641196,6.377572377928321
149299787,0.009948926707757568,3.014841217148785,24.78854473051415,3.5477654778524705
149299788,0.01162061571261589,2.9537164359460792,11.197376874488194,3.4481114880320773
149299791,0.00855725198986746,3.135244986728353,35.142190144818045,9.488815210312692
149299793,0.010287748085082734,2.77504487133739,31.616276377543564,4.781826858076085
149299794,0.01268541266227877,2.8766808835430426,21.672645147668632,6.640031217395086
149299795,0.014355464357955768,3.132037769620605,12.804701608166518,2.0682493364269794
149307904,0.026299141234828165,2.5096988799537683,5.706949056878718,0.29883344477200197
149299585,0.011015515031690586,2.156366521865747,5.010688759986614,1.6594265456636597
149299586,0.010842936222793864,2.0971168903107675,8.742041773195293,1.6115629160158258
149299587,0.011020833026643875,2.083659259413617,9.704652184774316,1.560051320253038
149299588,0.011095276976617444,2.101082200768136,9.688280999671585,1.6115715447099788
149299589,0.011130901420879122,2.132671316655865,4.357061215073291,1.625804291332612
149299590,0.012867433821320823,2.14690016580924,2.798511820936325,1.651820177405424
149299591,0.011182460700434348,2.1046366113939414,3.0887092948003962,1.9155196305878486
149299592,0.012037526399255257,2.380375451687556,11.510839094564272,2.9458446063810793
149299593,0.011238028577662944,2.142684393133216,4.5362599542937385,1.5724892042322016
149299594,0.010959412530482687,2.0721351567100865,37.345291439482665,2.101093609364496
149300392,0.014856257142280107,2.2510769827820245,3.781819647761032,0.6698275502583585
149300397,0.014691284878621199,2.2538086096736203,6.616445359315922,1.5930825797492847
149299894,0.01326899660724076,1.3965579814176734,9.819112083055433,0.3132302831268239
149299895,0.013664814458762267,1.1334337878039782,0.818941755888883,0.10244499895495773
149308782,0.018697176895075735,2.8355325110369023,13.12432903168086,7.25224059997087
149308783,0.01955058578700541,2.963598927193776,13.405365579845292,10.301297557403004
149308789,0.01898939684757884,2.7072156004559647,14.121457314357345,10.209316862907116
149298936,0.02078051384991737,1.900016718718437,9.777133068547737,2.8246832758001705
149298937,0.020737577725234758,1.892906988814054,9.969256998266587,2.9922467278598903
149292919,0.013283213362138386,3.1596483529842323,6.777903229965546,3.64405260365205
149293155,0.021873854506556923,3.6172699974768534,7.150734261259974,2.604032668767581
149293156,0.01988648709057603,3.1444416484257625,5.8578027604671306,3.390934545174662
149293157,0.02341058639968455,3.514310311702159,6.113553378270988,3.775577040222199
149293158,0.01860947781569813,2.7908963147712784,5.149917516378815,2.57041064203969
149293160,0.02302335757134207,3.609335978986264,5.792988036445792,3.530397672712736
149293161,0.021174930359856285,3.1266045402952987,5.73508656533657,3.8900649027226257
149293163,0.020116058217150727,2.7114090008411886,5.648673510699859,3.50470881663945
149293164,0.021621528376558462,3.322318583115006,43.1984496914464,1.831018643029467
149298215,0.01624450063931224,2.2703739578772626,5.1723113053308305,0.9239237756394523
149308423,0.028643507587997056,2.139249563955454,14.607290725608006,2.3769956265804413
149308424,0.023396195502626695,2.094214350220643,14.585242739615417,2.9658488437551678
149308425,0.027125081467214766,2.1572791146532073,16.74480872331199,2.4558853020401545
149308426,0.02718811664971336,2.2778891825246865,10.32749812767119,2.257450817337814
149308427,0.02806723322999228,1.9548916322219199,8.566188232900798,1.8633611542151642
149308428,0.029168109178000154,2.1744927812264527,10.003981699998898,2.6036626725535217
149308429,0.030097644019192397,2.2484296233057015,12.97818594676913,2.354779826740396
149308430,0.026183251264306564,2.0868501749699,10.012261791215229,2.6726635216772987
149308431,0.027631526736801144,2.224867244005106,12.698747605589299,2.3867933023430536
149308432,0.02938582319951114,1.9410682358867177,14.826984042490224,7.5840932939644565
149307741,0.023508511928219678,2.364940607327667,13.195017459671716,7.268411573315619
149307743,0.023422916866244682,2.0659371736497008,6.902522466436144,2.5137278708110884
149307744,0.024713960531787038,2.353255658564693,10.867798392001625,4.09168031273026
149306623,0.015037181141396842,2.8018827571014038,10.326646424619657,4.408864953747636
149306624,0.015239150770594623,2.7366061923404583,9.777596602791963,3.8906495631443874
149306626,0.01814681279406958,2.4031318691053523,10.565985496059241,1.655643509543133
149306627,0.018331317873100897,2.20662308247592,8.643682237670046,3.918850670783859
149306628,0.015536764550886688,2.5115726334840023,16.584170464392628,4.951177057078157
149306629,0.014671524924549421,2.589589766565725,28.562616291949734,7.404575332752451
149306914,0.01450618210657055,2.561414165297844,3.7744558681103797,1.8844904403829776
149306915,0.014572897922954391,2.5920651358164015,3.1753114725784504,2.4424819173678047
149306916,0.014761829182935627,2.660905392890838,4.991681993300757,3.5949675504903857
149306918,0.014626169791808767,2.7164202521563556,6.533805094754604,3.1007616319441755
149306919,0.015261943641548084,2.5249158072908395,5.612362781935357,2.039553684117657
149306920,0.015253231994519995,2.5588061919027134,5.389761857810453,2.1038766531359716
149306921,0.014829401075593942,2.741746229014804,5.040344513865861,4.069877064524012
149306922,0.014661545912638746,2.6605586078578893,4.276724432323758,1.795882406603392
149306923,0.014775962672399464,2.7539526587275414,5.543761690621861,4.097822330167716
149309123,0.013995143861461851,2.11308076327046,12.538592860558976,1.3906393132924693
149309124,0.013390739364524042,2.3059878394550286,9.19816556049185,0.2655933658913293
149309125,0.013729521096947995,1.9439718735345433,15.81283294250729,1.2055989974271992
149309126,0.015237945746027177,2.2788481285550537,13.610160772915888,1.3520832332917099
149309127,0.01479566629997908,1.5709913309711776,13.656645060157867,1.2695587618817976
149309128,0.014318912789947095,1.8162112937836714,9.863001951312766,0.7492936908163934
149309129,0.013857182361796032,2.1657027395460644,12.045616849290585,1.0755451507033034
149309130,0.01289698279672136,2.1760902379932614,10.830230940189113,1.1917433397280954
149309131,0.014150513653227519,1.9416019814682044,7.58322409521184,2.9443847297951993
149309132,0.013521239458519546,2.212181549340252,10.058705551328138,0.8494490860201974
149308526,0.030459108109081826,2.3961120869706156,14.344630552392793,2.4646798582220923
149308528,0.029399825282722565,2.4924581198991693,18.240603566443948,2.7865043897685964
149308529,0.029375806455971123,2.5004693519683183,17.906413544933706,2.649481613038791
149308531,0.030139665631847855,2.4666322299123804,20.53406847565611,2.3557493377833043
149308532,0.030563605693881907,2.251136117674747,15.784687185573963,2.98173005374072
149308534,0.030347206877082953,2.3308443437978124,16.791145406178277,2.7248727895041185
149308749,0.03002248954346032,2.2968959057096545,16.09897385902458,2.313028987594146
149308750,0.03001012347097168,2.2975280470834663,15.705657211926743,2.244301657103709
149308751,0.030387492603727508,2.3944138468103087,12.789372455792822,2.27989398410886
149307485,0.017532087287612845,2.151783555504634,8.75626595089443,0.7732842803228952
149307486,0.01935043220572654,2.3535179428894955,5.4063693186199995,0.7130374852434342
149307489,0.017586916405842364,2.191346943014383,10.302952378474815,0.7065773252281821
149307490,0.01912277155317806,2.36955259340371,5.935067147334838,0.8366845325256682
149307491,0.019356877690221097,2.3601172091701974,5.491648956406899,0.5425845366162275
149307492,0.019176100878153118,2.251773013076642,5.956648590610039,0.9850639918103172
149307493,0.017640029829441673,2.095083332720789,18.70158677810793,3.7641060641876662
149307494,0.017610838550256074,2.091184587040842,18.681856916534333,4.367508290820369
149308746,0.01518354139603884,2.08172074978836,19.828521019010417,8.352637626116653
149308747,0.011755331105531973,2.1997342906163224,10.460539463718396,0.8764205927437043
149308748,0.012486459039080796,1.7797580781906286,2.214031114977413,0.3985550724940268
149299562,0.018195187702252712,3.2362270101454524,9.41008156620782,1.8856265457276866
149299563,0.013722726875537487,3.4657286287888827,17.89839452255599,2.532051528114318
149299565,0.01481876093783513,3.249273914997444,23.71708562653818,1.5476092039532474
149299568,0.01336921064278876,3.0193394497263206,8.916199481557243,1.1447883866198982
149299569,0.016050210838918434,3.291380471180011,11.241074970237948,1.973553937300106
149299571,0.01629182467812286,2.976871865330862,9.014712125136542,1.7242581611950603
149306648,0.01718204669459093,1.6729157085379898,2.4102169276882126,1.3480677668516328
149306649,0.016971551318313124,1.7459596809859328,2.577425156439921,1.1348920271493714
149306650,0.017484569222695617,1.6764344924738686,2.6153306733839496,1.453814282610759
149306651,0.017358210183774123,1.6857347275519572,2.9109278963033005,1.4451124932311443
149308327,0.01914960358740717,1.5609147488835038,16.70978621872699,0.0559625518953494
149308328,0.01801065240370848,1.6789589959578346,7.89993198331473,2.1437162677248627
149308330,0.01935403857956816,1.5750496905035263,10.640419404944192,2.4308339227678832
149308331,0.017881362486950558,1.575200182657398,9.616867239030583,0.6016158624650956
149308332,0.01858910272906369,1.533666021593795,13.374601102529232,2.4146014357025396
149308334,0.01846071489590911,1.465844564234433,13.21334478974345,2.4519668591929267
149308604,0.01551910668987193,2.053608485784096,8.660048512905128,3.33002539656858
149308622,0.01470143180188225,2.16303538812386,7.597394368801761,4.438271399025575
149308623,0.013336068277924317,2.5607974690972792,9.402401647165819,6.776703389554232
149308627,0.014873408330788991,2.200317853439009,4.962005578058264,4.577205635250827
149308660,0.01599208657865182,2.099878079847568,6.457284767351635,3.778852417155781
149308661,0.014926692003792182,2.0891352485871297,5.3225671650223605,4.156617077026673
149308662,0.015442668055183923,2.020573171693609,5.62320125555324,3.6399040623708205
149294092,0.014332463441210086,3.2872916945145896,9.22554886144561,1.6618706208486613
149294093,0.014373355102733194,3.2924347666749427,9.53377949408645,1.6463205908271707
149294094,0.014367619598271488,3.2831843585865172,9.56617282711096,1.6493786283407075
149294095,0.014331444024238403,3.2882855097645916,9.238147770493176,1.610426632580717
149294096,0.014768029681592373,3.037492592776565,4.229154159932424,2.5866324621789945
149294097,0.014853524329177368,3.045016267381396,4.213784696165637,2.601840683606012
149294098,0.015064513998138815,3.0713161803992057,11.295949701904062,1.9830428027184765
149294099,0.0150890160229626,3.0610944972484324,11.776851497400484,1.9542872584907551
149294100,0.01514619755896731,3.0580545596312096,11.60276288410191,2.166292533769265
149294101,0.01513052154791082,3.0644708709406747,11.882668474964616,2.109943181319388
149294128,0.008562033763116548,2.628831979707005,6.09244208177996,3.9364493156783698
149294129,0.009388323446800677,2.2924260828370224,4.779536667343674,1.593912498655278
149294130,0.010056637554781131,2.3854798828426493,8.759089781091866,3.106726456643611
149294131,0.009007149031590748,2.5474854801110762,4.942098405452372,2.522762490679636
149294132,0.007686218688863077,2.6682933647748097,12.944141369802297,5.700058490325687
149294133,0.008602956569140379,2.7024107774880712,5.324027200196313,2.604919799758686
149294134,0.011313153711513223,2.97766674660401,5.8349227267657096,0.7886326078754194
149294136,0.00917633892823009,2.431915014911745,5.155829991441331,2.384461884900997
149294137,0.007861377016145202,2.570922065486171,20.31298037503285,5.0062394690894
149293323,0.015114100701326936,2.737485412848743,14.829185796609709,5.966986901891317
149293324,0.017161446156722018,2.6691758810186026,8.815323127557502,1.2671156531944587
149293325,0.01640362945439822,2.5284897110237736,6.9713350558623395,1.3768524355587246
149293326,0.016748843287908623,2.7447384370838277,11.81930285844348,5.080896421473829
149293327,0.016365310813974854,2.784351557572031,11.022197135337777,1.9164418844743767
149293328,0.016085391687822463,2.330243767735264,3.69357065399905,1.5588041235528134
149293329,0.015387301134359582,2.4713044474464434,5.6784456922930815,1.7355927504041235
149293330,0.015865224823495856,2.588544714719023,4.813684141971842,2.01425151022921
149293331,0.016298487694422135,2.4610332442982052,9.747289838411007,2.39785742458985
149293332,0.017963720097303286,2.801677619508372,9.89524368975087,1.1728498789352402
149299324,0.005037518776660182,1.3531942153048084,22.74722789298134,
149299325,0.004828828280384176,1.3538781283858592,23.702846298301164,
149299326,0.004895429323923589,1.3399842609497492,23.824770531474826,
149299327,0.00514269381247385,1.2780127407887494,19.19052066176766,
149300588,0.012668535107448682,2.3762630384211922,6.138135550817743,3.243116513282895
149300589,0.012945855317134094,2.470350459057073,2.8734221981447208,0.46108149202943294
149300590,0.012911329120697621,2.4699841919344183,2.9259948041904047,0.4374791455851926
149300592,0.012617724835541097,2.518331020862671,9.346272102770738,2.138403738304564
149300593,0.01317976916442081,2.4564481288690443,8.388896319244136,4.113768902995521
149300594,0.012890888068149323,2.4674463263599735,2.8672290413443235,0.4833045163790821
149300595,0.012499120582171225,2.6255406527036595,5.098079662589107,0.6657856474648108
149300596,0.01337204346283429,2.4260616446846957,3.205098432111485,1.3614297987636537
149300597,0.013502819229030178,2.4299895129931004,6.913047337258555,1.1305712763952753
149298068,0.016805482660422717,2.4894659402738886,11.606048584070061,1.4060092270543825
149298069,0.017975850778776076,2.4938805102507833,8.26176292901422,4.325394622867126
149298070,0.017184263623847406,2.65137005960524,8.073070132192337,1.764352205821659
149298071,0.01727066937545148,2.5827278285365285,10.299460563412923,6.134956875217356
149298072,0.016748227443390003,2.5717803567546698,11.52985787445393,1.4524547215225518
149298073,0.01767614813060287,2.5640499638440866,14.862681703016845,5.226237109118777
149298074,0.016873860123272154,2.4702513683184195,6.18919265769384,1.3238402352916772
149298075,0.017496285660897896,2.7534470557481625,6.191871039815546,2.383114034096774
149298076,0.01733773317118983,2.837279713315707,13.681684935474301,4.872284993871612
149298077,0.017190780062866423,2.433676327454136,18.608105588998782,12.227402030337391
149294013,0.010509715432805069,2.4362424065770742,5.826174184974125,7.884451102823805
149294014,0.01079820551394533,2.623781623300517,8.90610596460391,14.5815456420967
149294016,0.010256719567211187,2.523723298477971,5.4061442351010704,7.6793656913122605
149294017,0.010009107600479948,2.668139875507792,7.193907302609852,8.425632589542346
149294019,0.010185204666915143,2.9720369266077302,5.027290224247878,7.871345077048738
149294020,0.010644028807988374,2.6512412238984178,7.737097129525133,14.658507861561144
149292337,0.01294405229867859,3.3997262277793756,10.675778341887495,1.0943717920458849
149292338,0.01301779359810494,3.4282543446504765,11.601738244850559,0.9772509542768336
149292339,0.011672933581751735,2.261648714889521,6.921865587318348,1.328087411353626
149292340,0.009758846104664348,2.5833109297031442,7.253906573923615,3.8177217579790685
149292341,0.009177466869087988,2.7058617439967056,5.65671557002227,3.321908704925982
149292342,0.00941919775405866,2.735882454857703,8.727534078798529,3.0864031689370504
149292343,0.0100609252218753,2.2798934208165336,4.915415560852744,2.6838322470055487
149292344,0.012892312688753172,3.3975854921746333,9.685761459192834,1.2562268631401339
149292345,0.010949117815677005,2.6586837254026783,5.716991367705135,2.5084852928864048
149292455,0.015086538233603322,3.444087022099291,9.1261011844018,1.5092952402450193
149292456,0.014847751930857833,3.4642375414542306,10.692213378904466,1.353559996050462
149292457,0.013864765367316446,2.3823621061098996,5.491119966080131,1.5378340742475927
149292458,0.012467238104018353,2.65735284324527,5.754415418923395,3.0146456731578004
149292459,0.011976979516949173,2.76762851854218,4.9421016022423485,3.225140539029473
149292460,0.011933430938636405,2.8236283832392313,7.521412564005333,3.116510722240023
149292462,0.014934280908226487,2.7848992447438627,6.103469952455136,1.4257750235491162
149292463,0.014798467811088989,3.4536405179404253,9.029445713106913,1.2294862999019258
149292464,0.014818283134117156,2.7931533585067245,5.8579002222193814,1.4670159049834477
149308372,0.024065911949793094,2.123633892803366,6.64563797721889,7.731878021476247
149308374,0.025443448293557023,2.246121945652562,15.680934244464689,9.070587442557484
149308376,0.02298519525970218,2.0951095099402295,9.977410120334795,7.4023428962008015
149308378,0.021904803533812117,1.9324950427899874,10.487679663520947,3.2292126683252187
149308379,0.022601584607196096,2.216731053458672,7.493209590019523,4.344561002490445
149308380,0.019773676809698458,2.1262191626382565,11.193547369869453,9.482635718051387
149308381,0.02308821452571826,2.1716443640393717,4.666276053048391,2.5682363216221895
149307426,0.018254394967914183,1.8598921910529498,4.052662764590722,2.9239040719701554
149307427,0.01829121303889581,1.8660370677269547,4.205047877726809,2.9992653396069016
149307428,0.017088409894692156,1.4101562099590308,1.2536155457876665,1.01608747092222
149292665,0.026501985815715993,3.4311132292671576,16.538270244671352,5.784388052783528
149292666,0.027267808927783226,3.159645238248596,15.229142306082746,5.020738302144006
149292667,0.02651343781025529,3.4198863697244044,16.44768921704191,5.788799334882763
149292668,0.027274659990573276,3.169608576969146,15.215077162815069,5.031080158048882
149292669,0.027073178968696356,3.766596432188088,18.776366573372563,11.02555257559361
149292670,0.026662207490346757,3.1739002097260722,14.995324069272723,4.128086319970806
149292671,0.026082955697002856,3.8625202157563736,18.399246300819133,8.488442423076782
149292672,0.02700789788769557,3.7539025480181385,18.2784115937821,10.271912947479176
149292673,0.026622690746081052,3.1786570001240677,15.097511573690246,4.121730870909368
149292674,0.026114428547086968,3.852625298984095,18.062885310093925,8.363432456089189
149298631,0.02526175359831435,2.114317695577172,13.392553763961773,7.783281001428359
149298632,0.02608765739940615,2.237739739589653,13.473470274570035,9.285797204673552
149298634,0.023729827872755217,1.9342670204197634,6.786521150564865,9.01240825016466
149298635,0.02387662902243137,1.9503170345161456,6.269115045240932,9.121917362854735
149298636,0.0256501741696503,2.256723238086969,25.19856635710036,13.775488502642064
149298637,0.023401677258756155,1.9347557482014046,6.792713779312407,8.492633314727161
149298638,0.023792184879464013,2.3411687875171125,22.03427564463912,10.725914132360609
149298640,0.02545692872539915,2.2558857196385524,9.891270765361517,11.037977734478151
149291683,0.012077746646301794,1.856551911068992,5.076466953644307,8.941605253636203
149291684,0.011847958161527925,1.941746239820728,6.401882306537346,9.088477069480904
149300499,0.016588048612160337,2.5413355420781603,22.489434013512362,4.004459248050235
149300501,0.018769663976898665,2.4092222158743226,23.74937558380833,9.459108930233166
149300502,0.01902132222196019,2.784911108457162,21.108112133273583,9.220495955573789
149300503,0.019686910812324727,2.307886946442144,17.751701979539856,3.631273849550566
149300504,0.018697167738169308,2.3715867078509576,21.25671334689827,5.717258551228959
149300505,0.01685967124491741,2.401714411789799,19.370332028870898,3.832075309722337
149300506,0.017183483461237943,2.22521297304814,19.727805848143376,4.264142632404699
149300507,0.019443788499530035,2.34219980258618,17.55125567873544,4.579627295784779
149300508,0.01933718214542964,2.3897060299756645,16.996272012652014,5.256384710720502
149292823,0.0280882955677223,2.6085227299688842,5.467156704841179,
149292824,0.028097789041562918,2.6345763078298057,10.723310912070266,
149292825,0.027566885957419875,2.802264052049842,3.881336343125572,
149292826,0.027798520714755637,2.896232271049643,4.737911172351235,
149292827,0.028042883466961866,2.6056055878608566,10.460581634586621,
149292828,0.02689863047507382,2.3855721174649696,10.53291211413746,
149292829,0.028739134728800242,2.0728298722763374,6.734298585638384,
149292830,0.02892853410856752,2.062663497300506,6.744411122672465,
149292831,0.02696832110480076,2.6761074712763633,7.567274103839927,
149292832,0.028087850193812065,2.59560195825156,5.762372277606139,
149293796,0.008210280540799846,3.079470150432576,9.733068334666072,0.6968178350806
149293797,0.00820444752594977,2.9255620743025816,4.5220836202767405,0.7465929323410355
149293798,0.008216493543540846,3.076783068094367,9.551095115479509,0.6820652416588819
149293799,0.009514509673675882,2.809798366117301,11.51648526153611,0.2694058110726001
149293801,0.007625602251549911,2.7644256458770675,5.0003177708543,0.2107460158770202
149293802,0.008877917622576751,2.7887123148512036,4.978893593743805,0.3342294679864793
149293803,0.008898527802295166,2.8003006239683486,5.169181313360437,0.31372016556475874
149293805,0.009511595019440067,2.814057120718606,11.683260162316746,0.24583697801745313
149299184,0.017646575474797917,1.8095777820721166,0.019404151241186107,0.008074917026066723
149293440,0.014056046910065914,3.0372321696768907,6.277385233245491,0.46371011544962976
149293441,0.013949787957575416,3.0164152720445268,4.816010580801048,0.6138795900012933
149293442,0.0135445831394007,2.9019979319088933,4.100525385063686,0.3501259422908943
149293444,0.014304338087085115,2.639101005829039,5.731531783330877,0.426346838126549
149293445,0.013194524217197882,3.2699079498422727,8.820665417364495,0.8136243424100676
149293446,0.013949321849330254,3.0328944595036496,6.1386303299247365,0.4402940830883292
149293447,0.01346597894471699,2.7489046689776835,5.552535318284275,0.3404134606125821
149293448,0.012912988839618408,3.0721390394968924,3.6954709838570863,0.4345654812371032
149293449,0.01322479812560294,2.748424421696935,3.8144037394095474,0.30716799965680736
149299222,0.013376440398224866,1.43990631745402,26.479643754460643,0.6415596083263623
149299223,0.013390807164502975,1.433383110684351,26.846791420581546,0.7018926889817388
149299918,0.013041709642302758,1.8566294201084192,28.809268521870997,0.8191506770962905
149299920,0.01289806321099867,1.8734999068987346,30.713534629309816,0.9157754623260069
149306977,0.016679398729592725,2.6881020042296258,15.846625509193892,0.7612349693655884
149306978,0.01721901484097069,2.8201058199720297,12.953256564812287,1.1906647804371069
149306979,0.017071429576365354,2.748894464543796,21.05061599082346,0.6460045005877267
149306981,0.01729673965915292,2.7100061281834944,18.580535828920087,0.7321823601937751
149306982,0.0173021554541559,2.772606143836022,21.042066557429756,0.8377355895395777
149300613,0.011475616411898149,2.283275592657388,0.004692440172241738,0.0008845810923662416
149300614,0.011448862814817544,2.303710173424559,0.010181880877340708,0.0022300948484826133
149297818,0.025591370930914032,3.035181486607113,0.49732555291961317,0.0029201813910495057
149297819,0.025437550253593,2.856602757797338,0.5034972011395481,0.003160043455992705
149297820,0.024993684790221102,2.9381633330805066,0.44630629584317805,0.006343461497805893
149293826,0.013169045415038005,3.026692328225037,8.605822713500995,0.3716455239068596
149293827,0.012618272840857295,2.7975625752870115,4.225342749676236,0.751577114681089
149293828,0.012887772800645993,2.5439868124666547,5.053683904203729,0.7815592828740762
149293829,0.013114239749554234,3.0344141336240424,8.39992625735687,0.33502586229344794
149293830,0.013380287673076637,2.8509164509203644,5.943808510930543,0.3619315230721045
149293831,0.012892620625749453,2.5465023571695036,5.204896758090627,0.7688828753211074
149293832,0.013364136264638386,2.753885676490017,4.762217108120417,0.3498013242670294
149293833,0.013856019038839916,3.1749092049396626,7.121114325890378,0.524894741128711
149293834,0.013371584043863127,2.7544250603898095,4.957071861177518,0.3437789140031414
149293835,0.013393996202882587,2.8488122089777317,5.908901750374173,0.3016588518571868
149298367,0.025040764639079695,2.8630212582225534,17.155243490053714,4.471406614298891
149298369,0.02637682661535761,2.7638888968729254,18.289237201157572,4.332502524465654
149298371,0.02915978718192866,3.502510774390627,0.1489326687163955,0.08358467619674302
149298376,0.025002632760886156,2.848971683854391,16.394013695536717,4.249460442467517
149298919,0.02029282793376662,2.055969658118132,15.874623225689175,3.342818511039225
149298920,0.020280460833254955,2.0325847117406037,16.719374102570136,3.322151699910426
149298921,0.02029513643551154,1.979100934232342,18.6298110673963,3.618362252229051
149298924,0.019889786111482972,2.0246725744539558,17.483026838540784,3.4159696909316346
149298925,0.019919754013613466,2.0457358939311217,16.789463066932544,3.6058118739331917
149298927,0.019914344684083207,2.092806404002543,20.062798271096202,3.555742554512085
149298928,0.020273903845397293,2.0164818956400765,16.898410368530953,3.4723638179914116
149298867,0.019788202310281777,3.2360894121084867,16.554364692304663,9.362821120597019
149298867,0.019546262394602866,3.3677012025853372,39.024533625313936,9.417339101561595
149298868,0.019740815673513552,3.431155782631446,57.799954949140655,8.909792627117978
149298868,0.0196139497587995,3.408023446000712,59.36255207116995,4.942125707924224
149298869,0.020248544420557242,2.7483923405397013,69.60123239100685,12.203717134010393
149298869,0.018462382761855484,3.078154027703917,16.904382055467522,5.331810620482404
149298870,0.01850770580228277,3.223974541705363,66.86163152069979,8.759054602231254
149298870,0.019759748071086887,3.672354483957346,67.42430892759886,10.278244682503619
149306889,0.008243189501973011,0.7760894914168056,0.43663457399598504,0.2763954300399697
149299218,0.011641532962912194,1.5983960573270446,30.065403533779527,0.0012631327728195455
149299219,0.011639033047454034,1.6534783564313564,30.040793605799173,0.0007376898811425258
149298048,0.014237855741622256,2.5878395336918314,6.743421748422662,3.972110174600669
149298051,0.014212216301512157,2.578247297041681,6.415280689434467,3.146409119188397
149298052,0.015268700942336637,3.0119740534793853,8.937584569057458,2.765212624294371
149298053,0.015099007545061096,2.993226501464563,5.668940692802128,2.3497562455071894
149298054,0.015107077404607755,3.016355112619325,6.0082459281881215,2.3454682264993294
149298055,0.01520696472773768,3.0248472011503607,6.974072188949261,3.058421679042119
149298056,0.0148880088893204,2.5850305312748203,15.000995634546761,9.083227919901672
149298057,0.014941681554341182,2.601011657991008,15.896290931868991,9.758822815645892
149298118,0.01099773860107368,1.9186712473069125,9.609522743674914,0.5264099694680013
149298121,0.009031619097155628,2.173254900992977,8.023276034760926,0.9177451287646108
149298122,0.010124233162714236,2.0573128951319988,1.447252637849096,0.7166860609750877
149298123,0.009309998759688388,2.0910317771341664,2.3951695243811773,0.45877203563420016
149292132,0.01315717682726077,2.842162611288567,7.167912318370779,0.37599455106022117
149292133,0.012584771569335768,3.2109785326789884,10.440787702033928,0.258926369337284
149292134,0.013330432508691462,3.1923405516031775,6.042823352650202,0.21587685699140535
149292135,0.013105301768652123,2.8714260972095116,10.970261880568962,0.45002471910151326
149292136,0.01240237097399339,3.1770240010397264,9.935984451747915,0.2722143496464481
149292137,0.013029576534625751,3.2070980797829636,6.7890219822119455,0.2509362421757947
149292138,0.012855782132660146,3.0793436756607555,5.317169139246815,0.2337015954563776
149292139,0.01293765196629346,3.023833593440032,5.142019092185553,0.15986914989564563
149292140,0.012843879860199012,3.0833500487249186,5.3619402082591145,0.20871340930198787
149292141,0.012938100280421676,3.0255553237753228,5.200184819391859,0.16482224167868734
149298238,0.019680191129822062,2.969889176833382,9.682647305152416,6.622463822629152
149298239,0.020579842961992306,2.968666277770611,8.359840794738664,6.346694735109482
149299493,0.02479475206588313,3.17116502803776,3.2966286233950295,1.9585642079488348
149299494,0.023397125663416275,3.2752139313343216,3.905990783136719,2.7867110452807693
149299495,0.024472705698151458,2.926274821657872,9.3707669497682,9.774621361594955
149299496,0.02467809786393151,3.0877636985907437,5.707054399970998,2.503237096134775
149299497,0.024406403006126,3.797043526499636,18.62057044062593,10.838277529889742
149299499,0.024029621466097578,3.1406351788077687,24.25408066043741,1.6041632035260058
149299055,0.016522202233486247,3.956155559687143,7.478951980440482,4.327746775104541
149299056,0.016364485471914478,3.9729135564714104,7.665333835387825,4.228995459668486
149299058,0.01655010745102318,3.969925537118118,7.60024679681803,4.076981630446864
149308564,0.01228037688727325,1.3006678747669127,1.459062691667488,0.28158720329392056
149308565,0.0125938204736681,1.1288612038024626,1.1857579569255567,0.2286666931732294
149293219,0.012528379842475216,3.037871911219255,5.032264488359925,0.09475311124070462
149293220,0.012213523589416983,3.057570194095245,4.975983406555415,0.1189815374531881
149293222,0.012262939789455087,3.060252148828295,4.992325650590642,0.1418935890319824
149293223,0.01254117721499345,3.0528056008007534,5.125598083002952,0.10174170612479462
149293226,0.011996111981956714,3.245022660269488,5.49176211431265,0.32841489009014757
149293228,0.0118929015223351,3.1871726304433894,5.39893263487373,0.3697700434418087
149309050,0.01556690571798455,2.1327046713203592,9.165176258184983,3.0255202019287704
149309051,0.015616032599741534,2.1050747007683084,8.848267350740853,2.7554706278966603
149309052,0.01560886403952083,2.1191079739456584,8.617526228828032,2.8280642741478537
149309053,0.01581791563247827,2.139518371209415,9.839553062739439,3.059779923470247
149309055,0.01840781613144014,1.9589418648022687,6.7501932652468035,2.512621267243951
149309056,0.01808249489140808,2.0176174057051433,7.13901582534621,2.797612136248945
149309057,0.018383868442602716,1.9785198327027878,6.7661184720065215,2.4888218073157935
149308504,0.017363377592991187,2.4248332322402835,14.825284869540281,3.569641114668985
149308505,0.017514375157554066,2.4271730518334342,14.755017577505084,3.7189590813269247
149308506,0.01763626640377836,2.428568855192879,14.865922447207767,3.5596975738637595
149308507,0.020498908775025592,2.4278566264761987,13.205580234823593,2.411765990269325
149308508,0.02042363867762301,2.4414703192231766,13.476388155516991,2.487619741371957
149308509,0.020951647676430176,2.3759171773646615,13.896217269384133,3.681466246512922
149308510,0.019628595592432994,2.472303648020501,16.172878229471344,3.789255537660181
149308511,0.019581057609716925,2.5566928900156407,16.146078676522144,4.025862888501712
149308512,0.02074240754582104,2.479882326584175,14.58805662889612,2.7033426740898925
149308513,0.019072448708073203,2.4320219481283427,14.1917619599118,3.0138209873381805
149300546,0.013076709771520173,2.1804791492478213,21.532873956831462,4.630076726041486
149292606,0.021520652704011566,3.9395041016028625,15.732235657989195,1.7123608218784123
149292607,0.01868296819638353,3.2624179382276686,12.832219504477289,1.9070043820036224
149292608,0.021409881459190948,3.9401862413986124,17.418272767151574,1.9461736968584527
149292609,0.017767466538369487,3.30491745469686,6.561819110919785,2.0760430901270235
149292610,0.01798920190295663,3.7113445755306382,19.31778427265479,3.2765371266106236
149292611,0.01738421388054841,3.344184201076731,9.861685135626786,2.11397785025633
149292613,0.018081484722353092,3.655244773042694,21.048199475988575,3.482600440339029
149292614,0.017373349285263295,3.106633690435816,29.267937563205567,4.826549152200745
149292615,0.021398158385422025,3.964677966420633,7.849631469097152,1.8325401188236337
149293303,0.017840144092282836,3.3723900786865095,8.928021707696837,1.1649952061776074
149293304,0.017839620220367784,3.3723063808983595,8.555295651856296,1.1706104981331638
149293305,0.017066683715840848,3.475334765832674,10.302527814803318,1.3818144938558132
149293306,0.01712783238825558,3.438291018587559,9.825523159816246,1.2586566338204992
149293307,0.015975346757162154,3.124047167325545,6.7183398970428545,2.347208005662017
149293308,0.016134975161664695,3.0605098752176265,6.4927546776775555,2.7562696825111592
149293309,0.018672431317443793,3.2518254464102836,14.420397539677166,1.9127909692459597
149293310,0.017712847546965105,3.207357555772598,18.989584451336338,3.0758044834415466
149293311,0.018604383072686387,3.2475185168931793,13.896265293696526,1.8883292807885979
149293312,0.017919178859639867,3.128922227084434,6.876433134181263,1.2131298883777626
149291436,0.0074399312649009175,3.888927300810046,5.303204621240737,4.883683672410019
149291437,0.007501274760364567,3.874745854373344,5.186712273605735,4.862279036724948
149291438,0.007658782048831365,4.037417070326599,6.847645410720074,5.071738737349392
149307776,0.013333829600902234,2.38288147715344,6.148786159331505,2.2337465647907915
149307777,0.013863975250361656,2.4508883333634635,3.5173878427604395,1.947105553980131
149307778,0.014250722316274734,2.6149626133721364,12.682592278498946,1.976229851759196
149307779,0.014296132215533695,2.609419199081258,12.984183877719937,1.991837728993947
149307780,0.011653146329526185,2.537142690407777,6.18214324451457,2.7714770858234
149307781,0.011620151488227221,2.555715924693394,5.767954102158849,3.028288487624492
149307782,0.012850110126032694,2.4418153881523916,5.495983676177269,2.2628920277663847
149307783,0.012041743906362411,2.487940746802164,6.380660963745204,3.296562852901198
149307784,0.014636842385519992,2.5492643193580324,6.796347912143879,1.2225354149124665
149307785,0.013039493907436828,2.425679058143183,9.984368283652728,2.5079906071815117
149293259,0.024326426642978627,3.048322037030608,4.263346766155611,0.9060169261600314
149293260,0.02388990450651525,3.1345816664880344,9.096785213537494,0.5473490696401729
149293261,0.023537211642409208,3.576001017878683,7.501680336766085,0.8127324562293551
149293262,0.02346348469837349,3.5932976179170684,8.025546109336135,0.8357489215109106
149293263,0.02472262601082507,3.2011508639099477,4.015124849271556,0.44215971986827196
149293264,0.023568557372134254,3.326638632927919,3.503882447649317,0.5266266199075397
149293265,0.0243532006403343,3.0733403598448206,4.518594047932883,1.0190605689427534
149293266,0.023749337041656726,3.087849347962588,8.491232004904694,0.3516308063018319
149293267,0.02334801213298625,3.6426496491498477,10.04197313160445,0.6028823825932592
149293268,0.024460572249002985,3.195806009009546,5.2120082761529325,0.7581608384023113
149308796,0.020554085909254404,1.962712843477544,3.7175074872545695,0.9262418947773601
149308797,0.021530061862849156,2.1408153787004736,4.497870072803708,0.5801314453057608
149308798,0.02293200075777143,1.7074727131903327,3.8896462677002677,0.9875700592523026
149308799,0.024168111103102085,1.93787118867419,4.157340228422741,0.4277178656221445
149308800,0.021622493047060494,1.857379265227811,3.3136853313420147,1.0898887038069325
149308801,0.02330938651652085,1.9041305075503794,3.5308053386398,0.8271137568259387
149308802,0.02131402623737943,2.2503349965047,4.3728783626140135,0.5584683460007052
149308803,0.022399933309487117,1.8058120309588805,3.5599629399499193,0.9460192120788562
149308804,0.026838890000759202,1.737641843913215,2.3500564074454267,0.5777504849468601
149308805,0.023250332198969898,1.9033817953566206,3.573498088755959,0.8660690939573544
149309468,0.01567569829058942,2.2616182539234373,23.821939307387108,2.0251666172852487
149309469,0.014043691712511446,2.280172955246846,8.05994649161609,5.626766141303626
149309470,0.0166930192765463,2.35600477196732,4.6437793409411325,1.087730208215531
149309471,0.01502667857257785,2.490053521684195,18.67032754985885,4.605098478559232
149309472,0.016179357620361746,2.2762878745156665,13.238153944428316,0.7452749673605513
149309474,0.01447786326970904,2.190977679281881,5.374450192584559,1.0388133174205063
149309475,0.016486316961667295,2.368945648099742,5.783457227398289,1.2502711551598293
149309476,0.015471739497954188,2.2064314641953104,3.0475141961436245,1.6871757488649053
149309477,0.014904499536201942,1.9402615229954345,4.270082928208343,1.3767493323547457
149308637,0.021506163182410346,1.7340690788559765,4.521912726598737,2.1268354121006343
149298621,0.01816158894143753,2.3379225665684253,20.603878141982722,6.721182523599605
149298622,0.018555273767012503,2.2626376704093643,16.34449665666305,5.763090992216858
149298623,0.01826228367225082,2.5494522604855625,31.668425912702606,10.371057479529465
149298627,0.017387592645754693,2.543627373614632,21.83443453692765,10.280890045686832
149298628,0.018934904047766356,2.362738716055966,26.283780330233448,8.418445577769726
149298629,0.017831127936062955,2.1970709120711116,10.093370216600846,5.117003845760667
149299626,0.01210599225790183,1.5552188446662722,1.3858478588197192,1.0625743202307962
149299627,0.011770243321406491,1.468720366584009,1.228042210167085,0.5688672209641239
149299628,0.011773948943977498,1.469752725233585,1.2516836192580205,0.6220999224147057
149297566,0.01601400247071628,2.6418144452621557,7.787123465501192,6.494893932569667
149297567,0.014455615113801598,2.407054283075897,12.421948987475528,7.352553567522856
149299936,0.010783007984205152,1.922613050253213,4.383493281825728,2.0343021837043156
149299937,0.009978074345266987,1.9861873165119757,4.127695855638665,1.757692281958274
149299938,0.010647039108950762,1.9352171687339228,5.392621418772155,2.787250519264416
149299939,0.012505830168211387,2.084596495518427,5.750134341913264,0.7580563988606395
149299943,0.010638067544871179,2.091218078027981,4.098023792839246,1.2794715011026618
149299944,0.01077824988574097,1.9788846654547874,5.432974768950619,0.8760373814323981
149299945,0.011401398616348507,2.016286040835045,6.386380223701895,1.4246619309234965
149298357,0.014073280232445255,2.562752681368367,8.844249723113043,4.985334267369926
149298358,0.013239039209189443,2.6715267252710975,26.26791241262706,2.84938040295732
149298359,0.01321068560425839,2.8285411280853188,12.987362575403203,6.869563141488617
149298360,0.012319947569226091,2.706927513133687,33.83325017332266,6.8750634193020135
149298361,0.01308408069161648,2.6235524893592364,33.36682724950422,7.556397629476394
149298362,0.014405825175943293,2.6568585000997396,6.191072057948195,3.9153182885322835
149298363,0.012710150329768124,2.667560707879774,11.114484138455781,2.4445892156539557
149298364,0.012871841327003867,2.867736484218355,11.233834356571624,5.249029406088593
149298365,0.014208296168789759,2.53316141453852,9.821897337115965,2.784469191113009
149298366,0.01461716886778796,2.5078315982814887,6.061696068724954,2.2771300084537947
149307748,0.02428580424069071,2.2809738731520923,9.357148812859991,2.8773703594829105
149307750,0.021608198425400883,2.043595510165231,6.55847619848255,2.374329192713396
149307752,0.022860932714087605,2.291591376123523,9.543687522169547,2.6729970411275823
149307753,0.023146923429537777,2.041148367602805,5.958736462911766,1.4145205407897543
149307747,0.023487157221130428,2.960361690199773,20.276262300575,7.567084001446537
149308762,0.012077400831792248,1.550624642920123,7.043699015813667,1.7656923313536135
149308763,0.011916322656922699,1.748879485827237,16.968923795362556,2.1726272029280174
149308764,0.011285972228746185,1.502244321726787,5.64934869662472,2.359448200603612
149308765,0.011545774026134926,1.4177507845747674,8.213583697952998,2.0021422130850124
149308766,0.013333273772814055,1.463317102856345,4.234597754844325,1.8079812802107833
149308767,0.012221840114391596,1.4859579797400486,6.794553493905905,2.5673492502321547
149308768,0.013080021459315746,1.8100916212678162,8.39089178959911,1.6622854894723997
149308769,0.012268980374716782,1.894288073477558,10.518504709934012,1.5983967192101878
149308770,0.011314067299666603,1.500529535648843,8.006177994599467,2.3909352490122533
149307855,0.016794189244195387,3.3915125487943656,30.764844037717907,1.0554348995593559
149307857,0.019167923265872827,3.288716553611689,13.321544720467353,0.9353150803413057
149307859,0.01928514064308727,2.5415959820922844,5.77838764026021,0.8134578948837704
149307861,0.015864239560986693,3.2217075711010073,15.983343175350651,0.6730337061178127
149307862,0.01635085234939812,3.001366830389479,9.44320975460973,0.7553389110776138
149307863,0.02070976298960734,3.1166189945160085,11.941084414104827,1.1297864146271812
149307864,0.015912270987997842,3.1185424639850887,8.398252625373694,0.48024329865756243
149300226,0.021021906000528424,2.280634780705298,6.928217076266649,5.146199471021103
149300227,0.021932739174769483,2.370108271501458,15.578419236100714,9.8641514459917
149300228,0.021297075310633,2.2473873935819184,10.744389056142262,5.85869476237053
149300229,0.021027323149176984,2.164353956999877,8.1249236851222,5.740921315759037
149300230,0.02214561910342603,2.327914904133172,9.418258218764729,4.308139075343527
149300231,0.02069868683466159,2.2975586418795935,4.185706074209319,3.0412653781660173
149300232,0.019636649795368374,2.420421130063027,12.170101428053027,6.6997156629955965
149300233,0.021150279405521798,2.1750696886832177,8.182431586146073,5.8796254525186855
149300234,0.02068973416945569,2.241758475925838,5.593195426861047,3.2349989776338077
149300235,0.022086995462433742,2.32941751824963,9.635812552978186,4.350495424463353
149297728,0.011944589940905423,2.206982224289555,5.6375739729224605,5.714056654807321
149293054,0.012137455304537711,1.943606121158051,3.6813144261264843,0.002139801415748139
149299926,0.015222453615453274,2.4432941963154655,4.078028556814354,2.302255683043994
149299927,0.015693859829278338,2.541590138485483,6.718113073774467,2.1741631038659524
149299928,0.014726754481536727,2.6318011355250666,5.093549437810425,1.8626145564199823
149299929,0.015856303922364055,2.5969183838795775,5.719720645501224,2.093384850347323
149299930,0.015731756131813542,2.520812703642098,7.268118063840189,2.087022980415545
149299931,0.015473742795217328,2.5257203940793924,6.253699029662637,2.137768360737596
149299932,0.014431561940279182,2.623961170590531,6.9850303690130495,1.8505248840568471
149299933,0.01433255770458977,2.6066200608302648,4.858612435421858,1.83032224571956
149299935,0.014990421500128604,2.6432959747093574,5.6710966650294345,1.8498971017046155
149291913,0.018099084274443417,3.785158168615759,27.808400532764868,6.309797437851021
149291914,0.018114548457996506,3.7887867661957935,27.459846513797096,6.381744261313271
149291915,0.018474022584659078,3.785817629155717,27.683373913513094,6.343059728812315
149291916,0.01799467196663801,3.8522597923229585,29.35857957016448,6.298720726338295
149291917,0.01598569147457964,3.8050845310957975,37.93736248230712,6.331034664289502
149291918,0.01565736043552691,3.831693997247089,37.78385060364888,6.37634572881373
149291920,0.016107391871281455,3.813771886593371,37.859487238265196,6.401809746055053
149291921,0.02053243145413607,3.7188341973924666,3.979659406723907,6.217355596400559
149291922,0.02034949816091182,3.712128537270048,4.0257135439886795,6.2157183853366265
149291750,0.013328590397128075,2.5674168861858235,13.796730408382269,3.5484840117879117
149291751,0.013020219159166214,2.418817674439797,10.134114832047558,3.435493413257631
149291752,0.013777044650298885,2.5712384839246667,11.866002061604384,3.4555325046431395
149291753,0.013743821246882311,2.5533996976079925,13.420641302922483,3.516571020025081
149291754,0.013177237410829204,2.51089492864066,14.074876316655615,3.104630329091445
149291755,0.013719711711966832,2.5032890774496948,10.499223173150835,3.62284852542927
149291756,0.013472409408670127,2.6207088663477496,6.181001179893067,3.682307906846508
149291757,0.013715444689168597,2.695743984449375,17.08936719053296,3.3823872029488227
149291758,0.013633758273177764,2.579179149416291,19.60118966439644,3.4264467342242058
149291759,0.013823723880279104,2.413672632043936,13.951491522426588,3.291537182197267
149300548,0.0158829290273971,2.1521205296682444,7.445040186480582,2.4694798886191163
149300551,0.01593105990240484,2.1402864794185406,7.461807185585913,2.473021211355804
149300552,0.016005659894264286,2.3261616409798442,9.46875393830508,3.295253969388073
149300553,0.016052899554331812,2.3230944118997368,10.542433769338563,3.466237886713491
149300555,0.01580049821823844,2.329503942607728,3.6348214642062584,2.726339157306203
149300556,0.015803456808418787,2.335733934487927,3.7602289766778614,2.7137168824220734
149300196,0.021995012479418208,2.3034788304434457,11.094529034586206,3.593416118803966
149300198,0.020110561063413565,2.2617895914877475,5.8743032289409,2.4243850286498647
149300200,0.021440378298277316,2.2670912992814123,5.013779038299584,2.7477996347056033
149300201,0.021740864155160335,2.259715564258355,8.95448367738591,3.1385120673487226
149300202,0.02102339627780593,2.1742970611480863,12.406742579262039,2.553033674426151
149300203,0.02108880481505779,2.267325482700537,13.05807751102092,2.553415546917888
149300204,0.021230075306250942,2.194429459260636,9.704806052401869,3.056755802275586
149300205,0.020979569829129754,2.1249611230970364,11.298589480677348,2.4242502828542913
149309305,0.006878305895517762,1.6449637183946522,5.656358384841392,0.7140148300602586
149309306,0.008981473972333181,1.2138554327959452,2.5656608123252957,0.6625325826681517
149309307,0.008898952518724433,1.2730313443375754,4.189565684757301,1.1249837139264138
149309308,0.009676422111530112,1.3998957871600959,3.903393143745179,1.485076207662791
149309309,0.007595805874604282,1.4327379761234835,3.9816049520474897,1.1241987840129326
149309310,0.007510120143684495,1.3865892989893815,6.312658761408555,1.1415787325708753
149309312,0.009115457813662377,1.342531503210689,3.661598625543462,1.4094737625547056
149309313,0.008454716278839756,1.1563262937195213,4.110352615697224,1.1955677931360216
149309314,0.008709076868727416,1.1162543864770516,2.4806797314434905,0.6452905291445736
149300563,0.020710562750334855,2.1023776255869797,15.445767585580818,14.179198795148645
149300564,0.02095913725743115,2.308541028811041,15.94142007440699,15.28411569239668
149300565,0.02221531994051162,1.8984762761032814,6.386155466996522,1.359383727112654
149300566,0.02229483212063982,1.8963649815783477,6.49803426510062,1.4030789618201547
149300567,0.021302377503211015,1.9579412592268628,7.32563558327225,1.32480725410676
149300568,0.020662042631135906,1.831827142021882,8.441327800753907,0.9718711660646346
149300569,0.021388084087933953,1.959782094049378,7.070101096444386,1.335559602120311
149300571,0.02051144607246538,1.8466508812904094,8.379702809093645,1.0407180938677245
149300572,0.02115763490696923,1.8104607691593568,7.068489997313891,0.9279525054213376
149298661,0.01713988796172584,2.18616192134396,15.341469032001905,12.106346884330666
149298662,0.0173584803699505,2.199947765449984,14.436818879230907,12.170645250041494
149298663,0.017047183150210823,1.901975658750097,12.392668675805746,9.17531755859772
149298664,0.017119218345997597,1.936420679945434,13.25107995000668,9.107391576697566
149298665,0.01734096381662506,2.121448315489291,17.820208301863087,14.328737178039244
149298666,0.017285665278876917,2.121173555669955,16.69943588162242,14.499337398567693
149298667,0.01631176595831442,2.091908743451656,16.03771215852714,7.1109851624847025
149298668,0.01639554979410885,2.328711767209275,19.83288904598563,9.217808852031311
149298670,0.01539313651680346,2.1809693396288856,17.3825879616248,10.910108617136856
149309478,0.024627689232890767,2.640157284048366,8.399190382227738,3.685664655344846
149309480,0.025161660450810808,2.5794483978304044,7.765865461991025,1.961656497540046
149309481,0.025375826327250335,2.615631727699784,3.7795955883532075,1.6282172755252478
149309482,0.024835636004566577,2.482716367780037,8.389320421249865,6.0848326117713825
149309484,0.024460461600668424,2.612373730526912,8.116833469542993,6.2450381171360565
149309485,0.02518185581253871,2.660495920711465,6.697280814574872,4.759754112576544
149309486,0.025035259527594132,2.609422429951931,4.620801870461411,2.3720541218447297
149309487,0.0247488135450556,2.5117263524568325,9.977166445810127,7.028314394602988
149292576,0.012280981361880175,2.0057185732954235,4.6611903770449645,1.8332752448713727
149292577,0.012286808110337038,2.0062572984981353,4.3120626860525375,1.8183995142003624
149292578,0.012481960229061565,2.1842151133109007,13.78750988906446,2.9891554616273943
149292579,0.011393151353816099,2.911134739408955,11.156310804348376,7.345382931746503
149292580,0.012423802321960354,2.1287057534680747,6.73681143485817,2.0686880301487
149292581,0.011337229172862704,2.176222628390965,13.62372143644882,10.239228261081026
149292582,0.01144481850375287,2.2397644799321883,4.681643152757406,2.9516721623068563
149292583,0.011731859963987271,2.2527979546684693,6.593006517431444,3.4640679233510663
149292584,0.012684507286094025,2.1752073388614557,7.567192373842018,2.796300735435184
149292585,0.0116814393200469,2.888136482956412,10.668572778352699,3.5419724569342197
149297619,0.011446621901149511,1.6932201033430523,8.418077381619723,6.209949364837725
149297621,0.01031882003695739,1.6927338994817884,8.967487048191348,3.660047941169851
149297622,0.011180010388440671,1.6692656194115438,7.225954843294722,3.0146680114599222
149297623,0.01094915841375642,1.6460201768223337,5.6628011925734505,3.635681425524455
149297356,0.011957550707062599,1.6453215729297255,8.207689356872,3.1123211672555735
149297357,0.011597751896795688,2.0058864753594703,19.078767339792407,3.7346901753748596
149297358,0.010484237114759327,1.6798700275523353,8.354622637954161,2.016858311705623
149297360,0.011632877107901389,1.6871436322192694,8.278892222220703,8.961274909127958
149307294,0.008634163870905508,1.593490884480144,2.2393103893846575,0.09671780689225157
149307295,0.008887657974160502,1.6547762275413973,2.648369855797053,0.05076911136928139
149307296,0.008805423877483022,1.5546030331640122,2.5592267425872555,0.7389100240090569
149307297,0.00880752761244866,1.5422853030438979,2.179500607211759,0.1222962511367197
149307298,0.008783046876898945,1.5746199696917098,2.412588584550526,0.22306321178774646
149307299,0.008814341257958764,1.4975985720830036,2.442435240835081,0.11820517323515624
149307300,0.008908381359353628,1.6144118300849928,1.9877456481804725,1.647096193298622
149307301,0.009023267221222238,1.5828824252408724,2.9457334570268667,0.44328950663422245
149307302,0.008828008567724617,1.5365030685097487,2.3681098053373284,0.01741321971933691
149307303,0.00900606332247397,1.594902553229302,2.294563764670535,0.3764171158228032
149293333,0.012447684358855104,2.8458934040291486,12.956095622781541,3.887048815432604
149293334,0.01423323608265548,3.153167070486286,14.467486036277862,9.369325719257633
149293335,0.013424511707289324,3.332607757827965,11.937349311488076,9.101213979445568
149293336,0.012918061750550495,3.2168611708667822,7.822348880192096,1.8452558348140613
149293337,0.013998719966210675,2.8156711475494545,5.573878272733182,1.8647600581798949
149293338,0.013027790278438428,3.1071759308440825,12.876465986716891,0.7114813525077388
149293339,0.013510731598010568,3.011508992504749,10.02568364559626,1.3854730082009645
149293341,0.013626401506267696,2.974817651311256,12.099316995345916,6.021113204277735
149293342,0.013837516892892095,3.0734932686459104,8.64865929746665,1.322884327616618
149294049,0.012403093007356708,1.8459599768973016,10.150149713543945,12.113221547879963
149294050,0.01006481386878769,1.8657274298282442,6.068106448095452,7.333361705242367
149294051,0.010332796104238243,1.9121027678559666,5.443431142609657,7.581410805823842
149294052,0.011828022678061776,1.7932071669738612,10.057924310891224,6.397108869044903
149294053,0.013006394602587415,1.7930486328519049,14.475050948018461,9.188831512564066
149294054,0.01247331742714367,1.8076892889946847,9.875228273327187,11.850403836008226
149294055,0.010335501364355421,2.0172502299364523,9.040905876874216,8.018204032728406
149294056,0.012133591692229715,1.7979005634068017,13.987666767815979,10.829826400180625
149294057,0.012171638864016518,1.7834127287859316,10.851836808811331,11.756161277065882
149294058,0.010379252116509032,1.8650130040632773,12.395742962076609,7.199662587020892
149292327,0.01675423557405765,2.603791527457747,5.612781236994042,5.019579092682109
149292328,0.01656715519615683,2.700797067452948,6.846202456421231,5.392143474606442
149292329,0.016526639332651,2.673723554250562,5.604262504922144,5.227071985782571
149292330,0.016570007923957648,2.6568567491422597,5.4057351593011,5.704211876899378
149292331,0.01670171588878131,2.652735087630962,5.603510604276666,4.942113085593706
149292332,0.016621395591841323,2.678405203554827,6.801429969593768,5.467777441705048
149292333,0.01675613956820203,2.6063116099074817,5.519456010068038,4.553615659816009
149292334,0.01628955271156987,2.059031358000538,3.8373761010097645,4.722918532584919
149292335,0.016482629897934815,2.0663832256298895,4.046617616773177,4.253277924850559
149292336,0.01631230965172158,2.0480661128995212,4.399273046224081,5.534293521032694
149293046,0.0035636958906084056,1.9800913663444875,3.9574686468022953,3.8127558821742586
149293047,0.0037181383482167967,1.9755163037889811,3.976204831209739,3.310330996881759
149293048,0.00363078808097914,1.3008468329238276,2.992572949464414,0.34677418960074013
149293049,0.004244375423558566,1.89457115408558,4.193740202019242,5.091177924487611
149293050,0.004722454947918153,2.0839229423001875,5.995548305733274,1.1419205888436774
149300608,0.01165513705004737,2.4317048227863496,15.024523712183266,1.7518800479419758
149300609,0.011437789885980224,2.554976340460997,13.421861831161898,0.8276422200695569
149307348,0.013401027539374253,1.6940046249302834,2.076521535756837,0.7178855416186258
149307349,0.013591209385104556,1.748610909275599,2.792917450062361,0.6846562986904923
149307350,0.013587123000779652,1.7453089197444536,2.692342879854656,0.6856678558170997
149307351,0.013413541828789267,1.6982975019499587,2.065988771889643,0.7166679909706727
149307354,0.014390537325272738,2.5304105369510257,2.0092504372422066,0.5881897255437735
149307355,0.014417753839338672,2.552164052852455,2.6039496383728844,0.5285550044140085
149307356,0.015287910638062601,3.1429079075278414,1.9517089282867164,0.3659118739778185
149307357,0.015162359443963025,3.131083046287081,2.1929115835983355,0.35460592722205386
149299180,0.015635850005621562,2.3061440924634686,0.43152184807970734,0.002394662076818028
149299181,0.015501091267724186,2.4401402806664816,0.4272677520905381,0.007248551438637064
149299182,0.0166500251837256,1.992024235440981,2.2041868025367783,0.38279343324927745
149299183,0.017325690585196604,1.9737197375240738,5.765776602895352,0.7469906696697977
149297727,0.01299422051027963,2.212796073876423,15.08466616264722,1.072096673164413
149298510,0.02200294287053221,2.808590657326597,0.4968213151058137,0.002659969080501668
149298511,0.02176818518520354,2.6993783569094854,0.5268080923606244,0.002732789762693285
149298512,0.021160632540064173,2.787063209845627,0.4671401744742903,0.020223394683160856
149307066,0.019716674719761414,3.145967224874878,6.355662245808498,2.622903395282937
149307067,0.01909556907922251,3.113678179984646,3.8181881011012915,1.7787692643861397
149307068,0.019023905264527997,3.117109679033101,3.8278476189985757,1.7653311469494763
149307069,0.023276419710523966,2.9438546896093865,3.8692780884945197,1.3729759721345323
149307070,0.0221185827974301,2.516208984944642,2.9801440202668843,0.7909557163916128
149307071,0.022141150468566004,2.5302346117277805,2.9203725545306662,0.7822702767644821
149307073,0.01979446472022367,3.1462421580148967,6.47797828870667,2.7324290022363016
149307075,0.023263743626278133,2.943821972076619,3.7421569037902054,1.4030562722773532
149299330,0.010577311534589792,3.0397618677927865,30.674857546570923,1.1083348559373378
149299332,0.010497573318799925,3.0190503852356922,29.547833544917232,1.0614225895286458
149297776,0.01535222897982664,2.8103857104596788,3.532860961761598,2.274104204686416
149297777,0.015349832652081376,2.811474393694292,3.5141611998550792,2.2782508098563516
149306908,0.007402757494894674,1.5897456363352123,8.141639220764063,0.8805834274570191
149306909,0.007432074425389238,1.6068080059576726,8.721877648054429,0.8670833607249446
149306910,0.006437393766637197,1.2917265661150032,4.102432467326671,1.5982381131854355
149306911,0.008088701762006994,1.815658948761093,2.7622636510292438,1.3557205590788104
149300418,0.014893341401380735,2.751710599204515,7.0206014952915075,3.2492171461280948
149300419,0.01487888375316914,2.7054068441178694,6.07000456015713,3.0697485084249765
149299575,0.014468189754006051,3.089720829139973,5.987433248220241,3.499018566686519
149299577,0.015485070912158009,3.054354249885211,4.958469830663718,2.8212074075853857
149306339,0.010017200398296556,2.2984734411402155,0.7578770118163382,0.2819583574899278
149306340,0.00997904166907436,2.300481637534696,0.7539229483394096,0.2801096188721058
149306343,0.010035367809782448,2.3280255210362606,0.3374905686019401,0.21250696340306863
149306344,0.010299565599739624,2.5381669598457735,0.5628656318745762,0.2806247323681543
149306348,0.010321107205419145,2.53672060702428,0.5577019984418786,0.28715599209078363
149297701,0.013083971125362769,2.8113097771701128,12.184291929129106,9.68082486651736
149306954,0.013849973157743077,1.64023336110498,4.808989497407579,1.195931175708056
149306955,0.013870864161411263,1.7088727180018772,6.602462104716437,1.5119943372951985
149306956,0.0138840321855324,1.6459741440460331,4.440238639684914,1.1989239146325732
149298537,0.020634164688888356,2.825120951725371,16.12679509649509,9.575322760916958
149298541,0.019798024335517323,2.551144119893928,20.293472749996663,10.241815219189673
149298542,0.019448573010237804,2.863920912515327,10.10915716943942,5.781092015829317
149298543,0.019624789447388703,2.562190262380282,17.67563791193857,6.630493925558783
149298545,0.019597277276851385,3.479040673059101,18.60868546028468,6.87956437743094
149298736,0.01632522224191801,2.973992203775849,11.787363970118763,6.928911643546984
149298736,0.016320496789715852,2.933794235563162,35.56233779747433,13.147450784576877
149298737,0.017193929888538302,2.7960971502379848,30.02522597280444,10.21473854633632
149298737,0.01687343347199672,2.6778237600008303,45.59838716302382,13.999446674200207
149298739,0.015219558901344382,3.14263769923276,52.398756384360716,10.373261652722432
149298739,0.015375785420569776,3.124814689464565,50.07321602375838,12.944512891304646
149298740,0.01574091895637835,2.6447662660743854,41.918888137505284,11.453439893163205
149298740,0.01566705197861811,2.618236354771229,38.723105304345914,10.452059369779489
149297655,0.016540348729634568,2.7426014002697703,10.228485997611429,4.22753772993061
149297660,0.017193515174538997,2.741261181313894,6.991756180336242,2.2678423093371585
149297661,0.017879249587215037,2.7778640413708033,6.996056745444873,2.6631303679698184
149297663,0.015766158868517215,2.6551192663970156,26.880675003849298,3.516830753899952
149297664,0.01558286404065145,2.8291417191007002,8.898198625269528,2.607600586414397
149308525,0.02212223000211996,1.9379209071247034,6.2327375458662475,1.5584595121848481
149308530,0.02280266971170207,1.9850088662569003,5.611363615344294,1.47237299968292
149308533,0.022936857075348448,1.9885812332245352,5.826129969941401,1.531937784424351
149308583,0.022778639183957786,1.8237333712710824,5.941671143489397,2.1287811486759955
149308590,0.022844964047294615,1.8237216206294313,6.636314642271885,2.2906378512447474
149308591,0.025536136711415143,1.802380218718735,5.041126150674807,1.6318455086084105
149308593,0.02552083211294516,1.7574767984028181,6.437084355364499,1.437696260594533
149308596,0.025380575877231085,1.8121137840907475,4.5379490552267265,1.6532969902269412
149308599,0.025288481541422464,1.7620883311671875,5.8582040948658465,1.4374398131778146
149308723,0.022531405650702097,1.9579600759146958,6.228015858969634,1.5242481626569024
149299344,0.010532542427063495,2.071853839818523,30.375234421232054,0.9543767762177338
149298199,0.016722153104577687,2.6916410613193604,3.6554730494202747,0.00157788852433864
149298200,0.016327514340649912,2.716199672015453,3.3167475121989525,0.007699061351597938
149299207,0.01680990625491382,2.014004122470443,10.386884517672227,4.226079280933703
149299208,0.01686755472566857,1.9709921675846502,10.694391536811915,8.40321982184174
149297665,0.019065254208544536,3.350862707900673,5.911790366216901,4.5043959797318385
149297668,0.018835697339089207,3.163568386714628,5.8850608980803605,4.180523459064988
149297670,0.01885584304393213,3.3720683343842843,13.35049203464218,4.508475296723556
149297672,0.01791638799453487,3.348661142537116,10.696192897981703,4.4911225493313625
149297674,0.01916680294056674,3.3890263675029813,11.630721381256896,4.884650328726801
149299081,0.016294573175661763,2.655052572959239,10.20085691504454,2.2518384121179986
149299082,0.01651769018984669,2.6004521619678354,12.11456034891695,2.1008233513272376
149299083,0.01628343879513639,2.7324799959642885,10.627894015164367,2.1940618302597983
149299084,0.016611331993059558,2.6867383113982566,11.793704853964622,2.393164912663779
149299085,0.016222455202791426,2.726111124690433,10.89226663653318,2.111588584671767
149299086,0.016255728972057442,2.7259926266818044,10.464808133693692,2.103237813322176
149299087,0.016557039753968914,2.6101217029004644,11.870905375587348,2.1134844866034
149299088,0.01630791767122443,2.8012854442954254,10.905667536849613,2.3216920667650496
149298838,0.025205363751822182,3.6179161548256804,17.141718225412948,6.9629556095671585
149298838,0.024104867676014215,3.763451725888532,27.73088864586943,7.773907315991622
149298841,0.02801429481065545,3.5779875416716997,48.28328657092736,11.015970028971315
149298841,0.027968094211018528,3.620026520735683,30.71137496700233,5.922912819705805
149298842,0.027300026074454153,3.8506463617093463,52.925752399702056,12.98776043475585
149309177,0.024551525265337694,3.2651246552971953,20.79101903435628,12.331227107925777
149309178,0.02449404098848001,3.238965755873235,21.05700947715643,12.554206554752108
149309180,0.02457730107971881,3.2528634870262025,21.96413419598244,12.547295247551661
149309182,0.02465550301235397,3.257854129822562,21.641381821751562,12.292669893484945
149309183,0.024547828692821724,3.2674613086568796,21.19777761890892,12.239527248327501
149309184,0.024313605229398266,3.258336832254672,21.842231923593197,12.53058043189375
149309185,0.02442493118467596,3.248633217164796,21.359256764798694,12.547145097610883
149309186,0.02464485295078795,3.26790009249653,21.725135687201252,12.319058039244998
149293846,0.022010450240518186,3.064684389696387,10.437238429981003,0.824278058011137
149293847,0.022424596743662956,2.837134431010531,13.119105241187055,1.3008236226488068
149293848,0.022433122874480203,2.8339775646854295,12.92623766901317,1.2762338016836576
149293850,0.02198320746515957,3.0611725797668385,9.251981990328982,0.7398125524673996
149293852,0.022334097926295267,3.020670317127618,9.344895319580617,0.8142558716925279
149293853,0.021890509593494364,3.0315247774007648,15.051466394683217,2.0626664588379646
149293854,0.02236913044851277,2.795239898498359,7.694344840147491,0.9479702587472546
149293855,0.02288923849414817,3.217891731603133,10.03515083644816,0.6219477717588394
149309640,0.011683073011631188,2.4015382445155824,11.35713216837542,2.814433733496834
149309641,0.013555933964305251,2.2437685021173177,7.329826675376391,1.7832087638937455
149309643,0.010765374188836324,2.0430115221714766,24.06732376454427,8.441544893605881
149309644,0.01345285483135855,2.3599290718720436,7.04936866195832,2.3344309028988746
149309645,0.010502764841539378,2.393504183247586,5.117507485361679,3.004234412396661
149309646,0.012515586367750369,2.2314772498327153,4.3285334618117135,1.2995182835256576
149309647,0.011501286827020852,2.221332213344125,5.36697121296951,0.9901599752092476
149309648,0.009739848145919794,2.327776143171413,5.296399651081276,1.7213181261424726
149309649,0.01066334670446528,2.3993819931408717,10.011978884069476,3.1488499984867406
149298378,0.008870065018863801,1.761507342137515,8.558253835325823,3.4656481906535794
149298379,0.007216659133225746,1.6828406966199616,36.47442161378125,5.103623212437994
149298380,0.008911834677949721,1.6786013382864056,19.595424424972027,3.802004509720627
149298382,0.00822835966462271,1.7873707195233686,20.950648739219357,5.184088070806383
149298383,0.009273042219773953,1.6019478887270027,18.87426514131062,1.9166812843219523
149298384,0.00799694720334186,1.6121229276962117,15.846980934510976,2.415461052089914
149298385,0.0065911467152696855,1.8200339203862428,18.026599582182627,3.458939269495484
149298386,0.007254387764216382,1.683730126617542,32.80106415796859,4.237064315363129
149298387,0.00831367694689673,1.6141363835580138,16.087283300711725,2.651557186089049
149299117,0.016078370250691566,2.4047576528232097,4.656427194981725,2.2103197166289275
149299118,0.015999675866407402,2.384128525442936,4.598975173514239,2.2033956551806915
149299121,0.016246796487111047,2.4040388065240488,4.8620647731399735,2.4137647591826052
149299122,0.015919408284809103,2.3873118098425063,6.491485591673346,2.1203808971443934
149299123,0.015984663170653494,2.403466932339269,6.818017221755419,2.2765898107953633
149299124,0.01593986427181238,2.367908198290203,4.209307204232021,2.044388441177954
149298216,0.016597510844902137,3.005296247963226,16.188692024373886,10.255813110548766
149298217,0.016839775716198303,2.9622432494018334,18.991973684145094,12.111520087660736
149298218,0.017350863256354716,2.7551162219110212,7.3369113758930675,3.8113851579361153
149298219,0.017057535316476604,2.737086398903923,7.267850958934078,4.026323795935321
149298220,0.014714473177449323,2.839986819299008,19.372759872341163,12.110936682569042
149298221,0.016193586294092902,2.460513184581926,5.218328384674272,2.9944344921532418
149298222,0.01820492457468528,2.787600847529166,5.174069142272737,2.399380181619149
149298223,0.017143451443326577,2.8985635168669077,7.448881495866914,3.6620236766419567
149298224,0.018109946498744624,2.9075698360443494,7.34232728880103,4.741726093066398
149298225,0.015358270400125043,2.614482599977212,9.94414631386143,7.606713867289616
149298847,0.01828578787274394,3.356952054765325,16.46330869627697,5.54836822164452
149298847,0.01831991697035973,3.301612021627076,42.189107819942436,10.385808457285652
149298848,0.018149342034964776,3.190582000164041,25.15766984433343,5.321087245213772
149298848,0.01709201151377869,2.8521347937104435,37.252296721927216,9.927815544058722
149298849,0.0170951904494128,2.9477392947390655,36.95375205926852,10.196481888923572
149298849,0.016943406586125524,2.8581764876076288,37.4624185753065,10.575775699111569
149298697,0.017641122045749455,3.0403426429933633,32.15294641228295,10.520557510864544
149298697,0.01723770426219897,3.053118648035736,37.6982826490249,14.673613375485624
149298699,0.01618013960560344,2.6599141676917637,40.492429583647805,10.889042549848899
149298699,0.017339656501987134,2.615048890914549,46.01970678216394,14.246666459330083
149298701,0.016650965673192006,3.4976385492742863,32.25409843426918,14.514272255565949
149298701,0.016751157581474253,3.608816005968486,55.30327688755095,12.57931346552387
149298702,0.016160670522826017,2.6527294835268243,41.11390816269099,11.34125785736916
149307883,0.0137139385893666,2.197091784331376,3.527609060170226,0.5429201285289216
149299668,0.01547593506037481,2.4694541668678944,21.031640885182803,0.994616195778299
149299669,0.015318502982164582,2.434058378303826,22.571326635494156,1.4435206234762121
149299670,0.014975121166916947,2.518455334855895,21.57959972577058,1.0832674848123809
149299671,0.015276289532495303,2.2478817643269537,11.259020245323237,1.0820777867821818
149299672,0.015524237736946136,2.4519005852644926,20.959013638524166,1.106441582405501
149299673,0.014811243602692347,2.5204675201662003,23.687420445485383,1.234277308152714
149299674,0.015023575732145486,2.6050238355755964,24.701671020597466,1.4258478715552017
149299675,0.014986415419760552,2.524105628649371,24.99906218385128,1.6793089324945665
149299676,0.01501372034845156,2.4335248662159117,24.717725255348427,1.1210071275617572
149299677,0.015055504102255347,2.4972988997672116,20.383480578738446,1.98905459313347
149299680,0.020899525199189264,3.728251601361515,24.207973737511175,4.861932121662273
149299681,0.020583908573361724,3.509842605142053,17.450651020279018,6.42167940046013
149299682,0.020705567886859743,3.603619685312842,16.04544748028855,3.4242927560019716
149299684,0.02092572463130548,3.594262169963275,15.256002659672571,6.724134601140948
149298439,0.017063386361833174,2.5374895007661844,24.287406843919843,15.62742321403968
149298443,0.01679787943043968,2.5951989662031556,21.013440705657082,15.206377661443145
149298445,0.017914715958125105,2.7027930063281698,29.799759516583638,21.018941758252215
149298446,0.017403736478881878,2.410508742867621,31.16066140039172,20.085561163175214
149298447,0.015107395954762048,2.5324801587085077,12.116440426286209,8.669508220109805
149298448,0.016838206793373174,3.3329761141671677,13.799502646325045,7.840883538483986
149306278,0.016086765569387027,1.7390857377671372,12.181188830932497,2.009904517481972
149306279,0.01606335609617017,1.7404570248479372,12.388433694968327,1.9998140992086297
149306280,0.01515879707997682,1.602314686641026,14.90940483122437,1.08117356348308
149306281,0.015485736459178601,1.5860503302653697,23.219865753207365,0.9215312832020359
149306282,0.01647062850534426,1.8093529075079735,5.381650338055188,1.1335636861696035
149306283,0.015848431724415687,1.6300642741216298,12.9691558216823,2.0559904757956797
149306284,0.015737668664834312,1.607136879126373,15.638555518012716,2.0533961310093445
149306285,0.015415191107155933,1.6087513480103455,8.963456662778722,1.1588323076177667
149306286,0.015428730424106852,1.6112613389820667,7.698238117962683,1.2148803617815402
149306287,0.01656073353667651,1.848328966381575,4.42953100618746,1.1996963728434877
149297885,0.015862063221373283,2.6193804752569827,25.22350328303868,2.4559528612242367
149297886,0.016098290690560207,2.7590680509721737,25.404767141523216,2.628960760853293
149297887,0.0154878187218269,2.7387205131558185,25.325496691318214,11.191573800573268
149297888,0.015733902837873102,2.713695721675912,26.806198253206375,2.232620823996062
149297889,0.015778880153989698,2.723541203371896,26.338661671117297,2.656526025547812
149297890,0.01641555257885173,2.918128933090907,28.37398324010253,2.828186750552022
149297892,0.015709341569107024,2.819416787218673,27.203342416390768,2.713502833526175
149297893,0.017038296112430868,2.7993250505796263,25.3639426108205,3.267111284762079
149297894,0.01650527789804199,2.860602361887916,25.23210525013567,2.389067819599945
149298825,0.02395385710635073,1.3754823098747506,2.901167520144902,2.603211186756707
149298828,0.02399397258510418,1.3712777873150426,2.9413260627561826,2.6476195825860356
149298829,0.02296699154082741,1.2777632879697467,4.9161495760951865,3.1424004856510988
149298830,0.02298382834632064,1.276036740126996,4.924912614371441,3.2066611156104114
149298831,0.021957666164198267,1.8687764288949673,2.671086739901588,1.9381312222012996
149298832,0.02172460698556044,1.8915690509756693,2.9510968052559456,2.2660106533132707
149298833,0.0221425321953515,1.9317809370947796,7.01526071501956,2.8164994203206475
149298179,0.01443801816490408,2.6806975162265076,7.716509226014689,1.2911197443094986
149298180,0.01228589431895924,2.597531762278385,4.353310776127067,0.9258083226257546
149298181,0.012551188594671418,2.714479991593032,5.191833197747252,0.9779910641520665
149298182,0.014542493322377729,2.5912681409554223,8.17060410816478,1.538434762920266
149298183,0.014227369105271717,2.6816885977469864,8.178280344435805,1.601176969428003
149298185,0.011147381287701414,2.565551162007031,3.998837359573177,0.3831859377995509
149298186,0.01146612500026323,2.5015434424568395,5.805191862435522,0.4886186337267671
149298187,0.014395971843544535,2.5942529631590565,8.161911510500532,1.4859774671910737
149298188,0.012704588338067108,2.456017266322532,6.935341435757108,2.2041678411136365
149308160,0.015263130726466184,2.4183860398358608,6.0456785198082486,6.039652843118826
149308161,0.014921871736663561,2.693014283155806,18.667667207695754,9.998886481168784
149308162,0.014599538259459506,2.556497895553248,21.14618981863869,8.913403730496224
149308164,0.01883582850302672,2.5159059292697976,5.82181753170042,5.907953575500008
149308165,0.014629453474437051,2.441921176860421,20.632737144807,13.464201703588476
149308166,0.015077380351063319,2.5013767619896186,8.200920755957434,8.589257472082886
149308167,0.014506938809400278,2.470011733258771,22.135544568934687,13.290189847716004
149308168,0.014945194944942584,2.6970530454657506,17.870581040600722,9.474918117876468
149308169,0.015008402527150279,2.7028999178849826,21.26284814704978,12.401136091658465
149306288,0.014754157369223577,2.3517115684369174,8.355786494687106,2.540095410204964
149306289,0.014318368084466682,2.373528861747585,6.414887545453784,2.4719027185644102
149306290,0.014212955490962416,2.2398718241266113,7.8082821745567275,2.2922334049137665
149306291,0.013939992825876695,2.2897713367314023,6.237250872051163,3.788351984512968
149306292,0.015170520586391555,2.4597747151410836,4.680791084705327,2.435755530991428
149306293,0.015107251549766483,2.389969455043346,7.527096296876586,2.6371590970191097
149306294,0.014871672523772186,2.4222741807385026,5.702476173779347,2.8962620821391925
149306295,0.014748179714005478,2.3348170860678006,8.791104822708348,4.692958992382597
149306296,0.014428604763080222,2.4842710792588467,5.674068208165907,2.796408736055268
149306297,0.01502169706221622,2.279243101885038,4.397448352701912,2.594513752617168
149300186,0.02216118471866879,2.263930488226536,4.477281689333892,3.171883177537128
149300187,0.022229664659102,2.2666749951973055,4.507024421749428,3.167721804767828
149300188,0.02218092427363193,2.230699280721099,6.39089498561986,3.814987520579462
149300189,0.02177723685374392,2.228122360001772,4.309630609389649,2.670399598338433
149300190,0.021314075442777594,2.1478083470966487,9.51907326469425,2.689836740499359
149300191,0.02227633883329131,2.2644863195651186,4.3469497041104335,3.2211107881383287
149300192,0.02178591452692705,2.219040737051405,4.2461793692324745,2.673552611714246
149300193,0.02142957712381694,2.1459429958515868,9.795884625157367,2.7271477053131297
149300194,0.02188447564440216,2.2078001199222235,5.86140156394978,3.155895824828981
149300195,0.021525336880333354,2.1333918379042225,11.681467757479535,3.9161070982853805
149298388,0.015370409087148276,2.1457594843087393,7.537190784716867,6.92296952885244
149298389,0.015311387008334596,2.163566012633459,8.099393372168217,7.491087109612837
149298390,0.017010364599884673,2.229301097309395,9.286091822440788,7.295521838168421
149298391,0.017012212846012807,2.213927364036635,9.058458823233856,7.472120060782755
149298392,0.016580439806641284,2.409300356378356,8.241382343870956,7.994278624173979
149298393,0.015376781252626493,2.121968816518454,6.800790690199708,6.161394644483589
149298394,0.015252304119508791,2.2402950963728787,7.233183554273112,6.281953716734958
149298395,0.015387874859096866,2.200056916722179,7.09320981457491,5.902883668413354
149298396,0.01644975209844053,2.424127994627032,8.82847186565211,8.42865079499231
149298397,0.017058223245227416,2.2655772882864684,9.495716035408373,6.611505272450899
149297685,0.017002762431284586,2.2823148042241326,5.686735240464283,3.347979656601935
149297686,0.014601658459903782,2.3105595551341733,5.1356763742156835,3.4478322609026297
149297688,0.01592731780527895,2.5028340137340734,7.308514723698326,3.3205547350299773
149297690,0.01591244053847451,2.3544206129061327,9.03977450692742,2.876383015503381
149297692,0.016923275890843737,2.3136960324322096,4.883748642738869,3.846497087065714
149297693,0.01701663754710712,2.152736994248036,5.900711001881984,4.369216071927119
149297694,0.01687392400656811,2.3651525758798146,4.935475800872022,2.789882791600485
149299294,0.013463039926065934,1.78816115731161,2.4515987784678326,0.21245681836906188
149299296,0.013581367717702532,1.8198721145528016,2.774672900014281,0.9780180925937111
149299298,0.013419747135136856,1.8138805390334407,2.4858520428195376,0.8573094079971156
149299299,0.01369203323235771,1.7976584052159439,4.248699247677232,0.9481941466194097
149299300,0.013712282426445455,1.7793305947256974,3.143042574954523,0.3371054568526054
149299301,0.012719024772629211,2.3194940630719825,9.28257393408543,4.640437121824796
149299302,0.01346846321278413,1.8062220004272376,2.6405431394495142,0.5674430720843434
149299303,0.013564430915597196,1.783275933918703,2.2812609535785966,2.6880244025010236
149307270,0.013034693370977894,1.7628207187989953,2.96223464806518,0.48893793800067314
149307274,0.014117216460047937,1.7395829991805216,4.492350016853257,0.8328189432694463
149307276,0.013052343975577866,1.7630563111022568,2.712801217138794,0.5193423726421011
149307278,0.014162267225310946,1.789556188330388,4.579054084644619,0.7574115388364108
149307279,0.012554508822514156,1.4962187269594274,20.972615647973754,1.37170128401935
149300206,0.021358756282010793,2.5619271103813075,10.5359333528726,3.317310036904517
149300208,0.020871987552144578,2.54942675337171,10.402711048138194,2.4739447010162245
149300210,0.020398310471420156,2.2844850103451066,8.125332390795478,3.3988571356984347
149300211,0.021062560238772697,2.6079074376191196,13.399834264064006,3.1385447345539172
149300212,0.02022384504766211,2.437863806521515,15.37815983699957,3.0073528695415055
149300213,0.021051320323926963,2.54683049642882,10.548270507765796,2.5189345393604246
149300214,0.021150842824009287,2.6482699111334864,14.610111525905545,2.3104562372149755
149300215,0.020955503754054652,2.585579905515441,15.571074958434865,2.8736215408133843
149299304,0.01407033719029963,1.5043962571812057,11.190770992849544,2.960231973868384
149299306,0.014094464787843732,1.6423988226486597,10.961548394531581,2.6680044701143
149299307,0.013897898651369619,1.5653174935936385,11.026830919569623,4.26114314526612
149299308,0.014410866246585047,1.6627715845052498,12.786516984849415,5.6815340633071685
149299309,0.014228559483028818,1.522792672672016,12.859950820525976,2.2109434148018714
149299310,0.01251358265742511,2.2315186139865895,12.73524658240612,2.270414569697575
149299311,0.01297325424717491,2.233749569554808,13.371307413157755,7.637743563663218
149299312,0.014201376099310629,1.6351443978760312,12.016678194374057,2.656768235395194
149306613,0.01156981566572508,1.3804557429751632,2.82088561629358,1.0527040968009342
149306614,0.011476646794124017,1.2828874083754895,7.989694862581795,1.0119148492907557
149306615,0.011505514696590726,1.544968175748094,1.7981887195547877,0.8716994572508645
149306616,0.011787189080967528,1.5171833643572656,8.330047034744876,1.0409760373378403
149306617,0.011929663571833404,1.4313277138766654,1.6413439117959818,1.0425039071360829
149306618,0.011611007386962257,1.3990988358593317,2.365161076690386,0.9337367309871556
149306619,0.01148477320090105,1.454907729392823,1.785636475805767,1.1269662650587102
149306620,0.011514625840650028,1.4772891411858056,3.900096505533669,1.0270187904627952
149306621,0.011564787262240443,1.4821532349383129,3.720038105812014,1.0365914230794764
149306622,0.01213996380161862,1.4871533163541775,1.547723387437251,1.0112384352976789
149307161,0.013248398370793507,2.109129331496624,7.520407777157297,6.002507626880813
149307164,0.014343861245459773,2.202794608444157,8.707501840852013,4.297475953143276
149307166,0.012984278937009935,2.266331660353603,13.202647149141344,2.760139506867635
149307167,0.012275193022131347,2.07616624476721,6.383633076657315,2.819206599363342
149307168,0.014536927414536297,2.0663536950808576,9.008542587561713,8.248533001500919
149307169,0.01327891910837819,2.0990447190604296,10.38233691062571,7.947175364886109
149307170,0.013408026189462826,2.11908826831465,8.897807319270079,6.156710035857209
149309820,0.015428858080179799,1.749669370317969,8.308154963541734,4.01510899352094
149309821,0.01606696995440096,1.9237152853485986,8.958541094459875,4.189945042297294
149309822,0.016524452155540215,1.591449552758699,10.934972269987437,13.289388478234189
149309823,0.016190090754519167,1.6883691267528786,9.158009815312521,14.54862486317843
149309824,0.01498160757149388,1.8930087706736964,3.5959125427684118,2.897720855715531
149309825,0.014852744930511414,1.7433458075965627,5.876077260623297,2.8328423194548895
149309826,0.015484792935621498,1.9041938606881896,6.841757697899324,3.500952933361752
149309827,0.016844244205365733,1.7619079651366822,9.402647690380821,3.2706156689114114
149309828,0.014907937091757632,1.561586709406341,16.234286137864,5.1497387534521115
149309829,0.016794565350966385,1.7487436197095019,9.887351333173143,3.771864749464985
149293293,0.010939539351923863,2.496241912621569,6.285563335891441,0.930159651349908
149293294,0.010384910960738175,2.569683387471731,5.699750243151561,1.5082046200247854
149293295,0.009155068979717016,2.67165812899751,6.168219899942197,4.088627908141278
149293296,0.010916938516228943,2.2828578039984433,4.5423403083479945,0.9508676064528298
149293297,0.008798475271596114,2.769340177429344,10.483560320823466,7.7573267215574955
149293298,0.009773707551784534,2.324824929363056,4.584485475407406,2.138315103044249
149293300,0.009802567832262875,2.4020143812824695,4.5063794725689785,2.567134830988412
149293301,0.010225231358965558,2.486649351966977,5.615736414106615,0.8626748022686824
149293302,0.0106438463347217,2.3944405968683276,6.327962701786742,1.0057265531285586
149292347,0.012083701794563329,3.045939494894756,9.075106150312815,1.429267209786205
149292349,0.01339050283055951,3.5469342647993196,11.381350092428738,0.691947683945116
149292351,0.009418161229220458,2.7697316339394393,9.755490427894875,4.513121275802546
149292352,0.010448174789518214,2.5208166482850665,5.349256142840464,3.0358696913438448
149292353,0.010520484026443322,2.495478609284121,5.42591429789358,2.443455943149724
149292354,0.01035476988835253,2.273979385264084,4.699353749560839,2.964790307733244
149292355,0.01157218958754267,2.240861343081673,4.758528487479918,0.7461447544771104
149292356,0.012004119996188289,3.128654697813898,5.419052421471625,2.4234018239382804
149293766,0.008061011391287523,2.7254581985517823,6.9778681523130635,5.270860456804377
149292512,0.012841511907270321,2.62333755665984,8.057032247214682,1.032399838263885
149292513,0.013518447123177334,2.5193713502454216,5.675768108693312,0.956716342952577
149292514,0.012855117903976783,2.6830555425729026,11.304495662155034,3.0705489038206752
149292515,0.013461381514856655,2.6335111935987827,7.501597978505312,1.3392293382329004
149292516,0.013560166820105328,2.3790075094488774,7.764175113885172,0.9325465855384997
149292517,0.012649241331589992,2.883741991264189,10.740728803321145,5.411352870887213
149292518,0.012897013972828353,2.4858363156443906,8.58398424500811,2.9527797698302964
149292519,0.013744132758904501,2.2247458438179715,9.699323049376297,1.2556969295701457
149292520,0.01310099722296198,3.299515176733062,7.3412316954012535,3.2862477888837005
149292521,0.013089008697964633,2.4710002587661806,7.060495984013066,2.2053813833458653
149300166,0.020879791441638946,2.2508575597908487,12.505939165166932,4.62957758958196
149300167,0.02116980776776378,2.2404691157325267,8.06283177755643,5.73516144927841
149300168,0.020859123457600857,2.221672220756821,9.783561115849155,5.196916967732603
149300169,0.0208931819035522,2.2111006938271185,8.38525422698385,5.388516524846049
149300170,0.02072358866546523,2.220946879617241,7.947534298723409,5.217515976292746
149300171,0.02055247126920798,2.2395294952648546,11.05731739726685,5.816729977914365
149300172,0.020090051437540644,2.1986065436488023,15.118239839461987,4.140280630265645
149300173,0.020491997303875062,2.227591624789079,9.077460740730531,5.583434080831179
149300174,0.020844845148707953,2.2256612344370743,10.220284991431166,5.635389392835638
149300175,0.021321798619425285,2.281649984423306,7.001282223567432,6.013191407069555
149293619,0.03372936775586926,5.84102970642063,29.757828275490812,0.49200917253647164
149293620,0.03301179664137714,4.6892206690702904,14.822109024141836,1.0577131343378632
149293621,0.034461132775620594,4.568908185656271,15.666658958210764,0.49191002083200447
149293622,0.032970061527313216,5.123515399429754,9.000968644965607,1.4044655209922858
149293623,0.035195188615020814,5.915296389732305,20.439054597445725,0.5998700972914898
149293624,0.0346303068654852,4.695568502827948,13.227567037412225,0.4705659306446503
149293625,0.032984547950569064,5.1126467423557935,12.035677499739496,1.3487473200642677
149293626,0.03097160132673681,5.47866257391098,40.71477937325303,0.9259510045667358
149293627,0.0341815410634766,4.797010756358485,15.547249636373843,0.5162640964155728
149293628,0.03430943636714735,4.648611277256554,12.848754269308236,0.9172071480509598
149294324,0.023624832580203755,3.498338080980818,9.115710052211922,
149294325,0.02246694316990971,3.6846428958474085,3.6388153513441535,
149294326,0.023358050501818304,3.6404234412300176,8.479055302341282,
149294327,0.023323862829200646,3.184878068549193,8.36162092250127,
149294328,0.023138924245578073,3.1073298192287084,14.39981109157932,
149294329,0.023826667693979932,3.08482912131978,7.8184947657563235,
149294330,0.022705471301711647,3.1056638872776,8.991490458549679,
149294331,0.02686833417642525,6.342293525644037,13.888986582803392,
149294332,0.023684193576054148,3.5279241692271945,9.8583038050247,
149294333,0.024014679769454407,2.835126717199364,12.266897493421482,
149299630,0.020283346527594805,1.9869308404987542,0.0018559459352678518,0.0010339803814127585
149298032,0.015349064755754713,2.093037795058622,31.16937685431299,0.5805877842495266
149298034,0.01541181507764369,2.0863372743876165,28.770562610740246,0.5222878346168469
149298035,0.015336929788800076,2.0897553946321814,31.24244217466567,0.5869486823923006
149298036,0.015420779797363768,2.072471082179335,28.413468901496934,0.522400679248466
149308270,0.021247436331285896,2.897160370104729,28.61072094241687,0.6273557524959683
149308279,0.02107690469370485,2.8651306660353195,26.19630065425214,0.48815423767506105
149300627,0.011370674001784356,3.0479671330886102,14.017254324083744,0.365591024824777
149300628,0.011372092019152609,3.050512686748235,14.57114612182615,0.7466669674028266
149300629,0.011264868935452678,3.0447388163470537,15.175503731303124,0.7755698594463998
149298970,0.016103122227613672,2.1670485286590617,7.062642567218213,4.285393395532416
149298971,0.01603850637478544,2.170490636125509,7.165053726156961,4.311134602329627
149300639,0.010620026305613156,2.050085219888106,0.9310129590357469,0.501277413047398
149300640,0.010367563368185024,2.035006260408632,0.9228373841179025,0.42431298107937576
149300641,0.010581998015153136,2.0516685804436414,0.9283661925906563,0.49790532139493754
149308521,0.014335613011377084,1.9978327542851253,11.410706064269357,1.068743702892435
149308664,0.01577040958985873,2.272818359144137,30.11100184185441,1.1449999382027374
149308666,0.014330020768982512,2.1213609353873517,2.9348601135300516,1.0525835017365868
149308669,0.015076270202710696,1.9993981461890664,9.752380312089123,0.8934888912086763
149298125,0.014853755743003589,2.3593066119421344,25.84031649067146,0.828686574593324
149307648,0.015280849887786564,1.7889638906809846,3.8397255844945555,0.5564967499651069
149307649,0.01529328627427728,1.7877402902191257,3.7957650193254793,0.5623617953025675
149308732,0.01338939923693862,2.200905882086341,4.470908121441179,1.2853112831125835
149308733,0.013266317326123565,2.2003217890788846,4.156906038135822,1.33528703496159
149293786,0.01652383307579724,3.2391125931827602,15.681388902286399,1.2316974533436682
149293787,0.01517794640449167,3.203556864728454,11.269971346914515,0.9644037267006204
149293788,0.015587769426124099,3.0822494344800537,15.486846858819902,1.2132475693761344
149293789,0.015304784052317076,3.2452774001518656,7.470250357062531,1.087694421529965
149293790,0.015407672503444112,3.241296769293179,14.556879498449927,1.1228434169299615
149293791,0.015382687753753715,3.516876980983513,14.023336957997325,0.5570126514667342
149293792,0.015629696812895395,3.615956517591148,11.643562673969381,0.9603624957939702
149293793,0.01547716008688836,2.971859247842698,9.077762149903707,1.0194209806389847
149293794,0.01500287522401853,3.802131727722223,23.120420900845,1.2842543271785583
149300018,0.014614441646652357,2.114755601185481,2.3576265432705497,0.5266051512946136
149300020,0.01461112307428649,2.0419056330038945,2.1556167902403063,0.5132764995428378
149300022,0.014608418455161677,2.0340414195543564,2.0971052207256147,0.507711340947182
149300023,0.014618891945773618,2.1125278596167067,2.317771141249085,0.5302330393750853
149300024,0.014365266701751409,2.0451379722668857,4.556539118508141,0.974503973666899
149300025,0.014425629570556922,2.0225847182701595,3.568582232756816,1.2023572453224152
149300026,0.016587597036806487,2.4931217628789084,10.739205244950792,1.1384733913457465
149300027,0.014452441235941908,2.037995778409389,4.490725652906709,1.2792563885947925
149309620,0.017310531651684818,2.6587307875751907,5.909517916638304,1.410572578447795
149309621,0.020288582625913515,2.7068287622359364,18.247353538672282,1.8238989008298583
149309622,0.017341900822675407,2.7366689035961036,3.177062492074961,1.2344175322297637
149309626,0.01853846321600204,2.752457341951192,4.509460112905821,1.4489256979482836
149309627,0.019075185734342786,2.864245315381137,9.857807087976218,1.8003571894276054
149309628,0.01886020597685309,2.8387338592897393,12.600112743265917,1.7993211848658575
149306638,0.02049480273332373,2.4691640612632866,17.952234493842813,2.942979418307376
149306639,0.019674277077514464,2.6017739325266205,23.25301293205749,1.6616466705018684
149306640,0.019730764781975173,2.607107589673093,21.95700820224528,1.787689909365058
149306641,0.02057276100916844,2.4908228157669456,15.87343572924233,1.6811277136985552
149306642,0.019683676005568612,2.6058370212532957,23.763014061099753,1.6738207724380265
149306643,0.020476831557804595,2.4656142834275525,17.78307535000272,2.900539563687252
149306644,0.020621072416828864,2.4766311122850526,14.650986298976703,1.7034916985740831
149306645,0.01975214568911392,2.6140056883798963,21.87904881452808,1.719259307563482
149300630,0.01075961461774804,1.9201881521124526,7.684365712581546,1.80508327318973
149300632,0.009794363238916472,2.183237496771531,11.1465191058188,1.9305789212252875
149300635,0.00900749837126944,2.4984055651674284,5.398320194315722,1.0984748464446275
149300638,0.010475420174512485,1.9251318759136153,7.067121617462965,1.2627076767765244
149309441,0.014036023928608782,1.716943737864864,4.8239043477831745,1.439729326171322
149309442,0.013628091069918614,2.280899140592675,6.369799452034,1.2065146401317621
149292087,0.01856562482716612,4.131149963079076,7.94160182379004,0.9879782107297149
149292088,0.01738548498737474,3.6963999450676135,7.869586741329627,1.4593703246598415
149292089,0.01781591918840258,3.9170804609906202,6.43886986994836,1.3354840128816745
149292092,0.017461196580778486,3.71879576702064,7.634602754569477,1.4120353614617709
149292093,0.015389356333989364,3.5456347825654437,8.813888507925785,1.1208639087316745
149292094,0.016899764822160147,3.5874734280701954,5.911787577127263,1.6606558549277484
149292095,0.015041657749018575,3.5437226587873676,9.484019587987012,1.8106155902929164
149299896,0.01440626951702732,0.9398724478890136,16.28596823166243,1.9198954027690585
149298100,0.00962678852057915,2.1169286428440923,4.508484534515221,0.45953888223269046
149298101,0.009534837002375996,2.087772237321891,5.032696334353025,0.3787355987683119
149298102,0.010684594566999496,2.190582626019814,16.059189069602485,1.0435272412513874
149298103,0.010753128875394135,2.2080898626953926,16.09810764748767,0.9829726814560497
149298104,0.009410845999589275,2.1669120676032727,3.2303007218762465,0.6952796600751506
149298105,0.009427112549664917,2.158263828485074,3.2243122688520796,0.6888911093265047
149298106,0.009449672108757846,2.1315212120936637,4.426913047121962,0.2887489190400368
149298107,0.00946782498570209,2.156215027821119,4.551463349349433,0.38015011667086707
149298108,0.008959479437075618,2.194621477112968,9.970267072699686,1.2278171692778412
149298109,0.009091142894431626,2.196983691991149,9.431055556286001,1.1811292392993253
149298296,0.019134698589757228,2.94949087264886,9.38096986126727,5.494483242139092
149298297,0.02014154877924288,3.03282811746024,8.4364536971804,5.325783696210154
149298298,0.02256653892644814,3.341311378860849,8.99729933532561,5.919744057506003
149298299,0.022066889592728286,3.296146530388889,9.198293183234114,5.898850575715784
149298300,0.02408057877996752,3.692707335170816,13.266341783993749,6.119395475166841
149298301,0.02119843640782718,3.268228481693929,10.514097910627788,5.929203745191844
149298302,0.019905205452742318,3.0091770979180934,10.432441810068552,6.531297055115398
149298303,0.019212356736056087,2.9660235838233495,10.660906960535653,6.524722030654605
149298304,0.022375850705198756,3.298444016979428,10.069822995642433,6.762570895472862
149298305,0.022368652669963178,3.2886589606365835,9.717537338812608,6.739713692992054
149308232,0.021201214745569994,1.6373772560098643,2.9476359761663398,2.690270289025338
149308233,0.021214924492931102,1.6028992878844068,2.650684235960519,2.2738768904105213
149308234,0.02120053900836393,1.6406122033149186,2.9636577698951743,2.717024960510248
149308235,0.021130635875502634,1.602778250616453,2.715976309180999,2.436121409927869
149308237,0.02080770724765435,1.8157580212722846,5.126552978051181,2.362980947717526
149308239,0.02091696900452096,1.8101997857604288,6.168952381142763,2.1995348206432257
149297915,0.018039059247084245,3.468653494401943,7.391251274320494,2.325358680295395
149297916,0.01839669432308296,3.5503884595269812,19.920338403702814,4.323123542431989
149297919,0.018398844665137182,3.5056122872777173,8.159911936957856,2.503681099842241
149297920,0.018940218542385645,3.5420216733426475,11.934039413186827,4.287770551814675
149299711,0.015265148823921737,2.3518621242836377,7.897220046855733,2.2694430097600953
149299714,0.015992497404513133,2.5258369615624745,11.127711692113428,3.447048078553122
149299719,0.01718235570339906,2.3920981658771026,5.178407050611927,3.04608422166195
149298752,0.020206664090503618,2.749469524091872,10.883402542331636,4.184934997398247
149298753,0.020162389350943197,2.711401287569187,10.08778879809037,3.9186504652134273
149298754,0.02018360010893075,2.741182767639672,10.820761228618712,4.164050625248504
149298755,0.02014401184082497,2.7093333557063817,10.06027492806204,3.9110943972373513
149298756,0.0201899038839549,2.7185098958585416,11.79552971353941,4.966904565730867
149298757,0.02016242065104767,2.7193103224871766,11.804888695602816,4.9573109995531075
149299196,0.01755163782225047,2.4334167762672414,23.582648873535266,3.714044691124711
149299197,0.016823967188648814,2.6031092713767303,26.572608622891444,2.752529742739053
149299202,0.01684175458994711,2.478646391999463,16.7087775516342,2.241083093991858
149299203,0.01696638026849641,2.279937464556488,16.855394284582815,2.066117262973421
149299205,0.01865846629915877,2.741183253925639,23.97369474646174,5.285970196715112
149309118,0.012349993682043706,1.4743227828779844,11.565180870468616,0.46735363716742184
149309119,0.01137994867306799,1.2209371427633469,3.4296427715582705,0.9809591902876061
149309120,0.011462282786848008,1.7136545878150269,8.335755633382213,0.5881921663016457
149309121,0.013219521908213187,2.027193248445138,5.9779360400025014,0.4572545226405008
149309122,0.01331163937126867,1.8137106813958022,4.282376424155729,0.9485550572989759
149308641,0.026008010805447537,2.2095092687053732,8.054590501565011,7.746862011126635
149291793,0.009810838374389933,2.205464258709827,20.083780940992867,2.507858733066727
149291794,0.009823387580848596,2.2429539273310266,19.012475704412633,2.6173991037857895
149291795,0.009734485085728817,2.3898795366234076,16.49810064827409,2.8764660915203923
149291796,0.00952507977821555,2.1504544895499547,16.51621895709001,2.1912050245162846
149291797,0.009238102474768322,2.2404589737119087,8.748574792124577,2.2360400548064066
149291798,0.009655391297177237,2.3883439210527224,17.544794988325634,2.8793095742862342
149291799,0.010807871047102005,2.128591048523177,14.532395336830916,2.435706328809524
149291800,0.0104877912235893,2.2566887747376323,5.851674764390205,2.4633047645423836
149291801,0.009699057500211796,2.1365639366490514,10.61830155133746,2.1698088671273013
149309006,0.02501752358092724,2.1998079219799247,4.920513219375718,0.8240781410078241
149309007,0.025293641445604725,2.2609573320114023,6.101437252471994,1.0112616442770708
149309009,0.02355135837829428,2.208374060672248,6.290921802400038,0.8903038990125814
149309012,0.023529934023708662,2.1897648259373246,6.112628415578803,0.9070473282143455
149309014,0.025614210993246886,2.177763295478799,14.013403948254687,4.176403654357313
149309015,0.025525142816815272,2.2289173711320243,14.98325444817941,4.374399895248627
149306924,0.009309897155643796,1.8904786632020858,5.2779788296263295,0.730617173382862
149306925,0.010029787457588698,1.8574273583934842,6.230117180892142,1.0400090436574225
149306927,0.00982825274951248,1.8556414298231962,5.913379051371817,0.9724741640650107
149306928,0.009738568189087143,1.8936411993514284,6.536255429715058,0.7030967313299236
149306929,0.01017212615698193,1.8768424082903907,6.8261848088944825,0.7840213705204252
149306930,0.01018250906409043,1.8759449571518694,5.817688695954404,0.8445530870928413
149306932,0.011011655895534853,1.9271195911556114,4.520507327128877,1.5022965521684266
149306933,0.00978843175389434,1.9818613699483618,5.453003818799953,0.7630878886262598
149298329,0.009595793615599818,2.196077903492384,28.136491494010933,3.412668956233298
149298330,0.00907921228536916,2.2034135081671873,34.383671162397654,4.84322986153478
149298331,0.009147307386503108,2.0565100885327867,29.003529665728664,3.797296522001766
149298332,0.00910144931289857,2.181285618412355,35.293186827090125,4.903633959456564
149298333,0.009406954541943215,2.110800532224608,30.636246911923124,1.257169521421176
149298334,0.009609076017143602,2.21664009626323,30.62350618021708,2.6208589522415133
149298335,0.010187893171667768,2.334382215500775,10.828121825236924,5.522020585524734
149298336,0.009166963284928135,2.134199410355651,14.404153630502067,3.2300277480292
149298337,0.008957084527734104,2.1208120150146663,22.446068855117858,5.06013783708799
149298338,0.011124686365870372,2.058872047855211,8.847160121707805,1.2909998398351061
149300058,0.013157112183695526,2.176927767808947,1.6993642899015065,0.576766190074374
149300059,0.013062361740291958,2.131317676441263,1.8398635580078986,0.5690771243113203
149300060,0.013575624185173859,2.1058707935917114,1.8708950063079055,0.4468225428410411
149300061,0.01348104079900026,2.1636446150528745,1.9941147270221806,0.7406434650225411
149300062,0.013088446563228518,2.2546172834696807,3.510152511093858,2.5242511603185465
149300063,0.013168262757910979,2.2401013010613005,2.4395648353075106,1.0570428506276073
149300064,0.012757032087528939,2.113072337057924,10.329540833888094,7.738970295767807
149300065,0.01372632127519475,2.212282437234322,2.7238951240302036,1.900661000614285
149300066,0.013296580505374087,2.2984449566724887,5.5942632562371255,3.2759439501060736
149300067,0.01368927149896892,2.1642636556736794,2.3482620457855585,1.5028703914452366
149307979,0.016234974211554575,2.299522157367789,20.020386313758934,11.238650145395795
149307980,0.016149493717919825,2.2830856671017035,19.689079390056985,11.295253596752733
149307981,0.015491800619868046,2.2874250605861763,2.792316849255683,1.5611784867610925
149307982,0.015396331804407727,2.2725098520341733,3.473743445077505,1.449869335717585
149307983,0.01680664340853464,2.140175812780076,7.595740334077822,3.420525809217169
149307984,0.017661410762710123,2.644699581645753,11.234720433506105,2.3464351585076675
149307985,0.015188449558367846,2.2531755550268633,4.251766229407256,1.693810285235237
149307986,0.01665446294286419,2.1240520445886606,7.759162740627079,3.3902285403958095
149307987,0.015488650757460153,2.2900149789047344,3.510797748519133,1.4729659679211553
149307988,0.015158421791305792,2.239179018595015,4.343054582707623,1.636705937219231
149297645,0.016759505454977806,2.228980051502884,6.3303228868592,2.0368780228602974
149297649,0.015920581853758938,2.258949662822931,6.941605385700437,2.5132642960047624
149297654,0.01746692309633915,2.3097171400278924,6.518243482168973,3.7105329972563874
149308966,0.01757486674228715,2.4250015073386675,13.812835898802366,3.979055839159945
149308968,0.015873891634641726,2.5762697361559943,9.48736853585388,3.5659965169045234
149308969,0.01686701642716265,2.753832278777766,8.905663401129564,4.363071267767668
149308970,0.016030597369739028,2.8535528064454767,7.125717831499409,3.6775863338292885
149308971,0.01824654237212816,2.6596044696195587,8.2573576482528,3.15084885580256
149308973,0.016272245924470016,2.6163258744606033,9.041871797466982,3.887049463352881
149308974,0.01682272565620731,2.688114798574067,5.368909355320329,1.9157582628391363
149293004,0.010754968464828873,2.7725309820235298,15.479231838787777,0.6424012056190147
149293005,0.010687063245604903,2.4956824352863443,4.213958483732484,0.1133681852828607
149293006,0.010786286083500456,2.510152544054415,4.264849131722026,0.11283748715002974
149293007,0.011605622618460498,2.4571442338309915,4.768226120023207,0.14597726850899204
149293008,0.011372908530227266,2.5841802580831303,4.53594033765034,0.09244418689763252
149293009,0.011278689186832962,2.5803302272829436,4.435887073850036,0.08284257994704725
149293010,0.011137332861418103,2.686838007654709,14.56858548121019,0.27937782217943313
149293011,0.010438703671544503,2.365970587018922,7.1660121667458165,0.2780218246977585
149293012,0.010598520666523602,2.802236588233932,15.584727009450553,0.6165122904805278
149293013,0.011496427601728447,2.44438499914623,4.9818887191065695,0.09177278351451396
149291697,0.00929901412845447,2.1562159460270443,3.9601405926919475,2.8211948014832724
149291698,0.009256423410909407,2.164261529727659,4.061433100115354,2.8346303205331806
149291699,0.009382750740188052,2.147412334557477,3.780550705185152,2.8152030365109333
149291700,0.009689871168677533,2.2723669413353043,6.018604898370042,3.038054107163221
149291701,0.008957651457364024,2.2092073930378393,4.126328745139655,2.656792513190338
149298343,0.01915133399170231,2.4505545741656363,8.943915489383505,7.077912703050552
149298344,0.018304429131379956,2.3991191458125876,10.606314899776875,7.712485370476302
149298345,0.021146172703173267,2.728893119435394,8.816192136445109,7.960068792189692
149298346,0.02175623087404256,2.7907090922419737,8.88441629262251,7.903498860355774
149298347,0.022364463163373212,2.924757750143245,9.679353201689267,8.231721394132558
149298348,0.02051734194773124,2.697760446039335,8.884837377837421,7.915746692655986
149298349,0.01799737998143584,2.368782920533708,10.763671788333125,7.340239359035893
149298350,0.018997549563992588,2.4308602783447077,9.978084177848892,7.165506553328793
149298351,0.022099669193700995,2.810769382505342,9.11493652720678,7.830895161061597
149298352,0.02133869513564077,2.7551237088723846,8.82309673538021,7.61977144004568
149297439,0.012267736765213763,1.9879336546363149,12.826243235119852,2.2214005503121883
149297441,0.011906524593759517,1.9585234800900442,14.004643631164244,1.9572634091883754
149297442,0.011798432793950955,2.113315541158655,12.377286086245581,2.718670519441526
149297447,0.012324337663225516,2.0853345441303452,7.318937078945941,2.5076778673985216
149307657,0.015141234604899174,1.7482022371901809,3.494903811239252,0.9351500293760246
149307658,0.015720470589403894,1.862924532410065,6.1695322482569575,1.8836924126711276
149307659,0.01599520033448091,1.851778650827096,13.72927595252108,4.259164379255389
149307660,0.01523874455992852,1.6762101619796854,3.5374762876030745,1.4282716292584692
149308624,0.01639282393477945,2.552102523891354,7.684276404533187,4.024989206016866
149308626,0.019795394550999237,2.5256141355815376,9.309461996256587,4.250300158002325
149308638,0.015510797751950741,2.774512883587931,15.280450027146681,7.522716526443514
149308639,0.017005931605058307,2.6759244014365002,8.675008286947094,4.232049494352539
149308640,0.01988150619734935,2.512409550678968,12.18204820719022,3.6411882509986744
149308646,0.015652720362338786,2.5686436312155307,10.803633487661637,4.23350404138104
149308647,0.019480779125831522,2.6864723204561285,15.367150522402069,8.485565270043658
149308653,0.015099891502763677,2.7203389951272516,15.445954051849654,8.63255907726757
149307978,0.013376561778512933,2.25756759634045,5.969230448730349,3.1894538934171544
149309404,0.020339444546510106,1.9788781766015024,6.052285974495263,1.2446269295948813
149309405,0.018804771013005723,2.011463112870009,9.775045042372504,4.956389460158299
149309408,0.01878829328811204,1.9359182675924862,6.107881329410437,1.5675594963267048
149309409,0.018285913426066766,1.7259346970109275,4.344848460130431,1.7333609355756614
149309410,0.017390553891146195,1.8383516643004516,14.606819018270773,5.788399517706174
149309412,0.018368495232965912,1.7643560142734682,2.5852908505715777,1.4333100108263424
149306863,0.0146985139246576,1.841204353997339,6.594857245134313,2.7769793229198863
149306864,0.015155702671956293,1.8525680187352151,9.947891782208083,1.8598770085984875
149306865,0.015658433595550105,1.9071271436196082,6.473780326776268,2.571105695755174
149306866,0.015734367811114577,1.9076286162079679,6.1409670306965625,2.5766369501933943
149306867,0.014934018953312082,1.8405229614540537,17.14061834536667,5.400203740026013
149306868,0.015363670609714886,1.9081636622188634,10.176911872561389,2.2334548624015684
149306869,0.015453079065233005,1.8395317554929849,11.624078348994692,2.6279379100831
149306870,0.015367470379872981,1.8820111663761014,10.594440758894232,2.301684859583075
149306871,0.015301962686659466,1.8071327829984514,11.490085770632875,2.713880337422476
149306872,0.015500077297453431,1.8544655095946565,10.472537534938464,2.76843219585234
149309725,0.015806335833599916,1.3843720114366043,5.485273681308282,0.7856935450742717
149309726,0.012970507642662185,1.2651248204152192,3.8302374537165296,0.9458575173603485
149309727,0.015497371430910083,1.4173277993828417,4.256060479522778,0.934789658045923
149299144,0.014057631502054498,1.7099992849773873,4.860084243038961,0.6764078321513433
149299145,0.014131252789827596,1.714769418871821,4.775767756175867,0.590393646789876
149299146,0.014255453769422914,1.7144182709173723,4.838342516641128,0.6590976690127087
149299147,0.014294530164653613,1.715609164742084,4.914857395894256,0.6335351405754105
149299148,0.013715968658290582,1.8024320742032227,5.566789947624531,1.336185018416645
149299149,0.013894816468893793,1.8029730418675984,5.491386217025511,1.1955899384193003
149299150,0.013981684728184209,1.8021549527605596,5.479152926372061,1.1880063468430306
149299151,0.01431327746931994,1.71534048278944,4.6980819954124025,0.6342856872729203
149299152,0.01398197972404836,1.8100378661075291,5.489589803370281,1.1055145900097556
149299153,0.013935854237740665,1.7977806292530747,5.385186988428753,1.1757655041557027
149300216,0.02039592701308455,2.1934978997934635,7.5215592188718405,3.261314058057395
149300217,0.02030650679813852,2.132153439519647,9.280012612293275,3.825042128181529
149300219,0.020449610674968352,2.203556589841703,9.192756018988685,3.426443673418733
149300221,0.020125354846033373,2.1400818793175067,8.233221831869027,3.664359565377657
149300222,0.01961118977666805,2.2910840357502176,7.679834431779289,2.746205267419518
149300223,0.019964935298580587,2.1170145355188486,5.7468013850637485,3.318247156798036
149300224,0.020087674961139456,2.272186365876531,7.013358939507121,2.9298559947830136
149300225,0.02001059356505589,2.1215384386566742,5.928355252698186,3.366078977319488
149308752,0.020774490681507895,1.8986988938206832,7.10859288873254,6.083885519401327
149308753,0.02073172176474752,1.9012788458305325,6.694699435035698,6.093732392131471
149308755,0.01961702624941322,2.3748320519383586,10.4911270671849,8.829870220873637
149308756,0.021130268076570848,2.2137104523628333,12.099967854794984,7.184067708914269
149308757,0.01909457219374513,2.234073232189505,9.245433200363037,7.380195267618067
149308758,0.01988694438831076,2.114668170152949,7.576430496034974,7.387754705569167
149308759,0.020056689373767676,2.1199970997728506,7.9107359147522915,7.510442678428967
149308760,0.02146793146542636,2.023529515510848,6.571450078134404,5.594387405716578
149308761,0.019378803708611073,2.372235491166428,10.152335794809126,8.22530514105001
149299690,0.010187340017905444,1.7666996038960996,3.1863981708969478,3.3123434800642046
149299691,0.010782517365005018,1.8485262441049908,9.132732642588099,5.429065219597581
149299692,0.010326191898828684,1.8035963064998757,7.197399412453795,4.594085721237334
149299693,0.010411786009156843,1.8521210644834203,10.343268874124481,5.259050041377154
149299694,0.010419079058127329,1.8389325176619726,10.672544346137613,4.6756152098231265
149299695,0.01058532249502125,1.8422060648915384,7.45910025254115,4.585927223052972
149299696,0.010631504463232853,1.831775229698351,8.179072190363248,4.636273579698567
149299697,0.010630476882621198,1.8593903326738652,8.290487302125555,4.20930361873731
149299698,0.010500493444576223,1.834687366591222,7.967931334717695,4.264124400075467
149299699,0.0104063007086953,1.8336089489480882,11.676766147657279,4.721547409511965
149297535,0.014686275330362136,1.993537586199126,38.24821620033474,5.424017782338927
149297536,0.013603255970872412,2.063504486708485,12.941473249968423,6.102196506279371
149297538,0.012834488784853815,1.9624523298352734,12.073143936552121,6.864003273479677
149297539,0.01279020563737525,2.03637798903202,13.13138738220134,6.720469510064698
149297540,0.014930824815081054,1.9211791803993865,18.167668671538603,4.765375135979797
149297541,0.014383705807421217,1.8193076767512306,12.40780364130306,5.345255193892294
149297542,0.01254500389421583,1.9518022205236445,17.475994520549364,6.304097942454306
149297543,0.013411927179054216,1.9550213361937245,18.065183847603183,6.094740596634943
149297544,0.013101874057072012,2.0325576735842543,19.70613318507238,6.27385946507112
149309091,0.02137912700026611,1.3047879222571723,2.716936368898683,1.114276850537683
149309092,0.021374058973086175,1.3477583832618136,2.560692824221837,1.12538062355412
149309093,0.02133229102827084,1.3753984388109606,2.6116559657004315,1.305864192254881
149309094,0.02155587070466591,1.2421079945671918,2.4086423291154007,1.1235677660429844
149309095,0.02146425785822713,1.27852311017219,2.3747579714078526,1.0863390208174737
149309096,0.021513412491277153,1.3192522374525992,3.0765484618622136,1.1129595803162127
149309097,0.021473224892987253,1.2095599675924085,2.645129815674542,1.0810007122261243
149309098,0.021593117936032486,1.3781480550229606,4.165636179097654,1.491229983553915
149309099,0.021493873397025753,1.2870959387654342,2.472338849651447,1.0783139228715084
149309100,0.02174565565551232,1.2135386550781821,2.5396159408602133,1.078749033024094
149294334,0.027969157179854567,6.271132578568224,7.664676479448215,
149294335,0.024415213796213146,4.09714089667686,10.40831212532244,
149294336,0.02812382178325024,6.264731822909963,7.7295956757998985,
149294337,0.024020455798808696,4.14336909670147,9.39791886947483,
149294338,0.02346931566741644,3.532926468365391,16.751194814230843,
149294339,0.024051177963035807,3.480294613864647,17.11410305740414,
149294340,0.023638297274785985,3.5181475518945238,21.05009695492783,
149294341,0.028517638458004806,6.32998267772242,9.665147034794828,
149294342,0.02375658727584181,3.2071391557971265,5.754220825909822,
149294343,0.024183725207072546,4.082194529667973,12.273641433410344,
149307593,0.016441907766917525,2.1144717989842086,7.548830359992076,1.6108309105594876
149307594,0.01611733830150676,2.0746048606010956,5.990867972625759,1.7191148531762273
149307595,0.016467901106075118,2.112549418235785,7.545493542352176,1.604055319874014
149307596,0.01611312711384702,2.0827003957393604,5.950683005594683,1.6955288356029445
149307597,0.016069975566514245,2.094019877861049,3.8427665888965175,0.7869008464227022
149307598,0.015768559767708006,2.0418486210061593,4.164347574662162,0.8119495278309538
149307599,0.016101314283620365,2.091799485307424,3.86556938069109,0.7858089495603484
149307600,0.0157886724277218,2.0430195091321144,4.148626057949613,0.8245663025199743
149299631,0.02102003708571666,3.29384690036652,14.91033643631644,6.690743105074419
149298916,0.0175877301851584,2.550889480647234,9.518149067478252,2.3319147605925616
149298917,0.017580486917184102,2.559363285862107,10.03080365009051,2.451595073758462
149298918,0.017406242732993054,2.5287509727784463,8.992943266127941,2.311034666654781
149300088,0.019639518861249202,2.524281246124721,11.749837340725037,6.575419172689077
149300089,0.0196368238997678,2.538076918431303,11.845522950003174,6.590599122135465
149300090,0.020237477870923223,2.2016936676201038,0.8832918110725655,0.6054803062636307
149300091,0.01938426890011419,2.5378367863251996,20.241141447440803,6.585964821514915
149298915,0.01777659326447073,2.021963829467653,5.424516437809519,1.970528480538947
149309724,0.014379191167436066,1.6024971576942209,1.5959545770026722,0.5464427491035095
149298785,0.020908632341950027,1.7167142100192614,8.795145588284603,2.9160510873398935
149298791,0.01882889975238336,1.9925023608610448,8.277537131104653,2.228565267504956
149298792,0.01809156665146174,1.9133612990007798,7.457013256030604,2.3518236444129537
149298794,0.01929611784700165,2.180932297696394,8.433647761815662,1.0374670475008168
149298207,0.01914333549168698,2.2216091981597383,3.283070477769819,0.008039293649434374
149298211,0.018979211215517756,2.224813204484063,3.1460861319219404,0.0025310913879612565
149300004,0.015358196537453897,1.7714020789515432,5.604476581265973,0.9132116470725777
149300005,0.015366236524139175,1.780435147509358,6.174215370040877,1.057377607233491
149300010,0.015275117546566241,1.9412392226825514,5.380928063781422,0.8820299446415004
149300011,0.015279771787185396,1.9356936740846322,4.883749416872252,0.8831067679250159
149300012,0.015387819021707301,1.8934262648522924,5.431023616583184,1.2278325543111719
149300013,0.015381136811028406,1.8909872021518173,5.481324567786922,1.2163574677980957
149308222,0.022092153977051252,2.085506085589716,7.357340619475656,1.9361360209067981
149308224,0.02221357673741892,2.0737833698887203,7.598581522329496,2.199783306080344
149308226,0.022206950223039864,2.0984880621029767,5.421619760099369,1.842277714054595
149308229,0.022288806346052473,2.0611178903581306,5.0787598737812045,1.888548446551151
149308230,0.01945218242744596,2.3662907726637736,6.695517937622132,3.4822937479985097
149308231,0.02016353925445038,2.259165392605136,4.509462238178701,2.9549897549626887
149299061,0.012919870602318063,2.1190977343632587,3.9234066810032453,0.9090218651923604
149299062,0.01270132704406917,2.135528472891003,3.99863660519102,0.9478944649044192
149299066,0.01285574526420099,2.121246804015403,3.7476094883886244,0.9075991630588361
149299067,0.01274862321830573,2.137730899308015,4.18026737564432,0.9489296268936287
149299069,0.012487254312367881,2.1367969378167584,1.3776368339461693,0.6536872023363423
149299070,0.012416427805098254,2.1496319802816224,1.323395657006255,0.6421228359405422
149298601,0.01702055913430469,2.3898636870421477,6.811432574872914,3.776628741483033
149298602,0.017020109568659,2.3869828837495297,6.75992172079412,3.754158040652271
149298603,0.01741527560938986,2.1973552476841114,13.178187635941773,3.7413769118612232
149298604,0.017437591944980804,2.2005469953566603,13.904795035260278,3.738853622136091
149297556,0.007567663375828053,2.547591718820034,6.74949098749731,4.195236075340633
149297558,0.007349317659320491,2.5233432324143092,5.940160758885547,4.118843702912083
149297559,0.007371361343197545,2.5125064028814768,5.949413603221899,4.1491419199785335
149297560,0.0074031306581965215,2.499152778967764,5.897542119502707,4.104173658581335
149297561,0.00745955594860614,2.516507596648562,5.821035124901331,4.070260504650226
149297562,0.007337556323680439,2.523440712021217,6.020861364865149,4.140349414981863
149297563,0.007287996660525113,2.523802742317079,6.067573903821426,4.119069860732631
149297564,0.007857299529155426,2.264812734794437,18.87153067466046,8.531924041548868
149297565,0.007485372443573303,2.5416534035956904,6.511035618631557,4.148117943032611
149306228,0.01539626937206034,1.9776965786661929,10.298937814277561,1.3318559850652083
149306230,0.015879026497670097,2.020003363431812,2.0925558667393656,0.5123555575325193
149306231,0.015470510815794798,1.9745414936410297,2.070078933805736,0.4980549840041128
149306234,0.015433831417188949,1.9977434795018385,9.755932191261094,1.5000186721122026
149306235,0.0143322097439942,1.8972805533581778,2.2911000321259727,0.6121188514637103
149298459,0.010313314963590493,2.463755787045775,10.83276127474799,7.190359365723575
149298460,0.010340810575697232,2.4699192498160434,10.798863865949889,7.113698228967952
149298461,0.010301001902898196,2.450182757724139,10.552031753069981,7.510322868721331
149298462,0.010218965255382772,2.434917714553461,10.316002118771713,7.348496182093044
149298463,0.011626999675176884,2.6135212370793055,10.132109873604925,5.128502767549696
149298464,0.01150045377540544,2.8653605139593763,11.142742554429946,6.570878761569915
149298465,0.011665832501121886,2.6216147518436914,10.24499783119085,5.133887596670588
149298466,0.011503364170361755,2.8715119995764113,11.11617717615144,6.55268459927136
149298467,0.011797837947263337,2.2850796021993647,12.913080088188986,7.376085872000607
149298468,0.011867541932348081,2.285233819992663,12.327895737385333,7.432251374004641
149307308,0.008527295283846385,1.3400602331724167,7.521995655267321,0.871215936339385
149307311,0.008104806286390057,1.6084386281403844,1.0986832932982085,0.3528275739546056
149307312,0.008329494492645275,1.3484047656410225,8.424250050673457,0.8756334875517295
149307314,0.008112778968597556,1.602868992968921,1.0842757991087433,0.32895322761945295
149306335,0.008077751032770301,1.3193288829923764,13.876979251557868,7.412705170220593
149306336,0.00763228506620301,1.4797271356963115,11.875150497802483,6.113207552351973
149306337,0.007647971124149357,1.4252947070483384,15.878659595709664,8.080559495446144
149306338,0.0078084427416040365,1.450742570241262,15.162543305900932,7.9926803858588755
149309650,0.016148258514190255,2.566014205002514,5.803067290362654,2.577212178814969
149309652,0.017789735643150527,2.693775828126574,6.661438160220169,2.818758800340456
149309653,0.016092833387646346,2.432600129865738,8.257859824374457,3.212952709163384
149309654,0.015984328874957827,2.5947885618466775,5.481169843414278,2.62802263511479
149309655,0.018403629455356445,2.682867606890605,18.08282438953212,3.3837988162431882
149309657,0.01577197572037391,2.4674847095058174,7.941564371274625,2.9141153384505083
149309658,0.01713019847996261,2.879286576909996,9.153883897899922,2.5522379886265036
149309659,0.016039991637764827,2.7685137849251045,13.332256070755264,1.727935587659469
149307714,0.026294962036333316,4.767339777621628,16.0112747996287,2.7239497632572656
149307715,0.026846837754519993,5.585864381257347,36.48024493048791,4.900980669782408
149307716,0.02791924304653731,5.085182281326806,26.753698139781104,9.949387734142608
149307717,0.025278199245299816,4.798721708549001,19.431600421078308,4.44083077628332
149307718,0.027682916072969497,5.352526410253945,42.8596302704714,5.505001937848811
149307719,0.02640178762062833,5.029598189689871,15.31501825194071,3.4564766387050523
149307720,0.026510359379643852,5.1075521639210475,12.118256298485983,2.896325186593856
149307722,0.025674131222590466,4.952083900131029,12.096016209193905,3.357661499826717
149308206,0.01953891924792379,2.6047873322947166,12.37543328060203,4.249270005368855
149308207,0.01952451488319572,2.6171459298371533,10.674517571394048,3.9244357418158193
149308208,0.019507759731788185,2.620096726226659,10.769498660411573,4.245441426073554
149308209,0.019504563427243292,2.634125967937373,9.769280226147197,3.9877996002263614
149308210,0.01950730363859713,2.6239504976954584,11.824319702419956,5.049711620857684
149308211,0.019557931647409956,2.6096404451921833,13.387410012120819,5.019211506597657
149306998,0.01620315262154076,2.330783176761011,11.155769797163767,1.7509637999170566
149307001,0.015814981343712054,2.334623980806742,7.147913569649035,1.7074456320423042
149307003,0.015405463695213633,2.300480556972707,5.020014497702715,2.722985375476209
149307006,0.015060578258091891,2.393598182080078,8.125245193882211,1.9506775885645833
149307007,0.01676884339242761,2.3577541572002443,29.585020724042238,2.279752477059716
149309147,0.013518282462709565,2.529185026663582,8.209727562951329,2.8486329174836587
149309148,0.01289956861158427,2.565275689728467,12.964104514826206,0.7040915767474343
149309149,0.013443694939409457,2.5938190526853577,12.172351997359849,1.5029268286485606
149309150,0.013722386257131096,2.570790314300045,6.992716564470387,2.182731963621456
149309151,0.015951847166699076,2.4580813407993047,9.390238492977119,1.7244366597541805
149309152,0.01607700776519686,2.7004298084100897,13.970829173276316,1.3425338993432667
149309153,0.015088425987832785,2.6202803551609684,14.36292533374457,0.7226900343160702
149309154,0.012956331181742975,2.7026290850907584,10.794660024673481,0.959183325394631
149308721,0.012314589221280274,3.0548949811840735,3.8427401385799382,1.1632559527054873
149308725,0.01228225237173455,3.0575991855940323,3.9322931187134884,1.200857887504961
149308727,0.012081452133309327,3.09903169403898,4.481884543779128,1.1494935743129906
149308729,0.012119142353239565,3.125316000482067,4.149220253171971,0.9764040351182606
149308730,0.012282363025039182,3.1095282505734154,3.9536812057343345,1.1617972810533632
149308731,0.012351415013163617,3.1180080343335073,4.030476251310598,1.0730070434128145
149297469,0.022630229865021747,2.2951144458041224,5.6029561466006435,0.8678550605166102
149297471,0.022660677894597452,2.321525625369182,4.768432808436743,1.0690161505419482
149297472,0.022599474211947388,2.3225899059534822,4.7860079204712855,0.4056705052116338
149297473,0.02264679424666392,2.3157638063707524,4.703819937307192,0.579424491629027
149297475,0.02270960902596272,2.458007388116461,4.818787898361587,0.9163140205866541
149297476,0.02269207131283962,2.2985959624334105,5.043031546222753,0.40659489714873903
149297477,0.02287210779708279,2.359708654083376,4.902887410919846,0.875907977793471
149293856,0.008932844741141423,2.4796972816763554,25.756981029621183,1.4472405933636732
149293857,0.009331153912842952,2.5586487801038755,14.564985163577822,1.3905479745190334
149293858,0.009298796148824751,2.558370890040974,14.566439200561526,1.3695554296732
149300236,0.021955600416890864,2.5387122983787114,9.051441457707526,4.947896290260496
149300237,0.02200636790626953,2.547303731386974,9.055472432389768,4.986674893192063
149300238,0.022154298688814356,2.479158596168918,4.620052034200217,3.097719848891716
149300239,0.02074302566528942,2.4039992007236037,12.632610794187666,3.798694402343932
149300240,0.02169996326862711,2.5041497058252213,6.489092054327931,3.5231677828824655
149300241,0.02102564604681136,2.437352015498928,11.873899928721169,4.753250207395171
149300242,0.02176249377215053,2.5134443500502783,6.8121227926006505,3.6930884324188726
149300243,0.032998487361785005,3.4520136537050727,4.87199897776075,2.3373560119406016
149300244,0.02163618344225621,2.415415994726069,4.524511924633838,2.7654419765154503
149300245,0.021409264385524013,2.363200027169475,9.09009233875816,2.754736072422486
149291783,0.014234090421540127,2.367770824099476,6.545167572139388,2.7227024198066574
149291784,0.013771183525151772,2.589493604609934,20.497846763051186,2.6304058756411135
149291786,0.01402073516330298,2.50798325779406,19.7369012267253,2.7869129363858156
149291788,0.014632832286573581,2.1332795751098215,19.598476531805197,2.437973237636592
149291789,0.014359692846187825,2.3500103689534546,9.287209203067686,2.837768135150173
149291790,0.01410911095588779,2.3820000162454376,11.526148193713631,2.9039414554359664
149291791,0.014073459878504788,2.3818243868793587,11.578949596526684,2.938226543021662
149291792,0.014155256792187775,2.1239591137358182,7.531804927580054,2.5247390180723825
149308903,0.014848449306895009,2.4521231371857772,12.877835819094381,1.091971426668446
149308905,0.01619789700034418,2.4769728980500125,6.640036760644764,1.0547800155159917
149308906,0.016775625068277417,2.4951954974701174,7.04970370621056,0.9924675225222713
149308907,0.014476962187362807,2.174381949010784,14.79407030434151,1.1475528764843383
149308908,0.013912916467075754,1.812000553587621,4.677647674953521,1.1249154339210055
149308909,0.015127115333531579,1.9175461509337757,4.735789692525702,0.9076511627941422
149308910,0.014339578169582787,1.813560059678041,7.1637936106164615,1.0768902188634872
149308911,0.015207484833140461,2.0014884091954865,4.509011264420053,0.9572935812005966
149299134,0.01522410091228139,2.1461951926887934,7.877616173083309,1.9235435972955603
149299135,0.015318563076413775,2.2431567957395817,8.983648560346497,3.8111150157136477
149299136,0.01627298264670743,2.289311931603278,9.053545449626261,3.4916476685250677
149299137,0.015766344898291068,2.2316644145598223,7.333591678584859,2.2473763936457365
149299138,0.015517106607201946,2.2247100911043676,7.652988022651028,2.242880684603232
149299139,0.015624848595094634,2.2118529068708344,6.661124391616777,1.8860199023979427
149299141,0.015524139002038057,2.267226020769889,7.511950509132995,3.539713006951055
149299142,0.015671870010652674,2.280043254807618,6.875882784688848,3.249111660931325
149299143,0.015589566448600621,2.2316699644901274,15.024118032869914,5.6623702564441265
149309739,0.011434186879276869,1.4623109693212974,9.816250491862645,0.763324647109855
149309740,0.011581835817874371,1.2270770665103266,4.956404934724359,0.5903662451215795
149309741,0.01153513689122303,1.44974941511368,9.893226845713293,0.6009484588858771
149309742,0.01194470771265497,1.3541220179494855,11.006614255978914,0.6509061036223439
149309743,0.011751169715945559,1.3141311424900621,10.106464227738009,0.7425046047755274
149309744,0.011645957518521268,1.246892968463504,5.684886238037438,0.6654149487929055
149309745,0.011924307695180974,1.374833281268178,10.026115469247745,0.45964926556076297
149309746,0.01158708965713194,1.2608054012731762,5.384433311723983,0.5489566521781413
149309747,0.011750214569084878,1.408877331198058,16.864202734193693,0.5714583092604849
149309748,0.011826673147074189,1.3152770680098005,9.422028880953464,0.6235154178358994
149306516,0.015279348801135552,2.036720820599249,11.969813375403819,5.181955921501022
149306517,0.014890487431009774,1.663877940519876,14.584527122709444,4.003954064648196
149306518,0.015954779116748027,1.7186099542825968,10.902971896595147,3.619982141130709
149306519,0.016460923755252363,1.7431620976085118,9.252329343331779,3.7672799233520884
149306520,0.016084409672741273,1.7383530204261015,7.10586679560393,2.9144553526191497
149306521,0.015341004922577202,1.6777282844288195,14.36838113820222,5.255817975029136
149306522,0.015284860897718357,1.7850930988579408,9.712286106776753,4.20967538485815
149306523,0.014704336936040776,1.7412778755676388,5.82511473504996,2.8429564203725772
149306524,0.015499910875011277,2.0742524171375276,11.518677719874878,4.656669140403286
149306525,0.016343127137798518,1.9864439279076247,17.629164627483334,2.9945983810753174
149308027,0.021393273208469267,2.334095399327129,9.284414022415376,7.429543240856077
149308029,0.021181889362124794,2.211250782295722,11.593013302909748,8.851719643392927
149308030,0.021385382887414248,2.312806671576831,9.124597176870404,7.821788455472189
149308031,0.02129371801394615,2.358627678798361,9.17519645561032,8.021572369514628
149308032,0.02124061082240954,2.2797905073518754,12.450311650478318,9.03396785475165
149308033,0.021238099860511606,2.3679660162055156,9.228483777930853,7.578956858888305
149308036,0.02132161525732244,2.2542503232525752,11.766792670265845,8.886521194304628
149309679,0.01200808480872116,1.694592418945965,5.152434659971352,3.4454282607711098
149309680,0.012632451588834501,1.6599385447448076,9.391364984166946,3.10798484654062
149309681,0.012537026629334428,1.6542554624861996,8.90285441361392,3.2124560841941827
149309683,0.012818996125718988,1.7570519036148686,5.29522223759771,3.9275487545844547
149309684,0.013312982144199978,1.7137946105663389,10.812397326743245,3.762822505784691
149309685,0.01269887941718812,1.72843712267966,5.69484201532315,3.96606740420229
149309686,0.012094830894786333,1.6844239109941388,3.0552980579815867,2.666074119263029
149309687,0.013133329748812482,1.7290977876694096,10.868096948446139,3.149617100580004
149309688,0.012110695462585995,1.7294993383721844,3.458525586490087,2.6447739236212664
149309060,0.014342484331817727,2.032176308084723,12.85067505459563,3.5113644212825483
149309061,0.016517362246011837,2.0422990226784736,8.38676888218313,3.5944050783912
149309062,0.014622930571847447,2.284570457637692,12.39617907827689,4.738303060913194
149309063,0.016594554925390366,2.005246131205233,11.221984430438614,3.3530889839025204
149309064,0.017181557419255075,2.0399234633803474,14.353656726778675,2.73342755666495
149309065,0.017414915224968342,2.021212794908987,12.498884109599135,2.8173528432903425
149309066,0.01730863950647547,2.137496859773165,9.743619419203206,3.4266887856209247
149309067,0.016936789905782623,2.0335642744244082,12.443149934040813,3.1287194331687167
149309069,0.0168139045894569,2.02331339271225,12.16049994435519,2.9626823592351954
149298815,0.016485530695067422,1.4896490065497954,2.9828786922491974,3.767953816463925
149298816,0.016916145565973987,1.6687582758550092,10.360136427889474,2.741949773535088
149298817,0.016549039690852977,1.5508103310547081,4.7912373993759445,4.5177541818150795
149298818,0.016629041835288516,1.6381065303913183,11.054706598765096,3.658048315142737
149298819,0.01663774783848959,1.5396646109390615,10.585483231921,6.0208289609800785
149298820,0.01702733110607993,1.5584738873713073,4.160902294759631,5.242151190772955
149298821,0.01664211803226795,1.6057936367780707,6.847628911149142,2.590806601436551
149298822,0.016733012096638942,1.631790740396998,8.786587941488483,3.033722439785717
149298823,0.016265093466549585,1.4901894758755083,3.8848016685379587,4.159815877316494
149298824,0.016618913257306422,1.5479578662524218,12.672611926661014,3.4523080596890123
149293649,0.036509590575250064,6.789087846450875,18.420693725837054,
149293650,0.02912970731778976,4.94543317745408,11.201442271505154,
149293651,0.02950090310003974,3.775001264820128,7.668286869726746,
149293652,0.03176549969410751,3.5291552945309794,6.9865827090926835,
149293653,0.030045005691009583,3.9212091875259425,9.668796633068569,
149293654,0.03153783141252053,3.9693404249331397,6.583617178615074,
149293655,0.030798907180373543,5.541258773733878,20.239953334554603,
149293656,0.0320415830140987,3.5887188594722876,7.9358849797044,
149293657,0.0305365152211628,3.9933668504285076,6.476780814671197,
149293658,0.030366476276962956,3.969638834397072,8.732069027945773,
149300573,0.008923737005107332,1.6755649988004717,3.5437981069642595,5.151108359384537
149300574,0.009052014872085002,1.6900580268552614,3.6876778521002347,6.833196490149526
149300575,0.00852297313467235,1.6231366557623121,4.3867572755190105,6.444407076703045
149300576,0.01025234090957947,1.7682543290807824,20.421941995429425,27.9200699916735
149293956,0.006472767554192919,1.8705341453079247,3.6801196362587403,
149293957,0.006690775996366796,1.8520233365893624,4.237229409266204,
149293958,0.006124942438264638,1.8421701792062786,2.567322646978518,
149293959,0.006715126206391584,1.8396664828264606,4.254582126058367,
149293960,0.0063544742357647885,1.8271209835026092,3.6377139296181045,
149293961,0.006006650339936956,1.8680220292628293,2.8810915584685257,
149293962,0.0064218143895464356,1.8836258237990287,3.8329239180368977,
149293963,0.006076258523289563,1.9349480479195418,2.945574451523964,
149293964,0.006082398637362783,1.8956366896254955,4.573951213797041,
149293965,0.006375194148851609,1.811313725643197,2.5080708288011193,
149300080,0.0189507253791172,2.8776057362446688,9.81727432909537,6.470697418030114
149300083,0.01889223694897412,2.92000905868711,9.809142440590994,6.476363700620509
149300086,0.01932416780221545,2.9478686516487316,9.729646912331242,6.559121032404592
149299240,0.012337626324880325,1.7388027398449266,7.96438311220657,0.6222083632287021
149299241,0.012286398305831437,1.7340280555672758,7.509948217325326,0.6102094161753465
149299242,0.012675295527123012,1.813561914254509,21.770134427982487,0.5371295015530876
149309689,0.013264825797436862,1.9068130566966903,3.954214483070931,1.5894497744263074
149309690,0.013418159426434336,1.9147427088874622,4.911859420455259,1.0004740811375317
149309691,0.01301730815651547,1.9544614845570727,3.605941009735617,0.7877672287251354
149309692,0.012866040461212182,2.2023865080596567,16.4928791994366,0.6477601810794625
149309693,0.013324099215273645,2.1095321073396076,15.126758211386823,0.5410344203637092
149309694,0.013356670893520007,1.9125342390818796,7.889732820678641,1.214314532788733
149309695,0.013132832321437339,1.8801247225607376,2.340753905749385,0.9254378798163799
149309696,0.01321400314529527,1.937342861553409,2.578391771723801,0.8975844427536503
149309697,0.012960769364955639,2.198086413809157,14.518880472806972,1.1152639725579978
149309698,0.012763676553889524,1.9546906154389267,5.219121210103979,0.623861482699272
149309831,0.008736340846580367,1.5785363775721664,4.322825267230983,3.3432493469128053
149309832,0.008064630693825084,1.5533649764672486,16.18816043127035,7.500792653574886
149309833,0.009992877258051041,1.6772095682789647,3.8496697577868164,3.700521370288451
149309834,0.008775902735299133,1.7207378535556916,10.557597373106242,7.734830810487579
149309837,0.00820833765005476,1.478009152198087,20.0390716467207,9.870245105685898
149309839,0.009861045124407062,1.736557663764499,8.062029442142144,8.983760347894568
149308482,0.014856240483398791,1.5277289663781328,10.322183392868546,0.6583624017368856
149308483,0.012674832812800964,1.808821513480007,7.893881961373371,0.40906692063792244
149308484,0.013984870739481228,1.5116091910431948,9.261530595999751,0.9366165642643687
149299229,0.012004876997343938,1.9105568632768553,10.804490776908628,1.8566509439607644
149299231,0.012060258230320921,1.8870978572469685,16.64345989007543,1.3133389637705413
149299234,0.011475700503677156,1.8345565613731116,14.182763702106314,1.703146540748489
149299236,0.010848470866174385,1.9194960786741484,13.178273737355868,1.0241352877227365
149299237,0.011148264536486869,1.8227062377960552,15.459487424053519,0.9442249758113384
149298088,0.009933325196092817,1.8613955643535531,5.0901831660567805,3.929999748395974
149298089,0.010809988741026825,2.1599450950388097,12.61843009717807,10.309470500489516
149298090,0.010431305536987056,2.00985465505542,11.331669532130576,7.261789528227917
149298091,0.009866398275986442,1.9653427951406939,5.643053819911189,4.2624846746577685
149298094,0.009805678370573945,1.8566222229614078,5.04129614793488,3.783109424516384
149298095,0.010064912003050428,1.8544383978414494,10.343419659161563,11.111668108658487
149298096,0.010024611673341073,1.8208059232248264,13.563129574073207,14.834226304608809
149291606,0.012148969463480562,2.406184786237062,11.78131028127454,0.9310623065640287
149291607,0.011264410115986808,2.4762627983749397,5.544179069534269,1.2443775024897934
149291608,0.011689245559500749,2.4694361075397873,5.0858787280057705,0.7899848038094742
149291609,0.01164518956511432,2.4667604533907834,5.086571442439676,0.7761039207608168
149298240,0.017770083128022585,3.7759960959590826,22.1745997548136,9.456465881144075
149298242,0.018239284223590228,3.728442077189525,18.402746295521112,9.237482749693152
149298244,0.017168875631406046,3.709300898202717,26.017027659268017,9.336251398270216
149298245,0.018228344091651267,3.738353221166966,18.232356390026847,9.290029919739506
149298247,0.01786037622827766,3.7012883626184587,18.040414052435164,9.234829415542778
149298248,0.018012646371529467,3.7402943205304506,17.881081514277252,9.222963547351883
149298249,0.01814747734249192,3.744922629127157,18.230641068033997,9.43495996934073
149297675,0.017679067282620854,2.5184988097255845,6.988386447782769,2.5380846075566157
149297676,0.017648101005001134,2.506152238737869,8.893884203136036,3.8605263897055355
149297677,0.019957109892292015,2.313303323889092,5.543849872650379,2.096545031251669
149297678,0.01891700420944673,2.5726092818803306,8.436810788160535,4.594491462677896
149297679,0.019464240016358093,2.5258101632492185,9.88300780845738,4.215365799448367
149297680,0.018842090495948916,2.4908573531945515,5.699968451226911,2.7040442672292495
149297682,0.01761544212885703,2.567898975355724,10.732945734257822,3.9442360825800105
149297684,0.01843292394230117,2.5942773275179682,8.150365286765206,3.785386756319624
149309167,0.01861121046100938,2.7099507424961575,24.754035411307335,13.75961569864996
149309168,0.01876853503298561,2.7132594783746486,25.060398784555595,14.221673995224542
149309170,0.017811813329717718,2.7545623934535013,8.93004334427264,5.32365497742339
149309171,0.017691264868075787,2.8378549932910246,9.691762571643748,6.788965416713568
149309172,0.01786974407792158,2.9068489306226764,10.005684545494361,7.11135722064813
149309173,0.021720342055185884,2.6296038415235943,10.105791154710376,4.007321335027662
149309174,0.02122973783832947,2.7039732204795612,10.86517246168297,4.920909571300823
149309175,0.01861897120351996,2.731943644017584,24.908971946196093,13.99260033954111
149309176,0.021445041154258663,2.704610604740227,10.72464014388396,4.952621333341228
149306349,0.021058773197579074,1.7941911518724458,4.408492772877723,3.0374366176891794
149306350,0.02091210747766528,1.8172516490913302,4.422228839181417,3.240333184184767
149306351,0.020527751194385737,1.7779182348628486,4.766240343664019,2.7628279579935824
149306352,0.020589235337840996,1.7906508091349604,4.12144340368649,2.807243872215322
149306353,0.020618539497591192,1.7812568764385872,4.473876638435699,2.9137296462342097
149306354,0.02073229484260681,1.765312865987412,4.64647132374067,2.739605672224112
149306355,0.020866864373442196,1.6759506194336196,6.04488799215849,2.0361128557150825
149306356,0.020773994994338532,1.726640215272685,7.398630445890602,2.9865643750544586
149300343,0.03549614417756807,3.1098441453987946,13.564122166418256,3.3742050236922445
149300343,0.03461434452660371,3.289891151620824,32.790211085303525,2.8872638549998118
149300344,0.03735574829409253,3.2723908786923412,33.78873604146878,3.4406518115574265
149300344,0.03709196071407718,3.443594153205364,48.7538417110403,3.2005294100736448
149300346,0.03519187659691321,3.2064134910994126,54.58276364230877,14.467688869189393
149300346,0.03406738088749677,3.1786300080355536,44.60310860283233,2.6766272739768247
149300347,0.03602394114725532,3.2519252946590798,52.42969034583839,16.45049537579858
149300347,0.03577086422677859,3.356495932160838,60.60546394745586,16.79891497628242
149300348,0.03516187266207799,3.2420356011818696,57.82926009270271,14.893389121030479
149307573,0.014085638592117573,1.958197932448652,3.2374435494556346,1.2897077940523543
149307574,0.01408053269393829,1.9637644808282568,2.9355606879224054,1.3243250600799497
149307575,0.014705541937161313,1.9548634208538938,10.192466079915818,4.375863418516044
149307576,0.014686487715145895,1.9211709625674156,11.269299446325137,4.734059035517189
149307577,0.014698426558547886,1.9483111200845529,10.486432286325726,4.377441686254755
149307578,0.014655867997785585,1.915566248590263,11.051997197404361,4.683766184730437
149307579,0.014050881699650668,2.214699541090988,8.008119775775365,1.8019725941336593
149307581,0.015029999573952265,1.9066639018362153,7.109507315391658,2.2588562398518444
149307582,0.01395974578771293,2.3216868888144266,8.60025458925588,1.4368131915600209
149292782,0.009874071250392583,2.1448278153090095,7.028389142485233,0.20396252939307283
149292783,0.009712585432431926,2.1578781471696575,6.996596338571873,0.27458184346160996
149292784,0.009620487550461942,2.2490334828712264,2.8969817373160254,0.7164331144293814
149292786,0.009231867928295437,2.2667428341179985,7.479510781832126,0.2173283519689064
149292787,0.00952692580770199,2.3269477386628785,6.866005530088348,0.2895260129949047
149292788,0.009739651864070052,2.091435717417493,3.77810281075035,0.6180315794137494
149292789,0.009683888528546871,2.1763329461154015,6.146264962635075,0.7433016761007513
149292790,0.009690901180351057,2.082843166505803,3.711675459501651,0.5809164886073144
149292791,0.00979220061654866,2.0892094921532944,3.3721607213225466,0.5906563276918636
149293077,0.017080849150505947,2.1806842791387453,3.7202157742826185,0.7453422660033139
149309564,0.02414686105656995,1.9800434349196379,4.22046506447178,1.1682044712188902
149309565,0.02444490250233116,2.0001475074159827,10.947785088502476,1.6010825033024996
149309566,0.02639891538237681,1.918297904023878,4.320796820050173,1.308480884291022
149309567,0.026130328695388883,1.9745407124288838,10.059135437951726,1.6608917001905998
149309568,0.0246327048438144,2.21452496254427,5.789890610075737,1.173588266045914
149309569,0.024293266464775636,1.8080481850780932,7.211484348804461,1.3046475823834343
149309571,0.024983577448301892,2.125880809103616,15.247491560408797,1.3817586029627393
149309572,0.026503110782870896,1.7293793514165463,3.3393718498618514,1.1821734737235035
149298641,0.019847112234881503,2.3440167516297516,8.77527600702039,6.751423180148704
149298642,0.01951365967130247,2.3574212603136404,9.694096661463542,7.473542424778103
149298645,0.01949983128642818,2.231527640231142,7.076211419721313,6.5224446371839475
149298646,0.019598042497509748,2.2437758187305215,7.319875882956966,6.674570395510678
149298647,0.01988872185880657,2.3970800150741605,10.17726735162839,7.466163167152228
149298648,0.019661251192296957,2.1729361071671986,7.769175737011193,6.584941963257547
149298649,0.02002181178839064,2.375087165219724,10.095196228099116,7.303656681794581
149298650,0.019650547595333537,2.1851514339329987,7.7408118274583035,6.557216859040377
149299977,0.01214811337640356,1.912102763397751,1.1500282007942346,0.1051184147639826
149299978,0.013032056253541598,1.8609003330552902,0.8299829430417686,0.04817459815448423
149299979,0.0121104059981955,1.8934961410341649,1.078925994242401,0.26243224492449374
149299980,0.012250458114008793,1.9682276632248206,1.0232204676375303,0.030882084645762285
149299981,0.012904047891877306,1.8501183556743184,0.9216280344375318,0.17322823004793625
149299983,0.013136289641627179,1.911525895709702,0.9554599245212739,0.008913912979148415
149299984,0.013078492832937178,1.948918663605945,1.1390044989222614,0.15156424211981473
149299985,0.012351097750381197,1.9804321293289153,1.3872634477457662,0.7059033107068935
149299986,0.013081741713562314,1.9527787955974336,1.1403395262165292,0.1610967701081268
149297939,0.012908427407893722,1.7804100184107603,4.154418930710282,2.9177871652416614
149297940,0.013258375993170332,1.7655883384791673,3.754427326476771,2.851451636268303
149297941,0.01361597932451288,1.8585421951940628,4.695125587069676,1.93260143383677
149297942,0.013606824408845527,1.7835368403577125,4.655836699053399,1.945630206196643
149297943,0.012993248185540181,1.892828874339262,4.060357019707263,2.7265810581317096
149297944,0.01378567845397137,1.8575296128345962,4.18505351275194,2.0987472877380964
149300617,0.01012163861414383,2.020496463783005,9.09429351471821,2.384662844351507
149300618,0.010133092013607455,2.0205235667962254,10.999364235270217,2.1853354262766427
149300619,0.010128987051547076,2.024407107472381,3.409582360281052,2.08433762974195
149300623,0.010150016912958373,1.9937718833066942,10.380546238091156,2.5014058723200017
149300624,0.010177925079418663,1.9932541218292772,9.738006245043701,2.375198416232537
149300626,0.010511793668072904,1.9825060423623555,10.747348345646644,2.0574581801328446
149299091,0.0172386140234878,2.5281533715958586,11.977141697940263,5.661563558120456
149299092,0.0184576554377115,2.5287313833811966,8.030469499271573,2.691066712711543
149299093,0.017986853128744696,2.4905512649963937,20.05563998583797,6.781126494119373
149299094,0.017194411640367196,2.5666685729147787,11.566429433571738,5.3602187130043015
149299095,0.017226381525039323,2.5520274486084893,8.231232520456604,4.6145746508675956
149299096,0.016689559230665552,2.4282305118157064,6.490993950008262,2.5732488800423257
149299097,0.01711491960533445,2.5516938878190922,6.692295950452545,3.132997370148491
149299098,0.01819071853149558,2.546398584958528,5.336158314199675,2.3397915072459337
149299099,0.01662953940902776,2.474062783905408,12.578209261858987,2.288073357514122
149299100,0.016474057259521672,2.6936800563819707,9.128436564127023,3.6062065629732833
149293088,0.008678663978227327,1.9129740184098016,5.925221022042608,0.7417468649214206
149308830,0.013381903552083681,2.601719037511471,14.694591217699006,1.623384726305555
149308833,0.014215287423333724,2.358578107559395,5.617624834986648,1.7325720426369835
149307151,0.008042823114940202,1.2115921404351044,1.2605109329431032,0.9926993505740631
149307152,0.008231999090993501,1.2229337904862891,1.1815992904075803,0.9758919969083181
149307154,0.008016282296028684,1.214245982602143,1.229964626912263,0.9513433826091553
149307155,0.008056747409346112,1.2065761785112077,1.1676184574094168,0.94731008033189
149307156,0.008126515617298435,1.4107877374624722,2.1051779264635333,0.8978511272996278
149307157,0.008195433333771427,1.4117037182419776,2.3698418953336686,0.9405862026569234
149307159,0.008074241879840028,1.3969550754366664,2.1531195183453353,0.9278467327169803
149307160,0.008277381697326076,1.225654232769912,1.1418384334749005,0.8895636580095901
149293775,0.009615695722488387,2.8850139665938954,12.568298920990308,3.9016989568908556
149299246,0.012854425747878567,2.0670631776626043,12.965199461560704,1.5387222364667055
149299247,0.013187533923911683,1.8712294096571738,12.15943102790357,1.441112959069653
149299248,0.01278654991398465,2.056482343748469,9.111150008507195,0.669754593253892
149299249,0.012940331155808546,1.9427262314193383,11.783724118325663,1.038462085036345
149299250,0.012849870737843848,2.0661010553601042,25.33002401852822,1.8674026556401206
149299251,0.013743304609083486,2.023287728186867,19.844417420446685,2.130076365932593
149299252,0.012437128577261524,1.9459178034878821,20.09331597754954,1.3308891410375694
149299253,0.013556533324598427,2.0327711846827023,14.339812593684075,1.1277799539790807
149299254,0.013295330930486281,2.0191852084763795,12.992287007308267,1.3244007329665932
149299255,0.013819478728442932,1.9694773454089336,15.46365570912689,0.8604405673382544
149308180,0.016312096853351464,1.8639667363399683,5.876994817840912,3.8870425325330933
149308181,0.01655031355457477,2.0513554469956157,9.128519243364552,7.824077758081429
149308182,0.01577819365390408,2.1128433886888605,14.404803542859906,12.202037081010996
149308183,0.016623818890512537,2.0247017271202647,12.683585729104868,6.222061530120273
149308185,0.015981183717327197,2.214041139837011,19.8784375346604,11.42374207427133
149308188,0.01646896409970663,2.284934764623334,13.766909108887994,10.37058250314801
149308189,0.01621552007175729,2.066893135329976,13.911116397426177,12.642281263924794
149308958,0.013108822609061377,2.477054987321677,14.538635685735898,1.655871325061346
149308961,0.014000739778942351,2.240265182348423,5.920241686853484,1.816344803049788
149293993,0.015048921164992232,3.339443694840905,14.44075827384394,0.7843645447832056
149293994,0.013089063432901964,2.9840112959515763,10.296751727048502,0.4259805966164323
149293995,0.010419630550062318,3.1988471401213014,6.96276747456981,0.8130489038569346
149293996,0.015226498645822711,3.149011858925146,13.887556225369458,0.23922969728504762
149293997,0.013281421987808932,3.215824990486599,11.20148074748225,0.7542531018357613
149293998,0.014697033301499662,3.242287780102252,9.986154034018071,0.5787507069788714
149293999,0.01154409377612438,3.36704251694987,7.845715918525754,0.8550290206826654
149294000,0.01369615286372219,3.026950856837906,7.371144342553999,0.903230602661091
149294001,0.013325860560189333,3.0977549977776846,6.556355055910721,0.8465119776985617
149294002,0.012898466054544871,3.3325255062133436,5.597142266439152,0.430561740072448
149306938,0.014685607468830778,2.099928616909145,4.015792641736518,1.7197597144563326
149306939,0.015666988499988353,2.106382244787273,5.43416646596425,1.772859074857366
149306941,0.01564131124976585,2.0993534769794366,3.814792079322954,1.7501145197574015
149306942,0.015600857069506263,2.287608064560854,7.488230330749604,2.9724754944714498
149306943,0.015581054660541042,2.197597531145239,7.795070215693141,2.805637093631065
149306944,0.015830981277022718,2.174586439435744,5.442720412232521,2.158834277185224
149306945,0.014823984807221668,2.252569096808058,9.063016507794176,3.346570897359926
149306946,0.01564250904931806,2.187966981916292,7.028080338876219,2.2568567518165428
149306947,0.014727417101930733,2.153801449952431,7.171723785484393,2.3811230721719108
149300516,0.01562793983393677,2.1043588497848567,14.404539612163182,3.61553029322672
149300517,0.015002479382978377,2.0758141277540254,12.657958564237362,3.0639199697537665
149300518,0.015055904274300686,1.9869066311941694,12.098815559053529,2.333570428515879
149300519,0.015912836565821143,1.9965248220946052,12.253842411724166,3.348776212717738
149300520,0.016289098652792953,2.361057515424987,15.909841210239154,2.139259782535669
149300521,0.014718446056460612,1.965546178492091,11.834166677890023,2.100193270153389
149300522,0.0158107580694055,2.08136470430425,12.967854137772061,2.4386844612439145
149300523,0.014623246703591277,2.1292700506081133,18.59856394681351,5.1642430308860465
149300524,0.015022639848221258,2.1607343332237936,15.460065633397443,3.5536681846019986
149300246,0.022123974933029627,2.389397770483302,4.054852924426483,2.8572748124303082
149300249,0.021776339572310677,2.376102284577539,4.082538324307517,2.883596022711927
149300251,0.021365070773303532,2.371071813251339,4.446208964521999,3.054525584880065
149300253,0.021911647734580174,2.3991165304109088,4.2235587794059954,3.0002218823188955
149300254,0.020438847888348356,2.339314426768138,7.0163085083983905,2.9082296160759498
149300255,0.021173634387497028,2.351417997838485,6.035503921790429,2.952031733537809
149309213,0.05148997691042939,2.423220619085457,12.650585221685736,3.870760201784384
149309214,0.050099750161537934,3.0257382973433216,18.345893581010984,4.79869345604861
149309215,0.04820555651922629,3.1741864093719196,13.932438331993911,5.840663627273991
149309216,0.05123732733758281,2.3918232341352983,12.474236124534162,3.905261395313016
149309217,0.04930572905074299,3.18491820698279,13.862464076883796,5.7369373196302265
149309218,0.051317176805900935,2.6745918595944667,13.262782413776614,4.794254894659343
149309219,0.0537532875771142,2.8160249310594687,13.806454114225645,4.185721152405029
149309220,0.04956362227634958,2.7503075463228197,12.969744839984214,4.597246719113586
149309221,0.05067518094655102,2.4485112669039353,12.584654598949076,3.9688402692744766
149298581,0.020880143062720218,2.36887392681429,11.715800581453458,9.178496101361144
149298582,0.020806653938388108,2.3940392059063176,12.022412080718862,9.666219196297934
149298583,0.021174183767527967,2.071962657735875,8.292294863290719,7.294044374182997
149298584,0.02108317463511573,2.0953577899568847,8.557716707549751,7.363096253302081
149298585,0.020992764787149922,2.333601023883027,12.135293464269369,8.780647949712844
149298586,0.02092791680562137,2.2926092155889264,11.569559322406782,8.861183640973408
149298587,0.02093684593247121,2.2918176059325868,13.259166059749168,8.797710597330381
149298588,0.02093597655825048,2.353332295912085,13.318857149876242,9.47034428561294
149298589,0.02088538566644412,2.3774282688994326,11.709627348508707,9.239752579287815
149298590,0.020749328421088693,2.3911681105812326,14.13620445210921,9.966150529032577
149300134,0.011089909590746298,1.412564000563769,3.5879852416119795,1.5503487285514068
149300134,0.011170980580533271,2.105050829099579,40.41396760756674,17.920351792465873
149300135,0.011331117686791275,1.636371973697634,54.15202328202319,1.7466965766148501
149300135,0.01216853596246734,1.5939981363594016,18.845678026857755,2.0805415916343213
149300136,0.009902901690924806,2.142635152769776,23.194467918386778,2.0010399010638857
149300136,0.010512726578283806,2.3476690513540595,50.66168583021909,2.7632180674676317
149300137,0.009663533454036729,2.3724596377972884,57.93266944974565,4.053547089723794
149300137,0.009921957324952834,1.8110447519140616,44.03789297883941,2.3872124859289965
149300139,0.012254482293688971,1.865345960103373,43.341881420045006,2.9992650047907263
149293066,0.020002156564927022,2.544026093963631,4.62250854687906,3.0994746953409047
149307522,0.02028376924903813,2.5085797175222755,17.524327706398555,3.238000516005676
149307523,0.020229124664137007,2.6708526686714253,18.77384435408428,3.518944294913305
149307524,0.01697696192777516,2.1913390818263445,13.90530889471224,2.0573078448122115
149307525,0.019103369575335403,2.7026969126923337,17.412439492241226,1.2152293539720822
149307526,0.019406969940411724,2.7734748336134705,19.50073302415747,2.787165542728021
149307527,0.019420494468892772,2.610121418628572,13.273383980527942,3.744399906098836
149307528,0.018225361715147204,2.466975248511727,14.870145741036902,1.3804615332519923
149307529,0.01934781272711942,2.651776471624692,16.511509383791225,3.724391023670168
149307530,0.019384556101542615,2.674894978955059,16.71123808135075,3.545782532307609
149307531,0.018848975831472766,2.792348942777495,13.489537231240655,2.4133803000775442
149291604,0.007380177641317177,1.2053188349139603,2.4321082949162824,
149291605,0.008423651876780625,1.3162149555998883,2.5043813570442057,
149306803,0.011388353841450182,1.8659114216804726,6.362685915011849,4.568583626457435
149306804,0.010345803179832906,1.7055862395756038,19.486126782818452,5.864389697336638
149306805,0.011455013787341727,1.6067531949927087,5.335063483279036,2.0492468276965794
149306806,0.011882483019811606,1.7570362542030513,5.61250873038067,2.194496520715968
149306810,0.011122528647580877,1.8015577528450126,21.495214243671246,13.303135490487639
149306811,0.012374364587141532,1.751178873568869,12.505068986954349,8.61029668537386
149306812,0.01237165123419944,1.728383691010416,5.987638558635403,2.245782867192912
149293396,0.012573785869356516,2.1071916534283606,5.282111485637088,6.547371562218499
149293397,0.012548245357339597,2.1027353880838118,5.354848805458525,6.531124299167337
149293399,0.012444084362234738,2.171078181087861,5.115553883192168,6.6494005961813265
149293400,0.012300890305831667,2.064466890781616,5.130479336755681,6.510477997832893
149293401,0.01369074720064133,2.2737072682652553,5.082965481452751,6.67167914187509
149293402,0.013507950779148452,2.197745415549799,5.164054428777964,6.644762380382421
149293403,0.012275512345380048,2.201934259176868,5.411816702107046,6.560878416017752
149293404,0.011527994996503359,2.0410996513999646,4.630967522687559,7.022432328071225
149293405,0.013206621051660625,2.1141107599247557,18.992488612694835,5.092737071097103
149293056,0.015547584417885346,1.722977876392713,4.670906660737794,1.434972640961877
149293057,0.014452821414741857,1.8511736473308944,4.853180050587321,1.8753576453884448
149293058,0.014981983481915508,1.846657561723859,5.409855903719532,3.556636217380918
149293059,0.014001399170669108,1.538310016997293,4.443875802039383,1.3640704390279632
149293060,0.014216290619950635,1.512700305482811,5.552587959815647,0.8371676261600739
149293061,0.014440320003536688,1.740816864589611,5.820977338710049,2.942932878252756
149293062,0.01471524289193221,1.6071815406436445,4.392027284138399,3.4109489111427145
149293063,0.014114519136846242,1.5214279091069605,5.776348831493563,1.1491870019586508
149293064,0.014386209958395624,1.8434592597305994,4.828342534832525,1.9595427957937972
149293065,0.015079947498297278,1.8713029049812995,7.700471550963356,2.66169914264917
149292183,0.010044085243592626,1.9714203348131774,4.5064729763409135,
149292184,0.010064013520326875,1.9801831357862698,4.53754628152603,
149292185,0.009037158427926408,2.115470372480786,4.637226755968454,
149292186,0.009039299718309166,2.1125057918018637,4.532150753775277,
149292187,0.009522930318361314,2.0094198872699898,5.371613990190614,
149292188,0.00961814676681888,2.080285837729947,4.216306728340128,
149292189,0.009595808939152546,2.0444023362345884,4.9177555171390495,
149292190,0.009041352471253525,2.075493304321638,3.738739338273707,
149292191,0.010006929112008815,1.9332741853229296,5.20686929650278,
149292192,0.010007488854814173,1.9745736748521896,5.2748358884411495,
149291520,0.0040147435414390545,2.063976168474452,4.200291549902169,11.780937052030836
149291521,0.004030244496833915,2.0365349476687093,4.098781637588073,11.92908780553897
149291522,0.004102035340736292,2.023460324569669,4.041637967602792,11.770180135906502
149291523,0.004211859335852548,2.0062789839521518,3.9651396435162782,11.950506955104558
149291524,0.004196194773943725,1.991769697898324,3.6202357352252243,11.716284778289799
149291525,0.004182776576425152,1.997312791394189,3.79114387581262,11.833202301086407
149291526,0.004215486375721271,2.018542249589619,3.6546407093181204,11.881768663075194
149291527,0.004277832944702492,1.9874731948910171,3.8941639302216977,11.878575340048846
149291528,0.004193726158954159,2.001001492296542,3.9941458892338395,11.85589866270246
149291529,0.004151379078522582,2.024040429379544,3.6778899318867646,11.995614231565344
149291484,0.008001588511295309,2.903047351234321,7.051529598868799,13.778868526143627
149291485,0.008100419732034876,2.8830407702049374,7.046897017506697,13.604386127805332
149291486,0.008148849914441331,2.862919928484898,6.974571745423544,13.484075281581124
149291487,0.0075223501555972475,2.7363529444076993,6.2802878786959,12.805152704083998
149291488,0.007470904878391868,2.688285149637211,7.3687148541278304,12.70475025929835
149291489,0.00746009029483306,2.7138786173552294,6.253512583938863,12.626498466943072
149291490,0.007106391510149883,2.602527335896295,6.262785603474102,12.339540245022627
149291491,0.007364692938916996,2.715767366943763,7.563061824395521,12.938391877557843
149291492,0.007323043680954928,2.7117927520228577,6.139631212697848,12.633092462315636
149291493,0.0073265246195440975,2.7147102230579847,7.616456412967883,12.966725478022617
149293740,0.019193893470124086,3.2894127468058505,15.378390485073917,
149293741,0.019404192332024815,3.2703973273238294,15.264851463391222,
149293742,0.024794480820925884,2.1038342540844055,7.974219014484631,
149293743,0.019026175751087133,3.3134013553354253,14.499132939710995,
149293744,0.019406251643805217,3.417511099346315,14.57483012997143,
149293745,0.023842494239109696,2.148246011596053,8.951063273278706,
149293746,0.02181707086886442,3.2099650496391434,13.868739212400413,
149293747,0.021838016779500008,3.2092523086677645,13.844764506890025,
149293748,0.020525067766915046,3.1816819522982924,15.251821162350891,
149299595,0.012831888663968222,1.7699448967606364,0.18157674744440314,0.13523382117106075
149307330,0.01360856175759811,1.5353442989261656,2.2413281656868542,0.940272239721496
149307999,0.015477926833477313,3.170794619706781,7.90067788491915,4.024191285724808
149308000,0.015383645473917539,3.1727239162658085,8.171098322786,4.720949801396092
149308001,0.01376085103393369,3.067443528911158,5.912835658686659,3.0990003446329597
149308005,0.015639495386347593,3.1646594355802438,8.008120572239722,4.891761287042982
149308006,0.013966921351161312,3.2419003696292763,8.668885759812271,2.8631658883096884
149308007,0.014773466682062617,3.177904705211535,6.220328043970185,1.8952319732811136
149308008,0.015159511192050803,3.1410188905306313,7.23289793880757,2.3966748246321132
149306258,0.01168578878534996,2.601291214308152,7.622803453317125,0.5873884608623051
149306259,0.011765781547821652,2.61094009983563,7.428786757113595,0.5848612200710841
149306262,0.01291040360980138,2.695610344301995,9.848383555731782,2.8323851229680503
149306263,0.012821778299422715,2.6409904201213563,9.486897100565898,2.9930967063324774
149306265,0.012738118765927488,2.6421358158188912,9.40615980898571,3.3470009471084254
149306267,0.012952302939842644,2.6860117354584343,9.848452366161823,2.86057914243811
149308402,0.025395319032045435,1.438652582038692,5.54816964143888,0.6737381356513863
149308403,0.025338902051647988,1.4289415302283526,5.272838149180965,0.6361220185853018
149298707,0.01728366367162109,1.9161016818147845,16.391542145464282,4.636145576297842
149298707,0.015973836976272755,1.635238830505275,36.96680583266075,5.290952230130247
149298708,0.016716372425540152,2.248588546774297,29.208929055392044,6.8627268481508095
149298708,0.016359211636673435,2.2216176627730864,57.917008161514666,7.917129888503952
149298709,0.016352775156675096,2.2380127915874555,49.629457642414394,4.634622916886134
149298405,0.010276368574010033,2.724626172773841,9.955083333703321,4.548683826790555
149298406,0.010016089413104895,2.8199945560590867,30.42386062616693,10.859555506958339
149298409,0.009479342725006858,2.372874522133516,15.046668664110909,3.7795677822172324
149298410,0.00969513703409261,2.4820209889929123,10.410362576963843,3.378903739061539
149298411,0.009870931570912686,2.9261679281512536,20.221412427312,3.345122251801248
149298412,0.009838972391722144,2.4628066304374934,9.309202442743208,3.5128935101881718
149298414,0.010466047947993417,2.6942119875466264,7.254519060304232,4.054685672359905
149306430,0.01731608638539819,2.2879257371056916,25.459310195227708,0.9835086510944487
149306431,0.01686007281767015,2.331312890384427,4.922856783513456,0.8046016199900581
149306432,0.01752848550083111,2.223021766686901,7.678662195194708,0.7839194346226032
149306433,0.01760664883092581,2.2121285817131815,6.954305938276751,0.6807661360890536
149306434,0.01776832912378609,2.424904912995883,24.805395860333345,1.5503271609385292
149306435,0.01779382456180412,2.4541364412558417,25.486171391250675,1.4998780840481134
149306436,0.017583123420221197,2.2382373201830004,24.652170246483816,1.251608524630708
149306437,0.017555066898233884,2.2467600567521737,24.67184659985272,1.1253839816552884
149306438,0.01737542677070265,2.3058031147675084,10.352130000487335,1.7514931473293525
149306439,0.01779082475996828,2.3194274368682413,6.57708334280997,0.8100584370179876
149306359,0.009847048732314727,0.9481324547566112,2.1072626147873246,1.1177435345254039
149298339,0.008610757978157862,2.1180539305078403,4.435210585853306,2.492262720153892
149298340,0.00863969976571066,2.118994654122057,4.472045914835636,2.4478603282898557
149298341,0.008294463503658544,2.065359310941514,5.61821168939057,2.511428541932085
149298342,0.00830344246943249,2.0544839615263917,5.636706586363486,2.5398865841269687
149298905,0.014794446191754445,2.2553469084227142,21.728353100181913,2.8701401510609323
149298909,0.014793099456114192,2.137005871711165,19.051850115163102,3.3534418401402397
149298910,0.014115310153925632,2.163793573374243,21.192623943897846,3.452073553178634
149298911,0.014248873168098107,2.185486041333571,16.73031136033875,2.140087972489894
149298912,0.014546309329115074,2.2366440435620776,25.892630429774524,3.1215040273471115
149298913,0.014723859458224435,2.3227750933510687,21.591192136821093,2.8367149656746196
149298914,0.014104241234299368,2.072620231165473,18.079826440713784,2.748447946254351
149292425,0.018935828938482682,3.018356216752631,3.928107095316355,1.526195979060062
149292426,0.01905969524435251,3.004949255495289,3.987819760240514,1.5854273532696697
149292427,0.01897580254083407,3.0374984242192427,5.975855339193386,1.5191940027088249
149292428,0.01924204559427628,3.0273472223281557,4.026693659853073,1.5821832336340929
149292431,0.018681685291684742,3.130656258118536,3.931217903903526,1.447697586141039
149292432,0.01883555316960602,3.144909171783752,4.199336402830816,1.4387482193375332
149292433,0.019138682256215716,3.030645779321088,4.223507804846101,1.5634380599631048
149292434,0.018702074935611032,3.183862637457534,4.354125733308537,1.4884767623343287
149298795,0.017863914902756867,1.7558317221018125,3.338498259397914,2.677708229873991
149298796,0.017401576291829597,1.7256632561316385,9.897593197088906,4.351989128464768
149298799,0.014739972011768913,1.9274354309371244,2.5329258516237014,2.184591248416598
149298801,0.017986639972862657,1.7141283625797166,8.029836656204724,2.587174661671414
149292937,0.016522658163638144,2.951210853828676,4.915942758366154,2.8409435568323786
149292938,0.017090177348248168,2.8857027422860893,5.1721243656227855,2.550844607713668
149292939,0.016492410121384745,2.947885493377655,6.223321861587296,2.9819380251176897
149292940,0.01633691751147867,2.990973171388078,4.989349756489843,2.6494003712042495
149292941,0.016994153303076912,2.7690871997705755,5.204734771977681,2.4573702081064925
149292942,0.017201971668419327,2.867047370238682,5.314520053352906,2.5105490834434985
149292943,0.01617393469639337,2.5012631454689114,5.111315978082218,2.495740776060031
149292920,0.01684643133101953,2.9557237255505244,5.3034443645302956,2.984829225367343
149292921,0.01673688060734234,2.8645996049928737,4.727482028583738,2.4664772730506677
149292922,0.016700500214935722,2.839026308532026,5.6942424042341875,2.406761952283195
149292923,0.016518871964557768,2.9102611299236454,4.883849439037842,2.3797852349834954
149292924,0.016674507733028428,2.5601807220444655,5.472017588567479,2.8533461532377626
149292925,0.017383277626515842,2.5353822774158012,5.705048875573615,2.9454961287737746
149292926,0.016949088044152245,3.0530901208114676,6.019578101002752,3.0041850939120773
149292909,0.012118444646853526,2.9377893736720604,6.321902348916023,3.1457492156044324
149292910,0.011965956258682086,3.0624874185931055,7.570926494053597,3.228267002577816
149292911,0.012673492635678393,2.634296508323043,10.236139481227378,4.087714847776148
149292912,0.01182106936437161,3.035381909064343,5.131893905908275,2.7326054363345462
149292913,0.012534909899574757,2.414107807637296,5.1649977640788,2.9971059839068213
149292914,0.012312739485448155,3.2072030977710018,22.88369347929555,3.5225616213614828
149292915,0.010336548336301578,2.571425500961535,5.781744270584276,2.84662551062467
149292916,0.01098709223643329,2.581350843904748,7.781128753519924,3.2445720339075876
149292917,0.011628057979522766,2.655544993678841,4.957345901963566,2.7497517477684963
149292918,0.01248498566993887,2.6639903256765,4.515964213694236,2.86424042661439
149306298,0.012840014895690711,1.586480885320466,7.163297910729972,1.125010343884916
149306299,0.01310567766469329,1.1815190031095277,2.8463982913367567,0.8507702833456402
149308597,0.016022873177831135,1.8605415819009623,10.341751028877468,1.456992728295317
149308598,0.015179434603856432,1.8102936010955086,7.783197505658809,1.7145024231607862
149308600,0.01656706239315118,1.746011402359489,14.701826292517882,2.4106149489304416
149308603,0.015268328970865013,1.7475126906098184,9.026662788253589,2.009746272378478
149308605,0.015417391809078763,1.687468427744198,4.903930253192455,1.0761422030850305
149308606,0.018266895974360885,1.6622385266861865,7.029730581610531,2.38002974045565
149308607,0.0179204626383477,1.6086441410565577,13.918382214020273,1.4579378924019606
149308608,0.018018236363952365,1.8565799470899627,8.649487685967225,2.422783781030705
149308582,0.014264481838917438,1.5774503169416128,6.317227470006355,1.6962108019071553
149308584,0.013498528391537742,1.5796935471259381,8.470168313729731,1.3029853550200603
149308585,0.013196240042337307,1.5394247849469325,6.7719892294255075,1.101276720168563
149308586,0.01351220620392509,1.5250923286109084,5.344539184585187,1.5391803587381228
149308587,0.013543386107933836,1.5312107189775275,5.427219782416912,1.4478782779388868
149308588,0.013928338491050764,1.6694613509732108,6.16122171317907,2.244202452787418
149308589,0.013866859849116125,1.6271358517594723,6.217678735230806,2.3907271264268344
149308592,0.013794085090797452,1.6465223833566551,5.389386078706992,1.6601518005388902
149308594,0.013634197957232674,1.5776933112547755,5.034968389444253,1.4574184497041704
149306300,0.012212954577559701,1.7206941489829177,4.25962108398275,2.161315484846611
149306301,0.013956487095578346,1.7415286411317137,3.9885586156231323,1.8215608897282596
149306302,0.01446451367263334,1.7153167878503846,4.832004720115996,2.1781830259640103
149306303,0.013073477349558259,1.698559129446944,5.799247555635356,2.117885548486691
149306304,0.013341778180970654,1.7617791919486843,5.368906642551949,2.3142369905961484
149306305,0.014749840163356445,1.7116544982266382,5.867043817384732,2.747782970863703
149306306,0.013331269326652764,1.7368549167674503,3.629997068203661,1.6179845852818613
149298611,0.016422538829682202,2.4760660362342994,12.488835604345606,4.601719695017425
149298614,0.015400197918344637,2.2765708961760467,15.958614352364236,7.529682443020928
149298616,0.01665936217225507,2.4056192326845234,16.243619710432178,6.676024147409091
149298617,0.016455963671983733,2.173982360060559,9.883109896253467,3.8295878538704216
149298619,0.016102966087874298,2.423164922926791,7.2636299467260885,5.329848005781677
149307201,0.011429571932781381,1.7263795176570842,3.9771027173441427,0.6275702489819303
149307203,0.011512075836196059,1.7371149268324768,4.829603506427754,0.6050046109267485
149307204,0.012154189136486668,1.8024525277881347,4.914430191150427,0.39136633582845226
149307205,0.01205168566305732,1.797895837413848,5.150879900142603,0.5224193384591457
149307206,0.012300704847690327,1.7699339381670471,3.9016667688711273,0.5649915742610335
149307207,0.009975807479666287,1.4957273982069068,5.666224277586315,2.1389650047826043
149307208,0.012326558958247873,1.79875480816354,4.1461388894039,0.5548631807357584
149293836,0.010458738544578652,2.2696181823197916,4.763467344451241,1.517167347761413
149293837,0.01084665618503213,2.1956404093744135,9.993007360601366,1.7035528891763467
149293838,0.01048891659642828,2.233651841064744,10.558105443217494,1.6823477925308006
149293839,0.010438732635218502,2.2738939732868437,11.413374085739177,1.7902953544509086
149293845,0.010272717707286648,2.5012309689003183,5.608292163849339,1.8243952893981537
149300038,0.01680834893624061,2.0468098794831473,3.8168878685949204,2.045612252580765
149300039,0.016555975501797812,2.0336901534548777,5.104625567574842,2.309432154507613
149300040,0.016417026760953957,2.0058760761808094,3.2227616628194835,1.725197903105003
149300041,0.01645531063570844,2.011324801682159,3.067555738415687,1.5871486904020435
149300042,0.016668949234687005,2.0378634562718076,3.975400206965949,1.9454449476926696
149300043,0.01663647696513692,2.0200336868218804,5.100045252242862,2.2761129387114902
149300044,0.01644220660349365,2.000077440718581,3.204790357093018,1.7019953600914481
149300045,0.016423244569142768,2.008217921327584,3.1005276313895433,1.614205795614126
149300046,0.0170121813910558,2.0249195776908184,5.068945576944459,2.136036879554035
149300047,0.01678005606233696,2.069808351833554,4.658690552755091,2.1852010879221218
149307675,0.016593208660765378,1.6475643992937652,8.972880792796687,5.973368479855377
149300123,0.01617555994976948,1.883936371736555,4.758562102707694,1.6782339631095065
149300123,0.015659681855097488,1.9571678896354863,30.230358295879448,2.3269408179267166
149300124,0.016508666817748482,2.140415752449232,30.589489673950357,17.772510571483174
149300124,0.015934991726995293,1.9861778958311713,50.91442994439532,2.6060119296036315
149300125,0.015703055974230197,2.531719862089979,38.08812620305872,20.400053262714618
149300125,0.017251945284031126,2.504451458533614,49.32472380989745,18.52271363522005
149300126,0.017789598754742505,2.4040092176707386,41.176036346351545,7.309626222526186
149300126,0.015913627100073106,2.2771410487230845,17.306874462124625,1.3640391282236048
149308913,0.015791575803993454,2.157889648512174,6.800001664888609,1.1104632428410663
149308914,0.017593124617276596,2.224944154068662,6.598672835688522,1.019447362413681
149308916,0.016346343999949445,2.2522960969822345,6.07207273445846,1.0822093835373419
149298591,0.01345522013531136,1.695047061526213,9.316235172494734,6.852481030508287
149298592,0.013258212695870188,1.9919006329234674,12.882545221249785,10.759480368281762
149298593,0.013981580866879883,1.6595801517652016,7.295938731025746,6.199347590523174
149298595,0.012986237003957825,1.7021109582096634,8.746093911372022,5.188063931008917
149298596,0.013665052298378978,1.7658424088892715,8.013620683027147,6.460947728854316
149298597,0.013018636712298136,1.7631096677540121,7.782030479370163,7.339367539614644
149298598,0.013359606396655026,1.7408283029463414,7.468871191989091,6.3507864676131165
149298599,0.013199136023403753,1.9771599226801784,12.81431400409192,11.034028153624654
149298600,0.013119219974761908,2.0066510482128317,12.59219758647853,10.48175796377391
149308683,0.015140919932255588,1.8655566554271987,4.939397226858387,0.0884623981895775
149308686,0.015999792484137652,1.9584198985613304,5.660105710592749,0.28353859354217575
149308687,0.01647980221502934,1.8755884159245886,3.700927968907063,0.1723569704389414
149292803,0.008179912603989137,1.8456548348024553,5.578036905537744,0.32748337127325094
149292808,0.007880826966023319,1.950076936119202,6.373345631307272,0.2639021024816361
149292809,0.00784566968660366,1.9486981669844887,6.3091709528068876,0.3099857365525683
149292810,0.00783415029428536,2.0249005710957437,6.513707261089683,0.5160942711351628
149292811,0.007740936792333945,2.0414280783051497,6.4452513345854845,0.7032648278783811
149292812,0.00787236143410613,1.8825885400853268,4.921050272315548,0.7790683216217867
149297525,0.011358210255513347,2.2090592651297367,6.73494796753564,10.92199889256052
149297526,0.011150643446463566,2.1991992442350843,12.839144606513448,11.30444479567641
149297530,0.010432989148943885,2.1233050263212325,7.887696930155084,10.977156557859615
149297531,0.01078352481338272,2.1166365885994702,7.268173992260604,10.71716136097922
149297532,0.01159202243396353,2.1402251655790465,11.069848667305601,8.615420779524756
149297534,0.012090234010246616,2.187743590016019,6.490769641091884,6.485099529456389
149293183,0.012230146194368225,2.4781154792594116,9.15894158683608,2.6274502058444846
149293184,0.013410939279655714,2.7583627695773645,16.706850187047348,11.698589399531102
149293185,0.012562988285094286,2.395089384769435,5.450433080034416,1.1899986540221226
149293186,0.012409361644193961,2.4462126686142565,7.1365755406258895,1.4601477584339022
149293187,0.012475513597097702,2.568684193005296,6.534196390228671,3.797930755138431
149293188,0.01227863438407785,2.4568454331939655,8.061251346011947,3.1979001191712837
149293189,0.012497826372727934,2.523868277121774,5.905968743616719,1.5806085752591357
149293190,0.012391634697272821,2.5639851254744466,6.706753594725697,4.189710464820953
149293191,0.012268160470969736,2.513452741055601,9.844428566215507,4.909114604107929
149293192,0.012615159148941488,2.6942892303531996,7.733708200294478,3.7267868253149232
149297504,0.01089537721957156,2.2077774268285952,8.287706734700201,9.249300846902665
149297505,0.01090999844871048,2.1881126634275203,8.377742888224347,8.91023756570302
149297506,0.01146877447444853,2.272431624345781,6.954273914013247,8.621582045904654
149297507,0.012298818895199392,2.3508550033474593,9.116468394948521,5.853283751926212
149297508,0.011138834485975956,2.237375653765804,6.644358147899901,7.825742901692337
149297509,0.01136112229041168,2.194222820019685,8.32517528545245,9.862772265175542
149297510,0.011225447369771333,2.1946237121165746,7.3456532097649125,8.622406976816832
149297511,0.010284047769256583,2.308781422752367,14.474737871382347,8.333673637653328
149297512,0.011546104789138065,2.1645940116026425,8.552078368867765,9.25237557728957
149297513,0.011639259661318384,2.3633596003282347,10.126631922029732,10.407296764117191
149298038,0.01755441510756812,2.56086727059847,2.3827360808157074,0.47587871790193637
149298041,0.016221766740480113,2.7583497598327344,7.265567456002744,0.6569768960672657
149298042,0.01815569213298065,2.5343331973910206,0.061703463339803484,0.01518281896216431
149298046,0.017852222312001977,2.6524503521695126,0.030354682672850318,0.009943705480129022
149299973,0.011047936764282229,2.85142733053677,4.84053127890369,2.6397075857776096
149299974,0.011810900223885867,2.8325779301340543,4.790190675954888,2.5207642026915336
149299975,0.011196389727010158,2.911154374926572,4.80171605957569,2.570371610630734
149309855,0.01200808350863508,2.42419082319462,0.3283825835016104,0.0022399530148920375
149309856,0.01159008612282116,2.4618293126288364,0.9912518596895822,0.08804049642387825
149300536,0.011166565614841402,1.6460684025178915,15.562739551530342,0.9506112518269819
149300537,0.011188583419159615,1.665007886316973,14.808521642239377,0.9882183483879452
149300538,0.01137682188254876,1.5013413735013048,16.281881636168812,1.3734400229832608
149300539,0.01124524038961304,1.492666552978854,16.18354861136852,1.2530005698101618
149300540,0.012025608233086911,1.5233443395995343,16.28071621791966,1.643281279350681
149300541,0.011884785170261402,1.517884087080786,16.821157120353558,1.5969123669502536
149300542,0.010888978845290647,1.6191358241160678,18.874127252821452,1.31111410468583
149300543,0.011074175360035925,1.6498920939897148,17.096855364057973,1.4049926986334769
149300544,0.011606031085234083,1.7148168646718451,17.578168930146365,1.4674408540661066
149300545,0.011933626111829668,1.5621700121875748,16.622484539258835,1.5536548166267028
149300323,0.01379540236609374,2.9475957086028814,4.6936679442442335,0.7265369390628079
149300323,0.015794933726629136,4.05338442972302,48.321639610927164,1.400742868906776
149300324,0.014196017187623845,2.618877459711886,58.079183950977225,0.5310256352847843
149300324,0.01514308431271337,2.541817614530492,32.646682815350516,0.7518083887488841
149300325,0.016141703514446305,4.174222342051316,54.118665530813516,2.3793216418903933
149300325,0.013969940594404338,2.934632826706351,47.324825038143146,1.1997103855169202
149300326,0.01682316093170659,4.361605517965627,46.41177512400153,3.6663706410812087
149306706,0.013161639377358529,2.2198887386710244,4.163612237307717,2.0368328491811103
149306707,0.013384696536594663,2.2507519543644903,3.420860164600847,1.2171225885244596
149306708,0.013833145999680264,2.1673613478036233,15.1509268214468,1.2516964228957856
149306709,0.012576483304822202,2.1852457148661686,5.072900011445491,2.0609109011483953
149306710,0.012722267829092275,2.2453634761943966,9.14627129275373,1.213408186326349
149306711,0.013298970471722786,2.2200915273975776,11.089329567712754,1.099869627362533
149306712,0.013501066782890137,2.15276454812389,4.655495993575127,1.517955073436795
149306713,0.013657088011176096,2.154198037714405,2.8154101621442957,0.9129227453066915
149306714,0.013559073862374375,2.0183232460897784,3.046044767858664,1.392735080709695
149306715,0.013388795494399468,2.3562524820718744,5.631898614534526,3.371039863392437
149300382,0.016982113088606414,2.153714053916764,7.724443598778021,0.6914726473421137
149300384,0.016914786004531293,2.154116960932056,7.404510656069764,0.7113120695030863
149300386,0.017488085912043157,2.4590309329011464,11.855691494855934,0.8752165487317077
149300387,0.016083633894747783,2.1177342419922773,7.176012849196958,0.7778449354426871
149300389,0.01724733905621459,2.5038536973073833,11.877736918181526,0.7856670716851291
149300390,0.016607842248690594,2.220844717598109,11.06008653621636,0.8564811369981051
149300391,0.017773051526509206,2.892741224913854,21.647177732755505,1.5522745989214413
149306307,0.011366042092171158,2.3034348269807574,6.512179415867556,1.3133615242028518
149306308,0.011393851595576217,2.29849805489525,6.7275353190466545,1.3276642155126963
149306309,0.010989398674577683,2.392923730953544,4.33024738534965,1.6231730240127311
149306310,0.011058173449408045,2.396881118417095,4.299735376445955,1.616331983929825
149306313,0.0107559559814469,2.3790898401734073,9.706631808398091,1.4481441018182915
149306314,0.01068598539593562,2.3945891667221626,9.935968810936204,1.49551155305534
149306315,0.011363281468527466,2.2693867355094164,3.1490544123186153,1.2476380582615496
149306316,0.011338651905941811,2.2621166236976595,3.146613695478747,1.2040935866569642
149307958,0.012850687968397816,2.247304614872701,7.297785718018261,1.0173716113416928
149307959,0.012827698462650451,2.2487934245306453,7.249573902185078,1.0171442266005204
149307960,0.012319777114650543,2.061581854592304,2.655867771409058,0.6155081406061675
149307961,0.012330863982963649,2.0560858798366493,2.664870503340776,0.6100195166050312
149307962,0.012833012108898569,2.3779986737296075,9.177518188194943,1.3963331570076185
149307963,0.0122746382684723,2.0153633453818784,3.1986231574137505,1.265827301569857
149307964,0.012651893781776634,2.4480073764869306,11.267352671005966,0.9421944671198956
149307965,0.012706377845742167,2.4535365344658735,10.737354622233958,0.9015313799861372
149307966,0.012458836733902296,2.123372175046707,4.652719788544385,0.9261225029154976
149307967,0.012480041278738477,2.588653365111722,13.692095042103535,1.2032537430477859
149308820,0.022984728732848805,1.9940874123729817,8.552340482057529,3.104948729781131
149308821,0.022860568508785283,2.0249714199212123,9.138729354449467,3.3791063160327144
149308823,0.02279805976427507,2.058284543843746,10.03892901968073,2.841915849739192
149308824,0.02092707546508342,2.0517849898364737,8.865470271303764,2.2308203891377505
149308825,0.020796791163891534,2.0621743347021506,4.137392284070455,1.796688559935325
149308826,0.02428163468810311,1.7602273367873469,6.399960253890646,1.1690070301042437
149308828,0.023654654117782087,1.7593603441393415,7.052007257016881,1.4057672322016121
149308829,0.022476787630926844,1.8630294043820477,7.29033727516287,2.8767334609116575
149292835,0.014068995943380857,2.244480337576412,5.4135862517855315,2.119764742549062
149292836,0.014558744161182996,2.4479496130428986,6.610230048056626,3.2399063742418086
149292837,0.014093367085823436,2.206910659836229,4.314822677675196,0.3827956725158438
149292838,0.01414100000933812,2.5378092078520607,5.84596337491308,2.9716322818491787
149292839,0.01621843028393368,2.6558108276503014,9.392425715125224,3.0079845609102205
149292840,0.014488658504415967,2.238915286890057,5.888747833049632,2.2915509653220587
149292841,0.014515636850552507,2.444812620984222,6.47599283010708,3.1473472651869874
149292842,0.014126710964797203,2.203121327290763,4.290511174715523,0.3775826565630605
149292843,0.016993846912754587,2.636164972951592,9.43697864093888,4.286028928824018
149292844,0.01433591919463298,2.495962581076369,5.880026451110401,1.7680498983989001
149307611,0.01621535047232209,1.7118846821579732,7.698696032921939,3.076022163093115
149307612,0.0162575364987612,1.6544524275874017,2.9089389867094155,1.4820714682208225
149307613,0.016289186806838125,1.7609392831601527,7.974550346271508,3.220901103409135
149307614,0.016289410199268363,1.641794562656423,2.8357084334637386,1.4967864412176384
149307615,0.016153870325305752,1.6883691710786422,3.7253583815585776,1.5569599644610723
149307616,0.016284963998618132,1.7346678595417422,7.431826894608481,3.240366686594686
149307617,0.016306042662691353,1.6498321700531293,7.592939143709895,3.1187593492755292
149307618,0.01646127530596241,1.6246187286498577,4.145022378980247,1.2679952106577754
149307619,0.01593337933572877,1.7733182775008394,5.1178552038533365,1.6981748775877024
149307620,0.016918704815943226,2.215714078964079,20.567953923313837,1.4662123089882004
149292971,0.012255955652562666,2.9727657533881313,18.297143578011255,5.135151467611439
149292972,0.011749946661989277,2.906528469832829,5.597790001849553,2.90238304716677
149292973,0.012262459820368275,3.047346763010918,8.321933851298564,3.782734137382528
149292974,0.012781854992748722,2.7064918594114236,12.012473235041771,5.723585826118653
149292975,0.011266792543295738,2.4674842755441415,7.185111815785049,3.1631618000133397
149292976,0.011910374658703872,2.911958652080894,5.88578763441169,2.8415716040478083
149292977,0.01247410470840118,2.529895717574892,4.426593137686811,2.7119299651634448
149292978,0.012110508013253434,3.1408127576920126,24.287033695893783,4.265672980080158
149309018,0.014739318303732995,2.5121184694286307,7.605312557933587,2.024958090219912
149309019,0.015315425296716315,2.4575739894406556,6.783062560904815,3.2708948716976596
149309020,0.014945125589972207,2.4770872493541547,7.4972897389139055,2.0672904284459914
149309021,0.01627737330744606,2.4257703497552536,4.1499641805024945,1.7797815283533043
149309022,0.015910189234211555,2.3683743053269946,8.777024357940952,3.367655045671476
149309023,0.015478297812179556,2.8027828187333093,9.633886291463071,2.057179445223764
149309024,0.01519975408963446,2.514935189798682,4.861416694503693,2.9610574394008733
149309025,0.01498041882989595,2.8381757418191924,9.639320009131668,3.0975430181001715
149309026,0.016598116555532692,2.4032551928088446,5.874060318363525,2.3101861102660717
149309027,0.016592902345701308,3.0559517858801377,22.48855404882275,4.279347219921932
149307704,0.014100070752371772,2.2012894144828876,10.366872342144704,1.8354933061892191
149307705,0.014100581205904426,2.121778709838795,11.545973063498451,1.897751619877164
149307706,0.013975796694442606,2.077752895144674,14.920556276539779,1.7329428783752296
149307707,0.013746079998586489,2.0938438614404435,15.686986798871883,1.106320494285253
149307708,0.014093849961205215,2.0478485832714624,13.317356552081446,2.5368841604812085
149307709,0.014056154487245768,2.009104023734754,11.107547713042337,2.307441318899966
149307710,0.014749010634021106,2.141988687316857,10.982126241314582,1.4813449449823748
149307711,0.014322958670405797,2.029874293247498,11.539979963182978,2.7911795599712605
149307712,0.01384174780291154,2.0546333510604966,11.539935546187575,1.3973579042945528
149307713,0.01392855777796988,2.0895680091050157,12.235995956360814,1.7596415396426501
149297765,0.01594739538591663,2.5300855799802147,6.235272843120045,3.3342471318428144
149297768,0.014894116029295345,2.3110289301597455,7.908413041548698,3.342448646406519
149297772,0.015148933045108514,2.312327002634688,12.15097466904138,8.019193402993347
149297773,0.015063858522967714,2.387051986922222,4.527213325693894,1.8171183188298607
149306357,0.007567556488859632,0.8382900407354248,2.2697073291655436,1.0301835949102653
149306358,0.007530420127269598,0.8100305892819226,2.1572679020021823,1.039026288512505
149292702,0.01587074630893678,3.1863776445130583,12.229513535466698,1.5544461138104357
149292703,0.015753325420637218,3.2028632992069586,9.631679063732024,1.5113864708948128
149292705,0.01590256304734283,3.3027448910373405,32.64095944128432,1.9398465062029406
149292706,0.01600548625021253,3.356967167003474,13.18044490979813,1.959053473882825
149292707,0.015913031972211986,3.3514579193142016,11.474683869147265,1.3971542416323175
149292708,0.017593889081214172,3.0343894807226772,22.639118179849756,2.13018794626189
149292709,0.016319006727461647,3.366051262071604,36.8625117548944,1.8899507094298684
149292710,0.015812735795082442,3.350330488573771,11.669330280353224,1.4239417983785077
149292711,0.015851553853398138,3.296709033989165,19.603004948535354,1.5102670526832611
149293629,0.03431587911988838,5.110260441002225,13.057036784548634,1.168698197353631
149293630,0.03315057002699735,4.80084641688788,5.4447852140392055,0.47958781854743143
149293631,0.03353776880223605,4.965207677834251,6.970646837184252,0.6959311512221228
149293632,0.034500137721834356,4.452649013129232,6.4025944372950345,0.8316168057110516
149293633,0.0346471931460496,4.409666558525549,6.485073388873843,0.7732170376018993
149293634,0.031684678691974506,5.658399477408269,22.221039968284625,1.7168920258392812
149293635,0.03366265029426591,4.50416408478249,7.109800200815928,0.7674037861118795
149293636,0.0336425767573761,4.660463837614067,11.849394365843395,1.3364845711922422
149293637,0.03076081736281002,4.64073127809718,12.906568282489893,1.0700350024811225
149293638,0.03399613441592714,5.574143473600364,12.308526660968223,1.0561043818052827
149299545,0.012213281462562934,1.4999044558381236,4.100490213235103,0.6215541171244532
149299546,0.012957408461983991,1.607453964233425,4.438874737005181,0.7898975182882012
149299547,0.01340632048388761,1.522646041837449,4.222548500227255,0.658546982473828
149299548,0.013182650774930907,1.5787217463784418,5.201046052900956,0.9521574536466606
149299549,0.013275830959280243,1.5706361409336063,4.941513995092192,0.8072217462592284
149297398,0.013194750269159939,1.6485154457799547,3.3638386487819774,0.9855372204134045
149297399,0.013022776289672595,1.6530286553669324,4.384061969926569,0.9415052421812943
149297400,0.014213647794865163,1.5283628803960165,3.489451287451861,0.888124412065151
149297401,0.014042439623942152,1.7392780880399563,3.9551902483848607,0.5589648656016675
149297402,0.015312968826405631,1.7032068533796203,2.1548846679148457,0.7082141860796157
149297403,0.013929156498597314,1.6537425075867584,2.234010763014856,0.8570530393797778
149300028,0.01742316391034259,1.5441650049812363,2.4197909437554324,1.8218318973743741
149300030,0.01750962879505037,1.5500620379037378,2.3824431690196692,1.9251747318130477
149300032,0.017312410715448638,1.5684583462724513,4.310939106335285,1.6206083047685842
149300033,0.01749887906739285,1.5558837791995923,2.6265013752140174,1.8958560865826029
149300034,0.01740943626572528,1.5569237564201608,2.4086683872536465,1.7829291881324458
149300035,0.017448144270569725,1.5528549791612298,2.244341565958774,1.8341194464503316
149300037,0.017642701120368927,1.5383359109904764,2.1889134758377136,1.792233634818787
149309157,0.024835589560920607,2.7411190568382873,17.998428959101318,6.008822926086329
149309158,0.025242892136602926,2.7529896812123624,18.352405031005034,6.358563537765025
149309159,0.02252526651583236,3.062639101602402,17.414073932636782,5.521366052725479
149309160,0.022046201172241296,3.018897343084208,12.903041839721455,4.790250152409369
149309161,0.023243378332288876,2.523154042632374,8.586978204404437,6.799729514322306
149309163,0.024123740163558397,2.674246636652531,12.8736814321431,6.633767631967564
149309166,0.02572689767423757,3.434919357211888,12.370549848086764,6.2922247506259525
149307141,0.013128213309318224,1.9311590792268043,5.395448485044501,2.9320443793339925
149307142,0.012833869801907828,1.9767974888449262,4.586910306452122,1.6240111677835747
149307143,0.01270839785654614,2.006022101706206,13.117895299402237,2.645501299668221
149307144,0.012734039358988232,1.9430001030193733,5.887623980263337,0.94655368807785
149307145,0.012177877587168326,1.9248030067290078,10.26841931438445,1.9678832663837627
149307146,0.013142046534458244,2.1317642811168955,12.712370582734815,1.8081836221435734
149307147,0.012697073246675468,2.1087699276389915,4.3726874994801825,1.1072074951439597
149307149,0.01305635735160126,1.9771781205697139,4.929850174384347,1.8999310015940982
149307150,0.01396534997144883,2.0058480207751015,10.194839045417625,2.4578974951159824
149291869,0.011541424849533244,2.8478156219451773,6.45789607240702,4.0938476234743995
149291870,0.012269790934369832,3.207219446501689,5.527709287923097,4.783995539501771
149291871,0.012020409364412505,3.1431464140663983,5.357722206807039,4.68686813369835
149291872,0.012338005716337811,3.2467791135623147,5.157319976236902,4.756108444188264
149291873,0.012363502866437559,3.1467644472752,6.915425763071439,4.615575031927184
149291874,0.011796584572160436,3.191819883493828,7.416904851940879,4.68404897335857
149291875,0.012178961544504053,3.247814139737824,3.7294185922709056,4.7639372370695225
149291876,0.012538588750368802,3.1477693580327797,9.577256893928226,4.6652108005416775
149291877,0.012272913022486807,3.2824351143541675,3.682427078048068,4.809369467269942
149291878,0.01253988368463117,3.293284553146105,6.2293389312846745,4.832191889871188
149308047,0.017346880601570826,2.5161122742281483,8.24639472836129,5.151040497208578
149308049,0.015079533100231376,2.2861963485022407,5.9001476587813295,2.531249111197379
149308050,0.017477878757690263,2.4642514360120016,5.018275004093087,4.46813918512263
149308051,0.017003339543620693,2.590230877852584,7.760483404595791,5.864956024741422
149308052,0.016367198690689935,2.4344638779385748,9.215265099256529,6.427102571655256
149308053,0.017520941017231898,2.4757481604482585,7.132681029798416,5.554668512970075
149308054,0.01557524666414457,2.3833462086706914,5.293120129062413,2.606922138683409
149308055,0.01565372132280765,2.422777721943504,6.64707273625444,2.8105542861526276
149308056,0.01485885311238463,2.2541867735258707,4.99616977085918,2.448418657490514
149298547,0.024282612343254118,2.56254130020143,11.895827329512782,3.404308186826674
149298548,0.02346214287014445,2.578409310188285,13.542052025216298,3.510783925932664
149298550,0.024418636629989034,2.565047662411498,13.35117902221001,4.2865345608239345
149298551,0.024056747169400233,2.584076125609139,12.146661787951235,4.194550988984674
149298552,0.024992063262458165,2.5100143887178326,10.915338766572544,3.41967878221825
149298553,0.024255280225661806,2.5400808621360444,11.916469386388618,4.172312595863953
149298554,0.025284660326427507,2.7191330602071315,16.847896693080898,5.8499478222356025
149298555,0.023352760740997923,2.619625274509328,16.104799453075767,5.704655862963657
149298556,0.024219695487315555,2.574863538042842,12.698226745355514,3.4563592609111904
149300155,0.022709505831140828,1.703030745078663,7.363440682164214,4.018482580646483
149300155,0.022856981344562037,1.7290917760532332,21.464295999169295,7.384556578797035
149300156,0.02559812045554985,1.9811802409527848,37.397849577529186,1.550442904805213
149300156,0.025408265076021074,1.8947110144809756,31.34451282248819,9.595477385393641
149300157,0.024263948013377563,2.1986660652641867,48.458182645808606,4.144596796321171
149300157,0.02517175865584074,1.9674680199539423,41.23417060404091,6.8838200979876225
149300158,0.025088740329728656,1.9818572170347633,49.744975781249195,1.2895277669807783
149300158,0.02542231754224108,1.973489169960425,52.33387172036082,9.356145204201432
149300159,0.021433132818908178,1.8923743477018713,29.97925470947051,3.3475589427229204
149300159,0.021114616595493768,1.8655757011607503,33.92634745434483,5.086126716048498
149292927,0.011999608248163218,2.633135162338423,4.789723419493008,3.212035639571257
149292928,0.011920461298393943,2.6373411745098174,4.863800385914804,3.334363647821062
149292929,0.011838371054335309,2.64905038298335,5.106442480866294,3.4353364210826776
149292930,0.011974623105706803,2.650408857038679,4.9891218823508,3.31646232468192
149292931,0.011382222380958654,2.7207802483700783,6.0174407420384695,3.1446729135916973
149292932,0.011402621116977804,2.7146337795219937,7.321512157693959,3.2198781076699308
149292933,0.01144741311209179,2.728297973404141,6.544847582411036,3.4157976893846795
149292934,0.011431516540169096,2.7047117779176144,7.009978961346126,3.4456470080428563
149292935,0.012010399251025471,2.6641283877561666,4.902672742424549,3.1975474733919276
149292936,0.012112318428186095,2.6570301048242304,4.695478149480664,3.030302512836094
149309070,0.015215028590970426,1.543806551515734,3.80879347771871,2.7984621084381622
149309071,0.01704389467834682,1.4447885308911679,3.6599602017162973,2.1666992569234496
149309073,0.014761306490634644,1.6201683783020622,4.817477038390679,1.7342759401574936
149309075,0.015583249470636084,1.586674713216939,7.600147657991581,5.426700711185394
149309076,0.014737435542179001,1.5724092924148747,3.8369640108945196,2.4080012268441857
149309077,0.013763267520563357,1.6081565219537257,5.312336232428696,2.037585669802162
149309078,0.0133417611180911,1.6355072440100535,3.3705536301459498,2.24032541603057
149309079,0.016303033212618848,1.5308743409539174,5.762813481969706,2.5053745281803708
149297798,0.0076724030257190766,1.6165181953748855,5.619766625405834,2.141804095681284
149297800,0.009002039378657532,1.7084372211486358,11.586942728518018,2.67696725920419
149297801,0.009503671452072251,1.6293826917125345,10.09947446316315,2.5781165662365684
149297802,0.008612279981990283,1.6075190335186076,6.117936167605247,1.9374883613513096
149297803,0.008776649466291106,1.5861489305753094,6.605090280563435,2.550633013259383
149297804,0.007900055994574915,1.6844137222309525,4.105763272910202,2.0322623575706436
149297805,0.00759697827679203,1.6102235023661289,5.441606336637638,2.3624783411481767
149297806,0.009325133045129266,1.5150440591458818,7.343327650679546,2.273273465591359
149297807,0.009278916280559856,1.5553606387609933,7.1669163507888305,2.769562177941098
149299439,0.018576746620132565,2.1371729203906176,7.51348480272203,6.816596480812347
149299440,0.018231947837915468,2.141301444826704,10.27487820775377,5.767126452592892
149299441,0.01884773568790855,2.1594129227126135,9.093495858523701,7.682869781078932
149299442,0.018306018424407957,2.18962373077495,9.661842700159669,8.495317155991136
149299443,0.018554539526052252,2.161060114228767,9.568377973101686,6.160430536964332
149299444,0.018528289246847785,2.1309059304004654,10.09147897777029,6.24230573604997
149299445,0.018597368077848148,2.1085191039334275,9.435492020130788,6.400473280134208
149299446,0.01818458765555395,2.1323369635191276,9.154480940379358,7.654104971979727
149299448,0.017871129942516713,2.142678296129935,5.746035620386178,6.433587133299081
149291687,0.010977373109310877,2.190891744484054,3.843425663043615,9.548620249868387
149291688,0.010625612322781797,2.142830495046173,4.000751355107186,9.041958718509095
149291689,0.011106011143438349,2.152624565383303,4.363628159330615,9.330501753774621
149291690,0.010864167254077678,2.082846455375183,4.570538538415706,8.856919918150929
149291691,0.011008170123121679,2.200471976894136,3.7627589203300467,9.593350247708742
149291692,0.01010497396815708,2.1166427787871567,4.017461486528126,8.905020738468039
149291693,0.01029039146246629,2.1420270846748,3.8843294444475074,9.092342687484818
149291694,0.011020450292328524,2.1733823948472883,3.6295132824195964,9.445528982250417
149291695,0.010606802683193356,2.168441623966559,4.672488877707836,9.45244532704702
149291696,0.010780222858838994,2.2026854276491816,4.265244939432988,9.703000454771411
149308950,0.02070537988392733,2.608480843601119,17.583820567539988,0.4915929011171289
149308952,0.022840555405493356,2.6497013573968324,5.540387265264064,0.521063401267672
149308954,0.020554213487792933,2.740134873781399,6.653414183328435,0.5971576496074433
149308956,0.021325169568765685,2.6912059829768857,5.949068360314683,0.4967708414987343
149309600,0.010208439035320404,1.8251200064414677,2.138293485738177,1.1808833318859044
149309603,0.010153764942587564,1.8397054069720393,2.191956714775882,1.197866963398768
149309604,0.010050090989288074,1.8258932948187259,2.1405932783250687,1.1295468222089542
149309605,0.010075387825142192,1.8041179153412752,1.7884689841003634,0.9257653566993734
149309606,0.010049538536233757,1.8322604121984132,1.9637381277202484,1.0243239193966946
149309608,0.010034268922229117,1.8243637682128073,2.0831018422652714,1.2138582757435956
149309609,0.009997846660678674,1.8360355003036803,2.069960871441913,1.2068186569160848
149309749,0.014847680536003787,2.089550060290343,6.469169159615571,0.792610791450692
149309751,0.014624633208911308,2.2254206298424797,16.08626366263727,1.5791818058252032
149309752,0.014925053945767111,2.1195239712501355,6.622518525204198,1.0431116367492062
149309753,0.014307138933299,2.2198398623717557,16.862510569282534,0.7069129319671217
149309754,0.014901045302136895,2.0793620205610335,6.917336714463814,0.830286131696588
149309756,0.014943766578594746,2.073827790438927,3.7552008366324783,0.8266755809477145
149309757,0.015076048987931039,2.157073746561507,7.494050295077943,1.0329276958837816
149306934,0.015032029121182804,2.107855081998044,8.65550833575903,1.7388516599478112
149306935,0.015177443463193756,2.107232714416607,8.987781470949887,1.7926275348715512
149306936,0.014650969811999193,2.0611333265404723,15.526304676576833,1.7470576855865256
149306937,0.01460110220069253,2.0672965392366565,14.760428615057734,1.7448494794796294
149291547,0.017011481629947273,2.1849366139693744,16.029817009427845,2.5428151969089137
149291548,0.017114053734383114,2.209258496711017,14.495394601482861,2.3919759633950948
149300404,0.015226552134990162,2.187448234567597,6.868639790022038,1.6174037345882186
149300405,0.015159537842935243,2.1664085752193913,7.026367396811394,1.753933625429306
149291539,0.017370485730674713,1.5038823998941493,7.203105800120788,0.9544353543533277
149298758,0.019788234053630532,1.8165393155687777,3.9374447774181096,1.288290696893239
149298759,0.02010458713013023,1.8435111350296893,5.5986085812293505,1.6314999932448881
149298761,0.019954551863922147,1.7805373913251734,5.781696377417997,1.4583211345181026
149298762,0.019766024084613285,1.8739618088062782,8.15767284458291,3.2687203679229357
149298763,0.019654848689347245,1.868664409612022,9.511222859307034,3.0293132546685877
149298764,0.020340849256270565,1.878433782561459,5.363920245816962,1.4293844400992965
149298765,0.018721840978857106,2.2125900865382317,9.290752934443239,1.4022857427080002
149298766,0.01887306231661068,2.1117984810447434,7.538724654690188,4.478950346364785
149298767,0.01987532621790234,1.8701655090737623,6.4566673146084455,3.4879716329806865
149307893,0.013783468837716712,1.3795029223707214,2.725930771227785,1.0092356103213969
149298651,0.01752320482263862,2.3878836071170197,6.563537698151873,6.307054628840559
149298652,0.017367688584739888,2.5837391410101533,12.400448243375124,9.195945251472814
149298653,0.017343503352384843,2.3751839738442992,6.778711793580651,6.325424513263648
149298654,0.017416572568588813,2.389880720777973,6.5380824042324015,6.298380292118793
149298657,0.01705357538030243,2.295961198196458,6.538281679253563,6.254951117691551
149298658,0.01714959569002303,2.3413435594090033,6.708886103235307,6.493323378693988
149298659,0.01716538832181843,2.3259293888390604,6.751375968838029,6.5407485874863855
149298660,0.017050291035960435,2.2677974831020786,6.591054045857108,6.2286594563641104
149308212,0.02035814857508975,1.8101861205033103,3.9500184212709075,1.7112337176391468
149308214,0.02078156858091077,1.821596467122691,3.7069899103830375,1.0799502315438068
149308215,0.020550971820463886,1.8103902216600247,4.881028178597889,1.5176824384030434
149308216,0.02032731269601787,1.9386637349876081,5.349485822262176,3.132634931826063
149308217,0.020366528766912494,1.9076635493060397,5.807328200907408,3.3932656123028084
149308219,0.0207494749703239,1.8265732129898464,3.774548948684093,1.0909756987870223
149308220,0.020749754537355412,1.8960001789424483,5.361435987049976,2.4113875526511035
149308221,0.01932387275392922,2.1162281742584375,6.40253802622225,1.6527213339022684
149292204,0.009685655977557195,2.2048093029202103,2.623031743141445,0.8299199596890049
149292205,0.00942215283259517,2.6621110861194563,8.015861047918337,0.6512641939812744
149292206,0.009414426483861812,2.6720555179399406,8.128406813194475,0.6413554393215378
149292207,0.009488950836904486,2.0935824293830336,4.300907527667468,0.8123932173616153
149292208,0.009328637024373261,2.24548580426663,4.261459336544471,0.9013167863046425
149292209,0.009466665510127356,2.0972718624598654,4.692995251421471,0.7393834420418889
149292210,0.009302578419007192,2.2729871781276283,3.7179228999157954,0.8594247366963755
149292211,0.008727936201039972,2.1249951737341193,7.398918036450302,0.9061245426383526
149292212,0.00900507138288395,1.9496327859025602,5.765283303630464,0.6720287356517566
149292213,0.00999235109404007,2.1103228682106003,7.520717085403973,0.8564121872987718
149291955,0.009425383160089203,2.0118268481625114,14.939558064947295,1.8417954656225204
149291956,0.009467719896839276,1.9799347740204247,15.110463603377923,1.8822157637884098
149291957,0.009251984016391322,1.7661592852603216,26.071396554022776,2.1724605847562004
149291958,0.008425968742928466,1.718143731607658,20.833344170022762,1.8115110984699996
149291959,0.00830937295119058,1.710594171189267,18.6450138580685,1.8064081093094124
149291960,0.009641210876631808,2.0334314048369673,14.972075043913838,1.7639538833353159
149291961,0.009606769287281052,2.0287526116244208,12.36748718822217,1.7434890666839176
149291962,0.009364920160171568,1.9668314834959502,22.084314531839098,1.9745885447458134
149291963,0.00948141275915923,1.8360579008716442,16.514774948843232,1.8007885108958663
149291964,0.009545019531594298,2.022246639897402,13.453746849281318,2.0410486190169843
149291531,0.005760644947824719,2.2762060427356707,4.411796356382069,2.9272681739797854
149291532,0.005788005656146985,2.3222858498823458,4.483385186432391,3.017318113358159
149291533,0.005000218845166821,2.3001537668713787,5.209709107055409,2.94877391175794
149291534,0.005000134734450084,2.2633047513875724,4.966617684329295,2.890018403299878
149297844,0.011357049307579968,2.5956835681219164,7.500387343703071,1.0159778095767125
149297844,0.011144826614262204,2.7020894709340832,44.2827991046843,2.2776233387520586
149297845,0.012673580267175737,2.570829844076635,49.31825885139408,2.471776477580913
149297845,0.01270850595374614,2.488866576940633,51.43822908091658,1.0717150514866192
149297846,0.011619257478532864,2.5976296448201195,55.17663720022108,1.0114513224903365
149297846,0.011438855157407654,2.6525971846180783,52.58738646267387,1.0870804103991116
149297847,0.012820172330501523,2.5759332872338603,70.44898639331039,2.442396340944212
149299731,0.018286221357996787,2.0741931009491195,6.21469799887901,2.7308381175630547
149299733,0.01828620892854243,2.0696469963792987,4.977416965748275,2.6366282897269215
149299734,0.018066228137781692,1.948599544678273,5.758044260553697,3.710451212861017
149299737,0.01865679286411424,2.359363988786257,20.852368742217973,3.8349493006204773
149299738,0.019193131667827313,2.0893693480287157,4.932745194016728,1.2344706360419415
149299739,0.017719874569426693,2.1635283468819186,5.446885242962882,2.2459249634468845
149299740,0.017997267383370773,2.0750757552796504,5.3390470105758405,2.971215012133978
149307321,0.0124555168501125,1.5194719191275603,2.9751418167803845,0.7163826030944499
149307322,0.01251467949259916,1.7714911521257555,4.050887786886452,0.18942669700107334
149307323,0.011843581014110916,1.5802769117939728,3.121248222240373,0.6706031659578171
149307326,0.01177181481279089,1.7044197859464894,20.548559917595725,1.2792764650333606
149307329,0.013228224570034142,1.7505514398399074,2.905812151849162,0.4675704265186069
149300276,0.02068632785831382,2.2740810807418006,8.951185672463675,0.49978376731850166
149300277,0.02011737843272655,2.311089371448684,9.962603177819611,0.432723811700057
149300278,0.020244250894822968,2.3140906910519727,9.906435518728951,0.547875267974144
149300279,0.020545945948477192,2.2887429852753574,8.767614048075405,0.43423602263885724
149300280,0.020554248557709768,2.3080234466460925,8.776214473764938,0.49376299682196056
149300281,0.020629747931359615,2.296158170373864,8.914865163929763,0.28588449111853953
149300282,0.020192276371629358,2.326389825803115,9.65612707324479,0.5230475789855591
149300283,0.020067251511729143,2.3157438530495673,9.757690577089292,0.3229827867903359
149300284,0.020544036488812898,2.26943669479505,8.853005545667191,0.475162234948315
149300285,0.02015671760239502,2.2965935130399266,9.828410909050305,0.38130446914624017
149297869,0.010523783614512212,1.9382841589395416,6.539719421407993,3.608879746047844
149297870,0.010692084454489915,2.0241096991030827,9.413332959730978,4.386432317032692
149297872,0.009804952338294867,2.0214352542551395,8.637502192571459,3.3225066154907315
149297877,0.00962463259884241,1.9915654124328979,5.655737343776153,1.8276588253521768
149297878,0.010524164639794437,2.1432010005242237,9.383356621770776,4.609767472596638
149291805,0.010298098107873157,2.621366975767327,3.212359437237621,3.5838422066164894
149291808,0.01014714918426451,2.623623355783848,3.137600089283181,3.595929478102391
149291810,0.010228577181272246,2.593113203804185,3.1460488938680573,3.5396074015656334
149291811,0.010039476057585485,2.3600532143775763,2.9429258603443427,3.070429619153568
149291813,0.011196213411614888,2.72430755236001,6.325735781003959,3.5814745155253087
149291814,0.010873395841228676,2.7118424245348436,6.273966775057166,3.5535622097453863
149291825,0.010021465150383052,2.5523896296134887,4.798663056732226,3.504187215481412
149291826,0.01008889217478719,2.5483315746456694,3.198193093449604,3.571000861732906
149291827,0.009953911241970783,2.555068383412185,3.1303563523123263,3.5999546978791246
149291830,0.010180198231271594,2.553265221757235,3.21549170485508,3.5749021255772084
149291831,0.011023976232455154,2.631198764132601,6.940563206303632,3.5149908646540395
149291833,0.010166357086295097,2.4348793206737525,4.568296627243812,3.26086361083625
149291834,0.00998087150869499,2.5615941894437566,3.039393561024418,3.6070757035002696
149293582,0.01390998030011098,2.1332576523126,8.178797420073955,0.9451418349117031
149293583,0.014271632768798491,2.441694897502869,8.127349229705901,0.9952769270134336
149293587,0.01482269084679221,2.0313533551398923,3.1458477694498397,0.42503663129743036
149293588,0.0148259269212384,2.0388103618990945,3.16536114304852,0.42360467180578887
149293589,0.01429384974162573,2.4302477547361994,7.974691235832444,1.0172057960433396
149293590,0.013912454293412424,2.1192557088223305,8.136974687837215,0.9295852482923479
149299272,0.009844827217746729,1.6112685201451329,8.71097317740328,0.8832843038181211
149299273,0.009895648893607554,1.5849002511292392,10.451787349115328,0.9371292037148589
149309630,0.010360712574772503,1.383394957485576,8.880667052844327,6.172029637066827
149309631,0.009731573844665813,1.457678677454562,11.409853211902806,6.957908177142025
149309632,0.009630666862161364,1.4723504827602831,12.93961937757612,7.288928133379978
149309633,0.0096823608611696,1.4764030737629068,6.214369202947995,3.2335883912784964
149309634,0.01031329564696532,1.5480738410901356,13.072021068991294,7.735538319127631
149309635,0.010824008920819157,1.5589980360247375,8.946085412031254,5.181829293226861
149309636,0.010674994250568498,1.4680915315298007,13.779227108500676,8.165653604855715
149309637,0.009521072005511728,1.486371437796749,13.048915664205463,7.989723135179812
149309638,0.009190266316821094,1.5989145635951862,14.614763000262567,8.00475159575302
149309639,0.009674050061121223,1.582785827088174,16.587434305844177,8.121908301063865
149297868,0.01770827192030707,2.7255559957028557,5.364809872104694,1.43716618525314
149298671,0.016758219173145884,1.9034775230561927,11.34382593426528,8.627437861297631
149298672,0.016829143219771844,1.915709887082844,5.547225473402996,5.266464405498405
149298673,0.016840535426588657,2.020005940567809,12.04833929397893,7.460873487765939
149298674,0.01669642578614383,1.9454389053047432,5.908357605396051,5.490284461905347
149298675,0.015725207841958837,2.0274657256537916,10.496903989809296,8.65362679402609
149298676,0.016321094137030426,1.841105165785896,6.662200342209824,5.665521718354494
149298677,0.01696184048233312,2.1261132487778527,13.32097727899883,9.775217596062935
149298678,0.01660975233820468,2.174562668113413,10.991907331407743,8.437478097864638
149298679,0.016600270232508357,2.0116209236771763,8.372608597663298,6.019063251009566
149298680,0.01563978429508924,2.032743194163516,5.350447144993036,5.244729791893407
149299701,0.01596292478709291,2.32175381421737,6.888533663349163,2.5110435129367583
149299710,0.016125277479430673,2.470986798206929,11.780150786651236,4.216341342889007
149309137,0.019217753118606424,1.4650285618916254,4.838723265598358,0.8821435853410332
149309138,0.017454614651426455,1.529596063231993,2.1604436886343894,0.705542821754618
149309139,0.019563956880204087,1.2790996606045628,2.8341921536289747,0.9615443886771777
149309140,0.0194006572294545,1.5654139762352897,5.343716744532666,0.8624085863289956
149309141,0.016380260783656137,1.4979063191277222,2.9649431208983104,0.7034020287703853
149309142,0.017048477155286727,1.7281693758458956,10.90007691815227,1.3065496697924286
149309143,0.019326539060464946,1.4707517984424325,3.0142616516423404,0.6688238136245426
149309144,0.017555851712119142,1.3158068033173205,3.9709034664445806,0.5194313176303031
149309145,0.018951049234446148,1.5839300081745376,8.088108295278705,1.3979633606523316
149309146,0.020738214204366754,1.4947205875524436,3.553286391308377,0.8879996561569498
149292959,0.017190928559769076,2.588891553286741,4.6518268728876375,3.0433421456476495
149292960,0.016703526985671395,2.6563448977478905,6.8970858056392155,2.9965055168668826
149292961,0.01727455498881482,2.6085244905097986,4.8685877994555415,3.5823759076732844
149292962,0.016850616999125195,2.6040328585375403,4.858945127474168,3.391229386139979
149292963,0.017011103840159216,2.5567707043844448,4.66812085620473,2.9859632403621146
149292964,0.017116368336749413,2.5599121829815377,4.72824670052299,3.141408426349418
149292965,0.016671330877476482,2.5894330471186042,5.042030660092169,3.795217171232905
149292966,0.016980176460585167,2.592226255068057,4.6670031967079435,3.1122836975319985
149292967,0.016714456456890472,2.601318450075099,5.004967560994318,3.691187641096645
149292968,0.017280980071127484,2.56583137037318,5.4040487503577,3.4240948972548377
149300048,0.012046530782093345,1.9422109422696925,4.2046396246897535,2.926079327561688
149300049,0.0123453404459691,1.9632008079455763,4.492435631133873,3.007062761853119
149300050,0.012036267907569924,1.9492523394874501,4.150635072661753,2.789251902903215
149300051,0.012207548327278522,1.93933477047624,4.253573064441133,2.9845682199618087
149300052,0.012297176829625068,1.9485382878469237,4.029896619468597,2.6283486586484397
149300053,0.012265937394920568,1.9515832714698007,4.697948237629903,3.1823382036412866
149300054,0.012192183915700448,1.9882497209460395,3.8050623179131247,2.7287259016165732
149300055,0.011882351060512615,1.9609848183749075,4.023333761497484,2.627727188083732
149300056,0.0121052142124364,1.9420546909517957,4.618367265288741,2.8978895219538603
149300057,0.012104766847448763,1.9243578212235437,4.955981977449053,2.903352861725001
149293750,0.014935993998099322,3.6687881046650723,14.922756478720425,0.4656835565811172
149293751,0.013581520833108691,3.1505927873322146,9.07014060077188,0.2196846664112025
149292855,0.01808650869453935,2.690584353529624,16.181888169615224,3.88476398008947
149292856,0.01800017289282975,2.6132450202930535,8.157420931384781,2.6173627201120255
149292857,0.018333754592853444,2.6477038097096743,7.620820551995833,4.312048577748351
149292859,0.019209326868793973,2.1579650057410986,5.427101467960156,2.7128866270452385
149292860,0.01823024272857971,2.6792261416750986,8.07907442297491,2.1300259452860173
149292861,0.019373710536376817,2.18813418668627,4.264358487322814,1.1001494408725887
149292862,0.01837727370836713,2.6259429018267055,7.713917089255128,4.312481113280351
149292863,0.019207978809574804,2.513824451186193,7.547190645587354,3.312829625933975
149308836,0.015813618961527713,2.065780819304572,6.699373990613921,2.322915020987332
149308837,0.017076702749737115,2.0389579368266664,6.532634037573115,2.662695066019744
149308838,0.018236717211250784,2.052653166458817,5.354239714773175,2.4064024444124286
149308841,0.01754102454108611,1.9762183313863084,5.356122669161932,2.054395835299472
149308842,0.01495764511607722,1.92175864248794,5.594289772465072,1.790844186140067
149299741,0.016354851471578443,2.056789297551742,5.029269383374978,4.80095598528929
149299743,0.016161466167942725,2.0569659860204377,4.794806662428273,4.112784322384108
149299746,0.016376042886053023,2.020088973994965,4.847068805389479,4.041966720863745
149299748,0.016454945134731266,2.034331424894503,4.1838697708324295,3.9812797424232653
149299749,0.016169619142051242,1.9288279014204754,6.132043455429807,4.553702716506262
149299750,0.015521486891001341,1.955440303122013,10.656467918362363,2.7481553468194932
149299898,0.014515880164592012,1.7678363430926565,11.654425803278121,1.1670782441305971
149299900,0.014230071057687145,1.8642188518908942,18.973460621545357,0.6107097733057563
149299903,0.014772286856309654,1.860447814371107,7.462687300015773,0.8112930663631802
149299904,0.014981687359093148,1.8745891102370817,8.18789807658811,0.7196537161380935
149299905,0.013950874430163063,1.8235358452575838,12.718055221088983,0.5362884605199552
149299906,0.014862646301544994,1.9526422789490254,22.627906063266888,0.8791682559580177
149299907,0.01451463576094783,1.8986209888265584,4.0963206336052815,0.8503046226135683
149299127,0.015729901668495302,3.5997651708776113,6.118483710210285,3.552439167334936
149299128,0.015987268163144216,3.5927602587258565,5.526294214290068,3.408697434181132
149299131,0.015717498104907815,3.596829012696556,6.688285906230578,3.654176125654935
149299132,0.016014866232440677,3.5977832505513256,5.6354084521953585,3.371458917816512
149291763,0.018103246059675768,2.9682359842938904,12.936426903535729,3.1034590074170834
149291765,0.018015109991534575,2.801225554670024,19.745622734955877,2.875892714267163
149291768,0.017353769187908888,2.911590978891761,10.179372510614629,2.787419912609018
149291769,0.01758618595871676,3.165057712435344,10.886048685787971,3.0374529749545784
149291771,0.01779987537705053,3.1360262460098993,23.99620563349488,3.0622738543191943
149291772,0.017205698616386184,2.9221790348555325,11.854847494120996,2.9998962685584067
149309806,0.016126720688181943,2.088715889016286,9.693018569692617,1.8065737009881837
149309807,0.016213780768388,2.0730318673116224,10.129410381291644,1.935653593323062
149309808,0.015971937063148145,1.9859138336271054,7.271109185520235,1.4426012534066535
149309809,0.015804441722975297,1.9934271867027105,8.111104681652574,1.4744971772147302
149298204,0.012376149097779645,1.851546845740613,4.34396910860631,1.396577768676485
149298205,0.012617975438382419,1.9162809062750763,9.049535049671947,1.4515077371772414
149300363,0.01930231045283539,3.2925204495759517,19.100421529233255,2.4392160317346607
149300363,0.02267042064552093,4.80804671173812,39.58903912017094,3.891107289555005
149300364,0.023678441127563947,4.259483943872427,48.039038947055516,3.7647745803216064
149300364,0.018494529198997425,2.9975939018474183,46.218654185706804,9.754700551089492
149300365,0.01771121373209375,3.0503414417096923,50.488863351180015,8.958144292922052
149300365,0.022698464817807733,4.112624472002969,35.20436600533772,7.756861516204359
149300366,0.023439288847315616,4.8607244328517005,49.18819333395149,7.322985261623318
149300366,0.01890253116800137,3.695436150239764,39.52337259327512,2.7057500995551247
149300367,0.023391623447133875,4.75482900374436,48.61090550069463,10.795875501219767
149300367,0.023682405394527064,4.706562926360711,42.530172090160576,2.5416846990443984
149298473,0.009141183928731157,2.2566007168044107,9.229408880496225,4.239104579539476
149298474,0.009903524728132867,2.5565970953483226,17.836780213430405,7.701021723570989
149298476,0.008384299439539788,2.289095811047411,13.146423482745297,8.653788365274051
149298477,0.009329341394334343,2.3444170285958754,7.821584538184067,4.795366235213021
149298478,0.010105009349145112,2.624553669851088,19.409070930598578,8.217342361216438
149298479,0.009790846574976864,2.585610805388241,19.952675191322136,10.311970083366042
149298480,0.0102015533242589,2.6165586478471514,21.649914362625392,8.642046062425877
149298481,0.010053941433929087,2.420876014501666,15.743801145293013,9.692982615662137
149298482,0.009085537935483287,2.3983249630518277,11.334439951164729,6.325565301955312
149291665,0.016911680417360228,2.4215076768857533,6.32571096948005,3.5547220952616643
149291666,0.01694551352032754,2.4206144340762794,6.30113266253016,3.5221649678969733
149291667,0.01660045704082253,2.1622317511042297,6.27591122850813,4.310885516592592
149291669,0.01649854078597194,2.1548563919060633,6.327599445865376,4.335464168891049
149291670,0.01727560340868707,2.265444069268298,28.875815284007512,5.501783368962876
149291671,0.01738820157412454,2.251086887273851,29.49035316453203,4.314569419229662
149291672,0.016852338751610598,2.3477115874123617,6.6018942826350955,4.161371878547548
149291673,0.01624163998892612,2.063627139077517,6.9105138116148765,4.241108861964894
149291674,0.016451173081090602,2.263657734806109,6.135532580186481,3.809417266163106
149308433,0.024452053526272364,1.7517308277659847,5.271761516781306,2.1826219191717384
149308434,0.023601964850273004,1.9525305954330205,12.520827829090424,4.8613353615793145
149308435,0.023854638104680522,1.8599011125598155,7.98570532126396,4.144416343405279
149308436,0.024186570927747803,1.7842389032841777,7.020224270127004,3.313204322607714
149308437,0.02311074602234179,1.8895356846648963,8.360282478318629,4.656387897224963
149308438,0.02383417447203285,1.7242077239813742,5.3808038345458495,1.895649600245506
149308439,0.022775558439384988,1.8290473922436052,8.653718687393225,4.036606031874623
149308440,0.023868753836663002,1.7794613970103998,5.232076252583129,1.2639381763695547
149308441,0.024281040479321003,1.6816797832462593,5.603205452844881,1.5369014483558237
149308442,0.025140370852188627,1.6342420979436738,4.745021745206446,1.374335975621472
149299040,0.01486288830470616,1.9613720576879567,9.906580411486628,1.215790218821316
149299041,0.013989063563279206,1.9394748602008436,8.928596189654192,1.0256018271696976
149299042,0.014911282583474019,1.973601461470498,8.546045599443772,1.2935209047195753
149299043,0.014372877540362436,2.063163514468044,15.281038461986649,1.1401739615837645
149292845,0.013082408895826927,2.1705099247734845,4.795225695432551,0.9886326933597216
149292847,0.01294780006085928,2.145081507327692,4.331725972478135,0.7283034748415765
149292848,0.012611247118325201,2.4465524019344302,6.316622604468683,1.101562136459671
149292849,0.013070410287377295,2.2576308398534817,15.176870979460977,1.0722811845008864
149292850,0.01312311105662125,2.148094140716149,4.798627213902207,1.5336138186697035
149292851,0.014536648399683934,2.9502379471422437,6.386808682815413,1.4702915174470175
149292853,0.01271547135219265,3.0615122850214704,13.82127996946755,3.2257181399055703
149292854,0.013047189292309882,2.1078380980978335,4.557285022858242,1.1210499579800293
149307539,0.010311337446780418,1.2825844184470763,6.413307540987473,0.9341741287253944
149307540,0.01072057455280744,1.5537363008216216,2.6268565572247575,0.45719388397751043
149307543,0.01018823307533953,1.4775087881024331,4.266104053904264,0.6713131342984731
149307544,0.010200453575879731,1.4866048773745362,4.620424640208264,0.6550135572160416
149307546,0.011856803223441213,1.4770154544938312,2.3982847772266553,0.8938466689985883
149307547,0.011081310283313993,1.803502492029927,14.729796854564393,1.247434733765957
149299505,0.02320471687634147,1.7152233248652387,4.955784838701808,1.6582775484852212
149299509,0.02332769032241945,1.6965251317666548,6.919802122010453,1.5551185058457007
149299510,0.02298340488592411,1.7178576981039448,5.913607914737817,1.8254159358001991
149299511,0.023238164274562698,1.707773453423251,7.111707804961556,1.490461426091513
149299513,0.023005147700512627,1.7177069137574705,5.3214070295714455,1.6364542648180573
149299514,0.023193614017975553,1.721734100829836,7.624174163185694,1.6556289874990966
149308893,0.01808562998748537,2.0479013579014524,4.338110976306454,0.5535646555511664
149308894,0.01890548502230418,2.479892415679495,6.401285772880454,1.119713100525093
149308895,0.017892326115011303,2.0365230087895467,9.64734958567254,1.1478270851399162
149308897,0.01678198497516743,2.496880087843587,11.592133477747756,2.1705807728758724
149308899,0.017973364192958863,2.4674032647494437,6.203779327807222,0.7161448999723612
149308900,0.01718459764228072,2.40941857296168,7.27514224557998,1.80912134101527
149308901,0.01707709745355232,1.899776422688506,4.611394820178528,1.1341209629618068
149308902,0.01989840089756185,2.4667405419766726,5.011094721175748,1.9434884225174875
149292949,0.015979676163481074,2.661043424202813,7.062295664403351,4.608153480619222
149292952,0.01584787056429722,2.771867001912103,7.171695086078913,4.7053750737488285
149292955,0.015937080049932963,2.664614242530605,7.400253519010168,4.621932890342945
149292956,0.015979963225405222,2.668892258700533,7.294225326982457,4.767324397746485
149292958,0.015574584035836505,2.3986983826643606,7.487637033422931,4.74045446616421
149309610,0.014174129997020812,2.348887800335569,4.852415717592286,1.2364460653327012
149309611,0.014161040888963472,2.4073914783158084,7.57723827657213,1.5343870579193555
149309612,0.014827431279107427,2.4424396129721857,8.770900073878302,1.4653795684028674
149309613,0.014453435726593666,2.356140175234649,6.686312456744379,1.4185798057135237
149309614,0.014076634664969433,2.4317972050390937,20.99307982731717,5.792527547186604
149309615,0.013990471267094424,2.265104542382692,15.293296460987428,3.3829681768396695
149309616,0.014373680241013046,2.328265760500846,16.68217894633418,3.4918984824615324
149309617,0.0141485349313146,2.323674288389311,23.378005506073606,2.813963496910937
149309618,0.014171249058827442,2.3625826254768496,24.877469065740648,5.3496970469524365
149309619,0.01431047877965164,2.4675153046881735,12.649729920712844,3.4498530137911017
149309521,0.017104954429895666,1.6605821999736023,4.449041983195855,1.4051187314431635
149309522,0.014599055053129823,1.6131801167330602,7.894182525663086,2.5993859982328833
149309523,0.016387883214537203,1.6002738240864434,3.5431103054462016,1.1972340566773265
149309524,0.016997144506340708,1.6353375123632745,3.528186532714595,1.1502918758915373
149309525,0.014554661273297827,1.6310933705939947,8.366018976155042,2.700877987040033
149309526,0.01518953819993581,1.6161102800961775,3.582420440538788,1.381452321410222
149309527,0.016664394097559647,1.6740089355884005,4.648506187736059,1.165361930597519
149309528,0.015642300536104593,1.6504190710287745,3.952113247780391,1.6558049836989484
149309529,0.020389313258485676,1.756168618436238,10.242628945063851,2.541063585070343
149309530,0.017429187581586784,1.7118342483984903,5.725229285079959,1.508252023986101
149307284,0.009574132045037912,1.5446885482189041,6.380652333558863,1.1626903084153082
149307285,0.009183219687939762,1.4021515118527121,2.2559187291950966,1.1152869362962818
149307286,0.009451741373700742,1.4737303109933526,8.424040510854672,1.2705115764217731
149307287,0.009177484147707715,1.4803589404134057,2.7975864122395966,0.9862223720292039
149307288,0.009307037187434466,1.4477365192107432,2.6802512505062066,1.005054092509677
149307289,0.009385334161846186,1.4197765498092982,3.2793697007916234,1.2372865979350667
149307290,0.01071710868692641,1.5514413130363451,4.464934269787794,1.5222325623441468
149307291,0.00873826534332152,1.382770781740947,2.722655949715395,1.185572051158053
149307292,0.00910722712210934,1.4195223633990326,3.0877031399978385,1.1139437834731627
149307293,0.009312535433665853,1.4660389385995738,3.4309060020245097,0.9910066200734818
149291703,0.01090778388446564,2.0879887944498403,4.0493908846049536,2.894669311672544
149298281,0.013554387504013624,1.6601768683267948,4.092459186545433,1.5398390773444421
149298282,0.013338939008288173,1.6565390658587418,3.951012129910766,0.9873534793041925
149298283,0.013046157546160267,1.617271735667649,4.625094698925648,1.8499198887468506
149298284,0.012407509258736288,1.7632092454777866,9.85064868863539,1.1561107772669772
149298285,0.012503465758965663,1.6983113422782932,4.14510369414149,1.0485164105581473
149298286,0.012145927674651294,1.651265296857535,7.260297444751089,1.8477363651765553
149298287,0.013456951083014543,1.5649662638528337,3.329165509891391,1.0114978135141834
149298289,0.012744869307112033,1.571804140880546,3.9559249092777624,1.4890922392661086
149298290,0.012870703989431177,1.5646810643611506,3.8325713504752015,1.4760465983542157
149300445,0.028672256209943438,2.2765565279800875,7.406760591896822,2.8379096339710834
149300446,0.028730691476844164,2.276985292694069,7.081090749746807,2.648808608508254
149300447,0.028458733664909884,2.2587434908556983,6.698605734796486,2.5387270186781463
149300448,0.028413671829567406,2.2552387430261343,7.112491354870659,2.505301374682496
149300449,0.02866936237779213,2.2915891684802405,8.593995371950959,2.6801869372841445
149300450,0.028755081199993624,2.2877723344774545,8.586433813688199,2.631829203222956
149300451,0.02860233400368382,2.329480884248723,5.85911577319122,2.640890983230715
149300452,0.028445794018867616,2.3822077708482388,5.151838435167566,2.697304844575503
149300453,0.028851621938341808,2.3257235676488652,8.340789042685278,2.602090464927428
149300454,0.02853675922240455,2.388243130291093,5.169866435086786,2.6242851462383814
149307171,0.010946808100630756,1.7498236962958118,4.3635230818236215,1.084060904726472
149307172,0.010716227660154749,1.7355559023416582,4.0928316697382305,2.1163387721031643
149307173,0.010629758905495614,1.7341608943379425,4.104057699888184,1.6279560701389224
149307174,0.0109058254717729,1.6247296309428867,6.4424112982616055,0.9383691773047049
149307175,0.011413893270761201,1.5983445680612582,3.1836855947728924,1.2424810881602433
149307176,0.010541155865764837,1.5717003727836192,15.97930633267748,1.548905154795113
149307177,0.010307901441657736,1.7332884894855554,4.384428678066126,1.1861996716188095
149307178,0.010105578220719426,1.659000870346675,5.773894196239174,1.013394196723817
149307179,0.010787146796781583,1.665649510783287,4.2872717197344095,2.1137433865136255
149291563,0.017406442257213408,1.9305962406615953,5.3349538024751295,0.6566224875106536
149291564,0.017983058865258587,1.921116771273204,5.440513088015023,1.6737158621316452
149291565,0.01808737715067991,1.8717332601154775,6.165041055000773,0.9555543792972516
149291566,0.018596089833316898,1.9376412313206015,3.8610197926944783,1.3952973952463161
149291567,0.019497549379208882,1.8578693976586904,9.584964592699997,2.434710266467701
149291568,0.01834750457607552,1.8551313156399927,6.284859773902705,2.1134919697707955
149291569,0.018804696336308747,1.9811525577284392,4.701905958047579,1.3250425236066439
149291570,0.01894772694693214,2.019253485011378,5.070286286380449,0.9575937487814056
149291571,0.01939259039650053,1.844509892062331,10.254951843923005,2.9667908368393356
149291572,0.019087392880746845,2.034070824051384,4.784001569170469,1.1604464847418052
149293639,0.030487441859324102,3.6134548623011224,12.24945842299885,0.564388236432406
149293640,0.030106657175961744,3.732225346209257,9.596556315472201,1.1164294196540923
149293641,0.0301054291561335,2.9947697723198945,6.2635436897695795,1.0056327527122932
149293642,0.02922358974481887,3.236849898734454,5.8237143142055485,0.7376558811208441
149293643,0.028715777226486112,3.3466872549818403,7.330210163219208,0.6018907069016294
149293644,0.030766114189390348,3.559422271447108,18.72957067610265,0.569617834109427
149293645,0.029637743059216206,3.8278778778236844,11.723472576608405,0.5060068139538137
149293646,0.030067304706595,3.6558829197594145,11.138350181941961,1.3711151764107197
149293647,0.02840963141853811,4.219122128340691,13.024217232958346,1.1845579750058626
149293648,0.033360285730915824,7.522503903840273,13.82001393328292,0.9969280726740234
149309223,0.03587745731119426,2.355224471232148,6.332837084970706,8.168840232098326
149309225,0.03582373837356539,2.3867301849007925,6.707222584239365,8.504849496380208
149309226,0.035933175579400664,2.3540979727316955,5.621615554471107,8.294943508149313
149309227,0.03751188018734999,2.3583979586272226,6.3458973247630635,6.902212833806788
149307694,0.020021695222062173,3.212186271807435,35.97383881047159,2.3460887680712057
149307695,0.01954746508993053,3.4533880497696683,25.952307177919028,1.9747960091642143
149307696,0.019669506342476224,3.3702908807084766,21.76428845192778,2.008181874336301
149307697,0.019929613614138468,3.3555306409555077,18.551396399339183,1.8810962676683587
149307698,0.021106425220223414,3.96244183080162,52.32012473211785,1.8727716450482832
149307699,0.01974547520701597,3.3570673386834806,22.85433335729374,2.0140147838846634
149307700,0.0210065014591731,3.950860961450904,55.70797599394026,1.829589581007658
149307701,0.019773670328740375,3.3501589374697955,28.788952534860375,1.8672037222911515
149299347,0.013190210513561817,2.1775043304925754,11.993376573293473,0.12126627849339228
149299348,0.013153685875033858,2.1955316297338365,12.774066901744783,0.11449043803631752
149299349,0.01390323651716523,2.3263862296699824,20.35695697520089,0.16707212110278957
149299350,0.013779955016774308,2.0404155600154703,17.362997514844523,0.22403913722167412
149299988,0.013519942970642383,2.0088516064548645,1.6751070451671135,0.95783894027707
149299989,0.013166999861433997,2.0428560061249126,1.1290432870985045,0.5179636041090991
149299993,0.013382356368283317,1.9884566621155042,4.130387042023178,0.5705694539034585
149300400,0.021099625308374555,1.9305597963190302,7.456877592879407,3.060307363066772
149300401,0.02100995976290551,1.97619888285071,7.414580583938973,3.0857334745350027
149300402,0.020912147186225666,1.898435909630096,6.245730273120724,1.990663145517514
149300403,0.020816330168300038,1.9640366095574397,6.39999284256237,2.18768880052198
149291856,0.015663867988906243,2.9865795692974872,8.075402928974764,3.0887353373054944
149291857,0.014714077751741645,2.978270404911446,6.437239040033296,3.5881194007804504
149291858,0.015165034543923504,2.9581801459959696,4.145527172713023,3.2271647741905607
149291859,0.014736106853112345,2.896936516020316,8.247728657163767,3.442256961260824
149291860,0.015294775321524743,2.7841053597401513,8.786022075838094,3.4217456564975897
149291861,0.014633814249838378,2.9992395127281424,4.141585748404847,3.1795482809762556
149291862,0.015155763162490116,2.8019088251158677,5.013640388974688,3.124148183037542
149291863,0.014829081236434847,2.9806683959746394,3.5921463253809285,3.133938466590658
149291865,0.01536200693953827,2.864667884670033,8.000628436082394,3.339124107751364
149300526,0.010871680281211797,1.9427865063689227,16.146947948775036,5.5902681803733225
149300528,0.01076363570379019,1.831267693302955,15.308739176812246,2.9758802803536026
149300529,0.010818859226682567,1.83896719684982,14.903053756643775,3.1253802055859907
149300532,0.010989996495410473,1.840076456295625,15.077613210029108,3.086393510230658
149300533,0.011241960873949233,1.9693229858364532,16.86499671154136,5.60697913637277
149300534,0.011047715036307087,1.9648192117855836,15.421017556225209,5.487898951723763
149300535,0.010566947797181604,1.895999169187592,20.11541889313406,7.781357687675223
149309660,0.01310484143980225,2.4150821969627896,8.882424032763568,5.640965329147727
149309661,0.013443125502602203,2.2555854468235608,4.66357649702963,3.723925510904974
149309662,0.013490585033635252,2.3998744018849614,5.08454684933917,4.343988558264119
149309663,0.013033133613875763,2.4126821314994786,5.144440676219373,4.672467670398226
149309664,0.013136598189093506,2.4464971909580457,7.539621024106032,5.614444648073068
149309665,0.01386214951124322,2.309218948551124,5.247189141853416,4.911092484617277
149309666,0.013290202626319919,2.458058379535116,8.161361221881874,5.0888317790999436
149309667,0.013759606267494336,2.469177161475201,6.692510169782382,5.19145306036581
149309668,0.013108898548384172,2.420342654383341,6.658607848460568,4.951052683978489
149309669,0.013459259562410574,2.352379857475094,4.780669907250935,4.405130691131742
149307671,0.01482498558238686,1.4234174686992789,5.141530951091874,2.620819747824692
149307672,0.015027068947287236,1.5897769117666127,6.2316500080099635,3.7858571890269714
149297346,0.01385001222108415,1.4867061235377037,3.416412900959527,1.9111484124129297
149297347,0.013770582454601027,1.532731359784034,3.508767528997906,2.135612654520401
149297348,0.014929346421255296,1.4718913692658804,4.715010047634498,1.920206107052285
149297349,0.01395942697066054,1.490875846194808,3.2228948483296027,2.14893729174677
149297350,0.013850982897631769,1.4624931772067027,2.9436950379520272,1.952951841646364
149297351,0.013844028029957413,1.5001869590606187,3.013651448231742,2.151559539573075
149297352,0.014032244961090212,1.496384965221178,3.131396290335911,2.3288303016055103
149297353,0.014047667109675014,1.4656481941511676,2.9718257260324723,2.101029191473894
149297354,0.014602801523336836,1.4839224477739603,3.033186645285739,2.088569357910838
149297355,0.013617571154838512,1.434419351509066,3.114279295043261,1.8193204688910016
149293078,0.010345273473874702,1.7143960510566592,3.9560108420844693,0.8903429277227073
149293079,0.010196590014898718,1.7170906703992976,7.861807582363917,2.113904681962404
149293081,0.009345346256262422,1.8160045103611095,18.25264646818927,3.7538034619630145
149293084,0.009822291109394135,1.5696233886322641,6.189961146597707,1.395558183596754
149293085,0.010492729307470684,1.7110655182901224,6.7767859125910705,1.3895245654344985
149293086,0.010106362580983996,1.7352206757775759,8.286032926428035,2.238647098142563
149293087,0.010215921875958158,1.736848598976743,9.302079766898741,2.3431659164921945
149292264,0.016687726939340508,2.6911894636595024,12.67467046392803,8.617964026351617
149292265,0.01549561385461602,2.6672316834600576,7.851236603928767,6.330078756801595
149292266,0.01453031536609293,2.3354718837324864,8.006973293885096,6.960178016959812
149292267,0.015692040597271147,2.491162546620159,15.637831863611215,6.578839952216442
149292268,0.016582271735461857,2.4688095973212802,7.386199107155432,4.618463872652662
149292269,0.015511335129387046,2.479280945925074,4.458166864384698,2.283641641239799
149292270,0.016349144307829043,2.441945260960186,6.168138280116328,4.352043496099666
149292271,0.01575349871473888,2.7655890934425473,6.768447704219276,3.2847787107426014
149292272,0.015679006681998536,2.5942336629913516,7.966706707682123,6.215275803449134
149292273,0.01590511691340931,2.2024167971215123,6.09284080007914,2.0737507629741625
149292478,0.017604959108602377,2.8389122449898987,5.641392410237401,3.01612666921612
149292479,0.016789086664797066,2.6974049862637957,8.184136867071047,0.8410624150288164
149292481,0.016508149984051115,2.6040742857087507,6.200545999489125,4.433729385686657
149292482,0.01773760194856703,2.9696151817163776,8.77366502460138,1.9461012635309642
149292483,0.01688151196226198,2.622012763302157,4.897745315628548,1.2537510850658653
149292484,0.016683252877146792,2.5535185532487037,9.40133980536542,7.083768592581831
149292485,0.017746840385019724,2.6084304280443864,5.173673717211086,2.5629029834127293
149292486,0.016240494103621654,2.5921786125641426,9.129014878459865,6.3704464102798495
149292487,0.017022253716518065,2.6025135380438598,10.793195020193485,2.791708601168441
149307180,0.014109190933011011,1.9723488594553482,7.9018034274505045,2.880656003348606
149307181,0.014520548718873948,1.9413238723932968,6.77724498224368,3.0474913138617654
149307182,0.013892021381124017,2.006786805196785,9.246506856849875,2.944199142055185
149307183,0.013746646148645816,2.0044818780873763,10.484265194282594,3.9515678369099385
149307184,0.01535051184951223,1.9761507858023095,8.144227211763015,3.0825051457560027
149307185,0.01650917781553649,2.0496774477293034,7.666375849103452,2.431728169569398
149307186,0.0142045428428053,1.987012453921262,9.301333358926547,3.309422419270537
149307187,0.013898757523234963,2.0177357412025088,8.022629338567025,2.8395234288321953
149307188,0.014250461010381776,2.004739813332293,9.017628297669315,2.9157002825577862
149307189,0.013622955918715318,1.942989282198218,5.40711793295632,2.5472679942481244
149306537,0.013530585194423756,2.303491451418196,32.78554501525355,11.066879435975217
149306538,0.017038798039445312,2.0594305076736674,6.116709758639458,3.1888816078705395
149306539,0.014794616706168941,2.2438338766553265,20.814384414037605,10.691118843955902
149306540,0.014759676656061324,2.0049823950399586,5.8272909211630415,2.6020670163759747
149306541,0.014691857871412337,1.9638828502433567,5.349388062894158,3.1292913350449774
149306542,0.016641498406637183,2.1413035601025667,8.57357532583771,2.935043880137899
149306543,0.016403343284357195,2.0772157620726155,10.617829032885524,5.474974444875204
149306544,0.01294089245207555,2.41647528366589,6.868197374310068,3.8762534612130404
149306545,0.01514752946925312,2.2870906213782756,28.48793227300383,5.708737076322104
149306546,0.014559159977348534,1.961498669389177,5.772309278867979,3.733272395852133
149306568,0.015240101968902856,2.137340203089808,8.494975263769906,3.102355637908393
149306569,0.014139441164972039,2.2356005776157746,22.9058374409186,2.3497490760532935
149306571,0.015040485768928274,2.302661363232971,14.95755262937395,5.694281575557028
149306572,0.014559381773992823,2.1111196887383072,7.438544130408911,3.4751750327857445
149306573,0.015041868897158988,2.215318586054111,13.136374229271809,3.699042129551782
149306574,0.015560883542332746,2.2354717983563215,9.016983864790696,3.8715974880753707
149306577,0.014743319304811974,2.1454461518869783,7.685908832979293,4.262035067916353
149291975,0.01038554999212174,1.9897116727500153,13.290088929445314,1.5709563483634208
149291976,0.010166868206935641,2.2301130181131232,39.72759303268462,0.8937234661022475
149291977,0.009727296244624765,1.651251011103425,14.213396740147118,1.408481540331745
149291978,0.011391722089264249,1.9561204590470411,11.26679755189321,1.7953352990255316
149291979,0.010460744025612291,1.9695900823020642,12.826917572235434,1.5615840817869617
149291980,0.010819175195957978,2.0717433958898805,9.179667780821964,1.8133719202516965
149291981,0.009910336991112064,2.291781100176301,38.895765208330744,0.9034306368256859
149291982,0.00982667625723198,1.6798671580419138,12.800112997859499,1.5152523823619484
149291983,0.011381630013068071,1.9660927286500058,11.085103608906799,1.8015709146783303
149299616,0.008905045641046017,1.504465421404121,7.027454595140726,0.6989258710645145
149299617,0.008781654437004177,1.49242505653038,4.586569347168323,0.7543605695023898
149299618,0.009217233354589306,1.51743592164647,3.935512122406601,0.8579507161221257
149299619,0.009033730359849208,1.514034048404362,4.036543329763831,0.7148008519509054
149299620,0.009101881973525534,1.4913630998085832,3.540999681339296,0.813847832677396
149299621,0.008883705314921098,1.5118585658163082,3.5637366970425286,0.922191995258176
149299622,0.008741556326180726,1.4837142750647363,2.0837157233754797,0.7936671551603974
149299623,0.008971209621357092,1.4601896391834084,3.4692393539736663,0.8034156183410937
149299624,0.008839236463792132,1.458618623660855,3.6079867420205898,0.750740512933735
149299625,0.00882535247656142,1.4821522825612856,3.9958443844753497,1.7890790309182767
149297716,0.012246376896038667,1.392108326713637,3.3344363275405766,1.682702278711773
149297717,0.011976359159485656,1.3973506146002774,4.742838139350717,1.6613495252521195
149297718,0.012269873122246986,1.3886571919855781,3.578132164271817,1.6373934049830525
149297719,0.012008024260601245,1.377836573605008,4.874904960843811,1.4716926452904848
149297720,0.012154235505066556,1.3627962148932176,4.227200001723959,1.6032222893405945
149297721,0.012133383026114436,1.3351231471588523,3.6625833384709385,1.700924463745726
149297722,0.012265317505715299,1.436369080274537,8.163964558856689,1.8148511070979263
149297723,0.012454758990090941,1.3891082221976636,2.937279583658353,1.2954741594546426
149297724,0.011871248629669673,1.3962525666025067,3.5866920966604185,1.5792121767556908
149297725,0.012026496413509606,1.3920394801972396,3.3976604373559613,1.4461205541915427
149300333,0.01580662674878133,2.080858989323809,7.410277569616561,1.813350953310102
149300333,0.015205222860048046,2.8094115554428187,33.91930523506748,2.7326491213606436
149300334,0.01493601945618438,2.9477108571919146,42.73259233839451,3.2811690892121463
149300334,0.013965493975738123,2.739754034979741,27.029646231712537,1.0716038539954404
149300336,0.014351181116610162,4.569646475261442,44.71356969584455,9.599669832201139
149300336,0.014564888288632491,4.778859019309831,60.45621217951688,8.529690530344562
149300337,0.015309661419682319,4.360244616560533,61.057450690133635,14.375260377372118
149300337,0.01577639534735493,2.9762531555055363,61.275362370260396,1.7004757175177927
149291495,0.00834469896025225,2.3881819932722297,8.950415747801953,5.244272161596368
149291496,0.008434799941764265,2.4131884648024484,11.883834887229321,5.39122008767039
149291497,0.009116378797891176,2.483846442156877,11.36582978811941,5.132160818344311
149291498,0.008820369878402309,2.537636291265175,11.837526461017168,5.307810250140182
149291499,0.009745293549317307,2.4600292673531854,12.666568622119028,6.0383861179286615
149291501,0.009677408837598723,2.420510470035978,12.031574339613872,5.505655156658186
149291502,0.009852752747033547,2.6621354515441897,9.747818638037339,5.433406507820194
149291503,0.011286924757747053,2.5809129513135174,9.225839286677425,5.342501523459236
149291505,0.009549105411758638,2.5387954889404685,9.520943717930006,5.226018188302258
149291506,0.009372482798427036,2.4683756813409117,14.118492407170752,8.298159805954763
149293767,0.009390902359882335,2.5511489045915767,2.2306451112308636,4.016015374589911
149291815,0.011071791495186823,2.4033443728818744,2.8817538975012393,3.686122539257864
149291816,0.01086819554976287,2.3865570024068217,2.877531767987604,3.676710756743126
149291817,0.010995421190036679,2.3939429120912785,2.8972531407807383,3.61837496015767
149291818,0.010914998181112396,2.397479293086518,2.837633598224913,3.6404670908186554
149291823,0.01097041822656427,2.1790768865713224,2.9244743184018396,3.2502399486103855
149291824,0.010916631333917076,2.1634576416132805,2.81450715968762,3.1250992142611667
149293386,0.014757369960818712,2.459039107162469,5.308067278109133,0.3740754920898837
149293387,0.014532118127756238,2.5694145628468457,4.850598032454684,0.23431244491960704
149293388,0.015588704031723735,2.6945295906690903,6.052837625862185,0.20316403745586806
149293389,0.014629005154917867,2.5799113249844017,5.203887518698382,0.2995671024877678
149293390,0.01563127471504664,2.6452754924440445,6.090610520242341,0.25125620871166965
149293391,0.014823624185849298,2.6073677090912413,5.3453660472332425,0.3182570135620104
149293392,0.01501118989975456,2.6202452016143276,5.9221338641844605,0.12686571141280695
149293393,0.01481318871927829,2.5995637381698513,6.0893650709868234,0.10493573168326227
149293395,0.01515223205043834,2.568299230868317,5.51814028591539,0.24083805742454453
149298078,0.017294406239993634,1.9439944128349995,6.72479324787769,4.0325614897096145
149298079,0.016724579598807455,1.9554601901347894,10.286237021952891,3.762242491417591
149298080,0.017032804596515346,1.8286210723701863,8.325291027262207,10.758500269871138
149298081,0.0167095084178488,1.8407082809812925,10.839367052937941,11.120252469965774
149298082,0.016693254930206382,1.832131406065576,10.939976109730752,3.1719489909962966
149298083,0.016742535372943856,1.8008461694770401,4.904801036998945,2.7619790518136194
149298084,0.016128179349931857,1.8002226084377573,13.111575860279203,7.8184730820999375
149298085,0.016754545122473773,1.875846757377491,9.86583789063388,3.3429954738546
149298086,0.016965696026635623,1.9492704621105126,10.938437395198742,4.339193148283225
149298087,0.0170415194866777,1.8492565393393616,10.928841625427848,11.207257327013677
149300068,0.013334303493938075,1.9290765432888133,6.143178852250238,2.6910881942417997
149300069,0.013280561295133043,1.9189878310902668,5.315912538741642,2.305094327610839
149300070,0.01395717708418478,2.0034818525821074,5.863796375181859,4.072511223259079
149300071,0.01307513198172651,1.8516327503044387,6.417836096407505,2.6002860586733925
149300072,0.013211484839052682,1.9132803077474436,8.288673171907313,3.2102449340945016
149300073,0.013923322146788037,1.9978876569217654,5.295344260880447,3.5039354755834795
149300074,0.013284233611486881,1.918671153128516,6.298016377908168,2.671199271822454
149300075,0.013200811410322753,1.9182529804794866,5.593785156101776,2.3638512531407194
149300076,0.014899784361685828,2.158121871020047,7.607620771599104,6.184406805231328
149300077,0.014350466423181196,1.9562731801005875,6.889703740644128,2.5437219479647775
149291803,0.011513835270134816,2.613943710292269,3.775128696030278,12.541287602301887
149291804,0.011766340222686071,2.6937242880125503,6.5987351074878235,12.57094343171348
149291937,0.007531711572159826,1.4711605077442522,11.94737228800835,6.68773003177695
149291938,0.007314979503081097,1.3152474692429272,5.39498100723416,6.352520239232326
149291939,0.006483118672047762,1.2012095161646885,6.799390732481764,5.496583221276872
149291940,0.007344552581084364,1.3159163583002782,9.696368075695302,6.025172363917305
149291941,0.006989544431874108,1.2410349518001802,9.149736727784676,5.409498944033228
149291942,0.007502834788502255,1.3238104334502245,11.801957477570978,5.964423154081383
149291943,0.00774868233149113,1.3094543970596213,8.344332696493986,6.023871069275262
149291944,0.007207720988842444,1.33555760866349,13.1744999134558,5.986148000457729
149291945,0.007745388028235723,1.4020152949758353,11.951349038864016,6.027470486768471
149291946,0.007071556241111176,1.3268581412293192,6.1580464677928655,6.426943768944132
149307792,0.016757898205519487,2.5822332653784863,3.628190493487702,2.36955540829613
149307793,0.0167143971119385,2.5936152550119327,3.46196355102861,2.5789511211676763
149307794,0.016874134553656345,2.799821648644547,12.267500754402326,3.590771512326511
149307795,0.016822223494441593,2.780311037518358,12.137973528091377,3.5572796378843035
149307796,0.017047272749486038,2.5738355786176506,10.467914758060727,1.9653184730029623
149307797,0.016926442668991876,2.8309213724745184,9.845871092451024,2.7663942183262455
149307798,0.0170628046672621,2.5550509754738093,3.600210572053543,2.0062074734196864
149307799,0.016944089160705375,2.838781305420883,9.412390787345487,2.771736758210571
149307800,0.0169035426472289,2.6312045234713226,8.875738384815397,2.468878479334281
149307801,0.016743428665316376,2.6538136583232994,4.95466834990526,2.9008692237850955
149299908,0.010531856179329146,1.219792895358045,12.012064799528034,1.5206341086628892
149299909,0.008999942766341884,1.670820180058509,21.426847166717764,1.4195742481029319
149299910,0.009687742903114303,1.4270134988265797,15.713144036177814,1.1872127997286899
149299911,0.010555330599104516,1.4709477176977932,2.240234134134492,1.4989037851401004
149299912,0.008752782690977364,1.6573313198518205,11.255453018947897,1.8085396647262952
149299913,0.010508488450590412,1.3918448126082308,13.467491812302688,1.226444606045281
149299914,0.010465340893788052,1.3822503482293638,12.215124180234286,1.5217002282612018
149299915,0.00899480144719127,1.7282381945182896,13.507334777446884,1.8489018277623994
149299916,0.009231312736532852,1.7453568255829033,17.29179030884447,1.0328069496193848
149306763,0.015115415865053905,1.9028262849539075,4.932001002026568,0.6422522823090946
149306764,0.015043254774642472,1.9520978942530465,5.589309644655912,1.3855216174119513
149306765,0.0162957951065659,1.9817489421259187,4.039831830559031,0.8993035111327266
149306238,0.009942913426551956,1.3742811848867795,2.408471458437255,0.8956430870058233
149306239,0.00990006413146963,1.3771876221363102,2.48642984402017,0.8461828300962249
149306240,0.009913664336542784,1.3891874962497124,2.8175877789204398,1.0289329525122186
149306241,0.009620785909513001,1.4596393658106204,3.46947774930956,0.848185346614628
149306242,0.009649174800622204,1.4637422687014492,2.895650076860981,0.729128905388115
149306243,0.00974427949723698,1.4668888534727498,2.8558983002379206,0.7566128189538135
149306244,0.00987480946028234,1.4020658441019287,2.767690871320922,1.0806192269486985
149306245,0.009910828538009857,1.3880343936531516,2.788181250020826,1.0250968118644639
149306246,0.009826923902278057,1.3724574854761018,2.3765786729164713,0.8789289692037944
149306247,0.010276555455848458,1.3906593891644101,3.1295380949049445,1.1478234029598637
149299345,0.009056652427749513,2.84209709587879,23.031934194399792,1.068833497531335
149298228,0.020212917080524632,2.4417679903790908,6.3277039513318485,3.1005217327418233
149298230,0.02050721922856344,2.3054463111055115,6.450535306279198,1.740353414788327
149298231,0.020605249710273582,2.34514892686993,8.323547861842814,2.0640347322764296
149298232,0.01996877748607204,2.3682217247086754,6.908996998673285,2.5459436396679105
149298233,0.020036649766223925,2.4182003175549847,7.011844113215622,2.634861108396136
149298235,0.02036073864768245,2.420930738648067,6.50455950058763,3.15433135077789
149298236,0.020479416818476138,2.2627008650065705,15.2684148193786,8.535833629579933
149298237,0.02009310866523097,2.459974388490768,6.227378760646474,1.7168416956676584
149293859,0.015436030078636021,2.6336500500784625,11.708247834171106,2.745743645626674
149293860,0.015241220110154526,2.8370974962114994,7.84849227681967,2.1685462936580175
149293861,0.01648906655529067,2.401818851320094,5.200254746651362,1.9415199818118583
149293862,0.015604538109876453,2.3869912649100353,5.897750185233183,1.7895041345712457
149293863,0.01554512045594396,2.776946181900775,9.884646606396752,3.4546107143929854
149293864,0.0159810731430949,2.3705822123376925,5.951208936958656,2.1186789362602365
149293865,0.016770290327821857,2.5104312535857365,4.409871248853145,2.2719379486577953
149293866,0.015633741837477122,2.8286185410052425,5.731474293795622,2.1982935517793236
149293867,0.01644525187806705,2.4344125720947942,4.03837302683632,1.986141852187831
149309201,0.03725747745881063,2.4353254519398537,6.551084129446812,4.093721548861904
149309202,0.03701144468136741,2.445184004805282,6.577474374295695,4.044684334127139
149309203,0.037779469445478026,2.2653437252435284,5.35981363982319,2.3154440674513475
149309204,0.03779069756260004,2.2523595830817613,5.313037500822004,2.2888122416950116
149309205,0.041454020248270634,2.3051011132996218,19.284750307954482,2.346953056248336
149309206,0.03769297539188692,2.27052140724756,7.0597512573257655,2.1184633297102615
149309207,0.03744708717137129,2.2756918781530717,6.717714950033905,1.9913623422491662
149309208,0.037576480920156974,2.2941619090756777,6.817546706465578,1.8468950668087554
149309209,0.041968782443875904,2.2817598283052845,9.145536132728857,2.381326977706366
149309210,0.03813598989250044,2.169588083994587,7.209880822629666,2.744167521935829
149298768,0.015182259943038776,1.6874986762858029,7.384436255752754,1.4968145729061313
149298771,0.015711267058122497,1.7607670697166302,6.773492758385689,2.6850336329917135
149298772,0.015351939626720571,1.5102943934470816,3.7645166976022777,1.36246696045492
149298773,0.016305493073316347,1.5679602175917553,6.436668199027353,1.5272391544396635
149298774,0.015536119303572979,1.7920795188445813,2.814920736307226,1.4994559566653476
149298775,0.017967501864254637,1.9097085097827007,4.364184722723697,1.70631006057496
149298777,0.015891531791085243,1.5623391968772216,7.9173763568894735,1.8617750961199016
149293714,0.025836345480797947,3.827183060284754,15.610592680755623,1.7135827762667837
149293715,0.027020458041464704,3.9075025429411654,17.6225150190379,1.3624794420419393
149293716,0.02568134423887442,3.8759271544668517,17.3800828191682,1.5625351793467932
149300511,0.010202098273739002,1.6229166079560577,10.810769002609005,1.5145691585433012
149300512,0.010021754912201317,1.5474162758382013,14.11838871294078,1.3628573467806016
149300513,0.010351823731239733,1.6179774317581301,11.965614586486096,1.637795923995055
149300514,0.010275486557523616,1.5355754923822833,15.283487664845,2.0889599589586076
149300515,0.010596483079415112,1.5449258155669305,10.729592017272617,1.849034421219777
149308806,0.018341535519361782,1.9230275422023477,11.290186148316037,2.1187631618112035
149308807,0.018790602257002124,2.1092579691393736,15.50803213698105,0.6739068462772133
149308808,0.01678373161312158,2.0452076036427513,4.1923504634295465,1.3295274952752096
149308809,0.016909560018997263,1.978390354169694,9.84108523999972,1.219164345487425
149308810,0.017394518242403234,1.854760480469499,4.877393487324178,0.5368519453759858
149308811,0.017672563475182673,1.8595845575693355,2.4387980563474683,0.500201057166035
149308812,0.017164436317853977,1.9369230298456404,7.914270260343985,1.4701723999435246
149308813,0.01813607059497337,1.973223747305776,5.763901953093472,0.6914309611188785
149308814,0.016858352472977057,1.9391804923963247,6.320193362033246,0.5015292517745897
149308815,0.018252137469956697,1.9059403087039217,13.153036676348648,1.8757866807791288
149297905,0.00968262583070075,2.0815765023980486,7.60917664763338,4.048585428571143
149297906,0.009774728071873934,2.298771382181314,5.834856065667614,4.676876158009835
149297913,0.009229156835832916,2.2975980704533874,6.940377932246421,6.504913012237544
149297914,0.009222007601575944,2.2532146506001642,6.943232389760772,4.53468053903741
149308772,0.01586794388423997,2.457254128651696,7.634707640259035,6.5454586529221706
149308773,0.016056206582312247,2.4934904985055555,8.693176571482836,7.601778362652169
149308774,0.01603832713297216,2.5221982946192387,16.458661413366087,6.720697667695073
149308775,0.015439397916457456,2.6661336338008983,21.42140151874314,6.188361925554873
149308776,0.015557005737969712,2.24345070992954,4.802134857083168,2.7317603770314274
149308777,0.016487518703232347,2.5846858488786335,7.811041062373291,5.777886174012594
149308778,0.015311990573356783,2.4852818966554078,6.5705313118530055,4.247546472400366
149308779,0.01552460483131115,2.5044250197776283,7.309375069267448,4.248863858089877
149308780,0.01646815977645786,2.5007739531767825,6.372972947038568,5.0786496324074015
149308781,0.015899442875031977,2.3344667028427986,7.626778688657189,2.624518301639655
149307583,0.015455135561980493,2.6149261617887025,3.844592479638104,1.0809203389202489
149307584,0.015631274028204044,2.6061639067772058,3.5181227079934825,1.0752883700400457
149307585,0.01645233449568373,2.702474363287488,7.888572474181069,2.6716183346962263
149307586,0.016403371592568793,2.860093322796522,18.355450825227965,2.6452878662198867
149307587,0.016669211896044887,2.55490291234797,6.73361009994418,1.773917001381581
149307588,0.015874149043675397,2.6315249711127406,4.069629587259174,1.2919637631456107
149307589,0.01585709637959421,2.5946566321527116,3.260274153516693,1.2239085413976751
149307590,0.016629831072391313,2.681694624711958,17.746349497063424,3.2048639394719505
149307591,0.015469238034151603,2.6079562292935425,4.255251579296633,1.4728225976508793
149307592,0.015343531916321422,2.5889914010292596,2.7865819346377405,0.9875883359240568
149300353,0.01239799197341529,3.802678661478944,22.87139854253526,1.996352150787564
149300353,0.013565276264272374,2.4029008933226272,20.35568369816063,1.5946595107674753
149300354,0.012323161258049591,2.245312252279013,26.077809306703557,12.934579361093544
149300354,0.01103317663575447,3.989933802288346,31.167487966274642,1.2671774167788723
149300355,0.011091985581742193,3.855550909146047,31.685687937990778,10.028671238664801
149300355,0.012510701435237484,2.525241398910679,31.76887417932807,10.713704283799567
149300356,0.014278869662499095,3.539639211171624,30.16260389617818,2.2136406995108424
149300356,0.01290532262985083,2.114992430144607,19.309750200014353,14.098922194710171
149300357,0.013460014822593963,2.1799491209875317,16.905191078313713,1.2408697992051172
149300357,0.012887488447576057,2.086772922164364,19.051918276329506,13.861405625526793
149291855,0.013337330217400056,3.364872330401136,7.721707317513562,5.7484887069610044
149308855,0.012566187025946569,2.00353909722948,19.825171166483045,2.5193892006837943
149308856,0.013120064132644263,1.9571909283048812,7.510965138581243,4.097615137540198
149308857,0.012718532335967996,1.7486426486425886,4.39648724963524,1.8464277809591825
149308858,0.013861541686033534,1.4851614667102133,3.807844959310593,4.261612334128213
149308859,0.012946366742553488,1.4608686607848973,8.303038783923792,1.0343179609614443
149308860,0.012316830736278017,1.817825113153012,4.493430441580933,2.0441872570151367
149308861,0.013237356500487437,1.8135093439682388,4.006288457676281,1.7382545084819698
149308862,0.012931302139853875,1.8388903966090975,6.599955102900345,2.9582662140550156
149308863,0.013407840215573208,1.756034157704692,4.065719461469109,3.5791182136894335
149308864,0.012878020973243002,1.993524232038497,10.058842782362827,5.783761181380227
149299629,0.016638909342192244,1.7602121837396807,1.1502585776288858,0.5099776745147104
149307739,0.01682612886368225,2.542759981920995,5.666030816822843,0.9190668975223887
149307740,0.01680871806544491,2.5240389598198014,5.899190352410159,0.9998333722352686
149308262,0.019053808064604792,2.1495121963089843,3.6535256147183,2.5906915547055447
149308264,0.016226749835560626,2.544914424752116,3.1540647651834557,1.821509212758699
149308266,0.018895374328415784,2.141158359203639,3.6804546278871535,2.6078151794995703
149308267,0.015384101784848203,2.4479131147599045,2.934038283826959,2.262900445471142
149299606,0.015495218239841853,1.7060636506687803,2.5290419711975587,1.0792553722764582
149299607,0.015132074172982476,1.8128544720444468,3.237876150213942,2.3918163533686094
149299608,0.015506815038887666,1.7054073453524061,2.439631075340369,1.028976951444238
149299609,0.015100801521443876,2.0002308453115254,12.660451381675317,2.5771953343549923
149299610,0.01558210230074617,1.71683196706589,2.280532856129558,0.8639054398742654
149299611,0.01564606830339846,1.7141723148344628,2.7527817001237853,1.0181230197711553
149299612,0.015197755165187888,1.8289694798901044,3.270975152465474,2.2970713612526246
149299613,0.015226506104400463,1.8181509646061766,3.213882353781392,2.3324321662317935
149299614,0.015257726246461666,1.8340215942396445,3.2283661908685635,2.1961711194246574
149299615,0.015201625291163205,1.822716252784212,3.173517730030839,2.2314181784253564
149293727,0.02420371384999017,3.823294747864146,16.8867360081041,1.4230303152517265
149293728,0.023210484071558745,3.8750514236082596,15.885904979354745,1.5289501909195
149293729,0.025085755553816494,3.522303073372623,13.519712518617506,1.1235377937435078
149293730,0.027799884807309317,3.8003841795897064,21.319713919210063,1.3874229386661625
149293731,0.024436300052556096,3.9695703339368964,16.649141788460494,1.8512608621037498
149293732,0.026036095469676276,3.7189762834434807,16.10607509149902,1.5872964477146125
149293733,0.026129344735673868,3.781447743036444,15.900506297655731,1.5879130711774196
149293734,0.025380309473699358,4.172610880169547,17.56009859512388,2.42275516418774
149293735,0.025437426075009473,3.323051259096091,10.130006427063899,0.9855129122570234
149293736,0.02682061707816498,3.6349533350028684,20.04649202411385,1.8149898945470597
149298058,0.012571316450089971,2.1942452034277973,4.216065869563894,0.9517977670436726
149298059,0.012655087029126766,2.2343998298283183,4.071943127148162,0.8398682890808429
149298060,0.012734398744969478,2.210995572581699,4.235051375962144,1.0149030523034053
149298061,0.012635094571955217,2.1956678694991125,3.681161202905971,0.8720862089249498
149298062,0.012771311469030287,2.1880834940223854,5.437018190547401,1.0911816925696767
149298064,0.012703371678606528,2.2008714068853164,4.06483515610024,0.8778586702909017
149298065,0.011994161634160807,2.214381933415384,8.158223546804768,1.612659145108888
149298066,0.012613428119347065,2.1976916010308454,7.198377059025378,1.231107259279327
149298067,0.012060963023145849,2.272830869586401,7.326729267541068,0.9194215970296664
149292813,0.008036198244584158,1.860550698529965,3.3427112322868004,0.06544792639154305
149292814,0.007881251351760037,1.8995062216251313,2.817572457523138,0.14554577125097612
149292815,0.007927877692284035,1.939365022613775,3.507354435590469,0.06085069240439173
149292816,0.00793177882512603,1.909945953444966,3.969410856702191,0.2492658676819065
149292817,0.008088672063773195,1.9092509279079097,3.2456157370001733,0.06281453683994355
149292818,0.00807912350036898,2.021898721381174,6.242569602592711,0.1068273981688673
149292819,0.00836494226934674,1.9912686935870405,6.014404987577118,0.08434108845964668
149292820,0.008313663057661068,1.9484632574342018,8.544679346105962,0.07591958756929779
149292821,0.007989230056355314,1.926631362351501,5.176583688781393,0.1959319389652247
149292822,0.008404813627242888,1.9436070944737005,5.4766489716944875,0.04365124549962447
149291650,0.01398476426355608,1.6115924636111318,6.135758171626424,0.17622821468219235
149291651,0.015520624539197975,1.8087914191697696,9.011969626236752,0.6068105444605382
149291652,0.013543030980859634,1.6536894693420128,5.403609359506737,0.9233389036528677
149291653,0.014301866744561588,1.7683954528827117,12.170116456025532,0.9504709073313055
149291654,0.014675625501039445,1.7144859618398613,5.490145894480014,0.7069116463664018
149291655,0.014425555461752297,1.6558566452669516,7.044677402000143,1.0998637698946903
149291656,0.014421420505155685,1.794435807398734,8.436220127760466,1.3641940662254708
149291657,0.013825166787894092,1.6810808535674564,6.3786223437606715,1.843276948689691
149291658,0.013860414333470423,1.764080090684442,8.240862451972099,2.4113382414595037
149291659,0.014437912218132936,1.8206286200536066,11.856840964733625,1.7033082850539754
149298750,0.018409975432284554,1.6075511678890255,5.098210559773862,2.2655263710305156
149298751,0.018209656311735323,1.7107642502707836,6.304097415012885,2.3491362312352395
149291610,0.009514996793331551,1.4168943987247988,2.4504530044411172,0.34376245401786076
149291611,0.00952270607638472,1.4193820943660207,2.4503236894070004,0.34936117502020364
149291612,0.008996756371226487,1.4905327493166354,2.958250063056674,0.589510721585154
149291613,0.010082487191775411,1.7979496178833507,3.3928164699027135,0.6104231823834101
149291614,0.009853063642124177,1.5605657656174226,2.790997468319723,0.659832979433752
149291615,0.00994121704341385,1.830576566077487,4.374621094781714,0.5805664657549722
149291616,0.010035055355112683,1.8348096741554893,3.5528843685154334,0.7002746625328929
149293816,0.017469557573185582,2.5786296838932743,6.539909146770653,0.7071071698082485
149293817,0.017744451416775577,2.505077092290473,7.284975608239883,0.6090847579305184
149293818,0.01772325895415165,2.3982951790739233,4.72567566211269,0.3965519819145982
149293819,0.017677374223392002,2.68482770776039,6.195328376787203,0.5194906819185161
149293820,0.01815060336588094,2.7230173556120163,9.405107574708536,0.34481531103012963
149293821,0.0172276656995054,2.513648662515509,5.032915100933725,0.6180762484976253
149293822,0.018364657666460074,2.6411315424775985,5.555775024899824,0.532163315832357
149293823,0.017704292651576428,2.678241788621571,9.363233876884486,0.9114592087067819
149293824,0.016305457901249196,2.625623822846199,8.105967063000966,0.9071395469421352
149293825,0.018243636697331027,2.462840440570887,5.693923388268501,0.6477294617124488
149307076,0.019085017879916514,2.4354353941562152,6.696266224211782,2.431134633363376
149307077,0.01970839242613016,2.4106674662567507,7.050743112986533,2.3588144117682823
149307078,0.020096846481817827,2.5011504301986816,9.120363556390197,2.46038411768732
149307079,0.019232565818413913,2.417320201598786,6.743954242350642,2.534452545982448
149307080,0.019659111816717055,2.380361863389375,6.97236892359455,2.3542032306029363
149307081,0.02005836048677349,2.4378463106493435,6.953931177593425,2.2417180055811325
149307082,0.01945628565888862,2.3774164379517853,7.014871586728771,2.38812533563318
149307083,0.020530082312161683,2.5093459867279386,9.53570255025022,2.5776588724004736
149307084,0.01951942024001237,2.4252220554517296,7.3862636575573575,2.1721838709684778
149307085,0.019911157186470147,2.430289104015552,8.101745287357067,2.225671855175019
149298148,0.018051300291089104,2.9309682362107297,11.395598997138103,3.6313472800565134
149298149,0.01778243472115647,2.9884437759154743,13.268270836091087,2.368961542752363
149298150,0.017538231986247464,2.955605363395978,13.878776143072768,3.3467135204115794
149298151,0.01797848383834752,2.8679444217690633,7.979713708958832,2.351034001042872
149298152,0.01613234586429196,2.856618628291132,15.344073408821911,1.8106918231497975
149298153,0.01700891962020897,2.8212339987721755,14.290013329763623,2.791100063644047
149298154,0.018543083197794005,3.5806064283387133,21.124955225189385,3.5515668146163057
149298155,0.01831323200184392,3.0965620316446265,24.804493058642585,2.8303086068856533
149309191,0.03480317247424317,2.2558566733141117,6.170188871175271,2.115825162071881
149309192,0.033526659522774414,2.3575623404963344,4.615738904702951,2.8563751377879694
149309193,0.033463594817821775,2.374486077309812,5.858043524592921,2.874025727669982
149309194,0.03357893267516745,2.3820243156072194,6.236723178071722,2.9148517030871552
149309195,0.034164976385155935,2.296562224340274,4.898120361694617,1.9505375372685811
149309196,0.034096098785786066,2.319200741943908,5.611663017280566,2.035841969105767
149309197,0.033932740320448726,2.2489316798005365,5.3736703989677705,2.3317115164669477
149309198,0.03391878860221348,2.2686127204436475,5.614908198874107,2.3994834233384785
149309199,0.033184597216937485,2.3484712997440713,4.793343105056306,3.0474850147807353
149309200,0.0331925908910446,2.3269899718085454,4.699886139205272,3.004183783671269
149293768,0.01255347341095535,2.4395869254314104,3.878723900519293,2.815426221830366
149293769,0.012521930811078828,2.455913696079234,5.891488906287993,2.8904286644059054
149299596,0.013801520878409827,1.855523648963375,7.530438286597961,1.9650960145930934
149299597,0.013513969748982977,1.840601676414185,5.934372329150192,1.8096994346185034
149299598,0.013330221612481728,1.7031033156545958,4.470966348579686,0.9486192217285505
149299600,0.013604657435800725,1.838670440604763,7.968372027706972,3.2908863283958167
149299601,0.01381300128428249,1.8149230447948423,5.891694738856225,3.046494785683689
149299602,0.013707326501240106,1.774654678067665,5.969167982789027,2.8670517370757156
149299603,0.014058848012540327,1.9853659552214291,12.781521667268851,2.3211686650836887
149299604,0.013476676529766377,1.796446659214388,8.865633431343309,3.236417038922614
149299605,0.012902437790614235,1.7040845297479823,5.2773067130623055,1.5151298542546041
149297697,0.01222306894550445,1.4744791980254504,5.778542302313173,9.296694534013715
149297698,0.01187835238545444,1.3733006398152605,3.9025965270580847,4.831048058024539
149297699,0.011991477982123563,1.5465346152483148,6.201974719738449,8.92669729921213
149297700,0.01166183642233036,1.5016685440050699,6.454268786234561,9.334105567533197
149307344,0.018756634447058437,3.3231385901524595,0.8984705337697546,0.002483975869836189
149307676,0.015715816245736196,3.528673513724376,84.49705168905102,0.777888995896056
149298836,0.046849642956098225,2.2153073680996758,2.225033805996561,2.5893873073506843
149298573,0.038563617261437096,5.231624333587983,39.90358636420251,4.399183819229349
149298574,0.03854858485462707,5.231656431302429,34.565405211927995,4.389691633624342
149298576,0.043818845279648924,5.3183431145659545,26.948483541034243,4.683024841146281
149298577,0.04374239510576753,5.318509364749047,26.7508233769905,4.698540194872139
149298579,0.03561819816445214,5.837440871860069,47.02250818141969,4.878993578308186
149307031,0.02412741145541447,7.740244145128277,0.0010718434985520762,0.0010244017671145157
149307035,0.03221933594213649,3.8177929497195984,29.170052814531747,0.21285745664224529
149307036,0.03208853600768661,3.8307994526570357,29.368190121387414,0.1736766659552465
149307038,0.03602790162112305,3.954850377408635,75.12137822226522,3.8356023862103727
149307040,0.036084733787327884,3.9743189074524374,75.02154226363335,3.766691591638035
149307041,0.03204121604263591,3.496098192930327,4.851374341614854,0.9105334971964559
149307042,0.031837781709068695,4.9620026216988435,6.4569966528012275,0.8451498550658388
149299796,0.0550143875883376,2.913041402151582,13.603151583833634,13.139668775148454
149298580,0.04186407454910655,5.295626234343369,13.260723613063488,2.496135957081895
149308408,0.06605494128015994,3.422859993869321,32.38206411863358,1.6631860349852952
149308410,0.06826323303632253,3.5259935823901185,26.1703224753118,2.0611168751976976
149308411,0.06829408183902175,3.5273212166883807,26.178855938765345,2.034357512565803
149300440,0.06815366048729898,4.196289534399153,26.444368300894336,7.447225328658578
149300455,0.06700349910885639,6.424552430307062,5.647271693928706,2.430497299618837
149300456,0.06323743483095258,5.491842238421703,12.046701707072332,7.984334764057808
149300457,0.06620186153563427,5.211836870460358,7.288745183069319,3.677979770735267
149298433,0.018908662405275816,2.759254822751441,0.041598224420506175,0.031737550114046345
149306428,0.014985220180092393,2.7223150872514097,55.771301385197006,2.5689900971115875
149309436,0.04020418412364759,2.992038977573079,25.5452722043258,3.278103687383178
149307253,0.019565794664059534,4.399889835141858,0.11616198812911345,0.006331988115608864
149293409,0.022017437252737308,4.016310289676091,6.98037497357697,
149307693,0.023272501194949873,2.827378210215682,62.45632602978558,5.547519979067187
149297524,0.010903975565088543,4.314991961212863,30.186523577517168,18.538823634835435
149308404,0.053842848582503905,2.658902433961797,23.66129652232828,
149308406,0.05853349357705495,2.9856055904913688,13.809570092014457,
149308407,0.05195679663067217,1.5464491299217829,14.732168200604582,
149299819,0.04549523806652292,4.446659513505493,21.173611357907568,
149299820,0.04619202381713621,4.098431926731151,19.356788441650796,
149299821,0.04344167226457422,3.046319121679932,47.407836094625985,
149299822,0.04463875503042562,2.9851259400029377,48.307140561755986,
149299823,0.0448360742173724,4.645978508591372,22.4715277602304,
149292865,0.03332310896604669,6.810902382755474,10.764899107764483,4.751819030251862
149292866,0.02230335009036121,4.934868182411293,18.65282148588591,8.405507637784579
149298377,0.012663941431656398,3.118207941095581,24.984492004730495,4.96013363217758
149300547,0.022071506583902285,4.724046207371623,13.367853467581675,15.861850852889722
149307803,0.025438836350263342,5.0505604481345,12.752295777796473,7.142845955897963
149299177,0.014453913635300995,2.170029651764005,41.05046731858399,2.2703000890424536
149299178,0.013301110086380364,2.6766205292109455,29.81831148016046,2.3223308691422164
149299179,0.013302282884973045,2.6755252383628605,26.778405066383105,2.316798235840145
149298353,0.012029588880614714,5.206253449892925,41.24977594960022,18.04844412205028
149298354,0.011927691146578946,5.2192981831662255,41.51240410602334,18.123299116464224
149306400,0.011044774121983304,3.283773799022857,7.593891950271858,
149306405,0.010792435149815177,3.6899602551886486,21.877752577519967,
149306406,0.010481024825488858,3.5070709795322386,18.662776493957722,
149308923,0.03634152085756976,4.63679187029422,2.8139798760494394,
149308924,0.0349582628758436,2.347779701798749,9.28895651252433,
149309434,0.02898155325294419,2.518823368187291,21.393442036535653,2.843051103772829
149298398,0.011562249393085722,5.156999748236015,38.01531405303071,16.57989629946954
149298399,0.011523605912138362,5.152688859619207,38.10694458437459,16.607217674333725
149308976,0.0326315082150507,2.6121999667448117,7.499029778046722,2.662223404069722
149308716,0.015203904295735088,3.2105547768821814,4.6864795278964815,1.9318194491856482
149308718,0.014355233493419198,3.4197435306671897,7.036779189637811,2.850531966013204
149308719,0.013672787943881222,3.683096205332445,15.539173712145619,2.5377931740556385
149308979,0.0215348401822493,2.943496793660911,22.74225083340655,8.30018162283197
149308980,0.019279508018651702,3.127860390258595,15.781027561646873,0.7815505866008507
149308981,0.022381064951514706,3.372201746182999,23.63846375950733,1.4827348877536357
149308982,0.023897474325129193,2.9891763200103334,15.350494875233336,0.6575169839242676
149300286,0.035416763264731144,3.9334905717053177,18.747142948563283,
149291889,0.016997595392312676,4.129247248676015,23.40077031238461,8.721693318946093
149291890,0.014265435678769867,3.875518855526972,73.0028097799485,7.920838677574046
149293353,0.026689180277975184,4.652856035311756,42.601798279243205,8.6297687154274
149293354,0.030595573103022668,5.42521797339496,18.641001504364713,2.3687012489593875
149293525,0.04103145022843533,7.717075013365901,27.759493263693866,
149293527,0.04170111657722292,6.403867567527249,29.06205024424108,
149293528,0.03987634972446691,8.170912757587066,18.32814097083416,
149293530,0.03783289075012433,7.925761232853053,24.299292668470216,
149293531,0.039912633165073805,8.170883277288794,18.199216237650848,
149293532,0.040426958905169084,6.2670898845008125,12.93120106597704,
149293533,0.03794235259278846,7.920032493380083,24.523149502695237,
149293534,0.04025192191208346,7.336133367533955,15.284956958240212,
149306775,0.027347124639189622,2.8231315259764656,3.596686458518963,
149306776,0.027355058848961812,2.829893975176571,3.6180759209546247,
149306777,0.03147824582242098,1.8644848561679814,1.634594183023893,
149291480,0.03471799474389317,6.184962830659035,11.276517075553784,13.046530516579997
149299346,0.012342689539532182,12.008772359926752,125.95629874776824,
149298201,0.04058030258662602,6.552651949982384,69.27898639663897,0.0036492711221220745
149298130,0.016879448692983603,2.807740595402093,5.158292588371798,1.2764169784667485
149298131,0.01726619560975366,2.725170920357354,4.009782560450598,1.0803247591949126
149298132,0.018230538932218515,3.2498440134242035,17.021340112102433,1.6858335571254646
149298133,0.015662147045605732,2.670238688558481,9.041487656253668,1.550798469198539
149298134,0.015161177870160445,2.8658154130885305,3.617136875896894,1.0180456929894655
149298135,0.01505887959423272,2.8475757903108643,3.7479529562214275,1.0613614013421686
149298136,0.015282825596938877,2.92386782407399,10.883340856539578,1.2496057535808336
149298137,0.015207611690303989,2.888919503951521,10.916531511486781,1.3190989542417302
149298138,0.014934962173864315,2.5785006297992195,3.257464565905533,1.0900212104742797
149298139,0.01524251523776354,2.6320361701684134,2.8420104222988907,0.9814803252786264
149298140,0.014994220174157082,2.6060797045369006,3.2216672145175584,1.0377110739427373
149298141,0.015092837779834096,2.629774095336013,3.029522362788359,0.9881298165335903
149298142,0.01594806883532641,2.3622607219659804,10.985919201187835,1.1288009445804368
149298143,0.01593371555833958,2.3830988753098827,10.637236107029542,1.1690428534344743
149298144,0.015291888112125979,2.9518933615792604,5.021144151675558,3.614114375821992
149298145,0.015333580976911102,2.938169126110188,4.594498340550268,3.771476301219859
149298146,0.015286006703734279,2.937769803704368,4.5627489707910485,3.821784426633304
149298147,0.015296244487159775,2.939803343590761,4.83888566577237,3.612511359693962
149309759,0.012131796168207441,1.7843132973616254,16.40346326023243,0.6127077307491695
149309764,0.012126988003789328,1.8215865914246196,16.906701360614218,0.8155539499506295
149309765,0.012379251561760823,1.7548160837366353,15.003140065142006,0.3582895008361189
149309767,0.011920226637214365,1.7335527839589384,15.64791845607024,0.6565812792125116
149309768,0.012010713414300479,2.0866631951956927,16.776148651165553,1.1281382868556096
149300489,0.00579928402280424,1.3720457986746564,11.793697163624747,0.5510840634556397
149300490,0.005743790006439485,1.3726766649674471,11.693342147216185,0.46875721823101024
149300491,0.005730942716895312,1.6212271862992453,15.091723718057395,2.0105979854808793
149300492,0.007990019289327186,1.6476721598319937,11.55296159329313,2.1628514505612535
149300493,0.006732985603600764,1.475352832496812,15.636814015372734,0.9128410168090869
149300494,0.005683492432454484,1.420972286041773,7.735767803666671,1.221437066075907
149300495,0.007565679438144208,1.6476230010704298,15.846160538183424,1.749019780560331
149300496,0.007355925692965757,1.5453414349541366,16.179954022545918,2.0493090982000455
149300497,0.005584261971083951,1.6686091850393623,17.2056699295099,1.6213203970157424
149300498,0.007560302555235769,1.6347564928942881,16.306419706649976,1.7240293928752666
149297711,0.011532910701640286,1.8985051946195568,4.74341558687908,3.1642303063961355
149297712,0.011315880630112294,1.9123264473736776,4.785538001358782,2.76431441851488
149297713,0.01150415304872292,1.9414449600425814,5.2760454509860795,3.9350876300489204
149297714,0.012503311690739104,1.6765956044518702,7.943270388807211,3.4955603165739584
149297715,0.012673245289127765,1.8131854060578283,10.225652528624792,5.350544271916867
149299765,0.015944266868824414,2.6771470213280617,4.437238543760881,0.38883298504718966
149299766,0.016050122385229272,2.6933078803170436,4.619908084016871,0.4346328696369516
149299771,0.016008330311817465,2.6752806416615704,4.4017319083279896,0.402888398728052
149299774,0.015451157391962156,2.27571400705143,5.090609012680083,0.6118568526498243
149292979,0.012917922888167673,1.9744800765934896,7.298619963008205,2.4020558813306843
149292980,0.010787903336083295,2.0089349767344666,11.094013756146008,3.1721390320396914
149292981,0.012316750961963392,2.04805530294007,5.353308444214183,1.4269783583432576
149292982,0.012791697225969645,1.9612538469817338,7.006850013881248,2.319861427880039
149292983,0.011950307424114074,1.7434129622342907,5.554930028985336,2.2857475871855053
149292984,0.012011713562977668,1.7829276208895979,6.004553505754606,2.208707335222268
149292985,0.01231465926344307,2.0221676121506604,4.313761369140553,1.0786729706300564
149292986,0.012626368651837444,1.8236261105044196,4.2827436444387175,2.514364082911838
149292987,0.010244705845258491,2.101763315017712,13.581068362736373,2.9548319220821586
149292988,0.012446072428999533,1.8542248738588625,8.099821813474158,2.8589473734128235
149294257,0.022985739813600994,2.8480837361894187,5.7229252310172285,0.8165451774975341
149294258,0.02157331602326899,2.775070891866073,5.914335205325143,0.9616325598492236
149294259,0.025493147314656114,5.6954002181057195,18.918265377703573,1.7156776205251643
149294260,0.023220623141672773,2.842037478542816,6.139837213538779,1.0151924288891556
149294261,0.022451387101967292,2.7838468332045867,5.489043125038907,1.0826256204761386
149294262,0.022527172676574482,2.5975343100967003,6.149336695319565,1.1882631830581332
149294263,0.021656182106080297,2.7809646866014526,6.528200376577503,1.1074680317314893
149294264,0.021929636668157507,2.726179235520599,5.339203067076004,0.9124059387803112
149294265,0.02236836897789547,2.5828344603896896,6.215103184488608,1.1359843451403615
149294266,0.022667427045553898,3.1050782892810873,5.578572237979577,0.859719182211207
149298126,0.015173091009396572,2.710778901601566,3.5396621742555454,1.1164224605193502
149298127,0.01515727204762072,2.712878941679023,3.9441140429983883,1.0205465081159546
149298128,0.015354056473427285,2.0699889556058073,4.790742140331053,1.1467157665775731
149298129,0.015284324368978948,2.065328790251431,4.940594280245097,1.139639687914198
149308194,0.019180817416346495,1.855274490552275,4.808121151008913,1.9688619501655962
149308195,0.021836171322374382,2.6728231233884236,7.905826856215087,0.7773276489414065
149308197,0.019214493202521325,1.6929327449072535,4.079760237120025,1.5930095011099412
149308198,0.019558311320020654,1.6048809865551903,4.482606042298713,1.3246321206136071
149308199,0.02008831712315362,2.5652483499524106,7.762835343539432,2.4271374334718714
149308202,0.01945827397374518,1.6516404067844845,4.403232128691531,1.44278951150076
149308203,0.01930972991143623,1.7020978878832123,4.230943265701644,1.5116625014442153
149306218,0.008150077186528491,1.1088902510059158,2.545469509801418,0.863890453058977
149306219,0.0071244006945215274,1.16438416991961,8.980938754504988,1.6209718470149836
149306220,0.0066145365864752155,1.0657248924248157,2.660305330373909,0.7756469147468568
149306221,0.0071085694898442775,1.185471026701983,13.637998900015392,3.6089567724248806
149306222,0.007393955892665958,1.1839315370195729,3.916968470999333,1.4128249798840884
149306223,0.00766989478795271,1.1774646117245227,11.254817142334561,3.115616394558611
149306224,0.007836147232890727,1.2318910843119106,13.548796718369024,3.5247642665221472
149306225,0.007733951219751486,1.183571858002235,5.1611849165008445,0.863851122484961
149306226,0.00881995018030652,1.1760964818868989,3.2582127653546267,0.8655086720146209
149306227,0.007442559233047837,1.118873276937008,2.7084168460715463,1.0077190286702729
149308204,0.017031494943659745,1.4153850407679283,3.816416562895567,2.809517968762444
149308205,0.016930699730833148,1.410721567698286,3.7809902924432786,2.777508333141951
149293717,0.025378793280632358,3.688561589357118,12.386392409050915,1.4449478333470491
149293718,0.024894791185523648,3.66128726295283,13.649287590084688,1.5996499325579174
149293719,0.024305721074964943,3.784504965115048,23.209509697178685,1.4484698545879968
149293720,0.027542546730847526,3.319151494690312,15.784618499973828,0.9306857834738786
149293721,0.02431530570099378,3.9283458403012927,17.81920499921375,1.1053605392176211
149293724,0.025471298105561438,3.857254508910994,25.857333915335847,1.37038427627074
149293726,0.025253354103574082,4.048399151517177,21.21128374715379,2.1258811181605504
149299662,0.12789473980611418,6.668150041896595,0.010415416510184796,0.007678906230449711
149293669,0.04554476278065361,8.166593120417101,36.886788771923655,
149293670,0.05500123952452713,11.899659567197201,19.987707508671722,
149293671,0.04465839674496415,7.083984869941285,17.501982644564656,
149293672,0.04409620335427019,8.835459209567157,28.089775326513486,
149293673,0.045207599293628234,7.4001274210965144,16.407416182912243,
149293674,0.04609481139549949,7.350594517373248,22.83175021307216,
149293675,0.042916319604576945,7.106189627076372,16.955109005127767,
149293676,0.054760690250504764,11.33344723561705,45.31276153976999,
149293677,0.045044794225434844,6.653279335944389,12.704057661751877,
149293678,0.04760139319657045,5.718437711303576,13.918595363514426,
149299176,0.034146648757754056,4.328885575208738,7.747952899519001,10.024643386973473
149306692,0.0465924419022286,2.826886921831694,89.99770211665911,
149306693,0.048775046668360064,3.0387935296995625,79.55107858469417,
149306694,0.04869652656095169,3.0600435584870866,78.91808707962888,
149306695,0.04862984052178876,3.0818485327826077,40.830757099764234,
149300444,0.06546768679727076,5.4301547925391045,0.0012963605479880012,0.0005105561718067298
149298835,0.037773878327784095,3.2763346046288144,11.685098296188047,2.4091270515539964
149299351,0.014827196010339922,6.609383148587967,54.26378616784587,0.4142137578567526
149299352,0.014590018325518326,7.006057081799146,43.42266437140935,0.19062326147072903
149299651,0.030703966697013575,4.173684162848968,0.0009088571909171899,0.0006576517647029299
149300509,0.015243961406120717,4.053339274647811,52.04326668871767,16.216108066193634
149300510,0.01613794093846785,2.373286567765376,48.26509941134569,7.568480408532466
149307190,0.013567180907485495,2.2143088934639503,0.8609823969351905,0.0059673012592440745
149297960,0.01710830537549068,1.9525275584618698,1.0645612143852965,0.007160057837153994
149298866,0.02836306940604091,3.537692498439135,18.739901782786426,3.361149084912452
149307876,0.018244002289227394,1.8978157210097761,2.2287111199843994,0.004912794171900321
149306360,0.024814742965202898,3.7507277859677286,2.77356143341579,0.8301048874053144
149306361,0.020080860270848037,4.157566048957637,18.095623676739667,2.397081314349307
149306362,0.020812922291329552,4.246725719138171,59.663194423683215,2.0695861429539204
149308495,0.02303036075350326,3.99014499700191,24.235031487103594,2.980029910618369
149308496,0.023071845263286195,4.0561776696795,24.256311623650177,2.4498744478117005
149308499,0.02044633993836755,3.8205417474684213,23.32324113269772,2.916181154090984
149308500,0.023453295952663558,3.870799954191039,23.440565998396774,3.3672859004386297
149308501,0.021557229218072536,3.97822714153264,17.54271649858801,2.3066366961095524
149307468,0.021291658558609747,1.3434154053536593,3.521408249796194,0.008171474318537373
149306778,0.011095752340902033,2.7175449129758653,13.309965283070742,0.7945230112080278
149306779,0.019060096378003002,3.1304424252691074,27.779646474013365,2.1138882425218797
149306780,0.019557292175825858,2.725165174046896,49.74603398809792,0.30735185397318676
149299031,0.03004126803865555,2.5138357956227675,15.038516098352677,13.71260787972308
149299032,0.030030185993961022,2.5165822818379087,15.03936303074683,13.666294735115306
149299036,0.03447895841640301,2.597667414818091,22.71525032915891,10.70845802125014
149299037,0.03271752921635083,2.4516717437890674,37.55109028885096,11.82563546201134
149297287,0.02252296319563095,3.036288545410262,22.706748278927147,3.4672544118721915
149297288,0.026550232881476434,2.917302004704145,27.3463867153114,2.882686369853405
149308336,0.031114885307169878,1.5204195781451786,49.9200871769286,
149306888,0.023023331389740914,4.251760701318928,27.14201910983244,18.109270217243797
149307339,0.02790829959707987,3.1107989565030336,0.7957576494011567,0.0006587203386423646
149291866,0.032843667327885726,5.376497530519651,10.28341354973973,8.89367997930985
149291867,0.030467704427447177,5.28506492721913,12.997842616407832,9.140572912598678
149291868,0.03055402449093842,5.429533374226826,12.318307139603709,9.025537772658513
149299267,0.005016219468536329,1.482832364628031,67.66905736197556,2.2830317978013634
149299209,0.018085445284768138,1.8021400471895797,66.80146325395782,2.204030762869459
149299210,0.01829793918757678,1.8465881347727848,14.166671711348611,2.1091251391235835
149298025,0.019808476191208558,3.9498541827941662,12.787663748797566,5.461085792842391
149299784,0.039082702351112254,2.0104865939307195,9.488808252008239,11.911843824004741
149299785,0.0389494430556015,2.2627830738587367,13.829982441369832,10.61114382733476
149297381,0.011894056932251222,4.334379351701156,7.690186239925466,5.772352422475546
149297383,0.013294661496410273,3.9674991090469067,21.771400046689717,14.305575084459017
149297385,0.013201886283092271,4.1552473551404905,13.63796583978822,5.562545472578468
149308448,0.027408658573279145,3.788469189569699,9.088414346698345,9.840021977368542
149308449,0.027109915879450705,3.5408280893990427,15.672190731252316,6.646384936338145
149299270,0.03000912672307575,3.55723919964727,18.41575331406469,4.64292133663629
149299271,0.026388689414700826,3.216367540688694,16.307760402337582,4.462511386883108
149298434,0.03577132912133756,3.401463478141104,31.90549023323938,3.579842518879425
149298435,0.03453437180746167,3.0745950736235943,46.75109712528661,8.93505920848144
149298436,0.03171268588215407,2.5090354927190712,45.95777944215388,8.73636484240023
149298437,0.031728542621906976,2.5065555187715507,45.95840341571455,8.672553983805605
149298438,0.03455407605776776,3.065920015000027,46.694085689965085,8.919721818275498
149307096,0.01477103378366777,3.1999900022359675,12.092605416561025,0.48221184292226277
149307099,0.014795799014879816,2.170038589566566,13.606474168023988,2.327328876378352
149307877,0.016259754965994112,3.376227289676705,0.37116261237724224,0.005924382372912204
149309437,0.0374193902866483,2.6671406083940545,23.02828212006377,3.491028861225939
149291639,0.026535172289200715,1.9580656227339968,1.5770501724375965,
149307025,0.01738489997817824,2.553264189925899,0.6308821319553221,8.220554701300984e-05
149307026,0.012727877712163653,1.7816921922684508,25.82243506487242,0.6537877165859698
149307416,0.01790468280216321,3.4369362013343,1.0393513140254136,0.02192468491893758
149307417,0.01605784313952779,2.7929850927782764,11.229828906827679,2.236383301666379
149307418,0.01605550740819303,2.7925105226047338,11.233375169471254,2.2391435959778963
149309463,0.021637187990416504,2.831664203260491,18.427294112481558,1.2258756981888956
149309464,0.021711504517313386,2.826430957382365,18.813849118473556,1.249840973775858
149309466,0.018265151895560338,2.432408065083754,42.193735660583634,1.0402579453174696
149306582,0.012449167960309327,2.4581604130436845,10.718069919830734,1.0388434620610876
149306583,0.013872272898929075,2.447948944491972,7.770476436688989,0.847792525855857
149306584,0.012906572135542124,2.6083485636310955,22.15450921019086,1.3059132940934413
149306585,0.013110910211374886,2.345156722493487,22.167878938492272,3.238672755585217
149307505,0.023092496777134763,2.019646568593817,0.5964658290606254,0.0004555172957278326
149307506,0.02650365411629945,2.6661903157190654,0.6465663137996714,0.5401336127272112
149307471,0.021322246249677473,2.275629126627894,28.77367762343655,0.06210469481547365
149307472,0.0213187065985844,2.2762612569670124,29.089413871439614,0.0180498155091249
149292993,0.009696312938085042,3.5243359247656465,8.481480622133677,
149292994,0.00928003931470703,3.7133970181274405,14.942415358809095,
149292995,0.008666703507161755,3.59836391191792,7.788776587841902,
149292996,0.009203258664970996,3.5150997783662428,6.113986103773948,
149299027,0.02498061619837795,3.5887726862406204,5.108120400417059,3.637551493732125
149299028,0.0235530590429164,3.9931235393530873,8.199155992130684,5.730349884772357
149299029,0.02655317207874228,3.9855296546204197,7.036756855464571,8.928807744291849
149299030,0.02652008269525299,3.9794465733700037,6.8100114211647265,8.46538146921321
149297310,0.012049444690262633,2.6870218988144083,2.6744159876003444,2.172370060299707
149297311,0.015138235988669277,2.4301953051180654,4.785317075036728,4.044899753420311
149297434,0.027828677077864426,1.8750020796344447,11.288275324730792,13.004057584706041
149306393,0.018408309110281643,3.4484145094611796,6.622526943582516,2.4380141392620485
149306395,0.013856429278473066,3.1459488557191557,8.65037385681632,2.2450948211639177
149306397,0.01729814079938235,3.067812830645758,7.429501922762876,1.7395433664332733
149306399,0.016378810277326107,3.0162652497700893,10.938146505955983,2.5308277999241833
149309295,0.014955991293893654,2.859800009087858,3.461872695746082,2.025482130284193
149309297,0.016107399541083447,2.9150423162657333,7.157958213870801,1.890750637315284
149309298,0.016306128960874605,2.824665975470075,4.163470802945954,1.8638627789489293
149309299,0.018004249143412955,2.9464225502991743,10.566880975290124,0.9155979742530456
149309300,0.013659221522447864,2.524335082161627,5.238216812489115,1.9580170996028956
149309303,0.0180710722179637,3.0019959165179233,6.327439237131318,1.682252393735026
149299826,0.03836157669821722,3.4715346614568676,17.561887138244582,
149299827,0.03824707633821172,3.8920795036075306,15.62339063537342,
149299828,0.03876485510734622,3.603877410971611,17.306789974116644,
149299824,0.03882331407885227,3.5957791471686744,15.293187616307751,
149299825,0.036624990450950204,2.3158498222114106,40.635760848936,
149308450,0.023762408775298824,3.033217259927701,20.423040944794746,1.902677007959318
149308452,0.021675627491756836,3.0549930395675506,31.171562721750792,2.111443757390581
149308453,0.02266080076172627,2.629967481696827,17.91188774294707,1.7313049981911792
149308454,0.024483899621223364,2.906696269635957,19.57891439995367,1.9635302892879545
149308455,0.024731928492216972,2.9572781021670433,16.554828407608294,1.066678899898869
149308456,0.020388911708463967,2.557632617739693,7.258860392884895,2.7878487169871464
149308458,0.02568239311690048,2.9449923944406953,26.979492743969608,3.5371218763100067
149308485,0.016783535816421002,3.1549399033972905,16.31887606355211,2.7598431924114157
149308487,0.01583756559252295,3.2107091838614474,17.767536781754842,2.5657424283453225
149308488,0.014945092719381114,3.0515779030225927,14.191934600096701,2.699993261283526
149308489,0.015995975357954918,2.9294093798409953,19.8118928737939,2.984146616697863
149308490,0.013767887737761735,2.965946650826221,20.17201661175452,2.654771645765763
149308491,0.015874365911888056,3.047831569182072,17.345071000642836,2.2167803292276447
149308492,0.01686253352759562,3.145563344731134,16.393308016569975,2.4258511968536
149308494,0.016214692563474208,3.541297308717337,16.98765719116853,2.7191040467001577
149306547,0.02651396838098804,2.307732362936672,0.8318314601231056,0.0015934787544166949
149307404,0.028955662679062424,3.277223474585774,16.890580113960638,7.101457256748923
149292035,0.017108994240369695,4.391037705175368,8.923941765428884,1.309914966161342
149292037,0.019848449988414226,5.032892896830916,12.486073467236947,2.811226898165667
149292038,0.01774651797806122,4.31323433365134,13.811287290827558,1.4040899191650653
149292039,0.02239569416872842,5.479538167369342,19.104758895918952,3.7208485636686675
149292040,0.01819589432618065,4.843157048129792,13.69863102226078,0.4095497608018301
149292042,0.017418459433465462,4.427809357549835,8.06884635083108,1.6138356300726742
149292043,0.01784247862049877,4.344178547311198,8.278596906100288,0.5302076859713144
149293700,0.023325196997261845,6.077644101152865,31.578596285474042,
149293701,0.022487760770061208,5.828061484669695,30.1843999596179,
149291627,0.00724139637895209,3.23500214361646,6.357488635184728,
149291628,0.007112254951281272,3.231517601659979,6.4855684908374736,
149291995,0.02397901028629113,4.292744625356638,16.952340092596096,2.55703855164916
149291998,0.02427938024667372,4.335659367360835,11.525206665960257,2.571281203835249
149291999,0.022865129621166207,4.661922785687816,28.24509761509342,2.8097263687835774
149292001,0.01646694245663979,4.216824943657857,12.369486018836163,4.298935312535901
149292004,0.016526116075925034,4.225304452217131,12.133571154138533,4.273343975139899
149292057,0.02071153138674493,4.980603182884352,20.16518254975734,1.857078901494476
149292058,0.024919037901719253,5.066223366149825,13.330660824470103,1.5369459062144573
149292059,0.020742957602321564,4.618131351122757,12.475543808520733,2.2340494628051197
149292060,0.020539285123865426,4.303673327325545,19.104917456512222,1.6736142193818122
149292061,0.02207015999970545,4.788907442434001,19.582873927038566,1.5594696573161595
149292063,0.01914177573275468,4.258207123738363,9.837498193519496,2.1501103240370316
149292065,0.017376048374247104,4.025340042760528,9.672431141816501,2.1250775608787285
149292066,0.01801897879423949,4.365403284184959,20.419544491689155,3.2610376974887503
149306179,0.014027904744246422,2.725180631701034,5.545945012530083,
149306180,0.012650430148812612,2.6772238945978333,5.617897230409769,
149306181,0.013764618914269897,3.0527363990853535,4.772829423096766,
149306182,0.01401866818054338,2.762430976450034,6.073805518040897,
149306184,0.015076427886452432,3.0821203511552095,7.137585469830963,
149306185,0.01215347385089386,3.07042679779487,11.642077088061955,
149306186,0.014855787221969629,3.1431456194770138,7.34429077539218,
149306740,0.008807024807091812,3.5666253665328185,4.322878934838698,
149306741,0.007705236982498297,3.2630551264644585,6.291223491251432,
149306746,0.008667390062547247,2.4800547311740324,11.068075993233968,
149306753,0.00958610922557585,3.4108676250383683,4.260711028559391,
149306754,0.01301304427558535,2.5243301643581715,15.910146629885274,
149306755,0.009117078915415307,3.3529903178390748,6.154352807999002,
149306756,0.010031972342113669,3.1781898344335224,4.795713801618694,
149306757,0.008481965772781519,2.651382589817211,12.095414933667014,
149306759,0.00973963899987698,3.4564099129710786,8.988827917611644,
149306760,0.012605677987155138,2.5968996467010896,15.856950603022494,
149306761,0.010036150591071939,3.8220786566855365,52.55890844107589,
149306762,0.00958272297716802,2.884173444627247,6.972329568637405,
149309317,0.018777598088819764,2.2090993029812886,3.1808795029854995,
149309320,0.017687284204370962,1.9591542166839664,3.51143122786533,
149309321,0.01745792484163055,1.9613325174387122,3.628639724939476,
149309322,0.01558503383446431,2.2814880029103706,8.037679741314768,
149309323,0.015578052098159665,2.2810938273776276,8.032022361747735,
149309324,0.01910630042576049,2.3138018671822977,31.849306521461273,
149307766,0.017028024113091757,4.1665244275196125,5.167010995430936,5.252844575204771
149307767,0.0175392467606446,4.2913308718628285,6.358830283427663,5.050750913684547
149307768,0.017597485518726454,4.2798783677096806,6.483148354007797,4.956452058737953
149307770,0.018255121686389427,4.512112142366272,6.430859187458103,5.1074527993380485
149307771,0.01786570632216235,4.423015946059851,7.447731700272897,4.398065024015476
149307772,0.017715808282258237,4.342224776863622,45.63034503376362,5.8084519396258445
149307773,0.01943344568864695,4.392886264943331,43.11481820274468,5.881270357385716
149307775,0.018173503766110426,4.5441656977042655,6.170840155783203,5.092046551893373
149297254,0.005873332499124136,1.9119090131171694,3.216711866683799,2.5218313279729028
149297255,0.005507030535278508,1.8603895125224592,2.5706207412608157,2.2530243588494194
149297256,0.005578504778287311,1.8508503263817204,4.619536568989277,1.6774149038862725
149297468,0.032131820036698205,1.8216209735427258,1.399620671178822,
149308977,0.019287131374850615,2.1991621834177653,15.254936215020525,1.311338245637476
149309670,0.008837044912322177,2.7684152623605547,3.6680594606287587,3.0081768443245824
149309671,0.009150411056240999,2.792809481965759,4.120276174291003,2.0400375361182457
149309672,0.009179940336923272,2.7929722469868565,4.11771398404128,2.013755724070148
149309674,0.008772564772769598,2.8808106829461564,6.219264709803849,1.7713346842974924
149309675,0.008768036429678105,2.8751796748747513,6.3604507780878805,1.784910764980107
149309676,0.009385452015562656,3.128995865709037,15.095286503112078,2.873909181274102
149293104,0.006751873509037745,3.7311255248250266,9.394939035035174,
149291936,0.010895571774126974,2.3338977268352084,33.08090139988908,5.550145807010518
149292745,0.007389586403418108,3.2812063427420335,9.619345048561145,
149291507,0.02203397401695469,5.108069061147721,10.986298349734367,13.24799894363202
149291508,0.017419649332617325,4.444555535940338,13.899935749195786,10.674618708653943
149291509,0.020242437546609142,5.0586201100207155,10.636529215573534,12.406974291122758
149291510,0.0234640750488194,5.474120729856974,17.05787061970322,11.475953524525835
149291511,0.019455214577186682,5.708278953289301,7.552529865100374,9.811911620226475
149293269,0.009077268917536525,4.034061179613227,11.960133589368118,
149294184,0.009761995222922322,3.764949601558495,23.88977159507956,
149294185,0.011007244581080869,3.6256238668310385,7.412520933973187,
149294186,0.010334170005861936,3.5002198369161546,59.422305035539495,
149292142,0.011754788123385021,3.475247461582808,8.33396821126816,
149291619,0.023414021368806118,3.3490836582168346,16.466735489214617,
149291620,0.023222957593514178,3.342079394899736,16.44374215649988,
149291621,0.02219236110219099,3.5686691017851917,15.986182738130905,
149291622,0.02157046866212181,3.765063640346589,18.889919436612438,
149291623,0.02083811241428529,3.438359289840807,8.036743508944774,
149291624,0.019785194224404723,4.209738260419855,15.307695973803991,
149291626,0.018664598754272482,3.3585167036101335,21.85588630444323,
149291617,0.006880758687305295,2.8774982557248197,4.789457435255639,
149291664,0.018683070033108005,2.844335640253525,4.897883895131671,
149300612,0.01913001404804514,3.869314069676986,0.23323374626147592,0.02261654015642549
149292877,0.010031798551429116,3.4400573275091304,13.057826771462684,5.682697548397388
149292878,0.010490986563362248,3.1689051302252254,15.321481044102539,9.367613949875999
149293355,0.01625734445262937,3.347870677671097,9.936444915751213,
149293356,0.01645307746283722,3.292686292369282,8.711577606357384,
149293357,0.018827364512709565,3.354060200884291,6.171846464950239,
149293358,0.017078928483015468,3.2986222580066853,6.107939406434083,
149293359,0.0196678694493889,3.513037194328974,4.967146684817184,
149293360,0.01967771715020996,3.5109765826941035,4.994569948427058,
149300165,0.03039376864833438,3.115347508509759,6.121324394085161,6.630510038342921
149294063,0.019694445105542725,3.8627062225237734,24.992018475056092,12.918169496454702
149294064,0.018799621250293195,3.5086751066936186,30.34497261929987,6.959865124591079
149293182,0.028882978295702105,3.5721857047170853,5.889309794028382,0.5671055256530162
149308917,0.032719424955919105,3.383376502849994,2.2494095370016045,
149308918,0.031509528794757276,1.5449497677013675,5.398508879694026,
149308919,0.03426200827991368,3.5629491303101464,5.324330467408629,
149308920,0.03420569184899937,2.695245293326265,3.8832575288226487,
149308921,0.03425839938795142,2.69460940087795,3.999958471900387,
149308922,0.033267369034739674,2.2135422790632635,4.008540205438366,
149291773,0.027620648000580256,4.752514382937602,54.399428253483315,7.97200637568842
149291774,0.02317302042686654,5.663186139064588,51.8138876566538,6.152893980347128
149291776,0.023759421267033922,4.253918424545834,43.58438172483363,6.62422999132549
149291777,0.027815310108918835,4.929431570939666,34.93779315120006,8.17302560808294
149291778,0.02510219462870926,4.911478119498861,35.32802763635947,8.587901537455405
149291779,0.023058086732822697,4.285191291892763,25.530502462741797,8.168200321789408
149291780,0.02428544484548142,5.370796867393422,66.19141451085692,6.791789588312808
149291781,0.02215612089928419,4.764239686603098,34.544954362798784,9.46748697503246
149291782,0.02314707143543164,4.341074880893094,31.699059339892873,9.73329723970752
149309549,0.020922337420190156,1.8688349303915839,11.596986480573554,2.812144227007126
149309550,0.02287921482799249,2.5288805543275283,19.89196587511889,3.089711613062149
149309551,0.02157725739612468,2.115627498916217,13.203461931591956,2.177422091086654
149293505,0.02771585791500488,5.276123832117127,12.593257183238538,
149293506,0.03173594424232097,5.885654676856517,13.076790426344905,
149293507,0.031632358231965016,6.420226169431854,15.950669256690059,
149293508,0.03238885062725001,4.513549269967813,18.08645984501251,
149293509,0.030851734463541385,5.492653166129658,17.578791821935372,
149293511,0.029766825749818534,5.6023327224650545,21.047033515786048,
149293512,0.02914144660531351,6.014107229340184,20.374176442385156,
149293513,0.031273531973909904,6.3282516241810205,46.975143088745625,
149293514,0.027895850142390727,5.9603713429912055,19.336144942150725,
149298726,0.02794884168644953,2.7569471721146215,21.225310186975452,16.284367045886782
149298726,0.02785037491950955,2.890494364516951,51.79039385846969,14.231361602941165
149298727,0.02842438469635393,3.068396098583158,102.7119530150649,11.391184209559963
149298727,0.028518627086266013,3.0564792870779787,86.68192424869511,14.471983132675625
149298728,0.03101257595219359,2.974705609096663,67.44244862805515,14.549617985184184
149298728,0.02984602598659536,3.3982544902203493,115.1349252551606,12.15266974828038
149298729,0.02877926270280164,3.8065230828912977,127.08189255314986,12.616146649823905
149298729,0.028821631646108868,3.6726907340347643,123.25200388746175,14.927380973898222
149298730,0.02943661699349344,2.8882997856903847,86.55064074413015,8.029818959695355
149298730,0.02942356162796789,2.876037363723514,71.92101426524822,15.098024915929335
149309101,0.016654418061284166,2.039153478244029,17.200842366204267,0.8200984848781395
149309102,0.01923987893558481,2.746692340818929,6.4113673483087155,1.3722605595299018
149309103,0.019313230488292466,3.072763948515187,12.564244918696728,2.295803105583438
149309104,0.01813573735258009,1.9940654937696192,20.456572253136443,1.8414525923764211
149309105,0.01815458155182356,2.1913334013074928,14.82518994574181,0.9179528458603586
149309106,0.018624575332926278,2.7676186733691255,8.325629343439541,1.908792806178303
149309107,0.03255524698811706,1.6802853274634286,6.136188416460821,1.7935200880875315
149291549,0.014140641294509258,3.120594889992872,5.089121698745615,
149291550,0.015051979254708319,3.272562065191322,7.934760895584993,
149291551,0.013837356610143552,3.3882762455014235,4.7255192764619425,
149291552,0.01517698420534478,3.4944689945894605,10.479069736264323,
149293203,0.011274819626004533,3.240945297687902,3.743295810436128,
149293204,0.012725691109590294,3.6165808671761037,6.465331244109397,
149293205,0.01321432982508453,3.448534078135988,3.977838648218787,
149293206,0.012725749728139403,3.6088916084913527,6.261954462818936,
149293207,0.013160024940328863,3.5452442498260734,11.273988187059778,
149293208,0.01324494709188048,3.7632244477121835,19.067373726987,
149291475,0.007863805602550018,4.01308137565441,6.970058139621995,13.029114368067708
149291476,0.007119566799586744,4.227796190997488,7.243002155953073,13.022676373094505
149291439,0.012347647640975328,4.564859515062927,5.474608852975318,14.602197021421956
149293899,0.02064009627136196,3.7352588780257254,17.134295575401264,7.281002254061111
149293900,0.02111157025182878,4.024267376402197,21.992623281682604,13.59988195321308
149293901,0.020785589511845712,3.9495222670272736,23.248389538055118,16.178022317417653
149293902,0.020801368105551277,3.8076850593147116,17.01076900924317,7.846149570156699
149293903,0.020188422190640005,3.6375104780409853,20.57326114828484,8.88068755988903
149293904,0.02074934517104045,3.701673342907691,25.029924911477007,16.447411026443415
149293905,0.021719336855884758,3.722414762440581,15.00618978617301,6.1812826543133195
149293906,0.021209363423396625,3.8285505796252712,30.83852814300687,14.710163611470783
149293907,0.020421300545643374,3.696318916764765,21.39788233680214,20.373408296002882
149293908,0.019565777334755393,3.853213420790245,10.990585002533766,6.449326979575872
149300144,0.032364127368424145,1.9157580106444743,9.970963734084464,4.744638062188989
149306486,0.011082083186465284,2.234758155037463,4.924299688746817,2.7187245153991757
149306487,0.010833837832649183,2.2413416094696315,5.057898647122625,2.708607200779229
149306488,0.010622026291198045,2.243064020119689,7.173651736602201,2.5581946299699676
149306489,0.010391809529052536,2.2302849200163575,6.00649220489127,2.583579297338028
149306490,0.010650182683949608,2.252552028080834,6.828204514690179,2.555920690336239
149306491,0.010765807910734181,2.0404629551253106,2.9889452119037565,2.8507203629827886
149306492,0.011447823549655583,2.3007862592901978,6.087350394412597,2.5350564749893754
149306493,0.010153758981725169,2.272830100702333,9.617507623330539,2.4452033611827337
149306494,0.011040484472813375,2.4144139368969886,4.996512402949774,2.7907042262121706
149306495,0.01150450846337847,2.3120345507321067,5.972025052300656,2.5307293826981008
149294061,0.014915874854325398,2.609336935330365,15.725184187410518,5.6689301695167265
149294062,0.015042087549765961,3.922832939103429,45.28548058715555,22.587586811465755
149292488,0.029015749828651762,4.852842629001739,11.110230842730246,5.118764785395831
149292489,0.024199411177961927,4.353280285525771,14.907577394355988,8.675176446991562
149292490,0.02587805427081391,3.676166176933457,29.513921691605322,8.043217668446182
149292491,0.02339313901904675,4.010905373012976,24.792650313872954,7.940746866994602
149293869,0.010480066729607477,3.8698642641889025,12.643726121862416,7.2676116551091345
149293870,0.009786934103617402,3.3915696623448994,9.88945052318542,6.5223099390206265
149293871,0.009717526029080397,3.3077759307097794,7.314074796454453,10.435535347702737
149293872,0.009880366901069252,3.8252683000739487,9.541737676120798,6.955112497549241
149293873,0.009705169986642209,3.041705833901161,9.018713532181591,9.845059741547278
149293874,0.010780649330332659,3.1145336751713897,45.08862947412895,33.18760056605049
149293875,0.010127382152029553,3.941132911713465,10.04746693476096,6.931659086209026
149293876,0.010168094509367013,3.4106595431259032,14.70715216712833,17.546310962144744
149293877,0.010629250659278309,3.2114573844014402,13.005952886350244,5.6446120849330015
149293878,0.013012309903360697,3.9918617649967794,11.833878107174247,5.860588336576274
149300458,0.05338168038611333,4.560111216576819,0.0036465212666727037,0.0019280039905972047
149300459,0.055847170863428774,5.650563394621326,0.004167689872971704,0.001593374647611654
149300460,0.05602109313594456,6.6969966015226845,22.49747047770243,3.6730505227776007
149300461,0.056424379935785265,6.184301396200303,0.04504725982336821,0.032928662327321875
149299649,0.03069159326850816,4.498042778750939,0.03275755966415985,0.02191175071410426
149306884,0.01609617150718869,4.7766526026176335,12.788749544227514,3.830913205163073
149298897,0.026894960652994945,3.52569456804685,3.79685088679263,1.8372757198620968
149309732,0.03813166540336118,3.3949126220774066,0.10067730638429606,0.00253286194815169
149299807,0.044580969320917124,2.6047495816492976,7.573543467623879,9.621822132227885
149299808,0.04432659520827144,2.5778540765860605,31.79597725960729,10.108661248241004
149299809,0.04454036223000818,2.7605387878831187,24.24470054632772,11.000348265692528
149299810,0.044951730701062335,2.816402719013789,15.546792503317583,10.100108566026748
149299811,0.04453846450484242,2.7600884575381572,24.180237894126336,11.009294218415793
149299812,0.046274181459563385,2.9142506092396947,32.189228051946046,11.237275745956312
149308337,0.029664806565106297,2.646207706133023,46.48001039685495,0.0015518888142149552
149308338,0.027983107649083,2.5976068172642472,59.6507680698716,3.5037313392454723
149308339,0.02799417363952053,2.5992336807989718,59.55783043558855,3.496551833748757
149298005,0.019543829429041037,3.613784024094595,8.800247720815133,1.589742289828872
149298009,0.019810283784478144,3.9991480359030183,11.021289060735008,2.4761396414028205
149298010,0.02034765281356493,3.7053884223121325,28.404312001930208,3.990598571928624
149298012,0.0192095462830679,3.607510667579738,5.047389330755941,0.8103420686141914
149308290,0.018789105214259753,1.7562451946751216,64.78144347003723,0.8079175145264548
149308291,0.017943045755282324,1.9925890589970086,51.10921038282022,0.20361161152852952
149299839,0.05003213534697306,3.531945596201527,20.201953909616485,3.154752830935139
149299841,0.04211804532687045,2.469530039221857,51.408934273559,0.46279107259752983
149299842,0.049260875733739204,3.797907224910149,19.120413754109176,2.6836737099431662
149299843,0.049659980226410785,3.6390630026681996,20.133145344586065,8.00377336776366
149299844,0.048729792987183156,3.7853637876705744,19.06109298267638,3.1653055877207588
149299845,0.04911793807739939,3.742166410790504,19.198657000330282,1.4739682314485587
149299846,0.04685667825775679,3.6253579886933696,22.103994190582306,8.106654180088295
149299848,0.03708057887767945,2.3412756008142583,38.07444526005718,2.3997663840356735
149306748,0.0113678760146639,3.978704657885971,7.071947414081876,1.0191050728770685
149300611,0.011517392683827907,2.272840530753204,4.429762268502905,5.264385449851948
149307507,0.02239143071864259,2.0632901732590105,0.32392246697720994,0.0023593370394857545
149307509,0.01851799494858668,2.445933863337512,32.674743454184345,1.5354906520464742
149307510,0.026075733683963386,2.9467002382198793,15.874355328550639,0.8870447938304659
149307511,0.01796176523009468,2.4577581040499665,31.83983875154202,0.5444141026722997
149307512,0.02617858333802296,2.9404203060737126,15.26317165704212,0.9733515984413467
149307515,0.021038926931061793,3.457509428377504,58.079943204910975,1.3843247264582814
149307233,0.018751097006787478,5.183638914161465,66.30336239999578,2.238316280690186
149307234,0.018728055365637694,5.165639583606147,64.6415786945049,2.257278086358541
149307235,0.02998488606338943,4.577643750061426,15.523139359856488,0.6135047938977665
149307236,0.029736239600873682,4.556467226949913,15.02506623093548,0.6800854949401272
149307237,0.02047531312332789,3.0811709728016354,41.155895003770375,1.574828582380611
149307239,0.02044492458547596,3.0945145401658256,42.0372981594962,1.303729979907235
149307240,0.019639103628150974,4.07551467246517,55.210528836920545,0.6342199880198834
149307241,0.018882495502012885,3.7296739648954387,85.97525058329471,0.407332916355071
149307242,0.02385353186678589,3.726756826576684,2.1111359235717266,0.6468605368408148
149309784,0.019128001180662064,2.918158584972909,12.30209488096309,0.013794291158048104
149309785,0.021374226528385564,3.2075984939072595,10.639354130490663,0.1616821447092739
149307120,0.02338507447899513,2.859215172200418,0.4959814501592359,0.006274424534891452
149309859,0.020061298468720127,3.4557004292117157,1.754535127715144,0.5164846856558488
149309860,0.01992927944238998,3.7834315100788913,3.1781879305780167,0.6306384032036314
149309862,0.01866818565152518,2.8564689891292843,14.246047204001595,1.213953354736806
149309863,0.01990448897573247,3.7843767872386977,3.1120465226565917,0.6154775481930065
149309864,0.018652818326040505,4.492889248816015,4.2245315328588315,0.2179715852959408
149309467,0.010136871025152447,1.593237829910831,5.142874690093089,2.160373893529937
149307429,0.022883627488495373,3.9434213965910225,0.6952384830884121,0.07785341741073368
149307432,0.022810926372516405,1.9416762102688354,14.122801629251038,0.9200486717765404
149307434,0.022821232069063103,1.9445487918032214,14.723688997851989,1.0522247154323778
149307435,0.02317563602990681,3.6372423634884874,38.407684023470054,1.999493245616919
149307437,0.02181515861668187,3.0744600148470402,29.165608598262466,1.4824956023180955
149307438,0.02317891092123556,3.632039070299206,39.17614016952618,1.9556826329986616
149293384,0.02470091151441519,3.0740822222165463,5.650587334639921,11.932275314789688
149300558,0.00831223180403859,2.7324113690282754,18.066893125333504,3.181643444230211
149298495,0.022307365693507053,3.126022324391884,0.7623451158773891,0.12173280186007424
149298496,0.02218525827948055,3.724739175273123,0.5935993129597936,0.15211552216549443
149299190,0.013560986475513707,2.758302876797721,36.66735742027911,0.0004851656260221096
149299191,0.013324403375994992,2.6388816534406794,27.931676796258387,0.6911813339487486
149299192,0.013291623778543806,2.6351964425677195,30.13861180510433,0.6960343879467706
149299193,0.01364323705464564,2.509505473991123,34.929577527505785,0.909055990537632
149299195,0.0136737875052317,2.5028111398418544,33.689276203571445,1.8350153195314765
149299687,0.008583487598578868,2.001800118778381,26.8045064018664,1.868464508642749
149307384,0.027265251004910902,3.140547071420071,6.409441307187595,2.830441722507104
149307389,0.027157581980118105,3.1198087843626885,11.39736912069296,3.2479144089204586
149307390,0.026721654582779177,3.0406930162351973,19.441749726912242,2.7582877640452197
149307391,0.02721469729793509,3.1224729409138976,12.118664852032465,3.3646340262560877
149309016,0.01668128817119579,3.0942169225452023,24.094524427610857,13.843336814704724
149309017,0.01820162240910155,2.719607398014915,8.5896260235705,5.694618598884297
149307806,0.022513720864435496,2.368441493589106,4.66760822458895,1.4664771770221896
149292723,0.017929471476737274,3.817634472458244,18.35482437348723,
149292724,0.01938207229954693,3.782711807460232,18.311417773784346,
149292725,0.01948776811766672,4.01012632596431,13.063627483620946,
149292726,0.01893387597405392,3.910867713138824,24.197995393495425,
149299038,0.02767527304425928,2.3358955170890314,21.765230728066566,8.685858176522476
149299039,0.028967782557528472,2.3871673112598693,25.408040671838677,9.25080600962402
149297588,0.011248733886418415,3.5283710828918124,9.265574831270259,3.2547090793019584
149297589,0.013558739429318902,3.322747368608203,4.072790075105147,3.032556625919529
149297590,0.014761037209742941,3.2057154157661385,9.25075875122922,4.52713212728636
149297593,0.011805743028321899,3.4661223344132615,9.187208391566294,2.404172302012281
149297595,0.011579497701369587,2.6347421433879017,8.73303750440397,8.917521993879463
149309229,0.02559927603401729,3.921172290024956,16.827837985903408,9.308518368346776
149300478,0.014793901991270189,2.1775305488187757,45.94364388706854,8.577521674002021
149309090,0.02720705706129355,3.770962279929345,4.835807985745005,5.73098950271342
149306163,0.01476917480342257,1.74165793520414,1.7894839126862614,0.6529593858257781
149306164,0.015003758860429577,1.9099106430071533,3.5636650223231445,2.365333617518358
149306165,0.014985986660285885,1.9087815742263277,3.5475306122363905,2.344254540898659
149306166,0.012711200994865592,1.5929060033869133,1.1825116168495617,1.6602819387909062
149306717,0.014490685287745348,3.0318541598321613,5.194564361929466,
149308939,0.030194897480876608,2.1249736157780865,5.19821345146922,
149309584,0.01710685665865099,2.279399506249613,16.564588240449222,3.8508570835649456
149307215,0.018032380027727262,3.082009953402456,3.1342320948054994,0.6445474782529842
149307216,0.015814556015553483,2.275743810525319,10.15745193531918,2.06426010078645
149309562,0.0297718078966975,2.095076773499152,2.737383945057973,1.871533296958638
149306688,0.010391119237472784,1.6792941805318709,13.448084884966207,
149292997,0.01143137427892763,3.2330443715687283,11.461693041680594,
149292998,0.013193556961211717,3.27129852675799,11.577879464340525,
149292999,0.012342371168550654,3.261061742240667,6.656464508473648,
149293000,0.011542838910548227,3.131885677665318,8.012304397685961,
149293001,0.012889330511883937,3.103291850664148,16.22968886747181,
149293002,0.011049047798961502,3.0942400388996334,5.698000540741227,
149293003,0.01361844220014978,3.290800632220747,9.125239346458576,
149299034,0.026803704511042793,3.101623460293,15.606798778097248,1.7537947768078839
149299035,0.028176705577886853,2.864812746236121,21.104873539561048,3.7845173354211536
149298114,0.013338413657878932,2.4412435883263943,1.466522029027945,0.6730409684109634
149298115,0.01348912316626029,2.381827077903051,1.342551335136462,0.7206128416899248
149298112,0.012521247224136826,2.7887621555431723,23.33562435039421,0.309604382142066
149298116,0.013667318688724691,2.381687523470216,1.2506527952883988,0.0008604891523639874
149307647,0.0270929788515871,1.9591157643453383,0.8076349072849835,0.005614158619445144
149291892,0.02013649198622605,5.010350933419939,27.82967939523687,15.432005736637668
149299688,0.010345855080709397,2.0202267954096684,2.861124991289467,2.9893181979733017
149307340,0.024943286911505234,2.632993125820792,3.2437243034590115,0.1774788050759142
149307341,0.024730249165679574,2.628691130082432,3.2052865109122575,0.285406096611112
149293371,0.018675575760761978,2.7811498013778277,3.220984047885371,
149299024,0.023146755789282387,1.7975560382858649,12.923106919649314,16.21905932505561
149307787,0.017355490223819308,3.032841692361864,5.188157594783356,0.7462902513736506
149307789,0.018643145895588013,3.0866138368120306,4.687793267005517,3.2977930043284256
149307790,0.017520165960271318,3.8164435082249444,13.920104571317262,3.634283422558443
149307791,0.015222940142768713,3.428461007170753,12.241084080358018,1.3575443063083255
149307733,0.014733982049332102,2.271725668846352,23.927896332212438,4.656698409635025
149307734,0.014741104875016656,2.274778573869038,24.840593485008053,4.760201460196573
149307765,0.017268627588500188,2.836588176513007,4.474591395817255,7.568923902823676
149307467,0.022865652233731867,1.886893782852177,15.749859448069863,5.819000133501963
149307570,0.02188536962906915,2.301825149983946,2.2449817277707753,0.8376192580274705
149307572,0.025181776040230447,2.1395111057909384,7.255286223792912,4.067871127672201
149300122,0.02452189244726363,3.2964216741636823,4.107669284185196,4.93307447640317
149307086,0.013674805986823859,2.7319369251999706,4.9110899994925745,0.35586219043768286
149307087,0.013188230333072721,2.887821671819872,5.941434291730564,1.5440450579414455
149307088,0.012176136554536575,2.702496392381558,6.829269973606941,0.6081088324883437
149307089,0.013754670181332461,2.7055806911872633,6.319123708585525,1.5897163826935874
149307090,0.013197584116979287,1.49793764531011,12.766174299978674,1.6892083984579847
149307091,0.011939442869705151,1.750012816449723,8.591270867369635,2.2237017734599465
149307093,0.012462321846350344,1.533325337963268,12.053604019135259,1.57818804305785
149307094,0.011596032907074994,3.246020900149506,13.250242158182893,1.9979932032714431
149307095,0.014602965194486882,2.8956624756090394,23.233695127592053,1.3447138536459082
149307217,0.014609254822904833,2.6474225551046793,0.8067754372921504,0.005454341002438381
149307218,0.01529403901171477,2.9183484472353496,2.357230721313081,0.9194055782493837
149307219,0.01527125976830456,2.917104305205874,2.333048084399613,0.8886793873582761
149307220,0.013739306635048623,2.0045758827534095,2.6448226802292365,0.5130660098038279
149307221,0.013731848567584127,2.1186694014006355,6.399587788834551,1.6559930422623956
149307222,0.01331932712279511,2.3054975276717595,2.863118245918484,0.09896981836654548
149307223,0.013637884842140709,3.3046972152166774,1.736078554695653,0.15612645268136607
149307224,0.013630278298195114,3.3034289875834735,1.8044128226566134,0.14861727819855816
149307225,0.013361839831388863,2.326119405253249,3.206000413494206,0.025420277200204636
149307226,0.016643830767571678,2.901299353481647,3.146893481113518,0.7051437178751478
149307227,0.014962879848714361,2.0761874013778323,8.188991888015071,1.773654413977957
149307228,0.014821455398536519,2.168548014962255,3.812361768197217,0.16478738783187505
149307229,0.015270297971241489,1.9591842999840572,3.187355535144297,0.010057661414872292
149307230,0.015921971435546647,3.2294047463477185,2.9727854421923325,0.1697588163217473
149307231,0.017850459775041336,3.149357703440987,3.179082946992718,0.3521073542047052
149307232,0.01676515715028722,2.73197314906746,2.629102637785389,0.5396682208296703
149292889,0.015023902149902383,3.480090052387347,16.38330932356978,10.096519412082102
149292890,0.014649028022416475,3.523703861673864,14.378684093148554,8.897823144113707
149292891,0.016756100128144307,3.564759649429723,6.062082567639083,4.301654732546429
149292892,0.015553817841250407,3.3905937430286066,21.004855119867432,12.64461762177037
149292893,0.013911252439493087,3.35387291331751,7.635102630679543,0.45441343552014557
149292894,0.018042077473939183,3.5764380389430004,6.6835907420946725,6.606446324729924
149292895,0.01469330539285099,3.649216413077682,9.511951825569351,0.503888753730142
149292896,0.015192797118168384,3.3507747898401776,9.136777127276096,2.0280899871744054
149292897,0.01424072911590085,3.3789631829924165,28.059831093430635,0.46281839368983646
149292898,0.01521995306318449,3.4299322247106394,9.224418133217595,1.2274738275715718
149299373,0.028525884336144385,2.3603456137212926,5.983258719695172,5.5184361990094315
149299374,0.028494199410639274,2.39939476338451,5.87322295255755,5.730876253770534
149299375,0.02775871592896031,2.235770748508378,14.271638059555139,22.772931601494225
149299376,0.028073097587846204,2.322998258500155,13.845497033178656,23.020743299129137
149299377,0.028157593586294945,2.3114484364089996,13.844155122549367,23.07369280010666
149299378,0.02739262827046872,2.271635065505503,13.860870957278951,23.2113318659227
149299380,0.028708068225616872,2.492693688874433,4.959951418804302,5.891988424231116
149299381,0.028134331522331125,2.455956179912229,4.6358144266811845,5.7005827491068795
149299382,0.02801892273216764,2.532143561311961,5.094710014694499,5.359911307476212
149299829,0.03934442436521224,3.766316178361909,15.166085266926657,2.428094015199023
149299830,0.038954659132828376,3.6787395578888322,16.284993209573365,2.479714371751351
149299831,0.04020337157234467,3.7921726318097955,23.662780577786094,2.918370214086802
149299832,0.03800118598192319,3.8077653354682397,16.61925687447323,2.943351546425438
149299833,0.04047702173529763,3.80043076340385,15.396742130185881,3.072746453272469
149299834,0.040214854864357094,3.6837539375586377,15.470222598083035,2.5630150540228143
149299835,0.040267185771216164,3.5650286258355623,14.878922851972343,2.8372137875005667
149299836,0.04090343534483865,3.774369084415624,15.030997840705332,2.5462783562143434
149299837,0.03908713584940772,3.622865766688681,16.224167574712123,2.323015330053376
149299838,0.038721860072836546,3.571349018189662,15.179182335134465,2.832711710325145
149307680,0.023645978232085082,2.608553207889277,1.0361557200669254,0.07398893125601953
149307681,0.025791582574171346,3.1038273737538384,8.006878596639257,6.886065197860663
149307683,0.022585900183168337,3.2379709180377074,1.5131751297014315,0.39362690359063063
149307684,0.026707832995349238,2.4746834898633416,6.436111358621608,1.7948977783237998
149298178,0.01328404537043369,2.872149334603664,0.9524967946626638,0.0013090618183308202
149297462,0.016831166187332606,2.899524271871695,2.1510440964431212,0.9936126911617317
149306169,0.015700177068520293,2.4373056362340786,5.758040641505848,1.7967153600216577
149306170,0.014436627406505663,2.277672404649394,4.716651000627604,1.9059292969417139
149306171,0.014015203816973498,2.461282619434676,4.310186066769985,2.8863586947796476
149306172,0.014967344718780671,2.58316107766291,4.37588657629078,2.658367123656558
149306173,0.015269866768812567,2.4548545777585864,5.037229358424657,2.0232368908141964
149306175,0.013062102284609871,2.256631773272328,4.53554975732269,2.893213211381617
149306176,0.01579012473145593,2.7238797176437624,6.282626348929445,2.1900388212898716
149306177,0.013718003586399104,2.6176934205970674,4.661573545306637,2.650828125311711
149306178,0.01422383224918238,2.3109787659230343,5.007797406246368,1.463069580744626
149309574,0.015647193208048644,2.386175801134244,5.099713225577978,2.2911274854603283
149309578,0.014783670019582138,2.236987889105618,4.811768357139177,2.8067308439742398
149309579,0.01570916120721922,2.3653646246145663,5.901589655486361,2.1348098799884347
149309580,0.014661433693038524,2.20048143277609,5.935777837289594,2.5741144606870012
149309582,0.015754646782704326,2.5066067389391016,4.956603011905655,2.474444958367805
149309583,0.016528490914214176,2.4325704043968397,6.079513308153832,2.848644377648004
149306696,0.012944703806477996,2.6919511523454926,6.183806448687794,2.060058428171608
149306697,0.012297183538116346,2.415181394129108,6.1803627937626615,2.343493324367401
149306698,0.013280681267238172,2.836434119688602,6.780195614875771,2.064888306666068
149306699,0.013129460359552548,2.8120299231770267,5.888779240170255,1.866602753241581
149306700,0.011788543075538758,2.508874311208229,5.954113873270713,2.060029299677046
149306701,0.012984899705498152,2.260980227909021,8.01450306792283,2.1739168803454665
149306702,0.013276799055699028,2.618296722342123,7.958346835509157,2.9024449441319544
149306703,0.01251845273203793,2.7623440155018852,7.033297854158086,2.3174653543063934
149306704,0.01153321790319192,2.5181342742928896,4.851326540479584,2.516459595120849
149306705,0.011246879042536058,2.763475346913448,5.121331878426506,2.3230279647888636
149298158,0.01495954263631166,3.2513710140604215,17.036002043721254,2.076523528153497
149298159,0.013631410479299626,3.4104940892871296,7.4291640945308695,2.8885612936299494
149298160,0.011688005155902844,3.3000601490784276,6.5159335143102295,2.116893488966488
149298161,0.012111885089401402,3.268321993681393,8.448688096425647,0.3872554523696683
149298162,0.012746764324598899,3.6006554036298803,7.193169584287566,1.4563416170809143
149298163,0.01345834231043339,3.0258934295481814,9.265146576078754,0.43484894719421086
149298164,0.012899857575874835,3.421361138142327,6.422720294120887,2.11136585236433
149298165,0.014722196049967638,3.3321946656194115,8.945537592003031,0.6513192747575944
149298167,0.012443932320201556,2.9763635077582182,4.721252036500323,1.7881973488054477
149298168,0.012007413185226636,3.354413547160585,4.977739989433717,0.18349667289175006
149298169,0.012860375308165166,3.4904476071050836,7.90130862365642,2.1439322178405327
149298170,0.01410368661159907,3.035800635540012,6.9233099693242,1.3659500737214083
149298171,0.012780875326020158,3.3605605255949245,5.79429525895263,0.7412314254399839
149298172,0.013740565477236856,3.4411479524629285,25.58015687612431,3.322990344039533
149298174,0.013013587915677482,3.5480207067414127,11.638032017955652,3.2755131575393053
149298175,0.013914525886360505,3.215604849033453,5.00902975062144,1.4510872394174787
149298176,0.013712404798413177,3.2299749001899256,12.74481613925122,0.38446700272958956
149298177,0.012128646521562328,3.3610346427984634,6.679560719026215,0.3442883964750286
149309402,0.02673282374913182,1.804498326819806,3.6684542756788567,2.6918733622929936
149309403,0.03625458173949664,2.018559521171663,6.296118714280277,2.6205750315663416
149309840,0.025042617441771223,2.5940737849447366,3.222883598601267,0.21329734830946614
149309841,0.025015391417989256,2.593947646806795,3.1781714850566085,0.26575376983666577
149309842,0.023493818500597605,2.3871097522036937,9.289030370928668,0.7964549136237944
149309844,0.02348139200870077,2.3871228896216596,9.27054896687884,0.7914736792453108
149291891,0.01483805936659777,4.041067007441995,39.79935580192793,12.340179414688034
149292867,0.01524674985620802,4.372225493278247,11.484041123122143,1.740501140701624
149292868,0.009209018248701321,3.0263191008397605,9.35452610462924,12.987234813673973
149292869,0.009605675277425096,3.392011723986704,23.340039778679923,23.325660525300805
149292870,0.013338935653587519,3.4570956883514374,7.856762548255063,5.068117975722496
149292871,0.01516141156293945,4.299314114205014,10.861163491475008,2.10233370454257
149292872,0.010509436453671165,2.769508338624977,9.586489104784269,3.0566381429871674
149292874,0.009530561940889757,3.081127547513278,8.146096224170748,9.776081280980815
149292875,0.012732130593899611,3.5137648751761286,10.420469772736938,5.660214574495682
149292876,0.00980436497634197,3.0674643427586092,6.512003880745351,4.926570213384294
149297300,0.013184391545347052,2.515660090232595,8.27600897704522,2.517139301595139
149297301,0.012776586308207818,2.8416791496947336,5.6149226358003475,2.68868159736738
149297302,0.011234644984066976,2.7300273032145377,10.317755543681768,2.752009421593541
149297303,0.01105779392718234,2.560534767818439,4.665408187145114,3.215342672735003
149297308,0.011306472233893916,2.566700617865158,5.782477645054327,3.015972843990813
149297309,0.012861494541049996,1.8886370557596839,6.524343103615135,2.299085837159219
149300266,0.028109077609228154,3.3741907805542346,13.284073415651363,1.6757211337961562
149300268,0.027982427227598642,3.4157558922785385,12.324790033232572,1.4560760336559682
149300269,0.02753318027998019,3.3110236366442964,12.228596495023998,2.771186079828253
149300272,0.028924002672351547,3.1886268310633374,14.143767237216883,1.7648429957707894
149300273,0.027665962726831136,3.275704783827301,14.211153232166126,2.4344214314536727
149300275,0.027412674834989496,3.4932706635125754,13.459116464730336,1.7563854505172274
149297822,0.021870267324897052,2.069737255815119,20.23750921803028,0.6853117142511677
149293933,0.02432597062219069,4.2818615458051825,29.211438238113676,11.78378112043822
149293934,0.02364303505241695,3.5466032466902817,9.0942485755128,8.462964912634318
149298558,0.02982016994917229,3.2546903259139284,1.9901232040870485,1.6546997806287524
149298559,0.025477487863352365,2.8849286188760535,13.61932169966642,11.701529358088152
149298560,0.025479951736620373,2.893525895593786,13.675116284076495,11.694069560639143
149299353,0.0248342513618737,3.6749699825939484,7.936023000600019,5.415026435397668
149299354,0.023851044023942725,3.7239218563858767,14.17142528608623,20.83791701633068
149299355,0.02482517791350265,3.623175758387159,6.784718778504241,5.314846033571708
149299357,0.02433302856009706,3.6503632698782065,13.807454791136887,20.131293642174853
149299358,0.02357407970004673,3.786059199536976,12.077852131278886,16.436384508777422
149299359,0.024051614612919325,3.5691925878087796,18.70359223047631,24.788421738807752
149299360,0.02475212259886443,3.7967505639975285,8.931114941382805,5.490529491328591
149299361,0.023405026640438018,3.6359602837841827,13.826507326863792,20.06271417355676
149299362,0.02341968183619591,3.7417550981095813,13.92415654399166,20.831305658216593
149291901,0.014229010896721357,3.0662652761542524,10.259307262613003,5.952984469169983
149291902,0.024770323491027226,3.32636300174004,11.42611823210126,7.415964188138754
149291903,0.014400124717753105,3.447581288030932,11.409089210663662,6.976023258259386
149291904,0.01176868667423145,3.8352658703558644,52.53928139137605,4.1289099640288
149292067,0.02021465488628971,3.988291292565627,13.466041799027067,2.0251337481766862
149292069,0.02349893124008435,3.9642042717042565,8.057752407047852,2.3345090700426168
149292070,0.01739448757650716,3.573341083867248,8.098129762838811,1.4243026712616949
149292073,0.020010059336190666,3.753812317135763,26.7156579143295,2.383640556720702
149292075,0.02044754585092634,4.032856257960143,29.530972225001786,2.7145149312261454
149292076,0.01698663244603042,3.560845297786924,20.681792581224546,2.424037759058732
149292045,0.034542831549736586,6.121301578455665,19.198141263512834,
149292046,0.03480767372575274,6.589452343572705,12.31759266847701,
149308688,0.01501608004186898,2.523497526202098,2.7372894287344804,
149308689,0.01995480910418099,2.418345971094722,3.3054633294068907,
149291729,0.014010462389388134,2.363757705680885,14.079171932234575,7.532910394025633
149293089,0.007429683255421267,2.905516126180062,5.9897644163952535,
149293090,0.006433869941918676,3.033238336843019,5.934148991377031,
149293091,0.006475543655872804,3.0255822803549335,5.894528421638596,
149293092,0.007378075805077093,2.9243587956228643,5.785310904431198,
149292740,0.00873094223136837,2.690513555268845,6.927271966055871,
149292741,0.00762342981123276,2.831658485348919,6.145031881238192,
149292742,0.008028093593922902,2.7576606399306853,10.756962054412654,
149292743,0.007629722194972003,2.820120480679754,6.138846955234704,
149292744,0.007904744749240283,2.6793095716784183,4.453648619326732,
149292015,0.017914926637072733,3.9166360047240496,24.55144544714361,
149292018,0.019370292284224114,3.965983893846336,8.70378572646688,
149292019,0.0190142771358689,4.011773529543832,8.076031530962702,
149292021,0.019412163123655395,4.118379465938806,8.382191225181767,
149292022,0.01664585266891637,3.4438509286502272,9.027938547081996,
149291707,0.013206043666003678,2.940877240364933,6.334085964177441,10.410911318024294
149291708,0.013407591016235747,2.929564474850933,5.747892120456921,10.288804848692768
149291677,0.0151128045090932,2.3445915799999355,4.2390650176219165,
149291678,0.015137812120944578,2.4188072861410217,4.805810374439621,
149299775,0.009949168540894709,1.386455484664285,4.460570472458846,0.46479385060316614
149297967,0.02689790860896922,2.5997497809176355,5.104608534751491,5.869220043818569
149297968,0.026835057125513997,2.527329691595665,4.689790217886644,5.754154180034735
149297969,0.02669422220256192,2.6327203944760003,4.886863471185468,5.920027779875854
149297970,0.02700488419582498,2.4004003908894833,5.961833191473121,5.818133356605778
149297971,0.027237275897059307,2.540474550104719,4.927789446096129,5.799841549498651
149297972,0.0272883209498329,2.604487590449185,4.875421122418309,5.987996188754767
149297973,0.02718266363601105,2.5426637096682296,4.600526852678535,5.775151145422464
149297974,0.027243974325230926,2.5892359264214044,4.434107152440008,5.92071838684171
149297975,0.025527669949210203,2.2279210283963344,12.634493442727637,22.801517957900337
149297976,0.0274730251290383,2.469652262533402,4.989819997131311,5.731561232866219
149292569,0.01751376731441789,3.841429108452108,10.504193117379542,3.63703901961155
149292570,0.014695931719200861,3.0333751865444754,7.170315417762305,8.429194785709758
149292571,0.01590342812040044,3.772301079981684,8.559366052449073,4.545241187125161
149292573,0.01624080126810467,3.8479075246255245,9.16675854905739,4.45461238728435
149292574,0.014131306112308343,2.953877274925652,6.041928160409763,5.420885127715723
149292575,0.013166831257694503,2.5622147778398627,6.226819957221385,5.635829539365381
149292143,0.02914990098994707,5.868572378877736,14.08228340346257,1.2632589602300823
149292144,0.027656454461184265,4.629255272884865,12.582216683291053,1.1154417728725272
149292145,0.030760455017096084,4.61262216343254,14.703074559274597,0.7853547693541897
149292146,0.028661752109829835,4.7410532547223,14.780718945566981,4.398026641858152
149292147,0.02882205910414476,5.6616886364871455,14.818500736047067,1.5152760111125123
149292148,0.027404909195084957,6.380734000150596,24.09147403047912,1.2799399557716216
149292149,0.028638293615209164,5.870112282899664,20.778273684133307,8.25520150300819
149292150,0.028764976815948053,5.43206141580307,13.729823307660443,4.174055373520356
149292151,0.027560873270410378,5.622254075759554,17.701940531489914,0.9092913935004413
149292152,0.02886167689578834,4.1161367767626,16.26600807286806,0.8652601431325332
149307894,0.0414821713043932,3.3823952518446387,6.163874331004241,10.19409014507061
149307895,0.04111954166335749,3.4222667349908438,16.963274359169272,10.756142873357376
149307896,0.04112787049450889,3.4011942148977745,16.765359610819523,10.788786299241456
149307897,0.040902115255734915,3.4640239840548457,9.1656748960611,10.419175683322877
149307898,0.04089334384874687,3.449865588610426,9.178680401507698,10.411338914873417
149307899,0.04037653660324829,3.442615616618067,16.949730419746942,10.681653757356296
149307900,0.04036588952675899,3.445958433833078,16.93818111832583,10.696004181970315
149307901,0.040364264720443285,3.385474177407107,11.561808061084204,9.735758288753763
149307902,0.04037462211703083,3.3892226430664922,11.175574626050283,9.74472099425245
149307903,0.04075713245534206,3.4306552600558815,12.130422071496827,10.15593355533502
149299962,0.01865314260358477,4.52219885500184,0.007352221606217454,0.005921816728890268
149308443,0.01752067399615839,3.241395145374119,0.03159130791231314,0.02052098260143997
149308444,0.019325553159462907,3.501454808694902,15.139200190951652,0.9015709050488648
149299700,0.027204676066243303,2.410513661261275,3.469934556225146,3.2733560878956625
149300092,0.030814276390878054,4.972417266485811,12.039025474006399,11.476415924657765
149300101,0.037414641173791695,4.6601927585449925,12.190873471924519,11.497026696997196
149297959,0.08812516246581284,2.167927052611922,9.230940866643241,9.288795442354099
149297341,0.017079616542542506,3.559476885641497,5.515323002066493,6.1233563042377686
149297344,0.01760259582849295,3.871737807568754,4.761995873060151,5.564109948512377
149297345,0.018956672056462735,3.851318551151746,5.591978158792881,3.2781653424830264
149309349,0.012261822562946513,1.7778037013769223,1.9507318628631833,0.4320289452144116
149309350,0.015881108078855986,2.4244051789171874,3.0475731052987713,0.8545369496339669
149291706,0.024658691952344408,2.802326468693313,4.956291449136005,9.391364547751456
149298260,0.04507859181801256,6.316723440728566,13.52545111907135,13.815377218467127
149300417,0.0182222791588106,1.9658007003443034,1.1189094695066857,0.06902280961236128
149298015,0.01160602307590737,3.193878757964088,15.772620405866661,1.6564412620052842
149298017,0.012607072411866831,3.266257832453141,7.456972162376801,1.436120728289331
149298019,0.013021904467190426,2.7456670816564444,13.049156133251566,0.687951277270288
149298020,0.01277532175050078,3.3561379010414303,4.898374157022943,1.1134140293139316
149298021,0.011679712966281426,3.1569871234150773,9.386946649442226,1.7878897531630342
149298023,0.011621332994425707,2.597940906046463,7.5153440457916645,1.5412768852351109
149299923,0.01777213663833661,1.5734491439009166,1.0944545444497462,8.37780745400219e-05
149299924,0.01775479633413524,2.0106003060378996,31.065449009224103,0.3536030267565757
149299925,0.017792947954822454,2.198315104614301,23.80564945588532,1.52492076540387
149297945,0.015007128414196545,1.8928958264391047,1.0826932320408966,0.020999306159300395
149297703,0.01273034094044719,1.8385944793248072,5.538734177904573,2.5512497807113443
149297290,0.017041611254938256,3.2954933576775853,0.7260863312353725,0.584120439858817
149297292,0.01632516279736087,3.2637502840403947,17.072683906690298,4.6502646966303
149297295,0.013882604400090223,3.485849844372216,12.02124133572564,3.0760595097751646
149297296,0.013899837475524278,3.4929010682476633,13.33065706907125,4.470030031237063
149297297,0.013844692592097745,3.2139184384601878,21.226595336685236,2.3377472284201968
149297298,0.015961539835210165,3.320959558243426,6.840392236466373,3.792659382019984
149297299,0.01385732329143854,3.2022349049693895,21.451083906318143,2.3738280481617937
149299751,0.013747181227148634,2.380482886022641,3.848362256280457,2.6701643233576062
149299757,0.015103786513684464,2.1985207742897717,13.699390623733338,3.0855951071473298
149307650,0.017275233996226526,2.117160945474373,1.236367269870472,0.051491843814741124
149299274,0.00869375236161936,1.729790866386779,9.894686402858003,0.5343371893372793
149299275,0.005866848972471338,1.3966408229139864,43.17637413040132,0.01755238271000805
149299276,0.00991509732171337,1.969243187352676,24.934628911441926,9.374060884729484
149299277,0.00992216160933026,1.9602096126556805,24.54493333781161,9.3157658230036
149297788,0.022729998320300898,2.706710276803684,4.811552189129889,4.329776855976359
149297789,0.022803278284906917,2.7160324998161682,5.282444476449361,5.296383339566234
149297790,0.022946041379706583,2.590011076781942,6.441634094855098,7.205445041584227
149297791,0.023653526200133952,2.823097553545295,6.350386195559178,5.173682765583608
149297792,0.023912553458640653,2.6991730651814043,5.410208535067997,5.237879771406837
149297793,0.02435698380061236,2.813613402288541,5.395272799017687,3.868681163930538
149297794,0.02278288094418644,2.6788558860603255,5.298018067471401,4.447328862457202
149297795,0.02024092094819689,2.9063769767515204,5.78794831929487,4.765703300618635
149297796,0.02398411016166889,2.837870130695838,35.97892045126175,4.319210259366594
149297797,0.022896334084953052,2.558818484947153,5.85281390982266,5.9999454583168985
149299264,0.008467911887943626,1.1208769330614752,56.55283639421973,
149299245,0.005256004745529261,0.4791253995107367,3.4913989175545024,
149299689,0.0088272940543275,1.502910501050057,27.100278096710742,1.6797537165740428
149308294,0.011864529698760437,1.5070652686417139,35.23201241462321,
149308295,0.012684838789861562,1.5978570162348023,52.85413191034325,
149308296,0.011865437027568697,1.60232716323795,32.084698195341836,
149308297,0.012362417767503615,1.719056764474345,16.971144370854823,
149308298,0.011988383141229662,1.7688522413978784,53.58720971599155,
149308299,0.01309798464655148,1.7118804200706401,53.526063399491235,
149308300,0.012324732389702695,1.7047791550073168,16.79226370581874,
149308301,0.01193787209593455,1.8061617552365863,37.86077907023714,
149308302,0.012525839850151703,1.7309740054176075,18.883229361140884,
149308303,0.012485266172175455,1.720517419027928,17.514094809748258,
149306383,0.013451670898804807,2.3910077326547556,15.927003491411796,6.258335025877203
149306386,0.014892742370187537,2.721664009955879,14.476388543638114,4.167858086496263
149306387,0.014541276461254839,2.54225301056947,8.851173509381423,4.007385730792582
149306391,0.014320674834500448,2.350968431948304,11.026755466321086,3.582325920522572
149306392,0.0134588853055231,2.4797820797464123,11.30266219942136,3.0181405539718957
149299859,0.04228717559266171,3.2814439662915613,19.808488793352513,2.4345956001461553
149299860,0.04223819276217183,3.3948694057867885,17.66384769103864,2.1788315555295577
149299861,0.04199254571828257,3.454155949819691,19.019414658854384,0.9565603606589614
149299862,0.042407628297455334,3.1481119268843276,23.305338225976143,2.694733756581286
149299863,0.0344997276619654,2.536382897034721,34.407388521562176,1.3821423643412276
149299864,0.0326237924592955,2.469364245581542,33.29235689856077,1.6190856527842354
149299865,0.03456482154416969,2.522438411155412,34.264330739315525,1.44998709670359
149299866,0.03343920449704988,2.30786065037199,34.9332826337441,3.101060319246144
149299867,0.04245552054935807,3.1444720737688985,23.386110917458655,2.7302400863283376
149299868,0.040828296297746175,3.6557333712135973,13.502385120433829,0.6969282998627101
149309511,0.02133123269215936,3.151287426815691,7.810938340313199,2.0754407600740494
149309513,0.02301937792933954,3.1386751410232234,8.658532384640484,1.2681470259825538
149309514,0.0197344397747168,3.011822827316279,10.389129160714594,0.7296712052793505
149309515,0.02211807813259063,3.1825701835616758,5.7878359662191965,1.384345936704619
149309516,0.019984720902613676,3.247246181674793,9.632981704294817,2.0702180977270785
149309517,0.019578229869038052,2.8605340897481306,5.817083583054258,1.4719332126792315
149309518,0.020893514256155044,3.0736886602404367,7.479231119054064,1.4852386312073682
149309519,0.01940779891192162,2.8079445088424384,8.993498874747377,2.0340626703999494
149309520,0.019299946342507784,2.8568207661482825,5.39153420574335,1.6578345067843452
149307045,0.01633121844960012,2.42280818106492,31.444837618966943,2.909177705003203
149307046,0.013336091654614322,1.8930334756772675,25.29597335672046,4.127281699313682
149307047,0.015597725232151562,2.4138747801098477,11.148622065710397,3.868804837568948
149308305,0.012255849990578278,0.9096207748504138,32.286577065226446,
149292193,0.01349358003772146,1.389720636693123,1.4718716216711385,
149291618,0.0311604808994699,2.76598365667228,3.2513528613086513,1.5339115460471247
149293423,0.01974077030963616,4.917226841138621,20.259220748620205,1.5284897873039494
149293424,0.019649779354983143,4.904024818381676,19.569605280283042,1.5927005235887957
149293425,0.02000585070366757,5.18084570531708,32.64311969521159,1.8059922830277586
149293427,0.02019200103764152,5.179888072598808,32.31836367068326,1.782482900654345
149293429,0.019563191011089498,4.809363934578017,1.8241095760823092,0.02166077356685599
149293702,0.021473314549315357,5.814307506585034,27.18941528751734,1.2104062800329398
149293703,0.018720261845958125,5.977777200071593,29.725995092755298,1.412454072577761
149293704,0.02146031405896971,5.81999203073615,28.444581053852655,1.4043489738627926
149293705,0.018608343226192574,5.950995306774536,30.01138522055514,0.5832909728157761
149293706,0.018891814892839916,5.903319136600218,30.72141065132274,1.3897562331636155
149293707,0.021305477914054065,5.820363580341761,28.57343395023164,1.3900474246820058
149293708,0.02139392317441178,5.608588884295206,29.298416567480675,2.0279618935807684
149293709,0.020986528291416173,5.573219995074949,29.825730043591978,1.7953950419310936
149293710,0.018830526070705098,5.9199139405495345,30.33525060273146,1.5864573568583056
149300420,0.017722993815775787,2.4673275678325677,11.87982520850927,13.24538787092977
149300421,0.017822413712745833,2.60514786820013,4.412724446747196,4.103078627407591
149300422,0.018747423644259444,2.571674513680594,5.27611583523348,4.884645733703952
149300423,0.01773774678965485,2.3884382295352093,4.733463564392847,4.491164621328011
149300424,0.017347433006147245,2.4926585582024665,30.005224324456144,4.158867206878826
149300425,0.017503983323373537,2.3846825229905084,30.11517121764468,3.7742214011891524
149300426,0.018002818981525046,3.0351139192241274,5.414483602993366,4.6308771942614495
149300427,0.01810061500014856,2.978462812887748,6.369233471195104,5.669510197528829
149300428,0.018015168378118566,3.2364135485535312,14.313184671272621,15.535147071229853
149298261,0.032454340513289485,3.028060775495898,5.277048599116112,6.541620082363066
149298262,0.03312114684980516,3.0446238522465143,6.171047509533031,6.312380074559896
149298263,0.03349791577231827,3.2830726977339797,16.650621675430276,14.780685735958542
149298002,0.015397439312759834,2.20018487715491,5.029553485225698,4.422112522561739
149297729,0.014142449954146695,2.734750104821314,12.101396716537149,5.277190859326363
149297730,0.014190483111000036,2.42696376049148,30.191587513060988,4.877485509826044
149297734,0.013737127096422172,2.4421675934862845,13.840784025740943,9.661567212364606
149297736,0.014102540344964071,2.6230762170704662,10.255547770511173,4.75544677273581
149299849,0.04136606845450756,3.4863671824282076,16.775210459394522,1.9370777863909552
149299850,0.04076300471575344,3.468976425499971,24.901322611272988,2.53505144920072
149299851,0.043604807975059064,3.5027740957517746,15.72462229056912,2.067579659381269
149299852,0.043366983142746125,3.5174955386986793,18.51375104212379,2.1355306293826892
149299853,0.042992150138056205,3.8733594240342955,21.575472759207845,3.3470922343784104
149299854,0.04395362315376846,4.040047422193351,16.984023870212848,3.1937773169148693
149299855,0.031531652921646745,2.718406219712541,31.6043437172556,2.0612462105804794
149299856,0.04210451733485847,3.6118444749326093,16.54138224223794,4.4539477993827346
149299857,0.03252546095717295,3.327403841398376,30.46905110912754,1.8300021119541696
149299858,0.03310102853613781,3.382547461106986,30.15731070948204,1.7890374053509766
149307664,0.02392260532055111,2.778041897506316,6.105679895688819,5.0451019298698325
149307668,0.023855089360511984,2.7275560766209366,5.611953785491477,4.511238566406124
149307652,0.027631229727878428,2.1127880231194065,24.83093881742821,11.363386338294054
149299071,0.021067042058246607,3.836836397510239,11.408844568765986,6.048089752305208
149299072,0.020191466497754915,3.758880238496469,11.322132291972082,4.023220159663302
149299076,0.019115343220102218,3.985872606235867,11.153657330953326,5.5662876209976
149306601,0.016276832463362763,2.802430300635221,6.976107322754919,0.9085591356012689
149306602,0.016284245160888222,2.7044914338105617,6.177416626263277,1.4536964498594227
149306603,0.016109883379341154,3.040826243293084,21.229335758714942,1.6405627347677034
149306604,0.01616807586373663,3.0376793648647316,21.917925444996392,1.5882793390227004
149307243,0.02066452859145221,3.4223826036089773,23.48911585046648,0.8251187290513101
149307244,0.020558586885926856,3.5704306940712813,44.82665301561789,0.5054795762725399
149307245,0.016466029404854945,3.0550274952878738,27.18578927960881,0.4816316352880963
149307246,0.016284802883260292,3.0384929753379892,28.114005193592757,0.7864478059082429
149307247,0.022048246059173805,3.7131215503776787,18.342359109849404,1.4456568311641802
149307248,0.021992316696782938,3.6795322813012707,16.39106999997807,1.2869254836676698
149307249,0.02075956331562392,3.2520709474666676,19.93073346321832,0.2198409958875525
149307250,0.020965997829277296,3.260257373949782,20.24102390185451,0.22528752773574237
149307251,0.019043220729938602,2.760414500504079,27.158752766114766,0.996651579253249
149307252,0.017844007105349634,2.8218325741984507,26.7731515458773,0.925198225713892
149309769,0.01584957884791159,1.7794454281359373,9.140314285367028,0.30049315439861013
149309770,0.015618183725178385,2.469907850364685,34.87176345542761,1.8133637324017682
149309771,0.015520559195668335,1.92827569456404,11.006826594065506,1.1324383328585048
149309772,0.017476282260524802,2.049472844477118,8.872170835053007,0.3172164103457242
149306853,0.018148720397430446,2.289877642007593,17.89507707666279,1.8416225739850898
149306854,0.017353208016635865,2.0903694919094864,8.008024736245357,1.6930214416243405
149306855,0.017303000848272163,2.35715886291344,8.49527208368668,1.5665073427213867
149306856,0.01808558090048877,2.8527861391722498,15.822773022946402,1.874092373250029
149306857,0.0177783704315086,2.3787559427418743,17.781122330392876,1.7316950318944462
149306858,0.017823387554411162,2.765386997089615,10.758006027575913,1.6860591472073794
149306859,0.017990515557662234,2.988952748189346,9.701786421020344,1.341107988920982
149306860,0.016554269519924846,2.576545108453293,6.3546022825915065,1.6593651040560498
149306861,0.017315219448890976,3.1519937110342577,15.664901993377478,1.5876083637406975
149306862,0.018830422620883653,2.8694099225593623,18.124929978821672,2.1019179175606943
149309414,0.027004798346705924,2.5053334600824604,23.333592690541398,1.271276882245331
149309415,0.023614931241550778,2.2332342774381027,13.386108057278811,1.1411398164663236
149309416,0.02676119408101001,2.6123277759302486,11.980988373260823,1.3749229837193622
149309417,0.024602478351587197,2.6034688578843133,11.275039547720077,1.7161177102067071
149309418,0.02157947293879767,2.684687702875066,9.81687996818055,1.4213700138990664
149309419,0.02440304461165686,2.29814578838519,16.280752913661118,1.6181629841924423
149309420,0.02583769137636112,2.976622312282283,20.728659077832667,1.7263544742979762
149309421,0.02257821252241327,2.431422593154751,13.392796230477886,1.1987242778186449
149309423,0.020295433082359628,2.825363380874904,5.971101100452429,1.5920390124071881
149306783,0.013270082001993021,1.617789890833725,3.2746844478355874,
149306784,0.013970876024661546,1.7623513209177724,3.9495722567666784,
149306785,0.015254225736742375,1.6980318724190542,2.670142759257088,
149306786,0.01229303847032571,1.263204793972335,8.822777279412502,
149306787,0.014074910336287364,1.6587388485586505,2.8933480237703635,
149306788,0.014967797509242176,1.3403205026512737,8.208830739013225,
149306789,0.012145527955540263,1.503903068869702,4.029273363529857,
149306790,0.013593394705874964,1.7299176480447636,8.915750900328387,
149306791,0.014319732267336844,1.7105632476953165,7.304120078347983,
149306792,0.01241870402613154,1.4740690002321635,6.144078051904963,
149292234,0.01865825885497207,3.3280765840388145,21.897967127418177,
149292235,0.020787452811239344,2.9998629185074916,6.694097842498664,
149292236,0.017576981389894,2.8206241747928744,7.210254802668416,
149292237,0.02086792830402681,2.864985122944358,11.966165210019621,
149292238,0.018191628431943597,2.834399620930144,9.42058945661983,
149292239,0.017507374120567656,3.2317755449816246,10.009456781281353,
149292240,0.021416330647281344,2.8725138343458596,8.560968239780609,
149292241,0.018597649136437383,2.725282018271067,5.068693873654962,
149292242,0.01807562996297769,3.190691747985155,7.2091755548851095,
149292243,0.019055855632752736,3.3948724057287176,28.800467481023894,
149306847,0.00860885723189526,1.5273755172162733,7.071801896901406,
149306848,0.00814667080295264,1.365306195576179,10.57595726194971,
149299946,0.008671772505761862,2.8162165679464986,6.881000397093598,1.7599823873003435
149299947,0.008706845404251819,2.7755572015562344,7.526624244056948,1.8022074918212128
149299948,0.00822330283316889,2.701229774064903,3.7321341947245097,1.711673185281845
149299949,0.007917511996847152,2.689304425192426,4.969988867509877,1.1436440459512138
149299950,0.006909203772514514,2.6808680057833056,5.247949904560141,1.2119731778902814
149299951,0.008245681429222487,2.6717342909939354,4.751355746402253,1.5138879655751334
149299952,0.006254595318587282,2.6969191539028277,5.009398369341946,1.4845506607793193
149299955,0.007018759348950751,2.8585264299671462,4.245500506670643,2.023953198502198
149297987,0.02914300447122907,2.921934850476436,5.859649843293684,4.95198249101012
149297988,0.02912609281552322,2.9933089966849,7.681271234155989,5.261269531562528
149297989,0.0292855670030447,3.0004912023198043,4.637462672240691,4.8981661339654545
149297990,0.028476914679012852,2.8738858413040185,15.422897890189944,20.31972585038791
149297991,0.0288297986523812,2.9080042308002847,13.627011491706762,20.555870238957322
149297992,0.028781514691912136,2.914985591476534,13.54938109919997,20.562301920466627
149297993,0.028370302584282223,3.1513308489763174,7.035469243167081,5.036553724958861
149297994,0.025189058441336412,2.9580796706892185,7.946822754991901,4.783428404048161
149297995,0.02516511665263494,2.9566062206715324,7.776362251758879,4.810138360856741
149297996,0.02928875450830344,2.9454011639205224,5.179519704687013,4.93932328547407
149299401,0.030876051393491928,2.7863071985834376,8.288168305347291,3.8038534562983837
149299402,0.02965749483321082,3.134423113216829,20.786123851996667,3.3426384792667907
149299403,0.028720093774691948,2.845960210445969,5.343756690897016,3.8577860534102544
149299404,0.02893701366874224,2.5988819346264465,9.562862691454738,3.470053826347951
149299406,0.02812062439363499,2.6854374925550526,8.803627553533927,3.013543810864411
149299407,0.029234713684891032,3.1766226798663824,18.62669808024482,3.7511114370521264
149299408,0.030152108143529973,2.765587406185265,17.8042372960804,21.134866380401366
149299409,0.028278286275391265,2.7434100965097454,9.056644555310468,5.337470297592643
149299410,0.026674258631548972,2.499049647440939,21.165405344045972,3.520715325156773
149293463,0.03798976916359963,6.554767330028846,24.3426319264034,2.96657811372042
149293464,0.03778250812031421,5.5514435439673,17.64072511082938,7.136566469193657
149293465,0.03795630777790201,5.749979367538671,21.36184729398146,3.1195732899627355
149293467,0.03494637314831076,7.040005452155288,22.115357952009724,2.9310645345012594
149293468,0.037126148675569216,4.597302076930886,9.075227344008685,3.610641105048145
149293469,0.03749307576926937,5.965183125204725,14.387327018613421,2.7799440798596966
149293470,0.0365742077404676,4.482003549973271,12.063876933648881,2.2942629348570316
149293471,0.037876055828007904,4.6346260920474105,7.845385758656211,2.979215935697827
149293472,0.03769180673020283,5.489659004730939,11.635186495304623,3.114538825323448
149298113,0.011414621034662575,2.164349316094414,1.454669586687962,1.7908195144110528
149308280,0.01531503437459718,1.5272907464725556,24.887961116553146,2.619561595444374
149308281,0.014872008078248369,1.4577790859043753,28.801169889985346,2.4851743210766783
149308282,0.014889311980107916,1.7707916658762863,26.729590537204015,2.2958944380080832
149308283,0.015160573830272913,1.4696607540027098,26.25565961110442,2.627905968087629
149308284,0.014292055093273786,1.5247447321375718,24.3014899447388,2.318013558139579
149308285,0.015488453266793793,1.6383673217340444,33.51752377883738,2.5935171289802423
149308286,0.015067874287738774,1.597218269967562,20.59930193937832,2.6941150862526313
149308287,0.01597459266322927,1.6370821343377326,47.40843583475526,2.6029608511122584
149308288,0.01564423487001254,1.7519443894018432,24.165564016637312,2.2695964138520264
149308289,0.015452939424998867,1.8999355642067162,35.561191764682036,2.5083404724348526
149307651,0.023299069699834626,1.7711879034324387,9.38593665012703,5.9599354366170845
149293025,0.024131452609953533,2.9665012916486173,6.487685765904778,1.308498270659345
149291947,0.016251896960106895,1.5557762466622997,1.4828900987575695,3.593959940701791
149293270,0.013103139425869569,1.52130308974454,1.522369221358159,
149306111,0.01998773450455211,4.6269096625614425,12.728306252143836,1.0589240215573539
149306113,0.020108594992852565,4.631959853845866,14.81680584924298,2.2242815458163525
149306114,0.020124826824973102,4.647199745951479,13.92772059259921,2.396430056685424
149306115,0.02009425770284035,4.642249513204363,13.583967448088815,2.314594327658613
149306116,0.020155899861241694,4.631978914082868,14.817051195189848,2.2106038891431137
149306117,0.021002404766773328,4.797215299042705,9.39144871253503,0.9246623548598897
149306118,0.019908738832925998,4.695025109427667,13.87166014466811,0.7948208648083495
149306119,0.020129159189402928,4.699481357003721,14.452529734583422,0.7707069882105001
149306120,0.021064834054607847,4.446391331115365,12.094209962771357,0.47956495644188146
149292025,0.021484558065012982,4.368496971940693,8.182031267722854,0.8712433412068226
149292029,0.019955968189047813,4.328740489908877,21.473431455703256,0.4773450469425599
149292030,0.019463214529748894,3.9962058130768714,9.676616356302265,0.893393621636412
149292031,0.01832884180645871,4.247501271011113,11.027759946946391,1.8762582443168179
149292033,0.019899733160181062,3.8796037825439758,11.880029401413598,2.5160864563774217
149292034,0.020109678028661766,4.422310139570127,10.37832374368758,1.8330906698445957
149291680,0.015409708492496323,2.3273109041929394,10.680752560444105,10.828030750938794
149291441,0.023078998432075365,4.322590477467654,51.76519824474636,13.905823575418157
149292586,0.022984442528106244,4.401802787898183,35.389597908423774,14.577690957068679
149292587,0.023845070240923933,4.34521164447084,18.859282925544015,7.627668864967884
149292588,0.021281740874489648,3.6765598620681246,33.417534229060244,10.800606823786929
149292589,0.024556581120463942,4.464772495599757,10.50384504122765,5.555102458533861
149292590,0.02428473389560183,4.4518424695342524,8.673683188640618,5.539889601267038
149292591,0.02165499421780978,4.131604510826953,17.11654714926953,10.669284925337552
149292592,0.022730950164478462,4.4536005113899915,35.36486036534009,14.37127352727447
149292593,0.02168870770144891,4.255639116428983,29.60384606535763,12.761682822523655
149292594,0.02220262719171917,4.889544453090169,42.28615280368024,19.227293822197435
149292595,0.024128533427448133,4.2372700589102426,6.953968519950243,4.892962133956328
149294112,0.012335130180995545,3.6564737582788713,9.179632131423869,0.9832249358257438
149294113,0.012331278246858458,3.8163827159629924,11.52842394023142,3.586947933757393
149294114,0.012319912989665253,3.8081509970279623,11.42685300030879,3.6513680372704806
149294115,0.01241785705316725,3.6124085533688497,7.014585992405885,1.3622818196586906
149294116,0.012535241907413154,3.2426182202086054,13.45074823923778,14.489356441348765
149294117,0.012540489800054427,3.2304936803481366,13.464079185191501,14.533557268610451
149292532,0.010700192895841424,3.096350346190319,4.701435408700943,1.2380214735309862
149292533,0.011824848076667843,3.196014977442951,11.400886515990553,13.516402970643556
149292534,0.011964939579999806,3.955329688341627,15.65484209383094,9.243783856027354
149292535,0.010661640712873564,3.0912866533125483,4.641780598669624,1.1728995807809064
149292536,0.01126477907666805,3.1833600282024586,10.223205887140448,11.614799476745823
149292537,0.01281672000176255,3.309865790394044,11.663915683442776,9.332279469196816
149292538,0.011153169329380324,3.599554582810389,12.261457733384491,9.97819280748818
149307807,0.01537805123201334,2.9889502728181907,4.588914135710974,0.6754955293273884
149307808,0.014575864324168812,3.184620554893371,18.073021908138028,2.3333804706971857
149307809,0.014267801466555634,3.1952451784592957,11.72766923215984,2.5649192646209955
149307810,0.016416504066295003,2.923408872431823,4.213458120671507,3.326064473017739
149307811,0.014324268145492518,2.844173454311735,15.486394417872605,1.6933562831647238
149307813,0.0158746340526678,3.14759286468273,6.959040432742153,0.5594685885582409
149307814,0.01523047425609628,2.9061845498893466,14.502621171886336,4.040946892707634
149307815,0.013087532437067869,2.7436890845141946,27.500499565151696,1.1423624827521814
149307816,0.014172908226788843,2.8286535719235295,42.49006087479147,1.6715293923508179
149297635,0.012430522732011133,2.4754064026106906,13.412989266610873,3.9164705450008137
149297636,0.012354028454437145,2.420317661900521,32.61818124467311,3.299519909515293
149297637,0.012308868629985262,2.075603660009419,14.437288082199574,3.0579929805830703
149297638,0.011481766471503983,2.456109806595377,11.708560271663716,2.931899622674586
149297639,0.01342788685571152,2.4322107460192184,14.228076646073289,2.878771888372842
149297640,0.012546610984296507,2.544421309139032,11.756194019302207,4.59209689105583
149297641,0.011407670057617838,2.4238188736619173,12.943942057111979,4.201213051525077
149297642,0.011752336077483237,2.4662528771477703,4.608557737509276,3.791966139814339
149297643,0.01006354594127826,2.664013020431719,18.285338713453484,5.9668538526187875
149297644,0.012451933497597307,2.6641910179508925,13.077010577525588,3.258019154732945
149308554,0.010591243588818064,2.693569942153753,8.279200900822566,3.1265131636246486
149308555,0.010511357916648763,2.7145550124871503,9.039276849986011,2.539256256908979
149308556,0.012314375192531942,2.496217210054826,3.5272369246836974,2.5935308018909033
149308558,0.012262024322527041,2.2603914798491442,4.637433953130612,2.1653671835654436
149308559,0.012236204301242318,1.998555615466206,5.186478618137005,3.2785030281302707
149308560,0.013283413414231173,2.3995134600045134,7.872986900518481,3.3615880654564916
149308561,0.01230319496792861,2.241377994435378,5.039957859007339,1.9309499358158053
149308562,0.0133113459175557,2.5418936264887626,4.603674794466249,2.4705322441000566
149308563,0.012294922240627209,2.471606865725577,3.4553683647329887,1.484496124244112
149306456,0.014756081937065544,2.775440698599708,4.073170231039436,2.1432683855777324
149306457,0.014497477052180236,2.523021463925457,16.13521844536382,2.86246021886441
149306458,0.018456482514162317,2.441996915931287,8.705598833912523,2.2780445411727306
149306459,0.017908276364590033,2.9659163408010683,7.300863070478384,1.9940461803313252
149306460,0.014286970172191828,2.0978924617497277,8.257647580545342,1.9791341159452007
149306461,0.014751622995410706,2.1572031030678898,16.1540710865478,2.1551498945424385
149306462,0.0181729223935487,3.0102952860380032,5.873528862889006,1.7001256564164133
149306463,0.01649252357297656,2.764102087151476,5.110281125635676,1.9875425653876067
149306464,0.016271233965314942,2.3723802011134274,3.9668609134465163,1.6165996754038292
149309710,0.018026724856961305,3.5201339538283176,24.116598323557326,2.799072574812127
149309712,0.017390212335772662,3.4975909286960865,24.176055860792363,3.947213556680642
149309713,0.017646110571261926,3.565610748741283,23.98154620276053,3.6744282128843544
149309714,0.017298467840949603,3.444987896834012,12.344947788713219,3.00222798746988
149309715,0.01750537465219787,3.5879965528979416,27.656599942760135,3.540819078306275
149309716,0.019167299697030817,2.745034601749929,7.659072352410231,3.081588431660117
149309717,0.017622621815063688,3.430033387061455,18.67919984651854,3.8950589037167678
149309718,0.01770036277110641,3.630506264743199,25.03310214950985,7.4718027189251055
149309719,0.016466642953129534,3.6210497681178513,25.892182396686486,2.965342486442202
149297823,0.02435910368396041,1.6648262658688924,3.538340666180908,1.0070972210658957
149306578,0.015219865818297417,1.9803573285945657,3.3087451963076657,0.7806765219159626
149306579,0.017035161954186247,1.9299488831163638,8.242961760190589,1.3780408013154501
149306580,0.016668428848981346,2.049503141525468,8.341641263941726,1.4043299676544878
149306581,0.016660949735917904,1.8102214849661349,3.15484381077565,2.067101194052972
149307601,0.028780398517391524,3.0275996947458985,41.29933176644959,13.652062411664998
149307602,0.028814570359708216,3.0278392209433616,41.106698136229966,13.687945478205917
149307603,0.028039399600137585,3.27054636366227,37.88572670803582,3.1061126518179116
149307604,0.029712576960889296,2.37842403248439,32.234137485511596,12.152042028315922
149307605,0.02809476896295513,3.208327040686131,38.18830588734291,10.841438838431738
149307606,0.029791285481686,2.403553924153157,33.12971581865338,12.133817886869968
149307609,0.03362290717369551,3.3365725684891796,24.993602531545168,5.91441214419362
149294041,0.015493218889368375,3.1825538315972732,30.52466108115549,4.3898421499750295
149294042,0.01639293568338809,4.036890620448455,13.061948234696214,5.330394377841683
149294043,0.01863038217121756,4.039953926793855,31.735871699932723,4.752944614527148
149294044,0.016730659084468736,4.04944196839497,10.895167319047356,5.1244956984317795
149292637,0.032173280174116164,3.535468619476435,5.527672209341789,4.195589379998424
149299678,0.03728865650401012,3.520008667933619,5.33619305811481,3.9940623761077583
149299679,0.03367598341552381,2.589773476082962,6.850698818171609,2.357585008734779
149299077,0.03507577959540415,4.19143198183461,31.55514875630755,3.811404718133364
149299652,0.027346513768415747,3.463004745390236,8.523501648115403,6.751341844890874
149299653,0.0268671995926926,3.381350265229536,16.160542525239634,6.37213442252545
149299654,0.027051944020429052,3.3658033925313653,5.386158140140389,6.586419283713171
149299655,0.02765439530364394,3.8996885595549653,7.08065890397268,5.895118359008777
149299656,0.029546683208028328,3.7616217512820316,18.389789516579995,7.2966799710884676
149299657,0.027301018842622163,3.76879252375158,6.044787412681465,6.1922499950329355
149299658,0.0272924555038677,3.7502163761624656,6.257176055068547,6.232514963802373
149299659,0.028645376702918692,3.9218536260098382,15.905206054826682,6.3955717866248625
149299660,0.0274061244436205,3.2699019609375464,6.2396598671435965,5.331447263648345
149299661,0.02806103534727463,3.8791988805660154,7.26757776340928,4.819719067128115
149293181,0.022262162388650978,2.9027649794218515,29.870127394190778,2.3861537511393083
149306716,0.014506470719641389,2.103345699081303,3.4994997925103957,
149309845,0.013773729598743897,2.409434575486533,1.186010770629321,0.14752800556533158
149309846,0.01410217365164797,2.5241678787707285,1.5967978822903617,0.13055954622361107
149309847,0.014140985143925611,2.560979987371645,2.0976704832444346,0.8243009053475987
149309848,0.014373182737320335,2.698349506926187,2.2541327849398796,0.9060712801086951
149309849,0.013030667476776442,2.060516748838445,4.037641161427624,0.21314037699686694
149309850,0.013100869166389062,2.0875164326365008,3.8118593867406854,0.2417087184090498
149309851,0.012968885984287746,1.9110501928372259,6.182952585613654,1.8138451805197626
149309852,0.011858489773837915,1.7373944094922968,1.2381855630077985,0.0751298625237412
149309853,0.014477291364614476,2.705083802385585,3.688566240932853,1.0881473699476318
149309854,0.012815202865643074,3.0150672710205293,1.6738152733378058,0.034613291822781805
149309438,0.020281880842247725,1.8028098648101518,2.59436714400647,2.5634038231552365
149309439,0.015870729817088043,1.807066316544111,3.302685185132383,1.973287682746194
149306691,0.007728073362577088,1.2509656056422025,7.036419513927495,
149307517,0.016794905836876508,1.2602618481263657,1.0005820874111946,0.11199314884368199
149307518,0.018462379860949167,2.1662918826612843,10.80450676202235,1.8195689711542837
149307519,0.01681345544147248,1.2600997146535502,0.9858879824027209,0.09653689309081136
149307520,0.018560934489515426,2.1596690678540433,11.116344345227276,0.5321727283833937
149307521,0.01630730569534649,1.4445505599793271,14.521711404696532,0.04902588660065728
149306690,0.006503198027536377,1.479969275634183,7.549627713567498,
149306677,0.011570242412153495,1.8558322893263453,2.9359001986498066,
149293169,0.03299550345497031,3.824674968841749,35.07983710117066,1.1922382523789343
149293170,0.029419389675943177,3.5279291578824115,9.572321043241747,5.925667745306332
149293172,0.02830405438905602,4.356393214779558,6.0186431952905854,5.080423999355833
149293173,0.031553280742266585,3.8730326430380377,13.468796697602226,4.625502226726103
149293174,0.029789247069579458,3.973435228475843,6.773524127979068,4.398158536471489
149293175,0.030404838624128978,3.3697996873723377,6.574022238604381,6.36503427318362
149293176,0.030991751430762906,4.586300589399712,9.699919605551164,1.4223489510804757
149300578,0.01739068182797425,3.6854195332341373,6.1496917552854935,3.7874159774689193
149300579,0.01803493261025236,3.6133027368997186,4.859255099192191,3.5352318965485576
149300580,0.017562717174670985,3.7052239896779837,5.7098226593072905,3.708856850572923
149300581,0.017557473823806374,3.67403357296588,4.795861401520566,3.9431073233629865
149300582,0.01746178923648065,3.829495784571673,6.489940521446036,3.684378866005812
149300583,0.01739796905585903,3.6778920192133286,5.32774870633679,4.000352034836485
149300584,0.01812741473443546,3.7980038858656124,6.348982590052459,3.3702422602253757
149300585,0.01780105724334005,3.7520951572727497,6.066137863835564,3.2290503247373517
149300586,0.018229956665595154,3.779620599023513,7.180677624987142,3.3005547916037377
149300587,0.016946090902051018,3.764643418952379,5.0017171379009655,3.6335487611631403
149297755,0.01309803255320552,2.876466295398243,5.033243490056055,5.437548689375407
149297756,0.013083958421337884,2.8579926004346192,5.903992529636434,5.084685412794973
149297757,0.013005777742112224,2.847132816984772,4.6029143346337476,5.179815158680026
149297758,0.013254341185636207,2.837296115407662,4.853534795104669,5.279044900631078
149297759,0.01381084792015977,2.7295255843600397,5.172790031746281,4.846501542407595
149297760,0.01378443796611806,2.753453383383083,5.540457195337044,5.077841522865304
149297761,0.013790688596006287,2.7524697755392302,5.467077704720397,4.978849106039472
149297762,0.012594007358711029,2.7707248172130097,6.662186097133281,4.918588679183654
149297763,0.013161751061831942,2.7616264631243417,5.021759167871362,4.856450908787653
149297764,0.012584990306492376,2.820495144743869,5.19700662701116,5.483999733643917
149307685,0.02323953852809426,2.641999393782827,17.33050910777068,6.517580974343089
149307686,0.021415045855415475,1.8757920705439048,16.49690621231291,5.673764046396881
149307687,0.02436985780519763,2.9194753228671693,18.302501065680392,6.623937323695423
149307688,0.02275702250916243,2.7392185576562067,42.28919476625724,3.4446523785801872
149307689,0.019482990809328377,2.829712519650628,17.78552351373351,6.279209344323068
149307690,0.020374290674266254,3.252735150514932,8.947091757842792,7.332661989207799
149307691,0.017891619407517125,3.7583438499048114,45.76979315196746,18.452997612099214
149307692,0.019808577026498853,3.2295292429666,9.68740670625608,7.482774180173259
149307936,0.017874275603127706,3.010705098585399,6.335219375696821,7.910086905854829
149307937,0.01773801191282907,2.9195103453679185,7.186335161053321,7.6292220425878465
149307938,0.018409022835702955,3.0921739189530726,6.568009732906646,7.910521141878806
149307939,0.01802237925106798,2.8451041116250755,6.997196018291996,7.783953405276473
149307940,0.01782392974626124,2.9023907032443588,6.294675392985177,7.817433936919132
149307941,0.018295027156126308,2.9665242882363914,6.524100581044612,7.287342440679944
149307942,0.01826952266391391,2.9652867032792503,6.547886164837511,7.221761674330033
149307944,0.018442248423973403,3.04585219832915,6.676607713434407,7.764398208655314
149307945,0.017985149134937723,2.773196025134769,6.721873787597103,7.617407350393661
149309265,0.014752493509002913,1.690736203773854,5.520035564427191,1.3406531008298301
149309266,0.01227942931152964,2.342739378709452,6.317242734103942,0.745271999931936
149309267,0.011249617176896267,2.42738429773825,6.936925691666758,1.9716483831200173
149309268,0.014326159810316074,1.6721796797246717,6.136006220457124,2.051259093678828
149309269,0.014778494615758109,2.12251567819205,27.06777830510409,11.214993409289361
149309270,0.014267601303493855,1.6727781110151978,6.364386014666096,2.1149257063226066
149309271,0.01780803840509778,2.2087671573544427,21.617710185046686,3.809678166761595
149309273,0.01252186263716989,2.353408175626911,6.610617494348673,1.2186770892419578
149308690,0.011328104611060397,2.8286328785684764,23.915551815259004,2.2122418432293376
149308691,0.012453973360977252,2.3180298658801792,8.607727873191045,1.1209325965162542
149308692,0.011618956964092918,2.2108937410205027,6.257790867873203,3.8371682176987583
149308693,0.012224273425633547,1.940325087448626,14.309245458775422,1.9771255919123316
149308695,0.01439223955609738,2.247160757023073,6.31845708041687,3.2559692276316405
149309332,0.014989351595279993,2.1055557510628393,12.18861661283862,3.366212800516379
149309334,0.01409039535203638,1.8816573437057504,12.53867653862105,4.27879847164866
149309336,0.013582242979509553,1.9824427863735716,18.524767514288307,4.934845335384556
149309337,0.015440203776837427,1.9174829424793562,31.471114523275503,8.053092190720575
149309338,0.014865874126289055,2.0683985612086633,14.795986134193006,4.46202237803344
149309339,0.014625785110392628,1.9700705070233266,17.294746743384106,6.622384935757987
149309340,0.015173190305686297,1.9833065055963854,13.948151667388432,4.952113843565579
149309341,0.015230377862402297,2.253703085692374,18.74962949932532,1.6308352358134655
149292793,0.017000633515103884,3.3874239192209252,6.941436134429853,0.6555484444428947
149292794,0.017064911699210844,3.4000022387395603,7.131371983425311,0.34204789988715767
149292795,0.015603494174387554,3.261654447043425,7.090914395142128,0.05098018618093475
149292797,0.01759416978751103,3.2840200713383894,8.10864882246862,4.056068776367233
149292799,0.01818703827756914,3.7182147246704744,7.257696557058361,0.14321724054129778
149292800,0.01839877417412038,3.725791028247343,7.259085529984746,0.2961482737463024
149292801,0.017609969839027455,3.28166993409321,8.03067554518275,4.013055168769746
149292802,0.016958994205571665,3.4469731387045948,7.341719382487476,0.1284390254577843
149306143,0.017789791274941704,3.6173639068089494,18.928052752279076,
149306144,0.02036859145673041,3.9577452385533474,16.10694834608721,
149306145,0.025316831509545796,3.740906910277012,9.594323150699566,
149306146,0.027237786390214805,4.075433293312636,10.687924501210126,
149306148,0.026742643572203705,3.6434916494442726,11.491378623014374,
149306149,0.024054051747187298,3.9425440628715624,16.128270315475845,
149306150,0.019246655867820078,3.7506044787016193,11.633453145362726,
149306151,0.025170854338937974,3.7278647109598153,9.322823602973255,
149306152,0.018861620992600168,3.5109107288186023,6.187325718891255,
149292005,0.013998296516078177,3.086308362753964,3.875939858125222,
149292006,0.014444217381870678,3.284014986198306,11.691509557586736,
149292012,0.019409962800632168,3.6436870939603727,9.144105329264798,
149292013,0.01699030546650973,3.415018025407436,6.03308198346996,
149292014,0.016976021323937312,3.4126203728252005,6.021048488508089,
149291435,0.008043748635151409,3.9157627708006983,4.309473727354367,14.670681138581154
149293376,0.02051736722974801,2.9764333410975037,4.03453477463745,
149293379,0.01983698077906427,2.8164099660454283,5.566134533266973,
149293380,0.019273093691380694,2.9498981883873743,6.314863950457568,
149307439,0.023167037462202156,2.3083561092657154,7.618921669779019,3.4253604311925643
149307440,0.02322806206008742,2.4165007670932024,9.577033659707357,3.8676037056643113
149307441,0.023654019950073518,2.422067783323181,9.407418511921893,4.448706049595635
149307442,0.02365053365097157,2.3212248138357614,5.682204171747747,3.992124464644439
149307443,0.02309392642513192,2.30055274143969,7.312437764727266,3.3434957015501334
149307444,0.023662651218317836,2.321186782221666,5.824712558805284,4.01847526803382
149307445,0.022705396733097946,2.5299344752573725,18.557329046933116,9.843561702070424
149307446,0.02379992460587619,2.4386703622340242,5.986393407021725,4.264725585607924
149307447,0.022457827527985023,2.2235687547994694,36.961510677986055,4.1698534879794495
149307448,0.02048292874118354,1.8463588183554522,18.121079558131317,9.992541994070587
149307451,0.02179278277479851,2.2147583908928157,14.312039627421504,5.592885501671679
149307453,0.022058922204929256,2.1978604167921083,18.25187498299648,7.969853854250662
149307454,0.021759829218316075,2.639148436725419,14.75786613690804,4.0674340877339255
149307455,0.02166824127650381,2.6279924273750956,14.66627794826627,4.247317010593191
149307456,0.022061694763100402,2.1971788753948824,18.10020049112771,7.968354505195383
149299813,0.013220129583404709,2.7720677693010396,10.250589185259614,6.159907384470689
149299814,0.012108044244736703,2.918487598937612,8.167610811329938,7.7693431398075745
149299815,0.01213130899158595,2.9152785405639055,8.07532740997355,7.730896447881815
149299816,0.013891413939280188,2.947195147449805,11.59309749541667,11.132645908090439
149299817,0.013844484094409701,2.9560469411223416,11.715167450055292,11.089990836810397
149299818,0.012395930466519059,2.858554580200926,28.746884379179885,28.013805576723136
149297977,0.026085952893283155,2.788083126035271,6.234475656369441,5.2790520990911185
149297978,0.026077665749830038,2.8729317758832114,6.104944941758231,5.306062077135394
149297979,0.02581046121939555,2.5690540210214037,12.158157866370368,20.31875816782621
149297980,0.026178656307778058,2.7825734550252315,5.518214011094771,5.290812663576688
149297981,0.02575780810145765,2.7145707733822935,12.240471351613184,20.636596230549785
149297982,0.02611771611466023,2.7421572774734857,5.8255992463401896,5.244647528665675
149297983,0.02638069677291655,2.761755907401531,5.827212475075785,5.154054723659307
149297984,0.02604529633908771,2.5858120984788977,5.506546611173185,5.139306680194565
149297985,0.025346395488925883,2.488384793839051,11.875595550690988,20.49339242631862
149297986,0.02627764789921945,2.731771109807712,5.80755850835474,5.099856831714673
149298681,0.02054823977776074,2.379149996003193,7.077581419451229,7.235159809685794
149298681,0.021459050771097006,2.5532580221108327,50.10614135447256,7.5322718130780455
149298683,0.020747071875106486,2.5842800249709152,47.57459320108008,7.0064475600435765
149298683,0.02147035611647748,2.6400020340471766,96.54439354282104,7.684970437699948
149298684,0.021866987139491343,3.0114563877222955,87.94468555622777,6.810359961249007
149298684,0.02200722694189712,2.7038124138415474,81.91198208125641,7.364178095369538
149298685,0.022206854321356648,2.7999688704001913,85.49131559788975,7.1727793510689
149298685,0.021435456765413616,2.7204660061896466,59.14412188790716,9.550949374688848
149298686,0.02106205406835463,2.461615114757061,48.40641276653632,6.561116971781704
149294059,0.020042395108376257,3.996940636842125,27.286771259907788,10.356446798775941
149294060,0.027956601436128173,4.396412197211245,36.12175247443056,20.324261885783436
149292294,0.01060889268692632,3.321588684913226,7.42373733590133,2.8668745606908086
149292295,0.009070187679859155,2.792718734136496,7.54244627118378,7.3281558315702275
149292296,0.009625809821713939,3.228557966562664,6.940264721405956,0.9850356009641968
149294267,0.033345378691189,5.401297346538343,28.2880625632291,1.1389835758698097
149294268,0.03302919442022909,5.416371542289649,19.99740926829717,0.7640234019784876
149294269,0.033035005261303894,3.940502759806421,7.673966080446484,1.6143675974015053
149294270,0.03324740201282068,4.398563782738389,8.741516542506782,2.9411285572252748
149294271,0.03348015593552985,5.2401927139668265,15.899101145238685,2.4199437599412295
149294272,0.03287745895113148,4.0652746246683495,8.383212666998617,0.9397195776411293
149294273,0.032881177266052504,4.0949524929614025,8.45680025718153,0.9279911527229937
149294274,0.03368391080531856,6.043540065666948,26.399124458338733,1.8350390561511674
149294275,0.03466152233355793,6.8714599027146335,48.63365210809482,1.4616921563286913
149294276,0.03270691402658943,6.53608779733009,17.944637065943887,1.5459611019870767
149308936,0.03216860087056287,2.581196471499615,2.8779138084865146,
149308937,0.03187893645701232,2.185853938740134,5.566966963443208,
149308938,0.03240652939312526,2.1545452850018454,3.284467118701699,
149309699,0.016953673979510846,2.5680998920009928,1.6626605156991465,
149309700,0.017220780189057493,2.5950432876000376,1.920595925649325,
149309701,0.01730887430266391,2.6224343609254746,2.264370321575173,
149309702,0.017737424799336904,2.6333164120583743,2.785827922628809,
149309703,0.018897056708784055,2.7113817897946277,6.064037806896049,
149309704,0.01688659345553808,2.540894083207418,1.853973451352167,
149309705,0.019242961110904084,2.689163833010758,4.490754146308172,
149309706,0.018925655544368536,2.72816961750392,4.355600456772546,
149309707,0.01867688498614174,2.6595976801933046,18.57436369645982,
149309708,0.018886443015882094,2.705773218594075,6.178302283165013,
149309424,0.018210667297835187,1.4906556325357878,8.946916902091571,2.839519707941872
149309426,0.019625561121773313,1.5857609783794406,12.29749249920852,2.387846545998427
149309427,0.016165617652151486,1.9408361740077043,6.957179915820955,2.938301794660894
149309428,0.016859324454268375,1.8979140335438374,2.409855169166328,2.334614368920965
149309429,0.015084529214697662,2.0071848657523303,5.048194922842445,2.5442256073804144
149309430,0.020493972306330436,2.048053784036697,4.0066226516913295,2.246233481922484
149309431,0.022228188104310483,2.1821819119905843,9.275933836631,3.203274785146587
149309432,0.015879668733362114,2.0200366097553992,9.133162727742727,2.777614143778221
149309433,0.018694500311649865,2.0999812508421596,3.7598143478966395,2.825075320582533
149307926,0.013869456930684533,3.08280893761263,5.578330380510988,11.208357774704602
149307927,0.01595264312260843,3.1435772567688183,5.211641382736425,4.854274334354064
149307928,0.015589773263153394,3.091492096026413,4.1824943986967,5.048613246725324
149307929,0.015798767353066394,3.237854375326054,5.288136938791315,4.667919002268601
149307930,0.016344345240487564,3.2184693133824256,5.266605364583598,4.932364134252854
149307931,0.015970179728520495,3.183658715610343,5.068785707592571,4.445815578252158
149307932,0.015583241319321449,3.2538773271023267,32.009350772250016,5.975478519607388
149307933,0.01622846894948453,3.1779268920708685,4.0269882714608505,4.566091961129327
149307934,0.01375139880765047,3.3410310216868018,7.1135952971861025,3.820124084344176
149307935,0.015087686731641634,3.0821134823099627,34.25811973135349,5.85861652554193
149299411,0.03149315874911294,1.8385817781344267,4.152539363318953,3.018365841708636
149299412,0.031396379163668844,1.8479999936464482,4.042794348218265,3.0211690673416634
149299414,0.03140852210663122,1.7761070916893786,4.040967788272411,2.90720887641937
149299415,0.03165709005553204,1.9368223054651685,4.087316946387116,3.2003202513737024
149299416,0.03165786617829958,1.9307064889183387,4.187656351821594,3.187837514998402
149299418,0.03162162357908522,1.7555542892470193,4.404858284068289,3.0647593870790124
149299419,0.03211720786214715,1.8576037997251247,4.491533574973419,3.3498233472527943
149299465,0.03116464558351073,1.7438994733570703,3.909351826854458,2.881802205810929
149299467,0.03137151814351074,1.8952011647827698,4.227168421000362,3.210992512989061
149299468,0.03137631585208315,1.894453806009246,4.237129543939146,3.2041139702896797
149299469,0.031101687959660826,1.828436612590414,4.289465893156477,2.9006489178948534
149299470,0.031701016416892595,1.787767924620094,4.053982866262149,3.1374776211581943
149292989,0.006231674681141267,2.1552743192460873,3.8524693821831497,
149292990,0.007489843522989483,2.334284835195915,5.479888785887741,
149292991,0.007125067372679082,2.3438639712428717,5.2758332712188905,
149292746,0.009451546357348496,2.4297976348839945,8.599456941397865,
149292747,0.009397132568127934,2.5533452950839868,5.555499871529758,
149292748,0.009403469770905845,2.4843954812647127,6.427828879645141,
149292749,0.009345381482925663,2.5313229433828877,8.996250412134586,
149292750,0.008881397545677362,2.4019573517134036,4.054331400913363,
149292751,0.00902456579885022,2.5391115765831422,6.044369274930543,
149294007,0.013962977513941864,2.9408385922643383,6.274664523719332,
149294008,0.016096192336741963,2.7742300912452316,6.3614090900992535,
149294009,0.01594272310956426,2.724876073456096,8.96225857125662,
149294010,0.016150101635815872,3.0960741997365404,6.653546080498717,
149294011,0.015649155356187584,2.79178088870952,8.699558182863056,
149294012,0.014000515800823956,2.7915188714883894,4.475577221168181,
149293125,0.013509183459534165,2.792113344478864,8.807000146457858,2.9549459947966867
149293126,0.011448227877725623,3.130093566060938,42.08811358933128,3.1645493986058053
149293127,0.011767361753846538,2.9091409083103503,7.8703872654307405,2.595092303920548
149293128,0.012960179093437925,2.973755037579068,8.215895832736413,2.7600303854393378
149293129,0.010960611215451048,2.9442090796398133,8.84498590861584,2.4552670566983883
149293130,0.01216371883156887,2.8702971277552973,6.993104637697686,2.9456028895237143
149293131,0.012204092471219972,2.897526149213754,4.966434921687687,2.341727112663701
149293132,0.011920632341888207,3.082620193303427,14.421205773886241,2.774473019706132
149293134,0.010842400685301174,3.023637621652873,10.26300592961779,2.3031454954140105
149292097,0.01221401132227683,2.6504926368082473,5.684964789609555,
149292098,0.011722289598667172,2.715207125866197,3.0095504675528906,
149292099,0.012174056644780464,2.6880892975291144,5.356536580155696,
149292100,0.012538850053884942,2.6116152560401016,6.5941787677950305,
149292101,0.01245618127362367,2.872573889804632,10.541844170517752,
149294164,0.012561141092554955,2.8357309177267753,6.266045737867127,2.717124652191059
149294165,0.011903283561310669,2.9596803122811863,9.696965455133494,2.734692749324922
149294166,0.012084402226048249,3.12323696530186,5.702061844190945,2.809731993214216
149294167,0.013942751120903442,2.8522897591591834,11.631656471660929,2.7501487943906318
149294168,0.012100511208915199,3.280174967779443,9.826628532306623,2.5581956957816456
149294169,0.011626397468848462,3.1085264421708607,7.268834043597098,2.479458862277977
149294170,0.01221528197757578,2.8885688305753674,9.486014958656723,2.590259625050863
149294171,0.011909887305453186,3.150713860635753,9.487979578699223,2.6058310734916463
149294172,0.013031227052279852,3.3731379321883246,9.64703148683741,2.960811086972732
149294173,0.014214783791438066,2.9142995210242044,8.205290266139237,2.794346814255304
149291685,0.012855983063301633,2.742488434973173,6.272138952560615,10.132159882821544
149291686,0.012722985352041654,2.9736125673939275,6.537679689612235,10.389340894308358
149291443,0.00796078644488019,3.865505349432369,4.4986664198157476,14.590893737116943
149291444,0.008065061542186093,3.806440811693898,4.485360837001939,14.619427876099959
149291445,0.008247939694856661,3.892889743114631,4.502601011472266,14.860355143042177
149291446,0.008432338386115814,3.7400978294101437,6.222366036533199,14.438356614144853
149291494,0.005089115838216865,3.081100971583413,6.26383382420391,11.987218559507676
149291679,0.012712037981319849,2.042506821420777,4.212568318237202,
149306527,0.03283893794353234,2.669241338260517,16.63289480678232,25.923292232091693
149306528,0.033575516205679584,2.866565658594038,7.584480681805597,6.288670379882891
149306529,0.03242720711970728,3.054540173353548,14.745262742766439,19.27529990965366
149306530,0.033130705173279366,3.0878354212546966,9.752556003432677,7.474450399520635
149306531,0.03182986380766426,3.3620691923022696,11.539054210101318,8.80114776165174
149306532,0.031836639902670494,3.3448116289793224,11.299560760744676,8.662770534803322
149306533,0.03236016572475538,2.5632506466133034,18.467472612512523,26.20660096104377
149306534,0.032954963000798865,2.6537667196090067,15.283258328348985,19.108251039474986
149306535,0.033621403006998056,2.97438157392095,9.45359285964026,7.792628547573991
149306536,0.03510453182363294,3.0028575716045407,8.684147493179276,7.271561284953946
149293165,0.012008003937359272,2.978793529875767,7.549383818420458,2.7681488639436127
149293166,0.009919839132225132,2.195956352566622,8.250055962494082,2.4520595027674283
149291449,0.006135619948021411,3.567303106034186,25.793352570893816,10.16656758819484
149294078,0.014709718191764011,2.131804540888372,15.903721898653462,5.04841591682782
149294079,0.011874757766968084,2.9225539044976814,25.247002934004485,8.613288353542451
149294080,0.014282447787246013,2.759891972970507,24.717668640435924,5.850398837868275
149294081,0.01474282641190822,2.133104804357815,16.550534292626615,5.041814569176252
149309211,0.04277923061437867,3.7883084680032697,11.302048112300497,16.27785349242827
149292638,0.015868381691019746,2.8436169780424367,12.150158779675762,2.998198279916101
149293699,0.04182182780845674,5.159211017172316,24.22674190666914,
149297397,0.031226592529083268,2.286093529084139,0.035103263812023354,0.041228638521268436
149293456,0.025892591969708906,4.025961773018402,3.5386231914461233,0.30389238513896455
149293457,0.025837455524823853,3.998071883893114,4.644163308602986,0.38296061514415963
149293458,0.025870731499085503,4.018407992452003,3.5436544342453784,0.3006567774389806
149293459,0.02581904923055591,3.9914257541919884,4.573908505791724,0.38142197440533976
149293461,0.025132389828438555,4.078952116977713,2.161799859186659,0.53986862126351
149293462,0.025158654475816836,4.079963550332307,2.171153866044888,0.5519229994742202
149308566,0.02018457533233483,2.6158728088975383,15.34335023060005,3.58766477635627
149308567,0.019996497174772823,2.597185851198429,18.348970592150877,3.6664360307737587
149308568,0.020209047272039083,2.615971757556878,15.187905826132488,3.6232310142946806
149308569,0.02001091300651497,2.5921892631005963,18.565981118373177,3.7662341719564076
149308571,0.019870747920042897,2.574523585771726,15.377989461453817,3.880469559131844
149308572,0.01994063485594123,2.580761027597906,17.992651832214833,3.72763845912719
149299206,0.005407304531720081,1.2374594168298292,54.097012453327906,0.00035475908455923473
149298902,0.029801766506135488,2.328218907868496,0.0003158231819642179,0.000101910697765132
149309548,0.052028594694237415,1.6560834864480496,4.915300458746847,1.329191224596662
149309547,0.05614559964662579,1.604163681438557,3.308670440390247,0.8394366399749984
149293406,0.0183983155334006,3.6783237394131456,4.357476818472618,0.4022677822720917
149293407,0.018430494869938564,3.67747802520485,4.312799083857208,0.42569564485481487
149293408,0.017490273930707054,3.7642059006181157,2.2555523794446506,0.5988663513582865
149308518,0.011806307687030504,2.4552056797117885,17.602406292456163,1.1907751693827862
149308519,0.007384444102258955,2.5592492074918303,52.11715512420273,1.2331328341860466
149308520,0.007987948857624482,1.7436132718873147,4.8296129050335335,0.6626957216882273
149308481,0.015073453866151295,1.1352816951757152,18.05139331510747,0.5365021856468244
149299189,0.018360593537243418,2.1099667347450124,0.017556958222760342,0.0003083622236373498
149299541,0.008225655937329268,2.585219526354612,0.0013674481915815194,0.0002321304567036842
149306455,0.021980699107109238,1.9954991632991792,0.008958477382807762,0.010919165201412121
149308446,0.028601206997350477,2.618269957775638,17.6537063222127,1.7536493389634027
149309563,0.05206506729228801,2.0696608558927343,3.252213508034069,2.233877682695891
149309290,0.016084697981613355,2.891444078976736,17.431882015322895,5.380236568157831
149306448,0.006674117250383546,2.292901396212963,22.70756210834777,13.32666388913806
149299539,0.01049478094732705,3.048597509448176,4.683029053188083,4.952684422208335
149299540,0.010643883583374179,2.6477366936386986,5.169517500529103,5.418443394250322
149298004,0.01125443243266529,2.7443093058369934,0.01616110031042379,0.002007647163172089
149309038,0.022695334222933253,3.0363598828496867,12.404981538449267,6.4457166293964265
149299956,0.016165821694727352,3.556502566202737,9.065325540948049,1.7603212069067018
149299958,0.01426225442665474,3.627346118184769,6.462199328019326,1.2201424578569193
149299959,0.014263257361707343,3.628184586772013,6.50765516907958,1.2270538702855207
149299960,0.013760547979729662,3.731308781009524,5.991895299388198,1.3412207563720506
149299961,0.0137770510209846,3.7330776094609215,5.980255395531815,1.3333389203300647
149300642,0.01780514522003098,3.739049080818426,0.10885553924006862,0.004316519956656144
149300643,0.01793178790125239,3.780031821922822,0.14788348372593366,0.0060000676711998956
149298898,0.023580747921023156,4.854756365292771,11.336749745264163,0.2903801197020356
149298899,0.023564174480500497,4.853347401765038,11.39511317554824,0.27098667096901985
149298901,0.023626458069490344,5.0131344478156725,10.882889638156808,0.042281047170307805
149309733,0.03280284016249348,2.513767183892953,1.1317888387826964,0.0036095069789458005
149309734,0.03485885866297737,2.044572744991609,50.92081374701363,2.302549448795822
149308445,0.015379920500480964,0.9861199731476329,14.790794363740797,0.5753533609543161
149298328,0.010736539789726697,3.0142430404243084,11.71775025559921,3.9863266112120965
149298156,0.020207210559191672,3.811416920832059,1.780312072830715,0.4501848431280067
149298157,0.018757555572033534,4.256953006539071,11.705871103693024,0.7396382869823717
149308987,0.04476729022334332,3.3237932150147182,11.093552668392888,2.8004616869181747
149308988,0.0505400216236344,4.389763310146663,28.05245555886181,11.18747480804794
149308990,0.04671930238415676,2.775661862251324,27.313589485606364,1.5112761136183774
149308991,0.04473353331120216,4.074293248752953,16.459186192927053,1.548153005170821
149308993,0.05215969083448276,3.5513222450029818,33.14593502868566,19.556225811105588
149308995,0.04783816828016546,3.773447130577213,40.630283539692805,10.609700543980974
149298028,0.017684007866239786,2.9966938722650336,0.028060218873865932,0.029845197918734075
149298031,0.01556478333330068,3.5422638644691897,7.976663098855265,4.6604754749349535
149297280,0.017712400952933964,2.956093678652105,0.14009505724808946,0.13677195275253226
149297286,0.015242659538927224,2.983568571676341,6.956056956879329,4.461835151054164
149291434,0.00846316819853241,4.9330076341137294,4.789638715189054,5.410955361396746
149299572,0.014989201692657527,1.9116894522353873,3.0411307287702396,3.420388517470712
149297321,0.017368697577513564,2.5810920323680704,3.219597558052508,1.586497821975376
149297323,0.017045576883420205,2.615713015861654,3.646859245184728,1.750675006193973
149297324,0.017191083240670382,2.6393104127555707,4.026099139888903,2.2926654889236606
149297325,0.017060642959630074,2.6622368737712456,2.964635404756643,2.424995959775692
149297327,0.016719146136692113,2.647130407337237,3.6115652639844225,2.5382249487009085
149297328,0.016862634690310078,2.606944393852988,3.0140129807806133,1.6324067944276577
149297329,0.0165028345499275,2.9728323236364034,13.417481777428218,1.6398179476650774
149297745,0.014186417838070144,1.7240460232308459,3.6711233966916117,3.7817106554656768
149297746,0.013749514088572772,1.7976345682138535,5.29668966154548,4.180613391087257
149297747,0.012997413013731978,1.7679562185836375,7.426271075857285,4.6566650350024394
149297748,0.014501931665667869,1.7057847010805063,5.3152689476314645,3.6227827368187113
149297750,0.013064207393626431,1.9184725315730342,2.9682224110044033,2.4802656416290016
149297751,0.013390477702782972,1.7826247014890644,10.778945475385273,7.8601783460653065
149297752,0.013716925737206608,1.8835409357254531,9.092548071441627,3.999007029252842
149297753,0.013780637263037503,2.331568066763019,24.369125270133246,6.29499652239809
149307726,0.02218685353238049,2.9812346777335126,17.77645068986556,5.463709663642607
149307727,0.02219072635173066,2.997812275577666,18.261002974851923,5.481956383124254
149307728,0.022860983328099202,3.031594432066077,15.889282200823596,5.1223066214352695
149307731,0.02311274116885273,2.951928246278339,16.32254683869801,4.996299331167503
149307732,0.022925933483933722,2.9122765073085124,10.157360251931154,3.214348194203305
149298887,0.023097686475347445,2.7442767900707423,18.711872980668982,4.1126269317937805
149298887,0.02352189504305407,2.7146839649773056,50.85666545236929,3.3276244577304803
149298888,0.022905659502194562,2.7205023903879058,73.83388654993354,4.292485518098763
149298888,0.022764767572792763,2.8432111361194203,67.00760882530409,4.981426094012414
149298889,0.023440784069460843,2.80821912041569,71.54927931566495,4.613192366063538
149298889,0.0236878812430299,2.8633075454750334,76.32996158058238,4.050767790870174
149298890,0.02329273578492467,2.9133604741452386,63.743851749808606,3.919945849644078
149298890,0.023126176927800002,2.82181610459334,56.41293287288954,4.239461152538718
149298891,0.02332531576621613,2.8204392199716426,67.5018860568828,2.561914955119818
149293752,0.010228533141689483,6.681859481403068,9.84639503922682,7.251072212851023
149306548,0.013169048105187889,1.876204871306173,2.802418758299469,0.8263123174190136
149306549,0.01434207025304508,2.01852109864921,5.266671981389109,0.9166556214474404
149306550,0.014307915009084531,1.9265492316970383,7.878652966131753,0.4978890569847232
149306551,0.0133341103677242,1.8666793207811663,9.301444589166932,0.024557830514767846
149306552,0.01430044726769867,2.139766206554156,10.43710565473691,0.5525928136514269
149306553,0.012731388115752555,1.8761679270129643,5.564990408898114,0.19501192813998014
149306554,0.013837966780575438,2.00711556249725,5.395476520107444,0.44730526951360544
149306555,0.013810835823964536,2.2159412304403467,10.984462031019621,0.19789749341343524
149306556,0.014129427140944334,2.0891831832431174,13.321676715914016,1.331238275870518
149306557,0.015030464657083546,1.9258679089700574,4.471969246042023,1.345425829157181
149291466,0.01877853975212472,3.993241265871099,6.751595656167995,13.585517268339576
149291467,0.01911850379150483,4.216918680636157,24.30688168640764,14.368202071425975
149291468,0.019103065287937343,4.212595427758646,24.136315178582123,14.35551889228084
149291469,0.019063668506449562,4.364839411043527,16.283450817916027,14.675069966471833
149291470,0.01941339562317454,4.29442772389571,47.66606719344429,14.021139837356353
149291471,0.0194005151744838,4.291873823092002,47.64370178684334,14.012527630463268
149291472,0.018724797983348963,4.149870778324205,13.566737164900143,14.285939062449277
149291473,0.01866504083592611,4.164686874729216,12.047477022804891,14.368813516792168
149291474,0.019274004469127443,4.193139786373424,25.771923943233308,14.395671368566676
149307670,0.014830805177615014,3.810525794235829,12.402384609323736,3.2877638577807375
149307008,0.0108255420113043,3.5931789638146094,3.933888338899339,2.098993107249433
149307010,0.014194236802334123,3.4741444199049827,5.208649666440085,2.093316702631218
149307011,0.012983504002247867,3.504866026709966,5.138170681979118,1.748349535612189
149307012,0.011647071068912319,3.573068365571137,7.873530494103736,1.228472238860257
149307013,0.013883182221347554,3.471552166205772,6.542473693000315,0.8338034444508977
149307014,0.01706516995240805,3.6152694515768333,24.93419803612991,2.530701374782411
149307015,0.011319232978666903,3.3484604013502346,23.35570830481439,1.6238820212078608
149307016,0.009422063275268892,2.8940584081046397,4.266895521524025,1.1704462057538754
149307017,0.011208564955584822,2.8208335073334587,6.462420492742751,1.7791880536870122
149307865,0.018532020069220112,2.719890774257526,15.875836642028588,2.261519872338266
149307867,0.02029936538718651,2.2753294127799477,16.718340242746926,3.08318093583851
149308306,0.020793730282440432,2.121815391858593,32.399615377447326,1.4306908555200473
149308307,0.020450407252460022,2.048668364675838,23.037292682716192,1.6104056999542575
149308308,0.019448128060058148,1.6835016868214436,33.91357853948252,1.3158910930242556
149308309,0.020425829365299613,1.867967302368961,38.29546514358035,1.315046325226958
149308310,0.019214828059257515,1.6792639390911783,31.532276099062095,1.3311991255860722
149308311,0.01859596607162309,1.8723337849474662,35.69617648885016,1.3716836883623127
149308312,0.019202911784739908,1.7497394026072925,46.83445400310797,1.3473832742513459
149308314,0.018975449788668594,1.8304971261505543,36.969704357109265,1.6139729856184464
149308315,0.018664358566064212,2.1580229887170566,36.02664648177599,1.5299529523579012
149306445,0.009328321299562587,1.5673748017375242,0.0007402471214960874,0.0001584560973265672
149308480,0.01972678219349755,1.240133962837763,12.652458475403492,0.365006518956438
149306449,0.013698433092339988,1.4932357120598412,0.002342316109222007,0.000932854660021584
149309552,0.03138352542539875,2.533557433471442,13.793160388215895,2.021556150502151
149309553,0.034348924693914325,2.3033920135041788,9.72150970224581,2.376408290085661
149309554,0.03021728101834028,2.233570907849379,23.586521013411087,2.143401447896955
149309555,0.04619080622729688,3.045663947865304,30.120119542313525,2.242223704270903
149309556,0.04224007239358463,2.796680812637491,6.70409331101002,1.8301735438406295
149309557,0.04945075191972273,3.043342666659034,30.385921637205165,1.9194954144002077
149309558,0.042926613414310935,2.6345759291292925,7.809398211419676,1.6288210520574193
149309559,0.0342169945028986,2.3588876188420977,13.211395463795302,1.7338864995293584
149309561,0.03391920065374001,2.3662394246556913,19.31727344912742,1.9522082787995971
149298265,0.008431495321193425,2.118287428203313,3.663929424790977,3.074929375333159
149298266,0.00913611035728039,1.8712884219296164,5.08142105017608,2.4722574750712494
149298267,0.008239263350965358,1.6682716037576333,4.556484008834758,2.4384376920398094
149298268,0.009107062817816567,2.04243086322579,4.66784093977961,2.9185916360394466
149298269,0.007753299224997635,2.102221784810561,3.3141893155194238,2.6442081382362037
149299776,0.015584268763952597,3.087678013412188,4.881576404168759,1.3514541688533313
149299777,0.015584806872567183,3.0932234990866636,4.935071315847247,1.3623013905057173
149299781,0.016417610777756837,2.5099484151287372,14.933554426325712,1.8077858058084102
149307884,0.01527587311188778,2.2639143419767507,4.189059866895874,0.11356231771915318
149309731,0.01974225698829389,2.273107358526623,5.126786508689329,2.309047453079794
149299266,0.00680574284002581,0.8180121275910234,41.301163327721696,
149300416,0.019411546686877282,2.6570247274668257,12.395073379598994,2.349631314521819
149300472,0.04707970503360301,3.5524093687845943,3.755350943698382,1.9997792472008697
149300473,0.0434394474715266,3.461388988668892,1.1499081834981653,0.012367064141826855
149300474,0.0471243892944866,3.5665110340471737,3.7754273522986406,3.0198193972439054
149300475,0.04382149954701049,3.573565407626599,3.060047299050549,1.0854959242365263
149300476,0.03928161607177946,3.6523553463138207,12.544091413761327,1.050829312546897
149300477,0.043847073334013185,3.5762585519751,3.083511476525286,1.0915919594113037
149297726,0.010341886541446955,1.3062548460974643,2.370745894644443,1.3555814399987804
149297578,0.011720972879776593,2.103040415295841,14.367479672126697,3.5022548204546804
149297582,0.01288150038955571,2.1889296325840673,12.606447793905595,3.137918757900426
149297583,0.012046179053460272,1.960742590971015,13.99810317292172,4.3909703583373885
149297584,0.011925585838464862,2.198986280969886,9.5461423294645,3.0733251663878325
149297585,0.012679189362982785,2.176944527777418,13.161597241538535,4.300948102571778
149297586,0.013223999893987242,1.9770741065324378,18.846191261095697,2.8698130481857462
149292254,0.019113168478470444,2.7954617545998484,5.576025595461323,
149292255,0.018413261333199253,3.2475693259755625,18.701360118968957,
149292256,0.019847275891489886,2.8617480034441813,14.096548726320865,
149292257,0.017303557743073794,2.7085164587179804,6.2535893416773485,
149292258,0.017915618593854186,2.8345917360965807,6.90784207321603,
149292259,0.018840920921989215,3.1582237712327195,11.45878855148292,
149292260,0.02006313085710941,2.701362903140148,8.918629592000466,
149292261,0.018707727745314533,2.853862188068008,5.858441974575498,
149292262,0.019554179544503652,2.7326019594404656,5.753213427509342,
149292263,0.01809171706398644,2.860519094004169,12.723887045376637,
149308392,0.036650081209891626,2.3763094817898573,16.00823595768036,2.719557278908368
149308397,0.032057775811985094,2.4133731384773505,12.905552734560084,6.186161713452483
149308398,0.03251455329753182,2.3643132802345463,20.218180405201014,4.31383127829809
149308399,0.0361239726307037,2.1944461759928413,12.130961870022123,5.353391454987422
149308400,0.03384353686330694,2.376091419753823,11.751974508967225,4.714568384093728
149308401,0.030836080376681972,2.338150096059707,13.535193693363823,3.0502483159709444
149306599,0.02108436426242416,2.186662934191638,9.0921141278587,2.18742731117327
149306600,0.021594836050982304,2.1281091299724504,8.593889935900313,1.771663701753225
149306898,0.008483810768664203,1.8248689746351718,0.5543916095498991,0.007664086283257306
149306900,0.008335975118509094,1.908686717112987,3.1296361380148854,0.6911192472173399
149306901,0.00830938524210462,1.9080222669551334,3.1577943726197306,0.6381608571438144
149306902,0.009673164282306546,2.1072857380721146,2.432432900278978,0.07318578515441271
149306903,0.009663164638348445,1.8918455945053119,1.1201499184930048,0.04790943326395139
149306904,0.00957586055032859,1.998426580066939,2.066848351522311,0.05994199144900357
149306906,0.009873083181590508,1.8932405127254712,0.6006378448672349,0.006480911162763257
149306907,0.009677520149631353,2.102438095257257,2.2792837188647064,0.10789589521300541
149306678,0.0141196034629952,1.7818311403951659,10.689307908283528,0.9542263886718664
149306679,0.014053741294110226,1.8828861723997308,3.3147499449646065,0.8958119926117406
149306680,0.014106261968467907,1.777062306402087,9.993284127483209,0.9844847945805805
149306681,0.01568017083864595,1.9422486395781127,5.515103954097606,0.66601948189404
149306682,0.012917936880344195,2.153332631621804,11.335857719864055,3.1196197437645985
149306683,0.014338050628720496,1.8036995151722757,12.36292318965559,2.537426819525706
149306684,0.014141154399124011,1.7916304151536573,12.71604195654394,2.507825283346814
149306685,0.015194894066487722,1.9070799651433274,6.999152437329387,2.5692224661157588
149306686,0.014404779981477073,1.830151774073424,13.470753243175318,3.3310453881639015
149306687,0.01560375257524939,1.9361323600021814,5.386604258452962,0.697981516471895
149307254,0.014691851586082952,2.2839881734097074,1.9141677682342184,0.6431613167310049
149307255,0.015084355350658121,2.3889167537833114,2.037508059878917,0.6413196439373421
149307256,0.01316664960520465,1.7738976814043628,6.207898928453458,2.212458849383891
149307257,0.013413610568202944,1.7741434030048058,6.513748346719009,2.1887514102343335
149307258,0.013521609052140232,1.773313577121862,2.5596527520300323,0.010422523894287694
149307259,0.014127084280998764,2.806965878031206,2.486712613414146,0.10004817605308315
149298497,0.016450227054374156,2.6456503004069916,5.136944048683237,8.012841454605331
149298498,0.01173844470111444,2.720667634227187,4.576426211217764,8.051964129083027
149307817,0.024000704914707648,3.900323308668071,27.22340346519024,2.514288332255185
149307818,0.022985868422807983,4.473121147474425,44.308396938522954,4.055486376893882
149307822,0.0230385943329353,4.476069194496971,43.776395465335554,3.823167354743705
149307823,0.023674217519523547,4.424994509002406,30.688834469424396,4.330740931282482
149307825,0.024376742512385613,3.907511102734579,31.99912007372081,2.8942530167784097
149307826,0.023356455225377465,4.202685792641276,28.783907152691945,7.781527928773795
149297702,0.016545879102725026,3.172825638303722,14.941596916380393,26.297739715854725
149297465,0.014989502485653674,2.6637327047026154,5.125438599114444,2.191709284417052
149297466,0.027751598226985395,3.6433672024290367,21.512782208451732,6.704049500360189
149297494,0.013312687732165634,2.7001909131072086,13.953462647355794,13.340664989886129
149297497,0.013948096711275827,2.7152228205877207,10.147098486251684,12.361530271584867
149297498,0.013143978944331067,2.7369721543722476,16.241596191392432,11.278075387112862
149297500,0.012821894969828959,2.5230702745246765,6.643038420360891,7.298893516546498
149297501,0.013252720311996431,2.843688961756484,13.22347090435719,13.484414473650023
149297502,0.015151802771859797,2.801079198676976,13.079493332000366,14.37396132506623
149297503,0.010854363155681692,2.6995247363142134,17.03212573804055,14.782589704802245
149292712,0.018204150244351066,3.1197283753724476,5.94653719580329,
149292465,0.011231604317953569,2.9580683761437525,11.693294196390346,1.9516129160812956
149292467,0.009999788810215111,2.296498655990213,3.4507413376816403,0.8017680952771548
149292468,0.011237825608479685,2.945257665985905,11.506188820971676,1.84909384528228
149292469,0.009989408533993965,2.3243026716993342,3.1192716590846032,0.7971722962834301
149292470,0.011785823187990058,3.0714397995994416,7.434364847397557,3.089362318994754
149292471,0.010527228691364033,2.618250939340447,12.75938553770286,13.744258315324537
149292472,0.010501594276328451,2.5345392080956564,11.422596965001256,6.727565176535119
149292473,0.010001242957325648,2.376074981689352,4.01246700222161,1.1455248596081147
149292474,0.010031085992531398,2.345090750242048,3.26835606808311,2.1395363091080815
149299328,0.005103356622970468,1.6991878443698194,37.04650083297797,
149299329,0.004779926516899455,2.4864736251248005,42.29355499366909,
149299797,0.009416913512983177,2.5365990436422927,39.931523617411244,12.770106921546647
149299798,0.00787469471124704,2.298579148786816,5.155612563441414,3.067719582630869
149299800,0.007720077768844094,2.2943598662951574,5.311693790096926,3.1600880303957934
149299801,0.00713922927177725,2.568840125920422,6.195880790814869,3.357688347996776
149299802,0.007148322398515057,2.5681437265374343,5.766916614892142,2.992170610594399
149299803,0.0071773268054050095,2.520889286940464,5.06519478846645,2.9894280707498817
149299804,0.007231857418785991,2.5098589023782734,5.1523374062557155,2.952840132606451
149299805,0.007882200561644119,2.535759274368928,31.11404907311049,1.196237676908769
149299806,0.007803003015530017,2.5603853785807753,32.09415314048053,0.9600859740056793
149292626,0.033603479482988675,3.2002075284301412,10.351211152164609,11.075520729817505
149292627,0.03297100561711797,4.2209019881043375,13.496507988866847,15.968250269456894
149292628,0.03363178428267312,3.7864428988635757,11.15511623468481,13.34291608801869
149292629,0.033647022735452455,3.778419976009436,11.124124435896006,13.300481382522367
149292630,0.033272207571244265,4.428506205759095,12.351577608535182,15.745554487131896
149292631,0.03351165624407035,3.2613323948083432,10.422468279633529,11.031400193428178
149292632,0.03569439453518435,3.6540000741180094,10.863437873457707,12.299249407111391
149292633,0.03293353960622993,4.179889416973401,13.104353828305902,15.703661832286242
149292634,0.03530764500212968,3.8714999957761798,13.033981726930307,9.630064504082279
149292635,0.035726499163354845,3.6442056871939545,10.78016339115029,12.29043952602455
149292435,0.023039876266109528,4.1928962211525,8.825870046933918,10.887259686741524
149292436,0.023000669600797937,4.187483679298557,8.839735424352668,10.647060700010085
149292437,0.02241227053559765,3.878178941678508,7.473986854616414,10.809445357065092
149292438,0.024151708308395532,4.348458677286564,15.505428815739604,11.409328808580423
149292439,0.022214953825446297,3.742686386634436,12.49597443028848,18.91194815137795
149292440,0.02222789155127088,3.7452586847365397,12.679012096113013,19.154883239688278
149292441,0.023118789971784497,4.101266818674653,7.461816043066851,11.140870527411842
149292442,0.02309416581114918,3.7974582379289394,7.996777896139363,12.906475538575256
149292443,0.023154210661176608,4.097935499190709,7.386439069489976,10.960685459586012
149292444,0.022415756272710023,3.960669259053361,7.147464376295525,10.496189114298856
149298449,0.016736435675280673,3.5817027575836926,56.34391006371617,13.541621497123208
149298452,0.01779825134380648,3.405091387880538,28.9009850145712,15.263582463379311
149298453,0.018738706945510768,3.3529986906862144,31.28145456590327,18.780745415174508
149298454,0.017927385838174787,3.487731349672345,52.82594516636904,17.350966083387966
149298455,0.01997286907290164,3.7298964347177876,29.050554085812912,17.70919315354275
149298456,0.01683355754553932,3.2976029309839316,14.234393343695473,5.936145246235325
149298457,0.01691066918901766,3.4812275908146373,63.21503477631284,11.743410244008883
149298458,0.017972161005119038,3.634438153298669,77.6149250119275,12.503354775576666
149298695,0.019701062703436127,2.760464710971388,6.510867889404341,4.817853228017857
149298695,0.019992788830144888,3.2297419476830536,65.52012750427343,4.236550375740976
149292224,0.015477651438863402,2.530162484576701,4.939858523505476,
149292225,0.016017264415379335,2.491284126723006,28.263099610792807,
149292226,0.015276080799680495,2.7082560212992504,7.748440293357497,
149292227,0.015486987140482592,2.7905679700091355,10.490914461541127,
149292228,0.01508886650666362,2.92627858927786,7.307866519788814,
149292229,0.016532995419582214,2.6895533429775846,6.038643121529095,
149292231,0.017008998044022592,2.589077509198125,24.58829383148151,
149292232,0.015301522655169106,2.64084831407989,3.5231969375240757,
149292233,0.015464329201053879,2.8535131616553344,6.139560474398684,
149292366,0.019815968539782635,2.9349425834137612,7.3773738835596765,3.9093379816238256
149292367,0.019431538401723673,2.9063475147396978,5.796555560405398,3.5127111757739646
149292368,0.01934716623355231,2.7611527949707626,10.021044739068921,5.006984714783813
149292369,0.016275244422519788,2.569084107666631,9.524902691051965,8.658657322312516
149292370,0.020227295168154708,2.9612378800874675,6.315897511521183,4.632037075489711
149292371,0.01816845422680402,2.7450235077438387,7.69570619358505,5.770324950348636
149292372,0.014808965283827196,2.5490464879172055,12.863180361324751,5.398393417308077
149292373,0.016764987386647633,2.767510965092717,12.377098486603447,6.260754940576669
149292374,0.017674759163543878,3.178677773616565,14.28551569000728,5.401564796151634
149292375,0.01652160881531763,2.394568489240839,7.507543023459763,7.288336956553949
149292357,0.021777953822593805,2.8775543018530048,15.751729918498693,8.742564278351912
149292359,0.021312898966809088,2.728950229492434,7.447515004744502,5.451560115632875
149292360,0.02039645942056426,2.7611056245800496,5.376919514946617,5.800543186886737
149292361,0.020389719428169792,2.955465617118918,6.820034126243265,3.3912370094692075
149292362,0.020604062286750928,2.943403014628008,5.83438453661683,2.545931422293748
149292364,0.02221496053226773,2.8142611079658195,6.877558268981824,6.7433200616504045
149292365,0.02149507651188111,2.7540972445770566,5.913694296070142,6.234738664692988
149292415,0.023904788316150127,3.4810525511760773,24.003733085292346,6.456906823835523
149292417,0.023522890178251533,3.173243119231001,16.575494588686393,5.462099615328669
149292418,0.02627875066115409,3.882200323012694,22.621479710291247,5.156759266166277
149292419,0.024857680865326984,3.1096979841117514,33.30658044791376,19.388920120868566
149292420,0.022898619029403655,2.976281430838709,19.418290102522974,10.98461171280561
149292421,0.025304959243105968,3.72726112268694,9.1019080806532,6.553458326521342
149292422,0.024309140080211084,3.094059167231903,10.882993968021058,1.4319600689172731
149292423,0.024626859203423116,3.939986636667378,16.361329382126566,7.965767564999195
149292424,0.022420017265665605,3.1834574396934663,19.58424093299309,10.961521702848952
149309080,0.030815372973398654,2.4778743260822504,18.820427225855244,6.66453088268178
149309081,0.03221240266605463,2.4908038542050552,16.709551866623354,9.710538238335072
149309082,0.029443287277846186,2.3579849303260936,26.34134999854878,28.078319833570777
149309083,0.030748582089970333,2.484873979281211,18.633703115763765,6.757638923609017
149309084,0.03192637687967195,2.393541228771015,17.770307248516144,7.677700512299208
149309085,0.027849073228327578,2.6662128689780045,7.27829222235228,6.5860928514156845
149309086,0.031147125702537744,2.4032401683959783,18.9328863746125,6.9036398142000115
149309087,0.030681815225838474,2.3925831826518706,18.730706150650096,7.982530504652377
149309088,0.02683219909912342,2.83868568303009,9.900728088466309,6.989342733504476
149309089,0.030184734705904992,2.3594222454987017,19.613520162339814,10.550259385784342
149297331,0.020248838738730044,3.568386060637913,9.390645030564082,2.2222673684602707
149297332,0.01955969000247959,3.658677043529888,8.25773592205277,3.1379187088520846
149297333,0.019870604205246386,3.626192615021967,11.19257540469943,2.055843328213985
149297335,0.017754563268672828,3.541537316398731,21.341238678565027,4.497531605644813
149297336,0.017142887212199392,3.6210908160079462,24.132735571483444,3.1089534648973474
149297337,0.016471139388253096,3.3648884991475247,9.162535581890177,2.871375277920763
149297338,0.016252719562477293,3.473078141800484,11.66927913255158,2.518445696283848
149297339,0.017418762967752487,3.578927902881477,12.474890947960596,3.429994080170005
149297340,0.018641103446561245,3.733387033314155,10.869488968954085,3.2563664348514916
149297858,0.022673470371582516,2.248427224076635,5.2861014109334095,1.0244533167848628
149297858,0.02312265688340099,2.4184924533644407,65.37844470810244,4.504597457926254
149297859,0.020440281396444267,2.597178658351321,71.37516081538098,9.88625889107066
149297859,0.02094877180598503,2.5706931294106266,79.3273344180705,11.056412726201417
149297860,0.020021290864760358,2.452025692289462,56.087801477025856,7.050387467018693
149297860,0.020296900125098737,2.4546917550918113,67.72190248764099,9.819326613445112
149297861,0.02008496950357348,2.263348731024727,72.49895352548118,3.1566568060290265
149297861,0.021046951513080992,2.522499328035172,94.11071588841314,12.487518582748741
149297862,0.024229225212286033,2.2551265534935263,81.75744467067094,2.531495654225928
149297862,0.02349762654991746,2.237414127924165,105.79719579912746,2.890997839671313
149299501,0.030730036802239794,1.7420962393867137,4.477267597780028,3.01534600033843
149299504,0.030711229364914574,1.7396123405683876,4.486968137189018,3.0109116252348187
149309258,0.014497547352022525,1.6108870961870534,9.10289399359919,0.9465110235641836
149309260,0.015501466424579368,1.7106346526221818,8.006005137232558,2.5440829963865443
149309261,0.00951486797039574,2.1591996200101673,4.5439688661711335,1.4185564578138807
149307048,0.023564245209984343,2.3777160528025303,2.0466044695938885,0.23938041049263395
149307049,0.023802313030186047,2.3885449820555817,2.059456515081205,1.0693016585651467
149307050,0.023757632853882535,2.516956750374796,3.4005224012385,2.2029409495324788
149307051,0.02376281926069845,2.5143924438460643,3.414682003480445,2.260592246009645
149307052,0.01930138095551059,1.7781830482307983,3.514893417715942,1.9643297945555824
149307053,0.019186629297941654,1.565301178016742,4.536483040644349,3.578521977907586
149307054,0.019029396175938115,1.6494733101000447,2.7399475043652357,1.6992902523312698
149294003,0.01294014030722928,2.762222136862787,5.450106577859226,
149294004,0.015327592914702995,2.5967925484454417,7.120090076695176,
149294005,0.015597749115602499,2.934649947088148,6.999477015331219,
149294006,0.014762432344368985,2.570460183446145,7.208246592959153,
149292792,0.01076334105872627,2.9821439838759516,11.428803773078718,
149299871,0.03382447324821617,3.0617474544361696,21.254657194593314,7.321588549069757
149299872,0.033575275898601896,3.0572595802652227,21.272209491043668,7.496737725460321
149299873,0.033955464786259576,3.067020357092147,21.58046117774821,7.858773955094082
149299874,0.03365514830580411,3.008877092497149,21.019670780795614,7.389088589291335
149299875,0.03373358173429832,3.029167288685485,21.290449660828184,7.317827489600186
149299876,0.033878063298712416,3.2892860282095695,27.13113048418213,9.360446558340525
149299877,0.033615955243403474,3.0108532390564497,20.872570112192562,6.83368597628752
149299878,0.03495893976132369,3.293849861729914,17.349249007244538,3.302817404825217
149299879,0.03365690681615919,3.0347252095333497,20.880330948504646,7.58277844322447
149299880,0.031853216669897044,3.201444722914296,17.697828505218403,4.485682103160673
149307018,0.019169585189163493,2.2233144303872487,3.0208965906124856,1.375357421398397
149307019,0.019729610392315522,2.231249343039245,2.7497298204088576,1.2367701293359985
149307020,0.019661395272510544,2.3380537526355982,3.172793987301561,1.7311431647139057
149307021,0.019395164293578203,2.3392462747166616,3.5164693958448465,1.0525695229120104
149307023,0.01781665527389941,2.363108511022356,2.7593537132572283,1.3054229997362123
149307024,0.02055505843389933,2.2322438461565417,6.217079678964588,2.254364053465413
149308009,0.019735225494040293,3.0397493488883653,19.370099391573376,17.40332931331926
149308010,0.020234913076453403,2.704587826459786,9.807704538206726,11.3377880822
149308011,0.020203225352251906,2.964587520916224,18.572794289274544,12.225551089990894
149308012,0.020513732774516763,3.09926173486334,22.203259991270468,17.0531538683951
149308013,0.018811857214746108,3.109506872547571,17.420164167958625,13.81805535156262
149308014,0.020031955721231703,2.953321091875997,18.926032362122456,17.821850275918763
149308015,0.01968093179525293,3.049632034642129,19.512187153515573,17.509882680659427
149308016,0.018757180849117983,2.9376236499110155,19.721423956479796,14.413618446748345
149308017,0.02106297072346425,3.3232409755621783,13.87325298457523,14.986832778501777
149308018,0.02057631470735068,3.1077808299202703,20.637433443873526,15.62816478908008
149298748,0.02077182794487404,2.139469520299422,5.851437628847316,7.110022371851369
149298748,0.020956280551630523,2.3549411765733406,42.84574924832059,6.9554875814759685
149294045,0.02012587902898094,3.7217560834212446,27.508352324090165,9.936165403451868
149294046,0.019009336111158535,3.7527326133175536,24.721878270322666,10.45927623761267
149294047,0.02591388188476841,4.085696324593051,27.07401813870321,21.650491577399773
149294048,0.02544141390193824,3.8726723828466794,26.796328069828814,18.40789169146718
149294148,0.018250176203859353,3.018357137973314,6.418934904966739,2.3367241185136214
149294149,0.016305765115521557,2.8240627006118935,6.762871076858967,7.374407172414558
149294150,0.016859034434499803,2.761637978352635,5.430249171986986,5.772009328013122
149292969,0.04028568995309941,4.970662189109493,14.907884586353575,10.201780362823406
149292970,0.042140508586255614,5.886666292936956,24.232116669995968,26.836508272906165
149293135,0.009620353085211501,2.7635579616042714,5.963289041133953,
149293136,0.010086685178805871,2.6311597203887116,6.031107708183535,
149293137,0.00909590253068839,2.829010636236414,11.531663448264892,
149293139,0.007944109647558645,2.5019420228591245,4.072691983574088,
149293140,0.00996738028598321,2.695512995500348,5.857476486655177,
149293141,0.008011428628518098,2.632800070787556,3.864492027283324,
149293142,0.009391401988966912,2.813462309318626,9.436291265593221,
149293143,0.007901469130302565,2.5400241351644692,4.342976389745055,
149306815,0.01084895126487308,2.820056822424817,4.725580275613662,
149306816,0.012700157847605704,3.1577569656138142,19.179083659542602,
149306817,0.011471910358532907,2.672943505198306,4.4173283386673825,
149306818,0.012761015170687274,3.149059358505154,23.07596749093345,
149306820,0.012299897689475245,2.3743182853713933,10.436404050610259,
149306821,0.01080433698128739,2.982394631513074,10.835994035813378,
149306822,0.012607402444684153,3.037959902121033,6.253060759286592,
149306823,0.011922893516060941,3.0656734309542575,11.307744372690395,
149306824,0.012753961292727666,3.4492978832235153,16.115088878339275,
149292698,0.010264076363493484,2.443181422110067,8.54265826293042,
149292700,0.00965939229433206,2.464555984116614,4.901445120715863,
149292701,0.009919731476096929,2.5776646297450037,4.263953099333448,
149292737,0.013092141477198303,2.7993956199922927,5.506179241024541,
149292738,0.015473191386135895,2.61196746437086,6.229796428651693,
149292739,0.014850485439780268,3.032711280652283,5.634500513855949,
149293036,0.00756440877411283,2.2208801593131606,5.9016086650108335,
149293037,0.00853578497863191,2.3905390721744455,17.629954995866175,
149293038,0.00805638255859187,2.368292907682393,7.500839990193895,
149293039,0.007471416869620434,2.3904878690338496,5.140780755335358,
149293040,0.007349543299859397,2.34962941586144,6.842058640879351,
149293041,0.007557255480646285,2.3178033522782537,3.8483837917963997,
149293042,0.007653942432409891,2.2659908095006074,7.811302176216028,
149293043,0.007694777656931008,2.1404039067839222,6.563541889588686,
149293044,0.00812835502144232,2.4283026049400074,5.362400828768294,
149293045,0.007748512552083822,2.3066001523143833,14.39210967617166,
149309531,0.04299356013467071,3.1086244015040165,10.440256315924884,3.059546715634781
149309533,0.05032073347604691,2.808028494158168,6.506767012072153,2.7615680103537614
149309534,0.0481329978129648,3.048168281960665,31.111683714757447,2.702042911367399
149309535,0.051326229698381666,2.44172481116909,13.810435280342375,2.974901359076098
149309536,0.04765060506845083,2.97400620837921,10.013771871276111,2.6301933128639066
149309538,0.048189122896150745,2.8733480042870765,13.045039080015481,3.125583090599531
149309539,0.04517492831516079,3.0107101829159637,27.069452537319496,2.5736316525685234
149309540,0.047507239758683886,2.234068773980619,6.249138971053746,2.7983574627117003
149298400,0.006487030816515893,2.392922026247558,46.3605551228721,9.852216722319913
149298401,0.00595184917845394,2.3314576944460876,35.003076172187534,10.403142233478537
149298402,0.00631408853584113,2.4074337921268976,14.307918765322755,11.194716464291174
149298403,0.005568938369893285,2.6328908084920544,34.889115754912375,10.43968435353966
149298404,0.004610821791575916,2.624253913826468,44.9240345918246,19.659138941500125
149300300,0.029691427196519064,4.049845496968238,14.676780284719012,1.9737502837029521
149300303,0.029711853997533857,4.181756735634286,15.23238747917043,1.8297889292104812
149300305,0.0317801519186021,3.8896457988399282,16.89001855905283,2.7360856339412294
149300308,0.03328352762125727,3.912299252856142,10.943045868395643,2.2228123060686347
149300309,0.03162912333841831,4.119850993066319,11.814075278829362,2.016725268622102
149292284,0.023504023194126943,3.5051189589240725,17.97866522983236,4.9696637406392545
149292285,0.02360162405630881,3.4393244371910376,23.497608429787515,4.924966963401894
149292286,0.01676871267978484,3.9943724655240938,23.41315772441317,4.283021789754571
149292287,0.02274915325523811,3.039166638288808,18.525563348029948,6.124933066412441
149292288,0.020653182963322757,3.6684033335031834,29.61669565111685,4.873709450886497
149292290,0.017056440845901296,3.0537183476640104,14.881360514341845,6.362229276276595
149292291,0.017218372425105453,3.4021419132008157,18.48195571268732,6.142045418619168
149292293,0.021020550599425012,3.8846927336240724,17.539572983517353,4.764507043818616
149292445,0.02738276456661599,5.146113809725906,11.248217066569186,1.3721252298089885
149292446,0.026516956149258246,4.043830542440478,11.809930992250147,1.1061089124508983
149292447,0.026295426219670973,5.645458133588117,22.706854630288667,1.3269227596925868
149292448,0.027200132843628367,4.125375249563017,13.85319267166896,4.606565582602649
149292449,0.02554734370990463,5.290785159943424,8.865913982609898,2.6188188126672514
149292450,0.02595862890368561,5.195592225223126,11.411508523064134,2.9197773370725875
149292451,0.026711652839695222,4.366599273378142,12.308578449239773,6.623177733275384
149292452,0.02605354319393887,4.9198625432552845,11.11154445206956,6.552102063179446
149292453,0.027781534259991646,3.9333153073138947,14.05264758223005,1.8913599949967408
149292454,0.026748692247040403,4.99284006234421,9.354996094125507,4.319416498479922
149307358,0.010159288311879918,2.928431994571006,2.8496808207883872,0.7935969981124682
149307359,0.010133367009028784,2.929635904110261,2.856599487711504,0.7916631728299754
149307360,0.008701350365378429,3.2522450279816955,7.129995611993966,0.8381730457128465
149307361,0.008717845143042514,3.254544742445778,7.158088792641101,0.8255954834269388
149308340,0.03721572873649352,2.6204736502490755,19.730911050890942,1.3947562432044267
149308341,0.03721083613463927,2.6159324521152034,19.958743127103208,1.3999756327741184
149309730,0.035002141937673925,3.1774040752018697,0.00027336417247452523,0.000323624942569998
149308346,0.02643028318242737,2.3019573111002876,33.64594338757657,11.474325871622284
149307378,0.012887146011045531,1.5928985510497595,1.469657192049977,0.8519523208569922
149307379,0.012894274167127281,1.593817799044533,1.479726338954445,0.8556743605955456
149307382,0.014375384501801359,3.245742938656247,8.391380358183842,0.7106809137240608
149307383,0.014324841255664621,3.255112604351675,8.883066463527205,0.7195886288786311
149308292,0.01643005391131409,7.899078942701648,7.441889258085662,0.008728116672972554
149299263,0.02521254433056067,2.1288211945873883,18.30279711641167,0.0007770997637582176
149293410,0.023646071036385902,3.707271233314477,33.08096162377712,1.3626276182175412
149293411,0.023875415655813772,3.773471519892777,5.763151383022701,1.1529847756840823
149293412,0.023854907807769356,3.769949419026619,5.777139642705548,1.1533740914653656
149293413,0.024128500649036697,3.61266688317522,26.211203819348793,1.2203110918722042
149293414,0.02316334285393963,4.054199380510892,16.731838874826973,0.3927246407873415
149293415,0.023222395266315053,4.056262584966088,16.630903424808753,0.3859507097734905
149293416,0.024143583148595035,3.614876182142707,26.16093966382565,1.2166260852969242
149299243,0.013577594379917872,0.9760146845984797,28.9911233232605,0.00048637777797886717
149299922,0.004519980639225651,0.7920887109136718,6.103562750623834,0.00010345911783630612
149299185,0.019673874229094904,2.9734086805723505,0.0006511135086047139,0.00015996751058925386
149299186,0.021287365052093898,2.5235846604029106,4.420923879222026,0.733772329853947
149298903,0.02474945508909959,2.4074230877226555,0.006366585527663008,0.007829687519450628
149298938,0.02534622088485865,3.1802169813073773,6.020280476972488,2.152602563413561
149298939,0.024408872112125495,3.297790106501683,4.836711388242761,4.985797500699204
149307027,0.014351252429167606,2.771906311457672,4.596432187282822,0.8143129186784402
149307028,0.012717227874955906,1.7564911781366495,3.451344695365572,0.9675829996679886
149307029,0.008015728328004266,2.3720244996112454,5.741183719333891,0.5855220395186577
149307030,0.015912792632010193,2.6476297160115156,11.134664040709279,0.9729163727661295
149306440,0.00951072229768131,2.156100893643023,0.0014696904754834899,0.0009457161001168213
149309342,0.0074628429767613375,2.3219091945859445,16.498660796428606,0.6327796024814697
149309346,0.007368724268014733,1.8301055124926136,15.875862177424638,1.6086809082910385
149309347,0.007314841838826619,1.8388421494375002,15.840191725068063,1.61694572647701
149306992,0.012596455180623838,2.3646774502747716,0.0008845033642694558,0.00023549958617285306
149307449,0.013749102799483243,2.832190284504647,9.981584079489172,0.5134045648731058
149307450,0.013635800437862495,1.7324856783169773,6.399438252373699,0.5957878021729588
149299033,0.022368445169798502,2.117501684879341,4.523858364355615,2.761911446882615
149294118,0.0196533769776861,4.062443923216271,29.541503811119277,3.197588151537078
149294120,0.01749803372917369,3.705968168130192,6.852271152370821,2.88426577410285
149294122,0.018785139543527805,3.9517092802011398,26.00153876343904,2.9746573662770284
149294125,0.018435514191906064,3.629361876366268,6.340290830719744,2.0482484775429257
149294126,0.021049472074135836,4.794624035665681,9.469669642432589,1.2141526460370207
149294127,0.01881777169921876,3.4879239261697017,5.080883098100889,1.5632402381485866
149300322,0.04270391347970838,4.143393899229762,12.82972739767014,4.361094895033452
149298124,0.011443825002528519,2.50809703949148,0.012847044586864004,0.001363160125350768
149299525,0.007976750474732206,1.5934496360549582,21.99789090590671,1.6337245090148784
149299528,0.006330900760052217,1.658152330437743,12.524668743403431,1.3330395226041718
149298110,0.011862836447815649,2.7503560181001006,0.020336260731928922,0.002462448560137932
149298111,0.011581814815250077,2.2791224071761924,0.006534393496915531,0.0010626897919603676
149297961,0.017438184561778088,3.0458941810135145,8.601599735695958,1.254708613260882
149297966,0.017605881211162595,2.8014092015640295,19.477738534778606,0.8787937987027137
149297258,0.01808817882962482,2.789108208203118,8.616005336980477,2.2411310213658027
149297260,0.018831651999988108,3.302524083475821,27.322327222875128,1.8961923315951206
149297262,0.017709458260025717,3.0479855639652644,8.658982960541323,2.1320148454292482
149309000,0.013694324359384523,2.6777010414943527,11.294440543694792,4.029995603581139
149306587,0.024853921119026085,3.3129641777487513,6.736866613241833,0.5393874870283931
149306588,0.018831847530215634,2.654042792398845,6.405663724824313,1.2490433978662756
149298270,0.009319795958964974,2.5762423637196714,9.472822294187765,4.435453927041603
149298966,0.022430463558246717,2.7209794950090425,11.740262378165841,4.647775838645473
149298967,0.022435000859421263,2.728440645075125,11.94043463142378,4.734562372804003
149298968,0.022502154785458226,1.7970274743976637,10.51672841214898,2.9510165269163346
149298969,0.022421336673032075,1.8039053744490663,10.639882110207711,3.0037716385415982
149308517,0.014483989993610228,1.5534487489734585,19.562867272110502,1.420745607476128
149308875,0.019706585085988656,3.4264871683595244,32.15941878263789,1.4675594385780177
149308877,0.021325772780316863,3.8429474736477993,9.895595739506327,0.27290082932047255
149308880,0.024641922801878297,3.719298306194696,19.070994584628178,0.4932081624684774
149308881,0.022407161284186627,3.531524737682326,10.19445808062996,0.5305746803466291
149308882,0.024526319115734628,3.703520671750167,19.809570411702847,0.4365057244333204
149308883,0.01808461686873402,3.6804101829003653,10.931589693966163,0.6761977741862953
149308884,0.015294183004891694,3.284051005955218,16.48215480936541,0.7719266289011216
149308885,0.01788734829904957,3.828830173124137,18.316982741733774,0.7208169725902263
149308886,0.015524360268087532,3.4209585440057753,40.37571235566421,1.108587262545436
149308890,0.020546695500762453,3.6009288863770372,12.006548280692996,0.3964431078453539
149306444,0.0033545170583664735,1.0565074462236241,1.454134521928495,0.9668793081367917
149306446,0.003658761240597752,1.281342414476067,0.14174626656094666,0.0004553870404857932
149309292,0.007419553705241427,1.1091676016758465,1.669177988713362,0.7526326612847295
149309293,0.010549431569751444,1.7374482507453937,1.871922655263575,0.5856446684226775
149309294,0.010090548373555908,1.627647945037454,2.41283950458021,0.41352969707028786
149292685,0.05504490582440206,4.6988235559829805,10.39204664722484,5.591191996409912
149292686,0.055484631521305096,4.978070573715644,13.700101159573455,8.016848050197781
149292687,0.05263378226010716,2.8834760056353446,11.399491752277324,3.6318835676412102
149293945,0.019548498813964792,4.313139584736459,36.87785044142492,10.395450311348432
149293946,0.018727562168952976,3.9385278892004565,20.710181803282303,9.414073617850683
149293948,0.016251245595728415,4.603143976263862,44.31191289626549,5.2387935956561025
149293949,0.017880011532002173,4.300122503822017,8.164733022664624,4.547324024994981
149293950,0.018059762330720527,4.713726485248103,21.958571249524915,8.583400933939286
149293952,0.016078888974184597,4.105796859271858,21.943911379716056,2.837813908233178
149293954,0.01930828134748422,3.9512388462052717,14.369140069499444,6.943214121021805
149298415,0.008764467766269598,3.9210383894633245,24.429004459241316,11.151019950779215
149298416,0.008813311425990622,3.9085013263905086,24.24110586547477,11.022471297827405
149297257,0.01495511552002474,3.043082236919929,6.539428398621686,1.1851632773460263
149298469,0.01026135270578918,3.9115917832652722,27.513907774629818,9.54260780350529
149298470,0.010229468837462901,3.9011036009793103,27.26907183032454,9.52143358091025
149297997,0.017159827406848516,2.81851715111091,11.568375600683094,1.4192963311281759
149298001,0.01635909229296518,2.331162099016105,2.9974218963607817,2.0857019942670014
149300297,0.030313841402434184,2.932425088570968,12.460498383477214,0.22295368292713894
149293765,0.010816421596228669,4.000510328828618,3.726707592345028,4.836634478219963
149309040,0.025737664036303367,2.9130582939002836,17.975090885583604,3.0986522740048588
149309041,0.025749464809011413,2.923597201839282,18.410238950674255,3.091151418302225
149309042,0.026651491041930053,3.1157313918697778,7.588858285662444,3.774554554929088
149309043,0.026753363277785765,3.118813910041116,7.649207629085055,3.7893893638743092
149309044,0.024343160581816677,2.8556144541807766,22.79396284611819,3.0739912928800095
149309045,0.024309167486314953,2.8606488969007136,22.737657062400505,3.1116896265426046
149299112,0.01956707761225919,2.179113337631093,7.573644345858234,0.9699030037697464
149299025,0.021298504594212442,2.0709928199480636,13.894389532898247,0.5192335016778208
149299026,0.021421674892145047,2.1424169152412733,4.410690737906748,1.8902707970013917
149298355,0.008343522784898024,2.3614093981394793,41.5036304378231,10.14295979384303
149298356,0.008953459848129975,3.1624167379019776,29.864074095261152,12.237105245223415
149307735,0.021903441903930874,2.852464583880898,4.737262487655954,1.5280225139653587
149299987,0.014596935637778885,3.648285464273823,2.2310916011242927,1.3574703049638932
149298485,0.02925724393120086,3.5920668660891417,4.001580715774755,1.5317074488851434
149298487,0.029629357175814948,3.429116181197592,4.861586270156625,2.5703690977576756
149298488,0.029543340192393984,3.4160638142843065,4.859166052750824,2.527975828206974
149298489,0.02858390703716332,3.3156739662047703,6.072322605215004,4.943516801470335
149298491,0.028202839559871417,3.439928729735588,4.364659137903204,1.2798843069901846
149299481,0.030245940493127673,2.146152214233997,10.40351344172859,11.05719399841442
149299482,0.03022439861214904,2.1426148424459885,10.383022039826558,11.029877524977323
149293051,0.020776093193231347,2.655260947887301,4.757640411076377,2.671287750758287
149293052,0.0208157633932164,2.647698750670523,4.791809648788668,2.7013792252166953
149298214,0.016724184587148968,2.0919434577496223,9.30972333662827,0.4976681987761106
149298420,0.014388851470017327,3.0890017946594193,16.6807156168646,8.619703016351382
149298421,0.014355416009153684,3.0812875237287516,17.059324068137556,8.664389804518853
149298422,0.018291151749376337,2.760182645193515,30.807933563549884,17.840839007282337
149298423,0.01836620125152605,2.7745347585314133,30.66827903738248,17.814730515725675
149297467,0.02357036377001808,2.2481573435109725,1.076122418232473,0.005214005113210644
149299759,0.018759988206215078,2.292954946933965,7.475735367539709,4.885692117365674
149291893,0.012217673816301271,2.9456500092475606,11.683420762576507,3.2082408887825062
149291896,0.01130936020828265,2.8663176300232425,35.46962449795586,3.1614345611879173
149298292,0.007714030126589405,1.7494706011908965,3.7414645576929577,3.01505373482735
149298293,0.0073182382663522305,1.6472716979240571,4.31884957979582,2.835559738823002
149298294,0.007657353106671469,1.8092455613489555,3.758142530756909,2.636335811566235
149298295,0.007508464524072033,1.4446669021946519,16.870647593179527,2.416701601044303
149300131,0.01857970276386165,2.2778088269162438,9.503648135888406,3.578913241593883
149300131,0.019745815383675872,3.119203345108206,67.3287457346786,5.264765834258459
149297857,0.01593830266862915,3.635037673238849,5.428983895038995,3.519884500017064
149309028,0.030587162321742217,2.9262182672276005,8.466601052792857,3.3270291831344774
149309029,0.030075531579989174,2.7250324913587947,5.347028938147441,2.626675261922564
149309030,0.030464928469647237,2.736485031000186,5.302555522508439,2.272704075828951
149309031,0.03586210954554877,3.0911195597649943,20.052293966633314,1.4465363067595922
149309032,0.03591192364194567,2.68330636811266,7.130775378436816,1.6576787499106946
149309033,0.04390932936914782,7.032411556450689,19.223928566465492,1.1378574328147852
149309034,0.03130652269073203,2.643148654924842,13.022628772588266,1.674797992435077
149309035,0.04298486463177282,6.979409451983216,21.757260238309648,1.593269828429367
149309036,0.04290475544273296,7.02403777418305,23.804485650299856,2.060957649747308
149309037,0.03333379717882845,3.2190106334506945,10.604321628262548,1.9265069753121828
149297775,0.01557836139424498,3.20246663389928,3.2462068852008383,3.196060912605407
149306131,0.021915967297943446,2.4315144271149127,6.896532642326627,4.353950767847365
149306132,0.020677941234381894,2.534744376370742,4.73748417252502,2.5549610633735704
149309232,0.020446310027245503,2.710053380650511,6.14313164079808,4.805427216203712
149309237,0.01959470929772477,2.9612923214749363,7.955706824671385,4.024984682938716
149309238,0.020158683384026273,3.2787042723670186,19.881237704853604,3.0225284554641396
149309239,0.020371780556430463,2.559645980160319,7.567493055039174,6.699506479789528
149294286,0.03532218217084212,5.350066383527493,12.569390952908684,1.470718511707448
149294289,0.03532793765792706,5.25707952543146,17.70383475286417,1.856038550392144
149294290,0.03610338343873973,5.886362506210429,14.027250733842266,2.4845381177854904
149294291,0.03440866607796227,4.088783281447459,7.808197933664015,2.603221432923904
149294292,0.033288983952561475,5.7452427800304005,10.643414737026664,0.3124543384022582
149294294,0.03430106524432573,4.083895340313454,7.266122242495262,2.617341288360011
149294295,0.035883814843464236,5.949920159522973,16.782521519992823,3.220779068843552
149293485,0.035523996993954025,5.384880266670569,22.887145639710816,2.3344501775629136
149293486,0.035718241842703925,5.820576275631786,22.65906170680501,8.374363433796928
149293487,0.03539069585018993,5.6136360053885275,18.27136359909571,0.34509827212450644
149293488,0.03484775799290251,4.149293225997514,8.683824911517412,0.9656416654988341
149293489,0.035873159967478786,5.148256542705197,18.196930975468987,3.9650155028868213
149293490,0.03545719055068941,4.542766690200965,15.748908693888119,4.274719487390365
149293491,0.03526080379571815,6.029931623478166,21.250708420204205,2.5910061080215376
149293492,0.0351230766624371,4.204580362549148,8.026935764876796,0.9001751188104858
149293493,0.035529347284849806,6.148611901016707,19.598250985906517,1.0661983947234346
149293494,0.033931440205127596,3.9542974548468024,10.390188749490992,1.850760892356879
149300376,0.024971177938311676,2.9646584051620746,9.796798222251688,1.521995797938642
149300298,0.029568297193413598,2.9745530895320424,17.29996158045033,4.284469307075092
149300299,0.03283501670828052,2.9673972779571427,17.11001543447876,3.7760021171832396
149299633,0.023318686383450093,2.5327006009367024,7.3183726858680025,5.924610532344283
149299635,0.021636527189056166,2.74347515626942,6.8273628444900245,8.969345763642933
149299637,0.021751770924083726,2.631261742814616,7.09951813971455,5.442837572506168
149299638,0.023552675208401843,2.5374483534447125,4.9387628075606145,4.434720438910968
149299639,0.022978020338813052,2.6166142854910186,6.295122898687938,5.380217976767298
149300093,0.020009349359215122,3.095368713855298,1.7456644751345716,1.369208762841847
149300094,0.020351245051206605,3.1595047134917054,4.786800922368303,3.1661808386237453
149300095,0.020392274103953965,3.1733166092072853,5.046519036834416,3.3073785252873686
149300096,0.020576368595196275,3.284634122549962,16.954502373596007,3.2043935538594193
149300097,0.020003604056016505,3.003647216370471,9.923455527978119,8.58734473356023
149300098,0.02033246118743401,3.0384049321528495,5.130444186553495,3.52245314223971
149291704,0.021095902638614623,2.3569588412668323,7.860306936590883,9.218538682609289
149292399,0.024528790392758817,3.7522499140866863,6.8647741828875715,2.957936254745452
149292400,0.024537216496670206,3.752263389070832,6.7670016317901585,2.9909469225217142
149292401,0.020597920722097915,3.3766438363038698,10.096801153822742,5.134470925341107
149292402,0.020605406208692237,3.3712555403031104,10.081167994915482,5.123094238887402
149292403,0.02490687791315981,3.7644192849187594,7.692828999662605,2.8526054706697517
149306813,0.015736252781857623,2.155013889113096,3.926206118243988,0.5108958520478233
149306814,0.015268486349046486,2.1789712704632067,2.9647348947023238,0.764568933432258
149292762,0.015030345401917106,3.3698186398432157,20.485189280273058,1.3769038675831784
149292766,0.014794984146046252,3.2789094136781003,14.193347711127226,0.7188644378256341
149292767,0.015060885391686792,3.2715479292859198,10.91092850105663,0.8863430823516895
149292768,0.01483494344469327,3.1683833506719643,15.606143056410346,1.1023249444383467
149292769,0.01516043167476837,3.1976231687686854,11.428690724207026,1.8777645681004667
149292770,0.015117967056747074,3.0548946646167248,8.920973018895099,0.07526815713417481
149292771,0.014881657949686536,3.26730585236192,15.769287113799983,2.314003532323809
149299642,0.021651367488222887,2.1423495446386913,10.726334351289774,8.626667080639146
149299643,0.02121018673980722,2.429424963733582,11.215417385103688,8.847335106175485
149299644,0.021698397251383075,2.2719501241772533,5.631862511320905,4.990649302245425
149299645,0.021643193425696972,2.281202105855309,5.753180991889364,5.20516606436979
149299646,0.021154233086617402,2.392142198409559,5.373215701475218,4.580768811765948
149307457,0.022116703372159263,2.350737195894061,4.784632086819533,0.40139767030715207
149307459,0.02217584412053486,2.3507855570535314,4.52558742018074,0.469342093412829
149307461,0.022738978584969944,2.7093320011025197,9.504588414477418,0.2877103417330869
149307464,0.022096987794618765,2.345507562617943,4.485755018839982,0.38686335641424024
149307465,0.02209334937196773,2.342531176305497,4.818954555193687,0.4298711496330668
149307466,0.022703165050530043,2.7059517445016246,9.513633153958418,0.2876463839146616
149307837,0.014948742084414953,2.6678933037214447,6.159755970188485,1.3291282708793328
149307838,0.015813101885497803,2.6946828376654204,6.707136837688273,3.841630186314453
149307841,0.01578132624616075,2.7066535998805406,6.985842947006003,3.84050878089803
149307868,0.016343983840254258,2.791005636163998,5.418415031644984,1.1796385199352681
149307869,0.016543939673739627,2.9475447882857915,24.85399749882904,1.040869143257054
149307870,0.01728963774149419,2.8244096744051856,5.149241248330542,3.9483937777124702
149307871,0.017142930497985227,2.805084291723602,5.381326171724146,3.9178002585167606
149307872,0.016567494281369714,2.5943113844788073,4.535837579259843,1.01232362500904
149307873,0.01723125487688034,2.863276333614258,7.122063567907116,4.3359292908807365
149307874,0.016495887524376484,2.826048547923963,9.999880768451215,1.7794150521997794
149307875,0.01754056853623551,2.9015772218629707,11.628218659896088,6.456049034941411
149292655,0.026187893254945145,3.6612403171404737,3.953928054951448,2.304306676642178
149292659,0.027062299292052783,3.812871438418112,4.817861550636626,2.3802129323540586
149292660,0.02711479428531758,3.81359279161156,4.8215637987302955,2.367740275075953
149292661,0.026186869941846963,3.6552775705891953,3.8811593514316858,2.289899848249063
149292662,0.03101865302615864,3.2194066027239505,20.33770446830565,3.482255879139409
149292663,0.026566287057275338,3.5453528466738233,12.026604382621535,2.8952428329108275
149300102,0.03361998994283691,2.555124320218403,9.71772470992897,5.584169573708987
149300102,0.03436673261707941,2.6223875756958024,71.33283865118617,19.070294444440442
149300103,0.036126473841324586,2.985340931679595,71.02256753787893,7.407712141626794
149300103,0.03398924256353771,2.852818850473331,64.82207121023643,10.53551794721668
149300104,0.024742191149836404,3.6045633844661813,86.53006857584151,30.294938923005493
149300104,0.024432595789808973,3.5034228240353373,83.30034242282659,9.511066355965257
149300105,0.028952648309721288,3.593262443336222,56.258917210348535,8.673081131139284
149300105,0.0289897323223042,3.5147880730292513,42.45965755912219,7.786807630680966
149300106,0.03346078300651868,2.5808498130317603,85.43068973311449,22.838732182990057
149300106,0.03560495513762372,2.9340040187322094,68.12669508184236,21.163035651844137
149306730,0.017612828657623713,2.238974990448988,12.716959325613455,2.3800846058043286
149306731,0.017401629307612652,2.0965264808863204,4.899236358786101,2.73689052832082
149306732,0.017514819315953833,1.8660650034471693,4.816588716651483,1.6828479843879045
149306733,0.017977399011921684,1.930998565387539,5.116435815060014,2.229117832246745
149306734,0.017904161460331292,2.006388378759176,6.1803485885163205,2.330992678581428
149306735,0.018970128222981823,1.9733873813317622,10.77829335056951,2.5860693911229835
149306736,0.018913690886093855,2.0347087674377464,5.781001771876715,2.844442040050441
149306737,0.018184781927523087,2.041087588962784,3.946774796378279,1.7448980753549475
149306738,0.017448613521337256,1.768679379766042,5.649221061856044,1.0904601866398955
149306739,0.018390235609998296,1.7684966468247052,11.73623218703267,2.3396924733139337
149306476,0.007236304443864216,2.144212400352333,22.41090031636338,2.233456599675769
149306477,0.00604355903790973,2.0661575075254017,20.389686168595237,15.62197555181239
149306478,0.007545308757459535,2.11881141983108,21.5941374558123,4.013326513578445
149306479,0.007305747555821361,2.142514824438509,20.372451260777293,16.04977519504767
149306480,0.006752513882375973,2.085650244433095,17.7562841633945,2.287001723286222
149306482,0.007058293325603656,2.299243003521711,16.324462077806533,1.7490882425392045
149306483,0.005479867356051988,2.07854718077991,14.862271251951205,1.700424965087895
149306484,0.007161421802839959,2.1661354577116643,14.291022044856922,18.257850540094154
149306485,0.007808002514886817,2.1757030488498286,13.447746852618629,2.7453559000580747
149300112,0.017926821166659564,2.271397676331342,10.824836713006183,1.108063020453855
149300112,0.01832129929778653,2.295212054617318,30.328537094546746,2.4653123776775914
149300113,0.018023714034084717,2.185875685685131,49.51242788819356,3.3728102287411597
149300113,0.017988715664531387,2.430004062036279,73.7842555415464,3.7576341637920376
149300114,0.01726703397940863,2.1563449493165185,20.653070462412323,3.2574737314448865
149300114,0.018116574827831005,2.2910451606099604,63.405852725933926,1.634543949285021
149300115,0.018509546077594776,2.795048469558797,64.02716007502607,15.62477177951007
149300115,0.01781093528070504,2.71749153093953,51.712355751361955,14.351664581894248
149300116,0.017156277327200504,2.185445497829527,61.95205186933155,1.8944106969430434
149300116,0.01841962669880888,2.125196180387053,82.53399859589031,3.482478061672637
149293284,0.009644785047213845,3.127151398845197,6.125453002423833,1.1111285797752262
149293285,0.009159692138257054,3.2650580082084995,9.220219996646678,5.012756636508778
149293286,0.01068020933957342,3.2291745853767644,5.855950774541892,0.5364411545250011
149293287,0.008594290718827679,3.15218114585363,6.702847425272152,1.5240311232862631
149293288,0.007916620612691818,2.5204288722349464,8.431250913916934,11.260034952567995
149293289,0.009157511324494036,3.216868190736631,8.265972855012809,2.51625657327778
149293290,0.008368824568106975,2.48788801876406,8.023927826349471,9.71362456961936
149293291,0.007853437182642949,2.578789950168755,8.447315459213584,12.080190142659209
149293292,0.008797363237760997,3.1093170027370776,4.129290682156596,3.1313188787042483
149293372,0.015428987678138878,2.360570945170932,3.2117428891277755,
149293373,0.014090532199553743,2.782016424891136,3.568603522666538,
149293374,0.014290440005487706,2.7482483829156377,3.7516607575442396,
149293375,0.0157974557939038,2.3272476598264404,2.5661493294525837,
149297568,0.01977064495452658,3.6859468644776037,8.948306909128902,0.9290399992108408
149297569,0.019542457612284146,3.63113566426765,8.825468606955502,4.386259245374059
149297570,0.019190238034759992,3.841624722936753,9.533370193443984,3.8795933386503436
149297571,0.01884716706137033,3.91801577546749,7.099905273810674,3.543490022170199
149297572,0.01847672517199857,3.6977505175711816,5.439889236656001,3.5585161156553626
149297573,0.019371625689355357,3.642236968876795,10.191356629935239,3.5921248043916427
149297574,0.019325103491720445,3.7006760546705966,8.184984486864842,4.343368069875409
149297576,0.018757580144716658,3.6643992912031655,6.081552239985648,3.463121369628458
149297577,0.017593174218628563,3.417293437337237,9.704913440228555,3.795440993263204
149298691,0.019465197336356255,3.061591526888706,6.445785896221173,7.599833497387803
149298691,0.0199288427253917,3.039513689658644,68.21603889547626,12.013442044243625
149298692,0.019033387906940643,2.7910476527493002,61.374503220694706,4.623207133260547
149298692,0.0200542211980122,2.714708095459569,88.27879670836913,28.77107704356961
149298746,0.019519245737352756,2.0694563652725826,5.103780573139786,7.176229729194367
149298746,0.02030402304209679,2.7266898499457786,84.04930024663562,10.109043238063778
149292112,0.01971697891780224,3.609436773467654,20.209951286500505,1.7565602912630984
149292113,0.017652169685883883,3.713621062424789,25.194529854686305,5.422494958032289
149292114,0.02176482032520436,3.5026464493726266,22.383000550229912,3.526470445724228
149292115,0.017933392957392023,3.3659909573990294,24.228589117043285,5.2787023979122525
149292116,0.017676271423745997,3.680417952885666,28.83052226475418,7.885237674512644
149292117,0.01791167466210913,3.3635300234753953,24.32188406589161,5.1139953558777265
149292118,0.01978254021211235,3.5945940384844572,19.729869764434007,1.721111590482164
149292119,0.020191424800344075,3.38430272440874,12.44181872495576,1.0190518104755588
149292121,0.019665452388165233,3.594198218339075,16.197814333095998,4.447689877726902
149306373,0.008322643684503006,2.0714321657994663,3.4289757718557627,0.4399474272513676
149306374,0.008300767527477408,2.089398441773849,3.061443799978702,0.10024122252591909
149306375,0.00794573857976764,2.0778950511183614,4.473092092785234,1.1596587856749696
149306376,0.008275106179770404,2.2129008347248593,3.48910362437094,0.01817071967728006
149306377,0.0080413907718286,2.111097395941289,3.520952229280108,1.3772467823120598
149306378,0.008359620544820453,2.183295874812756,20.885401964072074,0.8770319287456158
149306379,0.007985801354948946,2.087030481645508,6.416308785810677,2.1002139012122636
149306380,0.007721238636926021,2.118001754530009,6.196954066817704,2.6257811036759966
149306381,0.00827607955865313,2.201568257876629,3.4535585452408264,1.636973100314546
149306382,0.007602809167497878,2.112365973301909,4.198984403700438,2.669791424039518
149299278,0.008594622219878192,1.3909125403622888,27.18903105100276,12.065954607214996
149299279,0.008474668308624976,1.3255989254318326,31.999869348859793,1.784079937037245
149299280,0.008069795735442623,1.3215681386820972,29.51024123751566,3.2103109590695373
149299281,0.00807273170809383,1.3251479204553525,29.04737483826056,2.9630857287976724
149299282,0.008861888982655735,1.3095858828667986,11.913913299439702,1.088266558840644
149299283,0.008964793010527857,1.3932590388559296,23.044167303186725,2.3085217450736932
149299284,0.00898227836454752,1.3995591686534288,25.084756307999573,2.399034650257136
149299285,0.008925911062673987,1.3174366612449049,11.247228820570403,1.1921051425998515
149299286,0.00851216201849135,1.2084950683058269,28.21572011919029,3.106816838786212
149299287,0.008236688805381216,1.3339300964761407,28.252658089986696,2.824933849821348
149299333,0.008040007425675002,1.8115880880482917,31.802187923128564,1.7863194174545916
149299334,0.008759674795576775,1.9303226731487368,33.44100769782975,1.3106988445567842
149299335,0.008785318938713255,2.0578411804744676,31.579645427954798,1.002740978867822
149299336,0.008413315163034788,1.7993100404276516,30.144721708490735,1.8884878082605205
149299337,0.008393146624000047,1.8198450342167316,32.66566183990236,1.9409882899098383
149299339,0.008392687463207956,1.9531701115747664,35.30268147921382,1.8493625094008015
149299340,0.007795200336965149,2.2153838722502988,39.9009942436958,1.9512165666243984
149299341,0.00871221674933575,1.841197750665052,22.237871828850544,1.5075642457098677
149299342,0.008618739712153283,2.029729716913355,33.9492289565863,1.5832068528155765
149308019,0.020093652447451343,1.9822089601679094,12.019929870272827,9.16894189714288
149308020,0.020119831393930816,1.9788039322941748,11.976502722063943,9.110792986407718
149308021,0.019843990458864858,2.4515405463591087,17.581750123169677,15.912327216040532
149308022,0.01979524383812738,2.2202633498781794,10.233192510023844,9.652132061253445
149308023,0.01940019480894447,2.4686518251237786,11.2310109682755,7.486495563755071
149308024,0.01761875048889607,1.957061268452934,9.213596423620775,5.655227619931625
149308025,0.019383628508223505,2.468296805495117,11.437890118998261,7.481766251066928
149308026,0.01756069923309679,1.9442110330192084,8.849220904199887,5.5584376590765245
149307394,0.02071437724747414,2.4317204995685393,11.671899817383101,8.181916543349805
149307395,0.0200882882300272,2.3191424322961023,7.758198907603308,5.3811866894573335
149307396,0.019943157709306932,2.2519350649588943,6.80506981905123,4.847270955628832
149307397,0.019619067794880964,2.3298143453353513,17.703204992778286,5.202485794635301
149307398,0.019211079778581823,2.3983917188550596,5.380695861702141,3.8675675251341333
149307399,0.01917443131105272,2.295919888245602,6.018414160874815,3.8559729414724506
149307400,0.018972223152498233,2.416064548246889,5.704988630788312,2.7831308235419416
149307401,0.01973085303282257,2.3607740250217946,7.137966221146939,4.84265649322203
149307402,0.01888134283065569,2.338084308156429,6.934837401928129,5.451643735424871
149307403,0.019988522666542333,2.2468206049944195,7.332631250892349,5.232056389190281
149291910,0.012429470262889424,3.029044344998695,31.99025276805851,11.410587347684293
149291911,0.015387155177583121,3.3191750034988003,4.071317457851292,12.958269927202108
149291912,0.01401399159161197,3.211501942019178,46.23787988713394,12.69168926166961
149293024,0.009936670686192134,2.5386655115703074,6.416597383241685,
149293093,0.008614984597146014,2.8246946330051763,10.151238207833744,
149293053,0.022124294381898942,1.4550948419208842,4.888273251912357,2.368709533974312
149308925,0.016872494451758795,2.6898845282922634,18.2315239746622,
149308926,0.01664244520318137,2.6595811101534004,17.745296446759603,
149308927,0.016875622313156723,2.7249765589469006,17.522659248826706,
149308929,0.016640494337995505,2.625261707225741,17.105666163276567,
149308930,0.018712322742539953,2.4536181103724197,7.187183243600619,
149308931,0.01740980183244161,2.6691346256400488,17.698662839181274,
149308932,0.016704732595492468,2.671570472463618,16.765128109838745,
149308933,0.019077567855416314,2.4643881184953673,9.257557892311153,
149308934,0.01901554095604188,2.4681802462406677,9.287229497226729,
149309440,0.011188994480149574,1.587827388819932,4.570529612663834,2.637532887690225
149298563,0.024165736617124317,2.4054408311437574,4.1315052140805415,2.2618322986422337
149298564,0.022834774598483428,2.7799553766405394,20.62887245892619,2.729074996884875
149298565,0.0222376614692902,2.8186009928710085,17.08937276718186,3.26976273811895
149298566,0.021964910565331255,2.9718909886058813,20.855878383006907,2.543734460446638
149298567,0.022853181752001586,2.93693735775467,21.141710292633043,4.199793466913308
149298568,0.02235055047957266,2.8577623580033906,14.725102142698203,2.1460235309064597
149298569,0.022512768947626022,2.846201087079897,15.073694963331906,2.079630457608559
149298570,0.022620348778177816,3.0818116751063984,12.031733052199943,1.460658027908748
149298571,0.02263413776039559,3.138384565999567,12.35009167914914,1.3944407616456693
149298572,0.02276747068287231,2.97516056747436,17.09959920938924,2.55790163608069
149309280,0.026270785054853852,1.9898162643011543,11.527693808661201,5.4970983245614
149309282,0.026073521177246508,1.9388956509055137,10.59090680138217,5.032484287785009
149309283,0.02648109025450942,1.9192206407226986,10.644503617055507,2.4584866134819383
149309284,0.02588822206174319,2.0243144396041806,8.55809937431216,1.6134408137647827
149309285,0.018245866288312863,2.1903157940839253,8.740180186123458,5.408765229985072
149309286,0.020173393585642685,2.2373747903457497,8.223281742105705,6.378922217865027
149309287,0.02673572044446458,1.7919753815668815,6.697837167170436,5.544953471470718
149309288,0.026542321544051593,1.9437202154534488,11.177357041547431,1.7465326733070121
149309289,0.027613874082618842,1.8570814750410767,7.801465966802453,0.9047589168854012
149291879,0.010804115773269899,2.3737641434624064,11.21223066218723,8.561433441102547
149291880,0.010369934542236349,2.5817018697899163,13.019682643189288,9.082383975325401
149291881,0.011184811157671578,2.5081884537216483,10.831311087748864,8.727899885113478
149291882,0.010634553756116216,2.527086861769554,18.21527863643112,8.712941502967988
149291883,0.009872029086494465,2.3327855316720965,30.51211000702784,7.823258752188932
149291884,0.010032620342984857,2.3099459434335547,29.217140349998342,8.02159322071613
149291887,0.009928301560728638,2.2698210210018317,30.77475803466359,7.805188311338946
149291888,0.010622068065232864,2.4621568447777027,13.930153036170097,8.758398996747067
149293115,0.008935855559831774,2.5636553254874697,7.856248394447337,
149293116,0.009586188603698757,2.670378224597539,10.532910834766993,
149293117,0.009673861572351705,2.423237407916665,5.187949500614794,
149293118,0.009875369707099294,2.3986380899447344,6.638235083947219,
149293119,0.00992160688063618,2.4450490212194413,5.496537631769406,
149293120,0.008948671836813648,2.5947627887891698,4.347817250936068,
149293121,0.009368071564813472,2.4682210199910193,8.39241721605578,
149293122,0.009292063551575275,2.6455517514926594,4.221987172974975,
149293123,0.009112839195860914,2.710888446903149,5.078098079636665,
149293124,0.008626310035810067,2.472232513229853,3.9616005105428913,
149292102,0.012346220819810697,2.8373874918124256,5.549600519999274,
149292103,0.012525949214146367,3.0280509434746525,6.532182626148102,
149292104,0.012534163666625414,2.9550025731772593,5.199267037201623,
149292105,0.012363111839396018,2.8381220256726927,5.287906833574684,
149292106,0.015095884590371943,2.886214214845532,8.315202370205082,
149292107,0.013052381311420513,2.3783223876257167,32.38778733412065,
149292108,0.012560558664951626,2.973187428020372,5.597545715531443,
149292109,0.01509415729554206,2.9871132405494354,7.812240815912567,
149292110,0.012512309693791782,3.074777004927963,8.425018369567917,
149292111,0.012117436579261955,2.5477268581571475,20.155415451903348,
149292214,0.011565378086227852,2.6661540840173177,9.273452296844024,
149292215,0.012629716003324002,2.368837425888499,11.005457713801192,
149292217,0.011383676665829057,2.5894481297324874,5.755960668964436,
149292218,0.01115464889156755,2.44788824964443,18.575568457349497,
149292219,0.011888176773594144,2.5072508330139054,6.30062380492638,
149292220,0.011487635066539402,2.668850065167229,8.848669160184821,
149292221,0.010813799115879248,2.5711212006298356,3.6332746240205664,
149292222,0.011308819749262584,2.5118793461208027,3.105175106210143,
149292223,0.011636668835221655,2.679791299827136,6.3334159693096925,
149291453,0.005953461580728858,3.0129580228028043,4.714562184122848,12.953963808572942
149291454,0.005946406798435062,3.005798259649261,4.763344378971459,13.097685962167283
149291455,0.0055534500074965396,3.158896496939758,4.884706015698102,12.958228687928381
149291456,0.005942402039268277,3.015495272792389,5.468081091219278,13.352571251213314
149291457,0.006172795884555849,2.938471996574286,5.242830481596326,13.023024342215933
149291458,0.006068001120108182,2.9972241410903457,6.151061007502539,13.295493751991705
149291459,0.006195206485699382,3.0104015252653045,5.423854807038185,13.263862860192365
149291460,0.006150873005410301,3.0787081707395667,5.521360018410618,13.692020361841324
149291461,0.005715693894266782,2.9761745765591976,5.5822046865859996,13.37097810484845
149291462,0.0057164253181593025,3.1386889867313776,5.363691357755353,13.235716555519987
149291463,0.005884876023970391,3.0085035215741076,5.825349145532117,13.327225312739511
149291464,0.005780074138791691,3.0846188975594786,5.1989170991726334,13.693209801077584
149291465,0.005771391013262156,3.0609079482306103,5.136186435018245,12.681075573937276
149291481,0.008941116298178297,2.889783819555271,5.840600353771231,13.457255758690838
149291447,0.00816910780031968,3.280278198566848,5.599404528178992,14.400319413405688
149291448,0.007796925530773797,3.4099809000186765,6.0301293438276256,14.81841981163524
149292944,0.015187287102446772,3.524108692327581,31.60211697921035,13.888416002923794
149292945,0.01542089900821435,3.431737849267054,27.75390625386054,12.193762052082114
149292946,0.014392207645435973,2.5309539163608257,5.0721684885628555,11.061867201313921
149292947,0.01109424994222717,2.6952185855154083,6.393511850737955,10.533790894227874
149292948,0.011681295808828271,2.662385315288815,5.420539811190561,10.914571027762259
149292307,0.022391743334229372,3.692548168882661,15.730397887937842,6.447955971344545
149292308,0.02237832373114579,3.5017634134264672,21.82143356343348,10.505509936885655
149292309,0.01926563010706632,3.480710556714771,11.545190297211878,9.946468989716275
149292310,0.020687451874995443,2.908886778980986,25.266901700430843,7.784030437738511
149292311,0.01912408765825333,2.582973171420467,4.463717705275633,5.473111811676206
149292312,0.018784342455031817,2.9992320698791763,17.70977579649284,9.373328759332878
149292313,0.02059656165603309,2.800128062342045,24.52728954483097,7.2132627172221575
149292314,0.02297283487825947,3.7601826395253592,13.631522605322417,5.473045127649702
149292315,0.02051415569923094,2.8860429634659828,25.131239234774085,7.79787713214256
149292316,0.01842361700683872,3.065741851450304,13.554408572577723,10.698494720710396
149293495,0.028331358177906444,3.7598665980634065,14.302648149070814,
149293496,0.02815197448656947,4.431361233967216,8.955204956228739,
149293497,0.028318022950280703,3.7518072953637756,14.452538115589741,
149293498,0.028216242154421922,4.426668035113483,8.941192576999185,
149293499,0.028084131997766118,4.288631097241892,9.541716386445692,
149293501,0.024804185470086757,4.669322613040914,10.445395190196367,
149293502,0.02644307130039741,4.6431853652867465,6.088758538882474,
149293503,0.026442836503776528,4.63683035145049,6.020892078506144,
149293504,0.02685681068384137,4.796363230259478,11.256581555595423,
149297387,0.00619419649771328,2.069666842153949,2.4116631591320714,2.9898605509675087
149297388,0.0062796537156517,2.037389968751391,2.6476766504476976,3.0661158489501523
149297389,0.006436510777730926,2.0010700589479518,2.6084575295481724,3.029715671167037
149297390,0.006357354401959536,1.9948772985268597,2.706656824331373,3.0389328079191165
149297391,0.006386970105147707,2.002806460752717,2.738673946098436,3.0371694952428405
149297392,0.006442413069646437,1.940658918530958,2.8415310387011705,2.911154427422789
149297393,0.006091845536757884,1.9036188806132888,2.5399035971876454,2.597447546884703
149297394,0.006332237996331869,1.9211954075085083,2.8256393859454487,2.8552024853394666
149297395,0.006215615346721949,1.9411039211901933,2.4423637123211797,2.750360267037222
149297396,0.006264495020864165,1.9129412829677839,2.925408111771011,2.856877877604449
149292549,0.013849099523558225,3.0312175941369675,23.966274453544738,6.28765094864721
149292550,0.013479310278195775,3.6123650467476223,23.916426901962016,12.723576812993809
149292552,0.01509492856753208,3.8531533954996515,13.405463067240609,4.845858996775208
149292553,0.014993965746753057,3.7680814971189442,9.87680658190042,5.26489558398529
149292554,0.014974645553430917,3.724324375079582,13.884996310336753,5.5358473233881265
149292555,0.016759821832081776,3.799566967283853,10.952722615967291,3.178918469566904
149292556,0.012880012170861559,3.341211367872536,9.6275024907631,1.849636502107486
149292557,0.014053639883470578,3.9520755967918273,11.571899818014977,7.425596376276604
149292558,0.016282230520614543,3.7455608193688734,10.145760117057776,1.8647115005378565
149292879,0.026138968673810468,3.7546403837837636,11.112748445537257,4.081417431528919
149292880,0.026540476758178277,3.794484794195442,9.416700516540873,4.206223200525324
149292881,0.026125727532686847,3.6657852439572833,10.668112686528902,8.152580696515107
149292882,0.026095555665052866,3.748512228792661,11.007857975411902,4.516658412971715
149292883,0.021226908477629324,3.2662267205389566,20.371266927076128,8.023101856014716
149292884,0.024704343609106026,3.692767037560589,14.648597570584096,15.69196713431159
149292885,0.02655860215114088,3.710360511833632,9.359914596549347,4.089404212745275
149292886,0.026035291486712582,3.9191502517984644,14.731467554511964,4.902703047161007
149292887,0.026095727889459686,3.7029575435439925,9.027396129790308,7.329023257691794
149292888,0.025960284018388673,3.4848819823718613,8.907920918506775,9.433419182522066
149292386,0.028160739844845514,3.8693798039122766,11.313131383809436,1.432320250686596
149292387,0.028083424790948067,3.8644687748245428,11.4061737050047,1.3896854608374414
149292388,0.02605001679943242,4.140842355180503,13.459721358153777,2.3118425981209922
149292389,0.02576762398937974,3.963301277774823,12.465002334991764,4.770114911718935
149292391,0.026096463157623085,4.898530502257457,24.054358221537562,8.10141005652184
149292392,0.029927110203635338,3.2030968471983288,14.07021958867554,1.7612786930510589
149292393,0.026053806020744107,4.897723142360095,24.26342982715578,8.088056535969818
149306781,0.015922188070899925,1.8847501918767553,1.885152003317644,1.193933830097858
149306782,0.01595417510389056,1.8817578186052357,1.869833231064,1.1847504530700335
149308552,0.01272070945090026,1.6848964744553312,1.219417094108708,0.8137412263640824
149308553,0.012728055076252354,1.6799109616885055,1.2076764134828641,0.8097161471268969
149306718,0.007563271145899414,2.1882106309769327,6.8573846259688365,0.9048608947197513
149306719,0.008496439008164006,1.5517685507145094,8.382916557469537,0.7334790098099221
149306890,0.02209317166864,2.8015679381668037,5.43015026716149,0.666687900787898
149306891,0.02211581872435032,2.8057066844797696,5.305106253420702,0.6470047330330185
149306892,0.02189430426513297,2.8764052351234786,25.295331734642208,1.1121368183996567
149306893,0.02186581327193424,2.747296214957656,7.585733796178136,0.7509239134425231
149306894,0.025050333204197955,2.916280270714587,24.75757421063412,0.6486898482133782
149306895,0.02441031132406371,2.748412319520908,5.867523391643735,0.6189723127882488
149306896,0.02233931420532546,3.072720751098088,13.10781407976784,1.1185355637552405
149306897,0.02223824049188644,3.052907341859141,13.074612586749529,1.089761554930894
149308357,0.022397287051926066,2.251612096381016,31.312871565637977,0.0017876278367738117
149293430,0.01806274426585469,3.5360892967529716,7.859225459632667,0.5482683665217162
149293432,0.018284994365049767,3.576429058270005,2.976454506628274,0.5519496040065981
149293433,0.01843257604024506,3.764211393153827,9.360363792110565,0.6052053794839652
149293434,0.018478025556136764,3.55879915902916,18.5287893089758,0.4240341629769317
149293435,0.01788641428068739,3.615069465902241,8.652389932218549,0.41889031841187724
149293436,0.01784772233153877,3.6325233862102575,9.052922186232852,0.4062294719180428
149293437,0.018480785206719783,3.559208680952957,18.496650854705102,0.4396070780287487
149293438,0.018370234144914267,4.077929531468612,10.680313156398402,0.48761855100079304
149293439,0.018230075850633364,3.740508905219776,7.892166440234304,0.5716114002912323
149293361,0.014297666747207805,3.346740566293964,6.826411231683436,0.40336572491003636
149293363,0.01444013663961166,3.193323817383265,9.024844641609485,0.2806955673257997
149293364,0.014918844996338793,3.0192298382136378,4.55690947178283,0.35508147004598883
149293365,0.015469961561062116,3.0134152527054807,11.00990987617028,0.1858613639034367
149293366,0.015080451055244169,3.0936645620369214,8.641963069423195,0.28070208807154756
149293367,0.015499498982769415,3.6114754373287004,11.541389060908054,0.2596089425868521
149293368,0.0152073828580832,2.9463045276739908,5.468169193617937,0.21088041005096037
149293369,0.014455917609815886,3.3188617625500814,6.697331642272018,0.45640883705772156
149293370,0.014575618842429168,3.235653146458024,13.64728947854712,0.2807400658940264
149297952,0.029697676141179075,3.5505684393716233,0.5766393780849481,0.002011272838425584
149297953,0.029818608665025774,3.3376148572544335,0.6224134756069111,0.0015861574737099022
149298514,0.019738158786714158,3.1320414917663846,5.15803603027063,5.512055203146204
149298515,0.020101373346492608,3.2824339061802834,4.877214833593326,4.093773647013287
149308865,0.01781380863616864,2.870092995039105,22.34536090098061,0.18664359749236067
149308866,0.017392963090418247,3.3085310124607417,23.20978493976542,0.08819023251224907
149308869,0.018574420690723754,2.3647730637711835,5.445092475480918,0.0742009573911237
149308871,0.01854370089292017,3.0652436865557826,25.1562755450454,0.21199617208067534
149308872,0.01901224983902805,2.7948680975514004,7.694878956305316,0.7551569428421798
149308873,0.018631815807003894,2.8646157072842087,9.277917183129349,0.37438123078415597
149308874,0.01703823288855552,3.5617823014184595,25.189655377384398,0.3034574552992824
149299268,0.02020855276878639,2.920902008880182,13.165346898859456,9.564284308461076
149299269,0.020202839528119947,2.4636121579261685,12.972908970714874,6.713005717445809
149307342,0.012566559519252878,2.598601425372559,1.9031694854812011,1.2489331318491868
149307343,0.011471282708338576,2.7863793819260887,1.801515891879072,1.1046153771049552
149307370,0.012438137949951458,1.5264541512262124,10.907628959075629,1.334090563946619
149307372,0.012383149598752446,1.5287827070231035,1.79084903231819,1.1022100294608226
149307374,0.014275863788185449,2.801141101993282,1.5787278741053183,0.9587734845763433
149307376,0.014290186851561701,2.8012857205178956,1.5721208732848335,0.9906383707809593
149307266,0.024948422499265172,2.0250649845614865,12.075911398604935,6.252153503471068
149307267,0.024571469323489255,2.289169067621719,4.966268399087181,6.615488471249683
149307268,0.02426725512227709,2.10391915151796,10.275506805038233,6.008573101160664
149307269,0.023457594606927305,2.076657794798054,10.800276896671152,13.24242126287854
149298098,0.01983204405439168,2.107819086256282,0.028493900110094724,0.01157780334482986
149309443,0.024478920803462537,2.744059908707677,4.3465275797365495,0.2494578225868264
149309444,0.02450394803939941,2.741200836460885,4.6591482983874375,0.23658125925730333
149309445,0.023192315205116068,2.213807327245088,2.897658283360464,0.3601469965293768
149309446,0.02330233738805195,2.2164079518194435,4.308647725600485,0.2957107140322445
149309447,0.023420413883879363,2.4773266652441013,12.437653967409736,0.09853135768773585
149309449,0.024821656976197693,2.5922721093432997,17.285198680999287,0.49059223563652
149309451,0.0248708708003785,2.589824967915289,17.9404926062939,0.448492932175392
149308316,0.015182949884361878,6.803447269459646,37.32536346850806,0.9810807756632363
149308268,0.012093129939704263,1.1533216740369794,30.881018833211314,1.0307083071740886
149308269,0.010971895376854132,1.2629518977664747,30.314673876146152,0.8938561194756047
149306447,0.012263478590986332,2.1662346584668097,0.00782640078692615,0.00573891181516928
149308342,0.023686511066947358,1.2966768394280415,30.882701845976456,0.9532858554309099
149308343,0.022403461428118075,1.9329002519234844,21.360698217043815,0.9417299750106196
149308344,0.022405195608868642,1.9354579955044988,21.328433616001025,0.9417330305115342
149298117,0.009924082852893193,2.6249052812098874,3.564782099051901,0.27571603025906266
149309039,0.013791513435929329,3.2643668238126557,3.3561476718153895,1.1796130327857368
149308816,0.038111560613947,3.83313350521678,6.156722388705298,0.8699297944455172
149308817,0.03832677325285058,3.848205460007257,7.078381505837971,0.8738912029271902
149308818,0.03436154913749731,3.4416923087547264,2.1471496236254812,0.7321669196970082
149308819,0.03490026210411336,3.467898389914269,2.2600865443331983,0.6043431027996692
149307653,0.01878293571092956,2.7462028874819286,12.243285214432225,4.797240796831617
149307654,0.022018030877325998,3.039004305191223,33.0199898133888,3.461473569222364
149307655,0.019955553339706743,2.9373304322074048,16.442331435749114,2.1346244027499366
149298291,0.015173280936787497,2.6287205997662406,38.563796593236624,11.719155535071339
149309796,0.0264948831521612,3.3321703216816476,40.88955291198397,0.15899766692178607
149309797,0.025988872556117284,3.0282773925789566,47.98696833876108,0.3068600577143678
149309798,0.025924382491739745,3.039542247551247,25.721530057460562,0.16372340437418778
149309799,0.028181118263525564,3.2712095807903157,48.79015035359833,0.24005557510757675
149309801,0.02655625097216975,3.5930737299975606,46.846549752157,0.23516979417265196
149309803,0.0260378105203295,3.1848246486814458,34.49413887325757,0.1588200592041234
149309804,0.026190350434176637,3.131718540477582,44.69684792012627,0.4514047323529459
149309805,0.02523804659133524,2.514666432053739,35.133807785644535,2.845323634296294
149306994,0.013825008804785346,2.0938759648854006,1.1549910678664803,0.7310824889000537
149306996,0.011251976999337481,2.0474054705783162,30.303404824206623,1.5525628012094967
149307260,0.014470264873173733,2.6085630527757564,1.611463736411831,0.9272803385128726
149307262,0.013042872650167587,2.8797042804499915,2.836317940319975,0.8071495144086163
149307263,0.01230694944001633,2.1222695601501913,40.007187475488244,0.7903007278571743
149307265,0.012177092300140155,2.142714270866328,5.535593581563994,1.0843759326248688
149309677,0.013494453781000035,3.9594307933800166,6.788321100884125,3.821459015871465
149309678,0.013504220336174873,3.951509743319491,6.673660457593824,3.801197753547038
149299543,0.01079358274194512,1.4855589463189147,1.4927654564390922,0.6474180875957534
149299544,0.008575577025554507,1.9136652209109706,11.88155310991914,2.329926200343777
149299764,0.01169475701737708,2.2618157389757374,27.246515851350903,1.7873865489042888
149298427,0.009055594121443175,3.2009157225958735,23.013023444578835,9.80417353307265
149298428,0.009019251391600269,3.222992307994559,24.43315289706427,10.98985641331966
149298429,0.00803820335378909,3.079904506408759,30.90075520922175,7.799873587690398
149298430,0.007983296527247132,3.0607516870838225,30.439789903757177,7.776202249722472
149298431,0.007029272907696647,3.3557344795247914,35.16621102299312,11.715335516365098
149307362,0.02056990520359262,2.4898875201176844,11.910119952549344,2.4555751617882398
149307363,0.020555137514460788,2.4931716165124707,12.08957359116003,2.2713866684077924
149307366,0.021548176757869224,2.3237379685938078,1.5366805771786454,0.9679113020078105
149307368,0.021493094746584833,2.3270672561510963,1.4336968511383392,0.9699331207406318
149299164,0.019566884740603696,2.3290198514562044,7.89722618526562,1.6341428322966836
149299165,0.019422482072778743,2.3527090222949196,11.349064485770263,2.3661624218610116
149298516,0.018281358712606194,3.7853797007142425,14.611735204108287,4.745718421329854
149298517,0.018031908379018528,3.6598014679750066,13.970122929590614,4.409401786498645
149298518,0.019087422535648456,2.918156528296058,4.645493465295172,4.759417361500156
149298519,0.01899900673124454,2.89163728348402,3.9646305766211074,4.112921830918879
149298264,0.011490625508388528,2.5173431386573717,11.290027034958058,2.2801209010178005
149308609,0.029888892189910306,2.775536393905689,6.954528358153806,2.603519553906884
149308610,0.02659991096869651,2.5901672724659406,5.0198689299755825,2.730512929407727
149308611,0.020090699571062905,2.9279116569262875,28.20659351414223,4.177576025058727
149308345,0.025146944616458864,1.4868274690888723,2.9044023836793276,0.6266657166084638
149307304,0.011473706663867794,2.1071181090929745,1.687422416710716,1.0774216864130195
149307305,0.011490561631980216,2.1022136551257766,1.6961480220029523,1.0175737494486028
149307306,0.010158975349902465,2.234091172182424,2.390946753912487,0.9943094150774912
149307307,0.010166940347816645,2.2451907415811783,2.2264489652896913,1.0118883861295511
149309453,0.014676895792872032,2.011450634640644,9.917746862119563,0.864580314840125
149309454,0.01723935651919571,2.324986271260844,10.54539795102194,0.4563775670272097
149309455,0.019258480158976063,2.369566691183264,13.076207054186181,0.8884459350149364
149309456,0.017867304623290513,2.2950376539334276,10.222726000756598,0.584541190582686
149309457,0.014515658418969488,2.0104299634108846,10.67296756264451,0.8886298250655577
149309459,0.016966197029691838,2.1225270516996955,17.75607593971496,0.49513782027971875
149309460,0.015119670228860078,2.0068630081454533,23.768827164536084,0.8964429408638539
149309461,0.01899439472335023,2.3652222045188442,13.636541460388743,0.9812908831135508
149308535,0.033165371438247,1.947679522456862,11.792462426507438,1.6007644506775396
149308536,0.030738588000252604,2.991922476693202,23.64001049474697,3.027716630075247
149308539,0.03218311997293115,2.1406139994157267,15.596265984666147,2.749650349512399
149308540,0.03232063762862217,2.1375047473945665,15.46103759689338,2.7139821924340697
149308541,0.028309826573071968,2.601925218132713,35.05394085883731,9.947241904777963
149308542,0.029719342106745827,2.472127091317857,43.31028272861175,2.264379450480443
149292492,0.014655527770241775,4.239473156044996,21.390486612325184,2.063869338289185
149292494,0.013201871725850472,2.6456131254776096,5.311335217278009,0.4803172904556324
149292495,0.01228758553309707,3.0747585105973725,5.110939056003252,2.4968194631467595
149292498,0.01095563868715209,2.7536584503361614,9.507435781365773,2.8827864508465835
149292499,0.013639003752345481,4.074764717631792,14.027162211220409,2.654126962232275
149292500,0.011093656822443062,3.0273502064845053,6.891263607473454,2.98142321105483
149292501,0.011976090958368183,4.285450574258356,13.882510047232874,4.99350772311912
149293209,0.019083377037232004,3.0351337127767404,10.014516260732236,0.21182216193966538
149293211,0.014511078164807428,3.426915481416858,4.929693093703009,0.134604746000551
149293212,0.01456281677177621,3.4201875684267353,4.7785874117563525,0.14039379429251156
149293214,0.018058085672731296,3.2227424852665343,7.184934706878095,0.44289301954719584
149293215,0.014622699137599041,3.3243520731797624,3.829384082887161,0.2183777004005756
149293216,0.019411201944978845,3.083155755097086,10.117682358830168,0.45477256785634607
149293217,0.014240658772089238,3.7249712724552344,24.20658617774565,1.0955279429210065
149293218,0.015069513290001372,3.252677649964805,4.315070552863155,0.3347729477773488
149308573,0.020021017173844385,2.5189139437188923,8.665583860602014,6.941906960537159
149308574,0.02018999949214027,2.3996881109320727,5.200675934178172,5.445212652021102
149308575,0.020230395596456768,2.3988407901476747,5.138200109205839,5.494491129011866
149308576,0.020023205657745628,2.4350573774502093,10.105517925789794,7.710101789163086
149308577,0.02001958968103711,2.4170572385349653,5.442628027474869,4.481792322182818
149308578,0.01984571754636833,2.5656550686558646,13.775636854354724,8.39630852922671
149308579,0.020457062536600915,2.5051410347101637,6.165117571547133,4.45225077330712
149308580,0.020589198914835793,2.5153951632046327,8.647588170398183,4.626668689474046
149308581,0.020465435736916743,2.576676134800222,11.345256197009508,5.088631538872322
149298499,0.016995466477933735,2.724872779876373,5.852137491186643,4.687370997437518
149297273,0.02699307398895163,4.285747512916938,20.952139137529585,5.35823476146522
149297274,0.026890300084443753,4.42598709576349,25.832338477874895,5.43951882745782
149297276,0.025565831519452943,4.23267941252637,21.105559932110697,6.022956182191684
149297277,0.02553515165609702,4.346688249973774,19.773491625916172,6.027618766720127
149297278,0.02532807218474949,3.9616284930515833,18.418364000483066,4.975365078628311
149297279,0.024839368772479407,4.107559515569328,26.885739081923564,4.481814764489512
149299529,0.008708672488929026,1.3672143717880285,3.4887362968362825,0.5259673737228632
149299530,0.008909366601294261,1.3238224613174656,3.5413346457888917,0.6848564965852743
149299531,0.008507992755108263,1.3288398702436472,5.759327920631429,0.8150923399509905
149299532,0.008531432878536548,1.2622757277183572,5.15087891577234,0.8517591494764979
149299533,0.007858117454230186,1.4399363079341347,9.539827295651442,1.8219810438219435
149299534,0.007445251711429953,1.3763464471033726,4.5112002024247735,1.1122597473509763
149299535,0.004969636038765951,1.4024237131681627,7.199607599677455,1.9897829898214008
149299536,0.005124167440920839,1.322068082268515,7.171670184614735,1.9847940573769567
149299537,0.007993889673700386,1.5331259847334295,8.41259890732259,1.9215967842684563
149299538,0.007821975170666212,1.5509615007279258,7.684347301025093,1.8399763920697272
149307419,0.021303978088092552,2.6468694365213348,5.9770155439095465,1.2567121048367262
149307421,0.0211666767336992,2.613733302111781,6.992703891138946,1.2231776134660104
149307423,0.020091734475108564,1.9582319370844512,3.4657234373306576,0.7687706336078042
149307425,0.020142478224133082,2.178741888101905,6.67899320274367,1.9023991278310832
149293385,0.018570304092455612,2.919242896048525,5.936640683010018,
149299515,0.028283306167240327,2.9916931352844762,7.432571722663539,3.8432738145805447
149299516,0.028267072620537657,2.9885696145060527,7.3739270719611465,3.842957350884666
149299518,0.028243771975601486,3.002542213578935,5.801777652506535,3.440440558228677
149299519,0.02819039078585102,3.06600796193921,6.763515304637924,3.5812612857796315
149299520,0.028152208290883343,3.0650123281141575,6.744651901014604,3.6176798963513823
149299522,0.02821436504868597,2.998973049277197,5.7909174682926725,3.4385625721024398
149299523,0.027175386163324298,2.9923568252574775,11.975974323391995,3.367404774747518
149299524,0.027203686049731012,2.996968925535071,10.447474345366185,3.356660491115807
149308736,0.009744941347753387,2.1470664905836343,5.30735210428756,0.6768232787063647
149308740,0.009934465902396085,2.2463207072509452,3.837522340573446,1.2223805589490204
149308742,0.009324397309897913,2.520965786819363,5.947376151797131,0.7437123915926124
149308743,0.01036008604308606,2.88605504659166,7.162297883078801,0.7011270258447806
149308745,0.010177758256098434,2.3201621150509784,6.415987938450836,0.9755430111942052
149306667,0.00982767438462172,2.8231223274172437,2.359594342363814,0.014109894329598322
149306668,0.007484954635852729,3.229460551208473,16.78489858146026,0.871451751265205
149306669,0.009278115553139501,3.125796491032738,7.925029959806281,0.5852008918333732
149306670,0.009290759909428322,3.12602174983441,7.780726658916762,0.5703435800429598
149306671,0.009294571386796579,3.2162896516982675,8.368985803641229,0.49273696338736694
149306672,0.008576288988541467,3.108465998714035,4.914058925637919,0.6428041475881532
149306674,0.009166715609440315,3.1938602396974827,8.610512327013444,0.5180202855474448
149306675,0.010747436834370723,3.5911960232476723,13.861953697671018,0.6654266529325561
149291500,0.01824372955373699,3.05461946046694,29.37903658950351,12.8521105333187
149291504,0.018565736299084437,3.1201893847904443,26.873704141156477,12.995791535727788
149291512,0.018341315149184412,3.026884866224009,8.367416320187996,12.504745827227094
149291513,0.01870054251592889,3.2576238824973114,27.717377349834642,13.621731575907447
149291514,0.01859367951890678,3.114906903174077,18.938683381665296,12.922925245913198
149291515,0.01891535721783514,3.280329169968651,29.742927054231675,13.678066032142569
149291516,0.018488200552676564,3.063570962999232,13.594799531089944,12.806412838514047
149291517,0.018460704671293692,3.107374498449999,31.71821987382353,12.969017909416666
149291518,0.018494931136364842,3.097328397393687,43.55349047293132,13.045151672435667
149291519,0.018184562413492738,3.0791762274390164,34.811939569941906,13.053654855358607
149298857,0.01872466984196495,2.950068045746175,21.400336121315554,10.21749627325122
149298857,0.02014465461612542,3.4091056708497716,49.47703762991453,6.508639402813463
149298858,0.020398885311261664,3.757820093785629,41.91768331401962,11.408663482815669
149298858,0.02049648655160719,3.7672619840477393,47.18906581709433,7.019941303390066
149298859,0.019815488997848296,2.607129537677379,56.58006091974153,11.233755913614408
149298859,0.019795573634431903,2.6403020954117573,70.52422165350438,7.9371455292836925
149298860,0.019779029222999144,3.342983300958953,44.82707963913241,8.011328190339281
149293753,0.012317764458138489,3.814260597309224,3.636324459315884,4.430400572802204
149293754,0.012337135954269414,3.824109779906002,4.023833980243211,4.468475721216525
149293755,0.014020480634744436,3.7662617837117303,4.703007848146227,4.415099073908573
149293756,0.013738521979402429,3.759511128789372,4.884863740284163,4.394369337289121
149293757,0.014380975993425624,3.824543912192759,4.813682751384646,4.366204247445059
149293758,0.01447847250176576,3.8477372017847986,4.83969314014053,4.423786599708708
149294227,0.018281882083264377,3.271559314284144,8.103334123628256,1.2570128220037213
149294228,0.018204844644006544,3.2710591561951787,8.148190694541825,1.259838242619471
149294229,0.01843527964342005,3.184790434448983,13.063484553941228,1.2884877263905015
149294230,0.018161319688032286,3.2314132717459163,15.516756822552132,1.4517075639986619
149294231,0.017983702074694376,3.2456932269691845,7.815206520376314,1.118168221283664
149294232,0.017901109796620126,3.1970021212311988,7.925596047533761,1.7280120246781256
149294233,0.017721393937200406,3.528975750237253,11.282326722839722,1.2349163058273875
149294234,0.017677781753383845,3.5764047008591726,11.416618126428832,1.2078116767094638
149294235,0.018449642334513034,3.6230373215533205,17.52493780098253,1.4871537142575624
149294236,0.01842138827437451,3.6549248337774807,17.178535431238156,1.081715340649047
149293180,0.01758982542996839,3.21518622820991,6.4458511415321125,3.6497045830430532
149307905,0.018387727542945657,1.6729950597518901,2.6588479047199183,0.12317706294098049
149306720,0.013213832653012481,3.3102029235722474,9.125987650018269,0.975760644408733
149306721,0.010445473108637885,3.4756050245140737,20.668650379888614,4.351025058293262
149306722,0.013289515942393887,3.304716645019693,10.924913297070383,1.2153678003969193
149306723,0.012910146426226307,3.1475317774790064,7.829713681036299,0.5780004561601036
149306724,0.013090575095976635,3.2540140257421553,17.963358715287406,3.867227380197483
149306725,0.011778408294798672,3.354932031200952,11.067936543729735,0.8974019293959266
149306726,0.01244577961071617,3.4545875305240914,7.168863301370452,0.9970458364606675
149306727,0.011518962539413874,3.327587438774325,11.733006275016551,0.8340194693654116
149306728,0.010599081496212436,3.433828960506051,8.79479882282565,2.564452681435146
149306729,0.012053348524375593,3.4366786262388453,8.297401135884096,2.396903582016298
149293929,0.018047219235110705,2.9182188950526613,5.589250130887949,3.6710212408699894
149293930,0.016976350520788747,3.0965664924823835,5.463971879150633,3.6748857288397736
149293931,0.014548287148977575,3.4676200426108403,14.100530577962061,2.698751916472763
149293932,0.014881664918043337,3.162809787041456,6.103278762805029,2.608413955014404
149298306,0.0098947811432247,2.2027780766809157,36.22973127497997,1.7602443096758877
149298307,0.011002491605300143,2.1498615698178383,9.585304386147225,1.3323682278711395
149299449,0.028234237623375395,1.6631827210611307,7.087808438634089,1.9089518529287013
149299452,0.028334923377429457,1.6880192151855355,7.279871715562877,2.215033578481845
149294217,0.009689931326735625,4.033910487903843,12.229450625699629,1.4544793046758508
149294218,0.009818068800955846,3.732926251847627,17.122736171255546,1.4217835265069458
149294219,0.01183070055506342,3.4772418195836905,13.390278194997807,1.2636311184814248
149294220,0.010838179319526332,3.594587929044443,25.849283935884213,1.509158951532726
149294221,0.010015978963246856,3.547805230775418,16.551710860970303,1.3283094112992604
149294222,0.009965836016399617,3.546014811425798,17.632197603096834,1.3735835024260152
149294223,0.009974969337706916,3.915913233377717,12.978216781691469,1.3242077042911506
149294224,0.010462370832653951,3.9509941808992117,15.29280496982054,1.2895330474828293
149294225,0.013033638261061952,3.6040038811086013,12.876838704509941,1.073146745046381
149294226,0.011154667502971309,3.8577234576919306,11.68492203640445,1.7968642682214249
149291702,0.03703374301191927,2.223491107805326,3.137729639298714,2.8963795693130057
149297950,0.012646742038194892,3.1814084743379154,7.411320613953616,3.290499113678023
149297951,0.01270204880206632,3.2627628444541577,6.260602528029347,2.931088344960792
149308362,0.03204036400285093,2.158226121501551,7.606406360070116,0.6517342434850432
149308363,0.03171892450571391,2.1830849474096863,8.919316670605133,2.330818452273282
149308364,0.03383619607181847,2.064469234228175,5.9165381560402865,1.0120500771535121
149308366,0.03271176741120475,2.1825557350563214,6.980173473054533,3.147443291758539
149308367,0.03322548246558261,2.109278637208348,6.918913263192792,2.1662130063811205
149308369,0.03271546908635949,2.279007620408785,7.108611990030466,2.3895777142625096
149308371,0.04034022558831086,2.317408730762826,11.827709991122024,4.837792664217357
149308792,0.016310333431906805,2.152512049141025,6.422705941708373,1.1807906960298018
149308793,0.016069403542112174,2.173622915961768,6.430919910734964,1.0162026827137303
149297824,0.021052243443440272,1.7199665902698882,6.718896177409134,4.578529358347639
149297824,0.021354833532584116,1.8181616555801545,54.75825269290724,13.322343065391516
149297825,0.020713486894991282,1.8594773475633328,73.68985351475249,15.047193644850514
149297825,0.02088935820521448,2.016572418635253,61.06571375970807,13.18175733109592
149297424,0.020637434298492126,3.7791986501449357,8.608105262722685,1.2813266132542207
149297425,0.02032880496272301,3.8413519617369576,7.961039454139557,1.565801850855106
149297426,0.01852605051359504,3.8346478367274335,18.316935744157142,0.7486574309144339
149297428,0.01733109192356369,3.461401597817456,8.239178083692545,1.1399336602217989
149297429,0.018422171382199485,3.7442428812328674,11.932047832052843,1.3833524645197401
149297431,0.01693604440776398,3.32905398928695,7.419005585468621,1.0759864334338467
149297433,0.017342489082623043,3.3964982112806017,8.555221780759906,0.8249911974307867
149298940,0.02050117133016063,2.746321818383231,5.790817052008217,3.1122363444981618
149298941,0.02043004420042358,2.702135147217387,8.561219268623965,7.030152022032899
149298942,0.020399781542854697,2.725327780527477,6.307405482177761,1.8666932895943127
149298943,0.02095285227615965,2.67835754604174,7.466079164500609,3.368323855723071
149298944,0.020941101952533594,2.745987500687084,5.162439312587604,4.056930017183209
149298945,0.02054136364133996,2.743726715403001,6.188772615651161,2.879956053958186
149298946,0.020875800154253714,2.839502231053039,7.269020227889207,5.30203016135259
149298947,0.021071235330182833,2.8655265824285503,7.259765311273697,3.9465530821746047
149298948,0.020400857922490027,2.699300939751593,6.086639440264128,5.32226141840619
149298949,0.021243106518149524,2.7390197634069313,5.963903998763683,2.5198356270232876
149293773,0.011877418400189452,3.9127026519345236,3.718059737759369,5.084683576203132
149309786,0.017957008966004842,2.5756332485166062,12.538075757746373,0.19767292566090275
149309787,0.018670180525667976,2.8726282569344153,16.108537394892345,0.3218959548738491
149309788,0.019008148203600493,2.884211603032784,18.519846617204315,1.2327551342373664
149309789,0.01824717477272818,2.5962935089767165,17.929514990369068,0.6308139630351389
149309790,0.018029794469438403,2.5964850792840637,13.614144148739097,0.31669088386869526
149309791,0.017646408646003968,2.2343026621066313,8.537021616526077,2.2978597381938943
149309792,0.017988420383133186,2.5661586934554186,14.780450256722819,1.2529763429658973
149309793,0.018132289096591248,2.1903323608185445,12.648154885421807,2.6609704375929204
149309794,0.01780375434137315,2.6790923921747503,20.30819957976525,1.0405433466447747
149309795,0.01894925202180915,2.8737674017993133,16.649636198175827,0.41212868601887853
149292244,0.012822374708874444,2.7463390378071653,9.096774074882644,
149292245,0.012506831778044026,2.738108606064841,8.502533953208651,
149292246,0.013280557967588804,2.806268200987511,8.49815241093447,
149292247,0.013373531583572608,2.6915664513221778,5.750921886726255,
149292248,0.013143787648342066,2.9674436953602745,10.503494271755883,
149292249,0.012679958126097938,2.909025381353651,7.201420313633208,
149292250,0.013264023887018143,2.8949152517586727,7.235127263717703,
149292251,0.013422390586098856,2.91012173008344,6.079948368719462,
149292252,0.014041220828572442,2.7749266974779303,11.948942864424623,
149292253,0.013356002526244873,2.992280848083082,12.899304896575012,
149291985,0.009463336356277939,2.2727195461767837,11.759819147808253,6.586855499073813
149291986,0.00973599787987226,2.3437177729606513,15.617810924130568,6.600694392120206
149291987,0.013004039136549836,2.4778216677334997,35.10834465080289,5.296694594271504
149291988,0.010509648232813803,2.4144469667497175,20.746645566843146,6.305397697611038
149291989,0.012937960314952191,2.607037834405663,37.070582127400776,5.071041493728544
149291990,0.012340700223345533,2.721268088866025,35.196125680268615,5.528560167057688
149291991,0.010683803492746903,2.5926501230885037,20.60852264052829,6.532007932084483
149291992,0.013039370775355637,2.4227303415925387,31.043476391301436,4.999451977908114
149291993,0.011951124274780262,2.8003841004120362,26.299506486951994,6.186234201784051
149291994,0.009010118993530304,2.431593253501709,13.52929025503306,6.385031774292928
149292173,0.010230475890557379,2.8108167434019298,13.074994835016406,
149292175,0.009964399407372669,2.7647742744297483,5.9171324171135655,
149292176,0.010454558531735636,2.7448304092892615,5.283459074852566,
149292177,0.009807683810091223,2.7529171013524922,5.447216715007331,
149292178,0.010150021092585027,2.7530875365575502,5.332301698147231,
149292179,0.009754264403877414,2.945216558280241,15.865207994032344,
149292180,0.009958196430627661,2.73077189098979,9.204491021372025,
149292181,0.009992196238521028,2.6423692956943947,9.20036797079967,
149292182,0.011364229113580678,2.63395110111084,12.679929043184465,
149307110,0.016857273815813183,2.689063191595684,20.64123966999287,1.6228806319813014
149307111,0.016912715999256027,2.653512056258062,10.018717053587903,1.3636573934201552
149307112,0.01697602427470223,2.6449767147284997,8.62856949183415,1.411367654425966
149307113,0.016407273531458846,2.7328710283285607,7.078026972704512,1.806446462454515
149307114,0.016890071473250123,2.671093567906512,23.13050339324611,1.7416853151503215
149307115,0.017737094327504845,2.643928338576793,20.567656213694647,2.272005220413636
149307116,0.016813090663700868,2.637987388526866,21.479080737393197,1.6830644962719732
149307117,0.017776159987505678,2.579578131138192,13.946395644350485,2.435225538240281
149307118,0.016891012422931437,1.61883084676071,6.455805586273137,1.2142588114072796
149307119,0.016442054709547595,2.7382229673559078,6.619495612413735,1.6383784986684835
149309501,0.020437105688564293,2.181775662989998,4.526718093506466,0.729272594426026
149309502,0.02090886144038562,2.2078793208377703,5.504008310593957,1.4440369713366838
149309506,0.021745347284576017,2.341117295171519,7.732821304465484,1.0697068450133544
149309507,0.022276640858427506,2.3693951500798054,7.238423184433992,1.1922790679370199
149309508,0.02161866402491337,2.188948487088859,5.405900778367814,1.3422576467972458
149291948,0.01545748761271539,1.8987494115402532,19.186899962057836,2.214439867556711
149291949,0.015246283915624995,2.0886552036132726,20.081559355894868,2.221122037454577
149291950,0.015198353055300099,2.1033716278759553,19.867496669267243,2.2743105339393437
149291951,0.015617908312145799,2.2249320514640645,19.69819734037157,2.40583075344691
149291952,0.01512619341542305,2.0921544076257583,20.893868259583442,2.266249808142327
149291953,0.015750600588939446,2.3161823468104465,15.994908112050497,2.411626292797886
149291954,0.015413091495459608,2.102543497582605,18.674191751051612,2.3276152230864757
149292194,0.017261159368804353,2.8245774742227376,7.075880632273688,0.6051608901112135
149292195,0.016977125030640337,2.9466104916006963,4.6605915315989,0.5094519664185988
149292196,0.017253552900933083,2.5307367431772843,5.271592888562362,0.5551270754503853
149292197,0.016831457322996603,2.9578223457302126,8.157037893195124,0.6709641865133267
149292198,0.017003966095199916,2.683973590466077,9.378848244287543,0.6014293857754718
149292199,0.017230610438029984,2.850714045918811,9.222825335592407,0.5684684101023988
149292200,0.017192285028270755,2.8430201772962818,9.248574045874584,0.6774838540724206
149292202,0.017190092899473278,2.78492810925921,3.280714055889111,0.7197104923627597
149292203,0.01703018966237977,3.0039811554873714,5.080764171063098,0.34394206541078476
149291536,0.014180761973911323,3.3640512437874968,9.290868784504204,4.796517390828863
149291537,0.01449719175184331,3.268851846841863,12.582340097626508,4.640725770822802
149291538,0.0151213676268054,3.3860692643282437,10.530879215505866,4.89409444147619
149298974,0.019533059228712093,1.971803529059354,3.422925273269848,4.641129451371576
149298975,0.019539314815950948,1.966936353004561,3.645441807895636,4.867648938295676
149298976,0.02056874719569029,2.0583021905265246,4.504650012542775,5.500548268849678
149298977,0.017623167639292135,2.1250920911577804,5.756889016779418,5.675582402717606
149298978,0.020566428863032973,2.0606587495343405,4.4143229433551925,5.318919445564457
149298979,0.019511864914331423,1.957050097813792,4.951598917423545,6.5549055136561725
149298980,0.02053132261522964,2.071714367848241,6.00745821049569,8.233191139181681
149298981,0.01989227712337582,2.216778054708593,4.958497657118558,6.923131843174985
149298982,0.020367134237034616,2.227240856295345,4.8629835455919155,6.811691653348169
149298983,0.01988444740091061,2.206462598228376,4.656276830165225,6.314715824734329
149292675,0.026731427592253196,3.97100406076904,7.273107711440371,5.217808696307573
149292676,0.028226982135119167,3.670877796469114,6.817181038333026,3.3866605908038294
149292677,0.02676855850678197,3.9601157467472827,7.552864455519932,5.443986890871286
149292678,0.027832855733339868,3.643270981494691,7.404077598756118,3.3412707138841777
149292679,0.02704620131404892,3.674092119455186,8.51984308284119,3.7561788101022753
149292680,0.027072172814564286,3.600479737181345,8.3572206961558,3.827060418045973
149292681,0.027523009254896674,4.3473473926061015,11.129430061637363,8.149587641260013
149292682,0.027264912325922146,4.053403334938299,7.990498849609891,3.4079408560653244
149292683,0.027483381280061184,4.342855592099395,11.015211396983236,8.082247127566205
149292684,0.027138087251954778,4.090333695860212,8.348999930338332,3.414406610314137
149300406,0.015391147438178062,2.4823587477056948,5.101620036582082,4.506698691060443
149300407,0.014754054695214583,2.5169264746018567,7.698606674887013,3.630277014369634
149300408,0.015144281737694687,2.5058967073673903,5.5101796185942105,4.21979095738649
149300409,0.0154959404678175,2.5163901067418175,4.784244989575969,4.354637581018485
149300410,0.015043818139009289,2.376022321527714,6.474069228323021,3.2601248802159044
149300411,0.015299769213221749,2.4997789773826327,5.539460289659303,4.208260380883541
149300412,0.015476662322069956,2.5795616149320613,12.796648122938667,4.937178630077541
149300413,0.01562078826467212,2.476995464659438,5.475399204614194,4.504259029986684
149300414,0.016015471422548087,2.5149379219347816,6.592321601230195,6.951140569537257
149300415,0.01590811384468571,2.452118491131193,5.396415130252486,4.099282888999716
149309351,0.014736851484914704,1.2422202314845716,6.9339293343424115,
149309352,0.01446653748711515,1.4406374451444632,9.432039598037191,
149309353,0.013633676878305724,1.216624751173544,6.252305881836873,
149309354,0.013857184044843604,1.2881858717020298,4.875115142735084,
149309355,0.013372699634040785,1.287942804835538,3.4410546237591806,
149309356,0.013306945339832562,1.3369097641095358,3.794071838403623,
149309357,0.013673497943096843,1.1859331535609956,4.637671841305357,
149309358,0.013044996955720133,1.273267778611383,3.044914686104372,
149309359,0.013504403939758759,1.459264826404034,4.9912317487450375,
149309360,0.014094979843974427,1.5223490723070698,3.1695391028229385,
149309774,0.01339783961213117,1.5734923179396771,7.283249629581601,0.07070323805825551
149309775,0.013957237330586967,1.6585835347179738,5.686259464798723,1.7646848230356997
149309776,0.013487870165617295,1.655359064964811,6.024359509734076,1.6426717518918832
149309777,0.013339814329405748,1.634039089006475,9.438236461044058,1.5095188156216741
149309778,0.013348475759983165,1.563582674952865,7.417024121831493,1.323547365277539
149309779,0.01340739953662541,1.6322172040283995,6.06992401412165,2.2835519302685183
149309780,0.012951529850146365,1.6168127323082333,7.403996910378332,1.7158465752731338
149309781,0.013102038204612731,1.608267936684976,8.455438469692504,1.7020328613110547
149309782,0.013822408475749448,1.6399068111797912,5.3006567108379015,2.0242023155537745
149309783,0.012710438370005893,2.018575431927442,26.604499550848114,1.6938367959346037
149306852,0.006084711464725564,1.2290482459988472,2.0299614351271584,
149297263,0.019684113491642927,3.6440984303913098,12.997160569184643,6.674015352218367
149297265,0.020541070862791316,3.689896433925628,8.52594585972841,6.29585576307884
149297267,0.019895489010317645,3.327203495274961,11.410891407690766,6.086744198964864
149297268,0.01839149495872361,3.87197451744567,12.430336955389706,7.340896563977339
149297270,0.021374633965245065,3.8871371536835264,24.811717284989836,6.07364331827949
149297271,0.019709179075347073,3.855692287008419,30.06143016545426,6.3623476312064176
149297272,0.020616121125243133,4.0803374613452785,10.020150146211211,6.6549356326961115
149308317,0.019860073554159804,1.267551624934409,22.15559818032163,
149308318,0.019236909872429327,1.3128227840797595,22.868459631643553,
149308319,0.019800537904679366,1.2650417239155876,21.728184082048763,
149308320,0.019706679235581757,1.2957820668474973,20.359592836451945,
149308321,0.019635945855904204,1.4752586618848842,18.451011460746532,
149308322,0.01966259676482377,1.4704903714102582,17.98188321363886,
149308323,0.01877192417405499,1.6913803393389923,4.164640254847803,
149308324,0.01929956151383691,1.5212155191671746,19.516034600818756,
149308325,0.019722246684602707,1.4481627534645547,22.039130248251517,
149308326,0.019281775388306218,1.4410908810188645,5.895164063551217,
149297455,0.01674608192885547,2.709120370344774,8.347921903037612,2.7547860491681693
149297456,0.017124643534016746,2.6457364142148343,12.428082846084074,3.192177009510493
149297457,0.0191157839603719,2.359888945002593,11.666351918824919,4.687908001243249
149297458,0.020017776191723593,2.4405175504683596,7.507701514893438,2.835671093488846
149297459,0.01677844353697956,2.536094573383038,5.133157038892491,3.3219002571207272
149306153,0.014616066697328633,2.591471518762472,6.376517231949236,1.959472073350481
149306154,0.014290700088012257,2.5794728099955595,6.435814910589505,1.9037133866548732
149306155,0.014050064057711668,2.515173032908205,5.941476342330839,1.9483689395471357
149306156,0.014698726173396359,2.5355509226949136,5.124672267808726,2.032454498161885
149306157,0.015536459653650955,2.5513607724300806,8.714362399146326,1.8809665313724142
149306158,0.014700457777290066,2.639006160588194,7.151820560494061,1.6411421063567735
149306159,0.014401931815170908,2.553844983427325,5.933437243538252,2.629080669888084
149306160,0.015664923311369972,2.625048611044877,4.866174072007132,3.360222040648726
149306161,0.014348800561081815,2.593285655577565,7.251933062328224,1.8879429147615505
149306162,0.014763949824093101,2.5464623244981763,5.972323382890722,1.8622580817571435
149291845,0.015115019128551822,3.2482820535291483,4.787500409810925,5.59138331945551
149291846,0.01528463147687469,3.254482547824861,4.677492549623256,5.646570695465465
149291847,0.015307441719998203,3.2333196847944237,5.023675613895885,5.591288570759756
149291848,0.015145006360572375,3.2731113635264957,5.07533308238355,5.60389103185014
149291849,0.015219846523574733,3.223051855571653,4.949689339643512,5.594648520554522
149291850,0.015320864801079486,3.305002386126468,5.0729882943716875,5.610885313378766
149291851,0.015130867062833528,3.3244015511417757,5.2952613839560145,5.502868073554516
149291852,0.014557094114245498,3.2881536721671507,5.037883384439236,5.598377296463992
149291853,0.01472733186130642,3.3758273595068014,4.1489739325898505,5.581622514192482
149291854,0.014713260830180968,3.383058657226816,4.2422612921898235,5.6003069363894085
149293451,0.015704532296908463,2.5914750535916498,5.63530831220574,6.644828874002677
149293452,0.015695083230016425,2.5959852729796737,5.605354177523386,6.726639465589912
149293453,0.015520205127460189,2.4703289579497825,6.141450763891798,6.534270541168653
149293454,0.015447558021338034,2.464199118984458,5.8628233828365035,6.468656335827955
149293455,0.015358495107443736,2.6065369649456467,5.117391876177741,6.733104467835795
149299343,0.005314980084420123,1.4933544633961737,30.901098973560885,
149291629,0.009139961019039536,2.9009193521782906,14.896239236231908,2.001797572123526
149291630,0.009025173201456852,2.903378401464728,14.6239953570626,1.8724886225822557
149291631,0.008521209647149213,2.8710284638072983,13.272233377964628,9.14012408431498
149291632,0.008513457894956099,2.8721347948867466,13.25910378437822,9.403698346502527
149291633,0.00813408812593947,2.963775778006753,6.922416273935781,10.157072920652727
149291634,0.008731435418728693,2.972870285631434,15.380877238594675,12.234207046962792
149291635,0.008711302450275012,2.9718208826889154,15.352986827650215,12.155980152594259
149291636,0.008670317874996135,2.986205992246677,10.22444975524937,3.4903803144041525
149291637,0.008574144895426117,2.969508026630429,9.865018884664698,3.4186694020505453
149291638,0.008754351877241646,3.065277709823731,17.30769413550351,8.530483094856534
149299363,0.025300658640736065,2.3548961235376087,10.75065222400836,18.773604087562457
149299364,0.025822756966819047,2.5207620052737902,5.481860563072021,4.6091403589659565
149299365,0.02506178963195308,2.536246012296183,7.288459790439852,4.5752942804030186
149299366,0.02592142959573254,2.525649524211377,15.21782598078393,23.241601004850178
149299367,0.02476859003836318,2.440899848033455,10.845862816422832,18.551704651239458
149299368,0.02459869516488712,2.3595790335379068,8.332480955676232,4.806360186884374
149299369,0.02478018680435732,2.300669648834319,9.395219348512946,4.779653796054288
149299370,0.02470536925723748,2.5036152838042076,8.655253424697307,4.724319448065095
149299371,0.025543442766374862,2.3769329808300186,11.888673624260193,18.68692304052895
149299372,0.025004841264256224,2.1873406911060638,15.617426509069164,4.8870404588944245
149299641,0.021107069391858302,2.0839061115390916,19.761605154341247,5.065590212152358
149309133,0.024873897712898756,2.8274355653095156,21.490311896757376,7.099663445291281
149309134,0.024906253131651426,2.815963652878387,24.675430287136173,8.105844273691797
149292077,0.016245936663257625,3.5319253342705696,19.257273837328498,1.8159380865962331
149292078,0.015015425290951939,2.802241783681366,8.61857809180599,3.750663510211627
149292079,0.017196489224294755,3.2692303207483273,10.17122555847909,1.2844516951742377
149292080,0.01754863826025015,3.6126481585465102,12.801691632950549,3.0230965980547935
149292081,0.016093808905056753,3.5313855273580836,18.12707613838554,5.495138428866255
149292082,0.019372835859539594,3.4298096184686853,21.887993370668024,2.386440786031678
149292083,0.0173591558450549,3.2736356941813516,12.919093502705474,8.828609465707032
149292084,0.016046778734835027,3.3676731108043394,22.432438382791574,4.260683425461621
149292085,0.016335772566860012,3.241409867383259,21.62857451692284,5.480944573738464
149292086,0.016121674310540905,3.5357793462241416,18.074427849258623,3.4499647841522507
149306850,0.01032785773597894,1.2390910646295938,2.3990847892500935,
149306851,0.010321532083981505,1.2392128098417128,2.3989574838056957,
149306666,0.008613566347983364,1.128613809390492,3.2857556035130213,
149306589,0.017053155879748455,1.5611079420136442,3.529120837700076,0.574039654719579
149306590,0.017257373380336036,1.5782164080201055,1.9915104045262613,2.2095695490261704
149306591,0.017117403805292905,1.5676312777493169,11.621714550500855,4.860898851889756
149306592,0.01696285222229347,1.6525801275919105,2.8677778982859223,0.5612610265650825
149306593,0.017103492944530358,1.7543395122671182,7.020278798065974,0.4543233849138425
149306594,0.017174619834929017,1.5451467529293312,3.3470996999534086,1.584520123253414
149306595,0.01727090877244371,1.5692023202569516,4.4957137454964355,2.8524753574814232
149306596,0.017411223015622288,1.6805037776161105,4.945804262226901,4.196455850810422
149306597,0.017415745441254304,1.6500903679270755,2.478632118478619,0.6798814772108647
149306598,0.017079520483307856,1.754359998206843,19.447096015458392,2.484770825496129
149307406,0.01971359033088385,2.0122277237493815,2.030553865801473,0.3310826012447598
149307407,0.01972503497563859,2.012829009995306,2.123273643973481,0.4133921446139146
149307408,0.01981386259183097,2.1047693001853873,2.465570166347891,0.4259903394751802
149307409,0.019791562160542918,2.1420211457980884,2.732175503549519,0.43238785027934046
149307410,0.019700107645180067,1.984903132992386,2.362989491094175,2.400321994491485
149307411,0.019904865411786658,2.1438568368946744,3.6796933580996853,2.169990892797687
149307412,0.0198064464638731,2.0987971196861364,2.5150925140230753,0.5569704197516426
149307413,0.020120661877518917,2.0385067208250955,3.536713900993918,2.441726932581969
149307414,0.02008052591625293,2.022967456967343,2.592617810945516,0.538735502665557
149307415,0.019737706677063517,2.045949523584369,2.133904873799489,0.37205844919533504
149291760,0.011245698180853466,2.0580109400094635,8.420002789338652,7.990092643459813
149291761,0.011281291820700494,1.9032090897735645,8.339358179553582,7.243909796770502
149291762,0.012010585724441473,1.9732885362272106,8.67224016865927,7.375663215032823
149293105,0.008586481657951634,2.5808103134243634,7.078631120159967,0.5542467224318828
149293106,0.008872981094905998,2.426926365765448,5.758856736854053,0.5884114508288553
149293107,0.008898278192790269,2.549208056692569,5.112785734524714,0.6217737300306457
149293108,0.009225670687599262,2.679803069762355,9.504558271087248,0.7073527497672115
149293109,0.00940927878696634,2.9125380883152974,19.29186822080747,0.5142421903086527
149293110,0.00957704032218861,2.9070886018127453,19.08355642272839,0.7169039172298663
149293111,0.009883701191825097,2.696362358238294,11.876063970306383,0.6255001858775128
149293112,0.008800844093335779,2.671624410244768,7.6230409509520936,0.4031249977031194
149293113,0.009464382110215098,2.6903578863571878,12.77109062685771,0.606744495251053
149293114,0.009457956068756409,2.6890287451764068,9.437348593539049,0.48632172000313534
149300256,0.02368365946375706,2.719742599155775,9.860515487986097,1.6755609949848196
149300257,0.023656090257812394,2.753165754345336,9.762916880814585,2.2690339206391923
149300258,0.023729337447149876,2.76271522127234,10.132636504957539,1.4569936507758945
149300259,0.02313796263042796,2.721929198164545,10.392579124868067,2.0456772243584376
149300260,0.024226262098423917,2.8523993172034885,10.637112462715773,1.6767817571475483
149300262,0.022966616566701074,2.710943266919586,10.328606706647186,2.322918174700083
149300263,0.023211986489859577,2.7724110517009217,10.436906318141126,1.8061791496586197
149300265,0.023620321526776438,2.656269373361745,11.26916878024742,1.9548423448621406
149293167,0.010387404350787851,2.153432744386154,5.9876593793275585,3.8645061617184613
149293168,0.01022279271288579,2.237560420314646,7.085286409203338,7.160122561792876
149294065,0.01454341711569349,2.002815224387397,15.66290526090739,6.2950186110238056
149294066,0.013892088512329441,2.10154819647165,11.058495418153806,6.891639464945582
149294067,0.014008456963882306,2.080836140918566,8.28325604081396,4.036371497733083
149294068,0.01759418525390913,2.2581919696863575,24.207480922306406,6.406659715380409
149293177,0.00966369302421476,2.150218776005119,7.865805173692047,4.056386671493597
149293178,0.010951120646039968,2.4194797109218764,6.182464538469931,2.6108078934692904
149306558,0.017903482388767402,2.7546903915854672,9.044256965309312,3.948220960468652
149306559,0.01749293703780053,2.63761455997497,3.9902427206085305,1.8618846997033265
149306560,0.01628151688182914,2.799707437524729,7.632185748448137,7.686067761592102
149306561,0.01598308425022741,2.764088109649047,4.947467925671823,1.255627545732025
149306562,0.017335747569227258,2.7180252891558077,3.5017461434259936,1.1651088960642553
149306563,0.01626194909518542,2.7466891454895306,7.506872215532868,4.617487827520422
149306564,0.017518801847881245,3.197673430406615,11.034491653284746,6.040770421700381
149306565,0.017526686680811372,2.728025027879842,3.8008536960332715,1.291239055795749
149306566,0.01711328290439331,2.709329385510974,10.689711431392386,8.626440799337276
149306567,0.016690756663770998,2.7587916157789407,8.994636875976148,7.446704456054088
149291933,0.008887748222275648,1.6909529503936458,26.619537688677003,5.345425074684714
149291935,0.011333489767883037,1.6890788501945107,32.36189480448476,4.546902061731951
149294247,0.00882425614227983,2.5735931116539614,12.273836664127296,
149294248,0.009458593976901733,2.3838013440830865,20.767165908997693,
149294249,0.00880157167069749,2.561723252680247,12.251890462269083,
149294250,0.008951782262837977,2.529450205844148,11.338670267061971,
149294251,0.00949490836640405,2.378916487472425,20.304881153880896,
149294252,0.009694608623407751,2.377837576944094,3.6806469678498113,
149294253,0.009604120547520578,2.4139727902947548,13.590708113690606,
149294254,0.009915040365787671,2.467317313048899,6.6849708042534814,
149294255,0.009882600942244489,2.408953821920129,6.244075098746268,
149294256,0.009120285772809683,1.906593373633562,3.210976101849586,
149293545,0.04769620835101985,6.401679276882901,9.168272730993166,
149293546,0.04813929164873684,6.306312279792079,8.767106262018983,
149293547,0.048152562696436,6.29860058325387,8.8612476615445,
149293548,0.04818057163715532,6.287378776762323,8.664659572218408,
149293549,0.04753632117716506,6.451021556556838,9.880347259021804,
149293550,0.0481963386362763,6.324485040708813,9.989272672071069,
149293551,0.04835717950197453,6.2866177150671305,9.829092800568882,
149293552,0.04838689352921026,6.9886426104660035,13.727561615218521,
149293553,0.048402025353417574,7.006005158143948,14.970075010898125,
149293554,0.04840478980686097,6.983857553772073,14.489891645574579,
149291530,0.005659343230377143,2.4970011114385766,5.601677660055935,11.6109117249483
149291675,0.011106601342191793,1.853740100804856,6.164270695711085,
149291676,0.011082481478096375,1.8515134306801173,6.076838527989289,
149306656,0.009603931786779958,2.8131447985192763,6.567314938757759,
149306657,0.009691895029988623,2.8371822461639753,6.137785012900011,
149306658,0.010755220373008295,2.93677921602664,4.482700484859177,
149306659,0.01252204772376004,2.951188621286924,4.210913042062154,
149306660,0.012133920030834909,3.2672021277231145,14.090815796307714,
149306661,0.010668370155289706,3.0019507220399397,5.603550146331643,
149306662,0.01132391448516794,3.432307013679326,5.508992694935796,
149306663,0.012156920325397554,3.4413458140065667,8.431840479997197,
149306664,0.011781284222030593,3.1269327288513256,6.042226192117049,
149306665,0.01283697518651824,3.8056914800939654,10.118724677359285,
149292297,0.024977650795081005,4.770800019393937,14.33171192081939,6.040236968490682
149292298,0.02462717941949656,3.8470855283339302,15.454998996931655,4.302334169882914
149292299,0.0266204084290309,3.911275261374032,11.29712000138397,1.2145741028810582
149292300,0.026132392058086297,3.52460862506804,12.969967088492828,13.5640240161736
149292301,0.02357655099459234,5.275218939427723,22.92610830565145,7.17450101763742
149292302,0.023456686314864323,4.517158974929408,9.581036277549124,6.045091007018829
149292303,0.027067514145468943,4.745623020322892,27.36347061333771,11.521233497415999
149292304,0.0251437781476094,4.439529288624913,10.465888585184468,6.288359632310906
149292306,0.02528501834496721,4.618155266079395,19.223238940414067,20.57394077169193
149292502,0.01293691504867002,3.2874365343213388,6.667497674736204,6.801793860032029
149292503,0.013877615180766257,3.6906386825784456,10.104847948657707,6.197525012836043
149292504,0.013903893070460964,2.8581075325576943,21.630002444902782,6.451159026033122
149292505,0.015250265468774633,3.679377559213684,10.08229717560042,5.442358716300306
149292507,0.013300373284871946,3.4610308501502387,22.080990160655052,12.942684475960517
149292508,0.01473809674380075,3.607915258712112,13.724378826813966,6.2547292246900055
149292509,0.012770916822913356,3.307065450330542,19.178761825333204,6.747825502123185
149292510,0.015080250552625027,3.768770914333066,15.031661624171651,5.887828925258804
149292511,0.014864913333464009,3.6300473570137304,9.412955116568822,5.363208078745124
149306769,0.020009519347905166,1.912684217621741,1.4130719982050468,1.0256918806049753
149299664,0.015600453789532004,2.742938138834017,0.007752798387912465,0.006199948081675093
149299666,0.015876259168677062,2.870187345090852,10.42473550867644,4.5368968935586755
149299667,0.015885551631361062,2.8887429149230344,10.37454902857634,4.713466550096453
149298950,0.02492951946877945,2.8194728788436687,0.0076044822249586586,0.002356497785402269
149308935,0.03273125781780998,1.7970352781706584,2.66963753695933,0.6354844316542761
149299583,0.017397384925130526,2.3447447372630155,0.0006117158234818895,0.0005007505610542388
149299647,0.02917298262628447,2.5124556188932696,9.659420036830513,3.859654991569067
149299648,0.02917157891710162,2.5068227876164353,9.336744330577325,3.846524206695427
149306317,0.021620848672423934,3.2052199207642795,7.507858608544081,2.212905671421923
149306324,0.021668383902795917,3.2004786045621616,7.63656513348645,2.1883130182932913
149307064,0.023894773705536495,3.0391203306928705,0.012006718385194204,0.008147372457048864
149307065,0.022738657536782794,2.820796104701665,0.013230840344687307,0.008508270397315935
149306766,0.015304126568658743,2.423224339816281,7.006144474415524,2.30901917421902
149306767,0.015497452194574568,2.4187374164072066,5.907283984098184,2.633689287682828
149306768,0.015508407132073533,2.416544517869046,5.899199385780553,2.6455637066552815
149300442,0.04243283991510774,3.131096090793575,0.747614956975232,0.010718909084949995
149300443,0.04161449749423397,3.2872342293192833,0.9123101611277596,0.013055709129253941
149298226,0.027857389422955077,3.05222282583357,12.585997318796114,6.917530688605497
149298227,0.0263135423458753,3.365607743004152,10.930937227313985,5.810942349854412
149308190,0.02738757179527392,3.045066023123966,0.5727957433036005,0.04311878135955947
149308191,0.027470898847599505,2.8558693386789895,0.5969093251474249,0.04012660820176856
149308192,0.02833494022831228,3.049449962184578,0.5195817582193746,0.0020234915585904244
149299212,0.016542862169847693,2.3201697739302514,33.662289191910304,1.5515240904615257
149299213,0.015882085093114773,1.983048977048388,17.348467315085514,1.596478038934326
149299214,0.016689438539383383,2.2962696729597414,3.4921041657547245,0.9680245790804619
149299215,0.016671991273314278,2.055931859714807,13.910741498606363,1.07146036392451
149299216,0.01728689223639182,2.113700070756295,9.63171326145504,1.3046276651014719
149299217,0.017243100644761075,1.9620626336750981,37.70982921778902,0.6965861968468847
149291897,0.011844275380518524,3.585280759499085,35.69499544419501,4.5694836057002055
149291898,0.011734637748482612,3.5714062714137595,35.53345870464765,4.586646659761225
149291899,0.017737261957046724,3.795000365901041,4.1331633243007575,4.932471474768817
149291900,0.017683901148920433,3.779137555394621,4.099243473531101,4.934701870977326
149299265,0.008505044217660481,1.2211151826345517,30.765846800268925,0.007452669265755977
149307621,0.02953448872627084,3.0007588527886186,17.41756356434676,3.063174100233898
149307622,0.02960539272919786,3.024736677501726,17.201503693736747,3.0541054323319057
149307623,0.029610228623123368,2.5726780033939387,17.634533921044216,3.892831618282913
149307624,0.0295834671724651,2.5705863132725444,17.844693189514505,3.982051989494311
149307625,0.0299867638812072,2.839024219640122,14.189547084811222,2.717334245236529
149307626,0.030018071634926854,2.8424293764156046,19.309780675860313,2.8949187803880987
149299663,0.029004851655069885,2.0085748822189324,3.2187939550871105,3.254967644331404
149298099,0.020944320696885455,2.0415502259932445,8.801254104854326,2.1884971024161977
149297614,0.010964178682971564,2.1740361852839736,6.466397978047621,2.8846804906114634
149297616,0.011553360909306915,1.9797923601399108,16.24243409414325,3.683982022724739
149297617,0.010036868115120324,1.909192460895184,7.6450646718584085,1.5620683915732028
149297545,0.02034942871875032,2.676540447113299,14.459191846817435,2.1599180559075317
149299782,0.07805730316951238,3.906574604245741,13.306207226051887,11.357344812692169
149299783,0.0779170420334344,3.9108608151122537,13.136926983683272,11.324633199319267
149307346,0.0363308703520389,5.015704150091881,0.0007562986360109061,0.0008695192714925006
149306770,0.034241875790132686,3.7794956873730765,2.03631732975615,
149291442,0.023535768737174723,8.531518256199252,12.049306019323124,15.308577389374046
149298557,0.04254485609898512,7.3785466071016925,6.15720055469488,6.441442437397209
149291440,0.024433896462304813,8.940971533658512,11.773970446192429,15.306574240823387
149300441,0.08167507793329432,7.3389831786307305,0.009586267113813262,0.009808789302424521
149298417,0.033849272122437796,4.789669020858683,0.15727700428873623,0.11319372391501227
149299881,0.05641859571680452,5.0838442359900755,38.34664045665008,2.575753015465299
149299882,0.05331150466826802,6.128994001254414,35.802746384748005,2.1431287514232364
149299883,0.057001313510981304,6.362239242772275,35.922585236784435,2.029192264159754
149299884,0.05650385486219979,5.077837680220084,38.3039908678197,2.5537387211588265
149299885,0.05798728253487789,6.267449290771645,39.22723584740215,1.9955082114987008
149299887,0.05899992960162542,5.349337358983875,62.68067005802132,1.9705908822267668
149308514,0.02045026948544739,4.229629288209946,31.720687332977526,5.969996870879626
149308515,0.01675955393022183,3.5654419671499755,35.33314713942768,4.466946905579274
149308516,0.021534797510484132,3.2552598232959773,15.58858005884764,4.003327614837952
149308844,0.026265863801341317,5.132229384219902,51.598132579443984,
149293599,0.04743585519987332,9.359781632562488,20.917743877942645,
149293605,0.04822615976870105,7.4558870145035545,19.508972929724965,
149308983,0.049804033597245626,8.247317996746904,28.335077996984523,4.659123311516802
149293955,0.03185405641594249,5.313934817811641,11.145316759183062,
149298432,0.0056302192084918025,4.372058592024355,22.71431662684123,10.279323789727595
149294304,0.04580437237931728,5.861335055859578,11.670611538158942,
149294305,0.0474344274619822,7.667103046831595,26.524523840804047,
149294311,0.04114260691555268,8.640063695583152,45.69171122017632,
149294312,0.04485405882524533,7.860325022514481,36.920628216159244,
149294313,0.046545047631092955,7.304002437362171,32.251540085464214,
149309187,0.04656336290959148,6.4790093234094295,25.83283950528134,6.17300383643853
149309188,0.030828025517831394,4.947357963697814,48.365452725233084,3.6747770394725814
149309190,0.035913520696586924,7.210760683100042,59.93492044853283,34.958416383827625
149293689,0.05477594135883078,6.762267814099671,17.116279105285965,
149293690,0.052026328133681736,8.602520411605258,31.59643275283965,
149293691,0.05270663631281603,8.736889870505959,25.380108578299943,
149293692,0.0527949025730885,7.5481423698625605,19.377964114284755,
149293693,0.06447603779409884,13.299313226338072,24.235351105714813,
149293694,0.05536137289466104,13.503199238718071,40.01594194564427,
149293697,0.06492035947458279,14.104444837895398,55.375530676214666,
149298561,0.10865192231593046,6.731980578086321,40.43247184721493,5.799886984990966
149298562,0.10441706529553346,4.535986181430865,30.566164618621603,11.636063908653638
149299869,0.07811314197129822,8.420433673008935,39.63851120841803,0.25298053771926604
149299870,0.07758134488035814,8.707319417723008,50.516891444002255,0.3495536676382766
149293450,0.01954459584850762,7.083336014341925,5.148896414989661,
149308715,0.015047175431320439,5.120799973427241,8.326101708613605,
149308670,0.039093259113792474,3.4478822211290563,32.13680172497315,3.085090745051875
149308671,0.030830312993069858,4.936358778910359,30.01164794715799,3.6723737354734705
149308672,0.03921446487103245,4.931490027038247,57.64878381972981,2.5432499234934975
149308674,0.07821590968145122,3.83258457204756,114.36303461726001,3.1688664903806547
149308675,0.028261024258666723,3.5714589695159225,1.2883718927514374,2.349702072002636
149308698,0.1669044441774401,5.88550741743935,22.742570008491484,
149308701,0.13637702692897571,2.9954497052433027,8.589023505420963,
149308940,0.025439613581348757,8.825270039308132,69.83909704318587,
149308941,0.04126202493023053,5.212193955330688,14.323238946485175,
149308945,0.036942440789367634,6.98443887183141,51.64686308286525,
149309325,0.017747142899426797,4.542390598159142,5.5359454397114,
149309327,0.017885986225964975,4.850414703256389,5.297103197513915,
149309328,0.01796287106763849,4.838118840727199,5.251010788272391,
149309263,0.023967036052489326,5.5654089778809785,17.6295308720446,13.818154574942062
149309251,0.15348162475603186,15.657945250053208,36.35005327994754,17.296300039149553
149309253,0.14181146630620828,10.773549174803204,66.84612347254276,14.722271334568909
149309257,0.13932365911394412,10.675322350959018,70.29821648574303,24.161306597211095
149293483,0.077964607630093,14.679022352053188,19.307503469929436,
149294277,0.05259546734532047,7.191445128537236,15.886078632484327,
149294283,0.05681278855616503,10.455294539653087,21.619782571019623,
149293608,0.06228830745928825,15.226286491252552,45.81068285298503,
149293610,0.05907475160528303,8.501439393268177,25.825192403723523,
149293611,0.05931777835736171,7.716865332276007,18.945125990428277,
149293612,0.05785345012735772,8.575171565543208,14.32437224662582,
149293613,0.05703109051564232,8.87193676081718,31.18933540135507,
149293614,0.059071793381016494,8.496741843200777,25.85097987206039,
149293615,0.05990543406997933,9.113172969151575,40.50723406529094,
149293616,0.060266186971102934,11.006344485963371,44.52908594161175,
149293617,0.060016153907446655,10.65526632320743,28.066712177905895,
149293679,0.05128695126015502,10.655518106241592,37.23901465195236,11.419201796242598
149293680,0.053080130343229295,8.866063318889719,21.84094187779423,9.665064319709092
149293681,0.054295690107510994,10.946116168224199,40.1092493589491,9.564378924499247
149293682,0.05546097604456739,7.823641995229248,16.700097443421647,9.352166123606189
149293685,0.048608137296444844,11.290084986046274,37.240283772341535,9.219660242940037
149293687,0.05439854705375574,10.704913842718229,37.377747278175434,9.737569540627447
149293688,0.05299732235541611,10.436896190667518,26.315614378743362,9.693172950613077
149294296,0.11362368897884918,12.788135874680664,9.188310327086066,
149293618,0.09391244228997372,11.995827685930513,8.622831094495465,7.468460735690625
