,rmsd
149300610,0.10923168714596361
149307738,0.28060385507868424
149308037,0.11117061802554333
149308038,0.10809765122166648
149308039,0.16364354279025642
149308040,0.6097826636491097
149308042,0.254630838053797
149308043,0.2500767358723437
149308044,0.6031613855494968
149308046,0.16673270921641162
149306873,0.03499653997103002
149306874,0.0591246644999174
149307532,0.45668931145762115
149307533,0.459670792363841
149307534,0.2679251074962585
149307535,0.274420158060936
149307536,0.30042546302720824
149306849,0.13326098565829161
149307786,0.38807378197752235
149297695,0.07397494509968143
149307280,0.2843000381882272
149307281,0.2864684401155751
149307282,0.37503561120269696
149307283,0.4008675936937839
149293094,0.41724198629435033
149293095,0.35911063094911133
149293096,0.4240786394659592
149293097,0.19002970017653803
149293098,0.3467423521547629
149293099,0.37325563622380603
149293100,0.24956834747329898
149293102,0.37800111071372744
149292396,0.22902786136226677
149292397,0.22602323892524812
149292398,0.23118927345911275
149299154,0.14478776890892495
149299155,0.2697757182432415
149299157,0.26464672820592927
149299158,0.21220829014683534
149299160,0.15529360844263798
149299162,0.2379860148380453
149297935,0.07212590454784823
149297936,0.08056161479166316
149297937,0.06000049740429337
149297938,0.05699868133060632
149297925,0.08367513941205397
149297926,0.09535431726664338
149297927,0.07918702318679435
149297929,0.0791258030619716
149297930,0.09659338599899976
149297931,0.07126778214244561
149297932,0.09121156074815484
149297933,0.11409278447784262
149297934,0.17828749203589525
149306208,0.4892236770864554
149306209,0.21448440698968044
149306211,0.09779831589607986
149306212,0.1904419817248301
149306213,0.40911688795615225
149306215,0.6188649503147231
149306216,0.4278136274033914
149306217,0.2117505522655279
149297435,0.05256501763339422
149297436,0.041722152164359046
149297705,0.2613902408941232
149297706,0.06574538853943239
149297604,0.2541935910480003
149297606,0.09757130718562161
149297607,0.09644212636920742
149297608,0.07743831398360353
149297609,0.08301958695109662
149297611,0.22769164091754227
149297612,0.32065813064088994
149297613,0.5315450795380388
149297598,0.08885966564963495
149297599,0.06839057988451251
149297437,0.055478689475338495
149297438,0.05068131073903959
149298951,0.29789429979987825
149298953,0.25515051553250273
149298954,0.14050464327122883
149298955,0.5559391330292168
149297600,0.27820205670490195
149297601,0.29535406059267494
149297602,0.1696132485470537
149297603,0.1662609421759319
149300133,0.10357274588239422
149306450,0.05275827576086484
149306451,0.09064336343672325
149306453,0.0783863117587557
149294197,0.2648332485055542
149294198,0.7091297363687284
149294199,0.2746805067782306
149294201,0.14547046115287143
149294202,1.1618429334262617
149294203,0.44959143137068003
149294204,0.2958632177928866
149294205,0.17385470779154374
149294206,0.33744404708753195
149297834,0.1875107484151066
149297834,0.9010252675298285
149297836,1.68014210974471
149297836,1.565327023695425
149297839,0.7940683895603337
149297839,1.7371400215486104
149299102,0.14242104830043037
149299104,0.13245053092708198
149299105,0.13741314793936094
149299108,0.22736479979142726
149299109,0.22862392961527483
149306689,0.13593353806492808
149306771,0.3931677187607358
149306772,0.8830659643375284
149306773,0.44283485333314176
149306774,0.5528976189489325
149300557,0.27782620465604113
149297808,0.3107763505500028
149297809,0.28290078726598583
149297810,0.1209211086332734
149297811,0.09741216330382083
149297812,0.2203156936937998
149297813,0.6151727959803251
149297814,0.18170005023013314
149297815,0.26916698801308375
149297817,0.5300039202345831
149299763,0.07373823190917236
149299113,0.34661090651437393
149299114,0.21524339080084082
149299115,0.316505605738324
149299116,0.3084184795168617
149299166,0.35601028273296736
149299167,0.15947642493196515
149299168,0.20632652974893786
149299169,0.580767779817673
149299172,0.06694449480365541
149299173,0.5074272533507076
149299174,0.3546554780771133
149297404,0.24697845360142592
149297405,0.07180062651050201
149297407,0.32396724969534596
149297408,0.14027700285325773
149297410,0.19537527587984593
149297413,0.11099940470939573
149307560,0.4455590542302495
149307561,0.45445837950648404
149307563,0.4285128010650278
149307566,0.2445071812260229
149307567,0.3677268779062853
149307569,0.7909197375860615
149300313,0.13557621099623118
149292047,0.167498677225476
149292048,0.5079057433884379
149292049,0.8264275315259679
149292051,0.2097137152547975
149292052,0.3975973857679681
149292053,0.21681810559829734
149292054,0.24780691495425794
149292055,0.14045743706583214
149293144,0.1889239864787344
149293146,0.29488295890607946
149293148,0.22388672472310772
149293149,0.2813743280021932
149293151,0.3624496282327649
149293271,0.7406720461944074
149293272,0.1290911135393595
149293274,0.13023991001455282
149293275,0.26153719635759837
149293276,0.29848827346912166
149293277,0.2902220359401758
149293278,0.9225663409420258
149293279,0.23516656424339974
149293280,1.220797661676284
149297463,0.10150723175675881
149297464,0.10563691389164968
149297449,0.1255703170418789
149297450,0.11024226570119525
149297451,0.1279398937187161
149297452,0.26645606639872715
149297453,0.1438355062417253
149297454,0.11767411214701154
149298271,0.0887165753870943
149298272,0.1012523803368815
149298273,0.06704872294748644
149298274,0.06371224225084876
149298275,0.14645774626237354
149298276,0.13275244623886814
149298277,0.16513982938313737
149298278,0.25785884009296645
149298279,0.6132680749316588
149298280,0.0933148388072561
149300145,0.30077067138976626
149300145,2.1173400500576562
149300146,2.127273596727181
149300146,1.4404819038756465
149300148,2.232257564467494
149300148,1.279559018057583
149300149,0.7944672097649398
149298483,0.07723677501679456
149298484,0.09640932584743213
149299963,0.181806990549269
149299964,0.12159072057671519
149299965,0.4366773807545946
149299969,0.199677350889124
149299970,0.33982287299146297
149299971,0.4004776569527877
149299044,0.2921369062213186
149299045,0.5461326697178553
149299046,0.23411530710524528
149299047,0.8266408122273087
149299048,0.48244299795233825
149299049,1.0851732780868062
149299053,0.31911013047267534
149299994,0.32826300601711356
149299995,0.3860094243093021
149299996,0.2895888541489605
149299997,0.2631770983453661
149299998,0.18688773219848462
149299999,0.2666547175095935
149300000,0.5780414413162185
149300001,0.22594546190838002
149300003,0.18493341723322554
149308612,0.21340101808610754
149308613,0.18859234268257263
149308614,0.12938916391935473
149308615,0.2141223043524627
149308616,0.22554700108784567
149308617,0.22867467017846635
149308618,0.2824511556488689
149308619,0.11922995036510564
149308620,0.130563737285169
149308621,0.9569404573584736
149293966,0.30405860576326166
149293967,0.23202802852990345
149293971,0.18246191321911384
149293972,0.11594262343816357
149294187,0.18848652536020266
149294188,0.36983674345035733
149294189,0.2761184216439806
149294190,0.18039752379120483
149294191,0.1738188341286923
149294192,0.3540689953671146
149294194,0.6725893247392071
149294195,0.18342782065955676
149294196,0.11660588678203944
149292122,0.12413898790904972
149292123,0.12624581570404048
149292124,0.29089470609036744
149292127,0.17808977772946064
149292128,0.19110034514592963
149292129,0.2621093610480872
149292130,0.250886962302106
149292131,0.36129134563369
149307878,0.39591000789284914
149307879,0.5917134321346944
149307881,0.1878998455994623
149299471,0.2960085830351907
149299476,0.23610764282342342
149299478,0.22222331092872186
149299479,0.3026850100306721
149299455,0.11888099995092428
149299456,0.12358053434698958
149299460,0.0659749358178488
149299461,0.08166724909292164
149299462,0.07928853218818303
149299463,0.11699653416922105
149299464,0.1188658999263252
149297707,0.08961928754080438
149297708,0.13118454010670225
149297709,0.06742336649567054
149293239,0.19557080089044132
149293241,0.1445016925267001
149293242,0.17573193243036742
149293243,0.19207092198435521
149293244,0.19070488247471457
149293245,0.5773834866413802
149293246,0.18619678105164844
149293247,0.4005050256006452
149293248,0.41558798273532177
149309585,0.09953093655109686
149309588,0.14762783081901323
149309590,0.13083666166453567
149309591,0.18003119840138562
149309594,0.1057323904214071
149307191,0.2873183545419208
149307192,0.2682105653823587
149307194,0.7605510452625694
149307196,0.7675703815178432
149307198,0.9562266062366465
149307199,0.16559163778917804
149307200,0.9882736171759193
149297946,0.12694167020500569
149297947,0.21284833038921294
149306133,0.05111212641167344
149306134,0.05014408116646953
149306135,0.07143437582682564
149306136,0.05590961116745812
149306137,0.0667683845457402
149306138,0.049469908903765146
149306139,0.15760380581395153
149306140,0.0792452757537598
149306141,0.17269317959313754
149306142,0.09771021815409359
149307827,0.20006171936074235
149307828,0.40581517404085155
149307829,0.1881094392963284
149307830,0.21675617382299478
149307831,0.2284928000859752
149307832,0.4449644081396475
149307833,0.20431939512434247
149307834,0.2043987931433405
149307835,0.1315247988019497
149307836,0.1454268405048948
149300373,0.73431679147962
149300373,1.6178651838459857
149297483,0.13385634109170336
149309720,0.20342824169724336
149309722,0.22519329297767407
149293983,0.3821822785711293
149293984,0.23330544191007802
149293985,0.13605823245249699
149293986,0.2658271713183939
149293987,0.24955045542024606
149293988,0.19324666976858504
149293989,0.2366637842772439
149293990,0.1674976170326133
149293991,0.09782656213751292
149293992,0.28682374815186884
149299187,0.38171885374588077
149299188,0.3335155946772596
149308382,0.7835519917057979
149308383,1.2368319452284728
149308384,0.7569455997482877
149308386,0.8817284293553707
149308387,0.45938571305256554
149308388,0.1904752708904163
149308389,0.7161357182992021
149308390,0.1866734039577776
149308391,0.8047067909511978
149300479,0.4277222481977024
149300480,0.27071918009167295
149300481,0.3759036800420536
149300482,0.40600716047595403
149300483,0.3036733837084044
149300484,0.22290036349761141
149300485,0.42628946561434866
149300486,0.32607128108764816
149300487,0.5879445232668721
149300488,0.8567378449395121
149292317,0.13984744953253805
149292318,0.13116865459540758
149292319,0.18961948787680669
149292320,0.4805876256541352
149292321,0.9372736535035134
149292322,0.1769014461507594
149292323,0.23190485060591118
149292324,0.10466033242877015
149292325,0.18495722738948273
149292326,0.293166904002405
149293193,0.1486786761291681
149293194,0.13624118879892014
149293195,0.6066720121290919
149293196,0.6437003880617232
149293197,0.15441899423838945
149293198,0.6118873505963621
149293199,0.41746535080639446
149293200,0.18869102271531235
149293201,0.14595298543056773
149293202,0.29393913778573577
149306198,0.09352616549686643
149306203,0.09489162517277183
149306204,0.22720146467230654
149306205,0.22233678756225994
149306206,0.15023192305407
149306207,0.1504535553210399
149293249,0.1379448104079669
149293250,0.14866550094778927
149293251,0.1667775326833021
149293252,0.4465590618330291
149293253,0.13733286153356886
149293256,0.14555063133100968
149293257,0.1204023337426257
149293258,0.1419516613092514
149309830,0.02768473702796618
149293067,0.3783853836560453
149293068,0.19738221456113852
149293069,0.5810804291225141
149293070,0.5752131248361004
149293071,0.20750764435339325
149293072,0.31534358750902136
149293073,0.34975339285674945
149293074,0.6176482619578069
149293075,0.39524215562720255
149293076,0.43676081503166553
149306408,0.4735885395548052
149306409,0.4464034031083579
149306411,0.30796649813593313
149306412,0.14372979943451086
149306415,0.8772443449999183
149306416,0.4070982781819742
149306417,0.3067924652284905
149306466,0.49782465896131356
149306467,0.6633842239507244
149306468,0.6767643278287625
149306469,0.60497447424204
149306471,0.45983712441909563
149306472,0.47834290692485426
149306473,0.345810787252616
149306475,0.5137396016311058
149308705,0.40615426728483994
149308707,0.3563672451468235
149308708,0.4936111521530528
149308710,0.8923414025930447
149308711,0.5144722729721161
149308712,0.6515675638690329
149308713,0.5558414836515649
149308714,0.9936964165461312
149300176,0.3041966321587972
149300178,0.42434263381995124
149300180,0.3280826795505141
149300181,0.08782646854428679
149300182,0.08207789680177745
149300183,0.15624474013319722
149300184,0.15422701186126028
149300185,0.43563902996522624
149307100,0.2776082097034772
149307101,0.3055289464779382
149307102,0.7455878517450569
149307103,0.8495099654175909
149307104,0.1722151372557601
149307105,0.09280966316445673
149307106,0.9084856312338425
149307107,0.3054415434037927
149307108,1.0770650829017963
149307109,0.46849326949235626
149299014,0.15560124633938655
149299015,0.14700221137286532
149299016,0.3220577660129753
149299017,0.1112585861424963
149299018,0.1597204169343322
149299019,0.17676540317275802
149299020,0.1596270434494591
149299021,0.19023213853593413
149299022,0.21923534117727903
149299023,0.24069189469544397
149307842,0.26405469797195336
149307843,0.3349549546950433
149307844,0.33318820410105987
149307845,0.29778493297000524
149307846,0.3714064476175716
149307847,0.21794339371552826
149307848,0.22474946874620508
149307849,0.32732631802081513
149307850,0.30417616018742594
149307851,0.2711651226342226
149299383,0.328658687218031
149299384,0.2085673654493219
149299385,0.1902776580423499
149299386,0.17951498455558945
149299387,0.2232122972972919
149299388,0.23693517155081859
149299389,0.2635324990076034
149299390,0.38244829511820566
149299391,0.1956817512027152
149299392,0.27635809592056654
149298520,0.1740486107811905
149293919,0.12853721687669337
149293920,0.3054880895198433
149293921,0.2667160658759147
149293923,0.42112528201989957
149293924,0.4808554073660617
149293925,0.21394107490026967
149293926,1.5294746044344247
149293927,0.15560640100509623
149293928,0.3018625361507838
149306418,0.18407380698700163
149306419,0.5540288095148065
149306420,0.3000034657656554
149306421,0.29473642306987397
149306422,0.3612693966199451
149306423,0.2207066949680051
149306424,0.47033211619402304
149306425,0.1790933055324604
149306426,0.2912237957437077
149306427,0.2151012604364763
149294207,0.31126326459213416
149294209,0.26764018717878607
149294210,0.38604639145839303
149294211,0.3743384047568404
149294213,0.3130489347128339
149294214,0.288356024832553
149294215,0.29495220075909495
149294216,0.38418175442500674
149306607,0.1922744347586526
149306608,0.18801159455110258
149306609,0.18525642857643415
149306610,0.18408781581365938
149306611,0.396996286243603
149306612,0.2693316888894872
149307627,0.2581615746758948
149307628,0.27298353795137276
149307630,0.5577426537196661
149307631,0.14223091967224089
149307632,0.14058088184534673
149307633,0.5379775728260787
149307634,0.8285560375228723
149307635,0.8313533801000418
149307636,0.8333364638468733
149306506,0.5808827856551414
149306507,0.557731484308684
149306508,0.48122284865055504
149306509,0.5046564023343801
149306510,0.3514519388887323
149306511,0.9838352323315337
149306512,0.32470214936010156
149306513,0.3168981442440863
149306514,0.9361942127259447
149306515,0.9069682585622444
149300314,0.969912092050713
149300314,1.2612978242974144
149300315,0.9720189995856007
149300315,1.3544628299697357
149300316,1.187664250024925
149300316,1.210256461991873
149294069,0.37275738883202636
149294071,0.26973750357965404
149294072,0.38572007653844076
149294073,0.625488700852247
149294074,0.38666048381839124
149294075,0.5312665798109326
149294076,0.4153917853686314
149294077,0.5869926785715625
149293313,1.307746903290954
149293314,0.6223946417520976
149293315,0.36567556104638804
149293316,0.3375612910026917
149293317,1.239783437884346
149293318,0.2313539844519125
149293319,0.2057363752025137
149293320,0.20402792674311146
149293321,0.29156465060971676
149293322,0.8402660657272258
149294297,0.4353490295949583
149294298,0.42739684235269465
149294299,0.3824685788371288
149294300,0.356040255496597
149294301,0.6026427956314251
149294302,0.3662132838258081
149294303,0.2568488498743557
149292405,0.12142422611310472
149292406,0.11197119723321144
149292407,0.1137125294524363
149292408,0.21791985581822532
149292409,0.22016911055355867
149292410,0.18134510580126523
149292411,0.17564462474737078
149292412,0.1641423771838926
149292413,0.1298909304886109
149292414,0.13024682638856025
149293154,0.08520619743550409
149300287,0.12921319178601173
149300288,0.12225767205851784
149300289,0.1230319145575044
149300290,0.13648403122199618
149300291,0.11920849459453106
149300292,0.501930836076245
149300295,0.16314185862598096
149300296,0.12563663438040484
149299430,0.09135868979069815
149299431,0.826716843478777
149299432,0.08761986186517463
149299433,0.11142147035442221
149299434,0.11358326071432609
149299435,0.7882608833453411
149299436,0.2700630722395928
149299437,0.05922264555280871
149299438,0.17537851137174623
149292833,0.1638265619217811
149292834,0.1654109992104098
149291483,0.16190731717186602
149293014,0.06357907873843817
149293015,0.06273634777818239
149293017,0.27605730821209695
149293018,0.0819092702169048
149293019,0.2570234718668232
149293020,0.07387697195721697
149293021,0.31851952713215004
149293022,0.1834408865029856
149293023,0.07044980340071047
149292616,0.730294366249209
149292617,0.7251999136748
149292618,0.44929422355095355
149292619,0.36164376501161527
149292620,0.7601240938467899
149292621,0.4554430207324491
149292622,0.3005929497386466
149292623,0.10926581115155555
149292624,0.6348959579096701
149292625,0.14001477707516036
149294174,0.46380380863294923
149294175,0.4389587349679395
149294176,1.2696903867051257
149294177,0.31541827936264766
149294178,0.15722108182485653
149294179,0.20696054334878192
149294180,0.5679650155120018
149294181,1.5515401175685881
149294182,0.2165915776791931
149294183,0.18370722390208408
149292522,0.6352096219366813
149292523,0.602973069258209
149292524,0.3670263346073871
149292525,0.3496538854565802
149292526,0.18742756617633283
149292527,0.9329433389185516
149292528,0.6200348253813209
149292529,0.6391034759838384
149292530,0.23627682760013335
149292531,0.5110289236481556
149294031,0.18686987566041757
149294032,0.270146653403058
149294033,0.2621766493821415
149294034,0.21035753950937897
149294035,0.39748321661403363
149294036,0.9751694868305675
149294037,0.9061823310240437
149294038,0.35512227551448133
149294039,1.1707305347236785
149294040,0.3924346670108885
149293712,0.4725520739379122
149293713,0.47316211329379537
149298250,0.3822221686080567
149298251,0.44312250752229465
149298252,0.4456984162090672
149298254,0.361614936455533
149298255,0.3686565578121434
149298256,0.308004700532149
149298257,0.29705939878371734
149298258,0.3818813877882349
149298259,0.41992781493874887
149298904,0.0865182338952908
149299225,0.38679661999440507
149299228,0.08396215790856543
149307559,0.09592749890815641
149299888,0.06800950481072571
149299891,0.06089998721088055
149293417,0.1463256266614528
149293418,0.17420438037749353
149293419,0.1862964475232465
149293420,0.1842200371400715
149293421,0.11654929186702387
149293422,0.11130375958042431
149299892,0.07227776386165682
149307484,0.2563802663673272
149306496,0.249624310396886
149306497,0.22625318546534764
149306498,1.0284237952483009
149306499,1.0526127178626785
149306500,0.7933988957374316
149306503,1.7349274408537794
149306504,0.6153987063656845
149306505,0.9758366868369447
149308460,0.31797307337213226
149308463,0.31426922449480094
149308464,0.34022165714976305
149308465,0.6099621400875752
149308467,0.5655724605933862
149308468,0.35026395165788915
149308469,0.6164935137755309
149307469,0.35853835840457376
149307470,0.7261479470361553
149306443,0.018552446827695298
149309315,0.12987383623911375
149309316,0.12788086562292808
149308543,0.15122098166888231
149308544,0.1804299473604776
149308545,0.17993979237692884
149308546,0.08097081569125524
149308547,0.1155697795474758
149308548,0.07460929363211573
149308549,0.08918182229585503
149308550,0.1444268911589132
149308551,0.6272379879982671
149292153,0.2853734483514458
149292154,0.20760942708092725
149292155,0.20334376069788326
149292156,0.11926640063505184
149292157,0.12089059083102294
149292158,0.7264118674070341
149292159,0.5338120979227675
149292160,0.20165863280791585
149292162,0.16734889060226849
149299573,0.15811704100676918
149299574,0.16199407299383836
149307852,0.23369070916741877
149307854,0.3120932775010698
149297851,0.192147528215087
149297851,1.2450685259857834
149297852,0.6764363905426856
149297852,1.3737661984446488
149298716,0.29712697088028645
149298716,0.6073293778805884
149298717,1.4268993640049434
149298717,1.602690422028802
149298718,1.0906307132535835
149298718,1.0963635308332185
149298720,1.3892042048803537
149307802,0.11898745871518396
149306630,0.48626817272689316
149306631,0.49089168520430737
149306633,0.2718363463393768
149306634,0.11247416958540067
149299080,0.0744384286392869
149309242,0.2653622034742743
149309243,0.673337443640495
149309245,0.679037909138308
149309247,0.133358533588399
149309248,0.16771029195380496
149309250,0.1849982416610386
149297361,0.3907097346902717
149297362,0.6962308835044287
149297363,0.670449264933231
149297364,0.6676637043916577
149297365,0.13860057394230266
149297366,0.09721584204308528
149297367,0.48598311641439595
149297368,0.15245857743093486
149297369,0.4418311874399846
149309709,0.9318406787917733
149298206,0.03832167277873841
149307746,0.09983826207512383
149307989,0.20910795752711134
149307990,0.10622419450614327
149307991,0.24452697350416386
149307994,0.0959111430291756
149307997,0.9569304412604329
149298527,0.29506936328171
149298528,1.1463880421485153
149298529,0.30041724200485037
149298530,0.3037214265575925
149298531,1.0240978930086828
149298532,0.7449575547156534
149298533,0.7472892797078103
149298534,1.3975351364626774
149298535,1.3851111807952865
149298536,0.5340879478849496
149307549,0.6687839742029168
149307550,0.6421529409769775
149307551,0.5758919505118689
149307555,1.0519274720418685
149307556,1.0812454690990865
149307557,0.7252703913140129
149307558,0.686365591216378
149306586,0.031245263859937897
149307946,0.1663444813293003
149307947,0.1726536544200357
149307948,0.15364104923554409
149307949,0.17274682674965378
149307950,0.599221074034202
149307951,0.512277374446108
149307952,0.6200545179775612
149307953,0.6259722086960077
149307954,0.16653863478948278
149307955,0.17081044239747759
149294151,0.33850959654988944
149294152,0.2280429571824349
149294153,0.34307703086847036
149298212,0.05425607297389944
149298213,0.07065020859892732
149299256,0.36761248065381147
149299257,0.07107370035529034
149299258,0.10142427027991552
149299259,0.3941193156193355
149299260,0.17946229145081705
149299261,0.13784497949771396
149299262,0.15010089582670746
149307724,0.12717095988505625
149308628,0.14793266789010984
149308629,0.14548547790690444
149308630,0.38471511990602725
149308631,0.4226214977349833
149308635,0.11241810648611826
149308636,0.1113078402975863
149306605,0.21687239704800937
149306606,0.2048119070411631
149300014,0.14847486082972428
149300015,0.09352720550920735
149300017,0.12164148800615475
149299578,0.07843938138802761
149299579,0.09722235991418673
149299581,0.08906701813596274
149307956,0.10827217091673609
149307957,0.4004319220965869
149300078,0.30558048145925176
149300079,0.289339963437586
149298500,0.2080532835691552
149298502,0.18113050934271033
149298503,0.27293602145180323
149298504,0.24626801291828407
149298506,0.2750752340659297
149298507,1.6914032278429558
149298508,0.25435307856182565
149298509,0.1186269260412904
149299550,0.21015553417505795
149299551,0.06303700434563088
149299554,0.09208980023662068
149299556,0.23951575999253524
149299559,0.09823749527690416
149294021,0.6221693439640791
149294022,0.7786999749847896
149294023,0.13875124654497603
149294024,0.6661415531050007
149294025,0.5342640096270699
149294027,0.1984895304870908
149294028,0.1077259231174786
149294029,0.1675616087533495
149294030,0.20075495552942016
149299483,0.11083721748511328
149299484,0.11134782751239869
149299485,0.1526086752997122
149299486,0.14339888036531592
149299487,0.14283961208425022
149299488,0.15996888705866136
149299489,0.11167930228746528
149299490,0.1105391155725599
149299491,0.7077994437843368
149299492,0.6722265471196085
149306835,0.1785467962585686
149306838,0.17918669212217136
149306839,0.3407447393052535
149306840,0.5400362668960151
149306841,0.500181555973271
149306842,0.183919327988456
149306843,0.9518997251956962
149306844,0.32210562140906723
149292899,0.13611211940084536
149292900,0.15979824185744596
149292902,0.20293442933460606
149292903,0.31653215447104754
149292904,0.19967446274555542
149292905,0.2653054883409598
149292906,0.33313967597495675
149292907,0.21648171142984865
149292908,0.5536848438592381
149300559,0.1816508980291885
149300560,0.12778568329629336
149300561,0.160816283708783
149300562,0.09883161386728423
149299761,0.04931211554575593
149299762,0.0913720627581971
149308057,0.20458944408750726
149308058,0.21131920322736927
149308059,0.20845057791686458
149308060,0.20579582083542614
149308061,0.46913724120954703
149308062,0.4997246245030179
149308063,0.8035364049653914
149308157,0.7214680963002189
149308158,0.21174503727707583
149308159,0.22004253027826992
149308252,0.17615861134300542
149308253,0.18419470156458362
149308255,0.16471067481713664
149308256,0.22860768079141147
149308257,0.5827114849328703
149308258,0.18475189565605796
149308259,0.21921528502387852
149308260,0.2269699082347977
149308261,0.25533697308668785
149299288,0.11122457607742765
149299289,0.10280540501837819
149299292,0.2671290033574039
149299293,0.4261464908163893
149306121,0.19032356845682438
149306122,0.2710649691505364
149306124,0.9463628374330922
149306125,0.13698553891024917
149306126,0.25390898216602853
149306128,0.37595793715390585
149306129,0.216194031600288
149306130,1.5191488405496214
149297514,0.21525172701102216
149297515,0.5046368309576224
149297516,0.08147880541723641
149297517,0.15553940718339632
149297518,0.24210017816802948
149297519,0.17064993564844275
149297520,0.08571608767300146
149297521,0.38661764342956395
149297522,0.0955235082999639
149297523,0.3968311591037076
149307055,0.27708766369776217
149307058,0.21198369010767404
149307059,0.15320626035917312
149307061,0.242822047284182
149307062,0.21379419043180467
149307063,0.26964902448427625
149307315,0.26079888281366675
149307316,0.1921635288112593
149307317,0.1864868058852161
149307318,0.8214229163653627
149307319,0.1271073195565854
149307320,0.14961901036798425
149297778,0.28996568962643077
149297779,0.2553523688143166
149297780,0.16561959616100919
149297781,0.19467624433451558
149297782,0.17483626953358952
149297783,0.10856417958089529
149297784,0.17069965935262063
149297785,0.140578800297144
149297786,0.08419621556719638
149297787,0.07457739672542124
149297948,0.0954210493697059
149297949,0.09595947048859883
149297371,0.20493764995968367
149297373,0.18215987178685183
149297374,0.09987371289021219
149297378,0.7422789895774516
149297379,0.14573051860265612
149297380,0.3173660049940982
149292713,0.3204526422099345
149292714,0.3312560891727952
149292715,0.1719858675953901
149292716,0.21090953399877807
149292717,0.17885663460511922
149292718,0.1543215298427004
149292719,0.1717438326887004
149292720,0.2016120833297319
149292721,0.18266248543429556
149292722,0.08843183469277276
149294138,0.21738321980213357
149294139,0.25728014863922666
149294140,0.17462193506200002
149294141,0.27431204312556234
149294142,0.5902335695038949
149294143,0.14714195396004062
149294145,0.18359287409649433
149294147,0.12030065241192181
149293179,0.11618810364631199
149307885,0.5158811126378899
149307886,0.40829804283930554
149307888,0.2944561143100534
149307889,0.503064136681638
149307890,0.25421053099582197
149307891,0.9039627218971662
149307892,0.15144537418374443
149307211,0.07537470049705977
149307212,0.0731119535467303
149307213,0.06307320063215648
149307214,0.1062944279615578
149306793,0.12398509420391061
149306794,0.07365465320327054
149306795,0.07307358199910707
149306796,0.12256811972743926
149306797,0.17921631515099123
149306798,0.2098879443171093
149306799,0.10200535069413641
149306800,0.10453232268518065
149306801,0.12834318467824457
149306802,0.08102453084040677
149300378,0.25185753021800084
149300378,0.9494221024208876
149307121,0.9773887799271871
149307122,1.0724486834672697
149307123,0.39351939834400157
149307126,0.37194282904364834
149307127,0.21739035799352505
149307129,0.2604313636315026
149307130,0.8465662889706426
149293889,2.2017046538187564
149293890,0.7622916210369508
149293891,0.3364987093804285
149293892,0.2271526802930192
149293893,0.4279222456118054
149293894,0.4527468132228751
149293895,0.6159143929835681
149293896,0.17452482655889304
149293897,0.15174073570856442
149293898,0.5618553735922633
149293935,0.3926886261901532
149293936,0.6350331512419334
149293938,0.7652139403018812
149293939,0.4067639210901059
149293940,0.12315772154523269
149293941,0.275880268485969
149293942,0.640776975690434
149293943,0.668557679913721
149293944,0.34109517538530987
149299393,0.5889303766604631
149299395,0.3752397557257607
149299397,0.3969981837976249
149299399,0.3387140920942606
149308242,0.43257381409421936
149308243,0.25573349656273286
149308244,0.38002656115680183
149308246,1.327969430064204
149308248,0.26451521880954576
149308250,0.44204919403124127
149308251,0.8951966323998165
149293343,0.32620318199987325
149293344,0.31387499267844066
149293345,0.20962044012037065
149293346,0.23923046589941419
149293347,0.15761758506288095
149293348,0.1506699757772564
149293349,0.16160393522662772
149293350,0.16027503227201398
149293351,0.20505616642802724
149293352,0.17294430493116075
149306188,0.5289666297952191
149306190,0.3706144697047317
149306191,0.7263854447186222
149306192,0.3354485575516442
149306193,0.7671091714184187
149306194,0.7722578813839978
149306195,0.9061260134254037
149306196,0.7408022803454306
149306197,0.3639118853975728
149300598,0.11492464228794466
149300599,0.2367112683087451
149300600,0.2536159324461267
149300601,0.17730570470167417
149300602,0.17277964622888925
149300603,0.22150001129714725
149300604,0.20880033542930734
149300605,0.2745634848545626
149300606,0.21734634938072417
149300607,0.21370644511657502
149298521,0.10945803350296288
149298522,0.14374046715342603
149293026,0.17822597052413736
149293027,0.23889660313673833
149293028,0.34615399055565926
149293029,0.14574478885998238
149293030,0.279604229486402
149293031,0.23773318086848025
149293032,0.33333719812704954
149293033,0.23732438376056908
149293034,0.3072526951152436
149293035,0.3279835726557851
149294237,0.26229304300702716
149294238,0.5905586282833277
149294240,0.38108514919440417
149294241,0.48973603049029824
149294242,0.5359479733543127
149294243,0.25674015061796396
149294244,0.3401864863185303
149294245,0.24969028675530572
149294246,0.19599508309349997
149294102,0.2368114073207275
149294103,0.19670066239139616
149294104,0.18537616371589777
149294105,0.3713560845169737
149294106,0.5493272453460487
149294108,0.3454042243741971
149294109,1.1419624380703872
149294110,0.1350878402543766
149294111,0.9287634975312735
149292645,0.8603162801659765
149292646,0.28933906308975416
149292647,0.2852267184312494
149292648,0.28534277501535527
149292649,0.7349584037218506
149292650,0.6967156422831827
149292651,0.3925003086541151
149292652,0.2313538384675425
149292653,0.2346654258716775
149292654,0.36780720627890773
149298424,0.15058707750645658
149298425,0.1049798920770313
149298426,0.13410565755188728
149307331,0.08932765495193506
149307332,0.10148183171510605
149307333,0.08999772806832759
149307334,0.10190456997270242
149307335,0.1224250523307166
149307337,0.13466120197868392
149307338,0.1171273382231722
149293659,0.4900224115767182
149293660,0.4068371727545825
149293661,0.374780322103201
149293662,0.3697121463223009
149293663,0.35726556098047346
149293664,0.438429209516902
149293665,0.4464710577875367
149293667,0.46999471061903897
149293668,0.5249992492801951
149292752,0.2413533312775279
149292753,0.36315993470304975
149292754,0.1711589043963053
149292755,0.15921420692030303
149292756,0.28311204026573766
149292757,0.13060372310654425
149292758,0.10250359665259255
149292759,0.20000848642082222
149292760,0.1418913794157811
149292761,0.7658486339905317
149292539,0.187908806602774
149292540,0.26985387536919786
149292541,0.29096115840463144
149292542,0.4896402176130885
149292543,0.1694448268837037
149292544,1.2783693908019313
149292545,0.2590571625893979
149292546,0.46746668830753585
149292547,0.3476524534792862
149292548,0.3881506699473208
149291740,0.29109383948789935
149291742,0.3275261063341759
149291743,0.20655959437222585
149291745,0.22040058678920846
149291746,0.7783056328217072
149291747,0.16300975564660453
149291748,0.5906993652045658
149291749,0.25554606623358217
149292772,0.12503156188310538
149292773,0.8558727508684625
149292775,0.23905464181447938
149292776,0.2231246931219595
149292777,0.35672900199884144
149292778,0.14934356456102552
149292779,0.10074503725770653
149292780,0.7255883804194219
149292781,0.33835834686173244
149294314,0.6607979414541161
149294315,0.3633378014334927
149294316,0.5376325164920885
149294317,0.5752763860970661
149294318,1.4062336316420037
149294319,0.4802930249193108
149294320,0.41860578295527945
149294321,0.33728211325946555
149294322,0.7251898261140662
149292559,0.40200819198287807
149292560,0.3572553521825846
149292561,0.665904171864864
149292562,0.3324248802288631
149292563,0.303168658880514
149292564,0.30383637215573756
149292565,0.5321415908298857
149292566,0.6363128868918801
149292567,0.6108508515680172
149292568,0.48359500871084543
149300087,0.22488784400737072
149299632,0.05962607326759424
149300435,0.16306236192461696
149300436,0.6057482813343636
149300437,0.378206279619725
149300438,0.3780919324813932
149300439,0.12793281208273832
149299244,0.04231012324161612
149299921,0.03690302406610869
149308304,0.055022874778664056
149306876,0.05769210950217385
149306879,0.18587323848197146
149306880,0.15687600965413614
149299211,0.029067289523684765
149299239,0.07433280554879504
149306635,0.22440625046372306
149306637,0.13147981940152706
149308470,0.34776458284230666
149308471,0.10599543618416224
149308472,0.15106095365646655
149308473,0.09695716396398119
149308474,0.1891469420304407
149308475,0.5267255138464705
149308476,0.14403545182618932
149308477,0.40095251260069836
149297955,0.10626719982910278
149299054,0.04499299042600932
149300310,0.15861039348813583
149300311,0.18457954149934397
149300312,0.17256693824749758
149309274,0.2430116477518239
149309276,0.6808842001856952
149309277,0.3913939782365582
149309279,0.6431859664997571
149307737,0.1657539643793049
149307537,0.19481872122678312
149307538,0.20448731979748494
149309541,1.4722345847135094
149309543,0.2659206092089064
149309544,0.681795702806525
149299101,0.09642415396308081
149308997,0.3543505824372706
149308999,0.3602205052833526
149297954,0.3729376379910739
149309728,0.08919410622139541
149309729,0.06210690732047497
149309735,0.11948643686872466
149309736,0.11802372859384831
149309737,0.13133780159475977
149309738,0.05709846422452341
149307968,1.4029165837994426
149307969,1.4426403454643666
149307970,0.13540304055450397
149307971,0.43106585299125083
149307972,0.12314882827618609
149307973,0.1573023051258167
149307974,0.43734875287539177
149307977,0.06745370231368295
149293879,0.38960859913123747
149293881,0.2445255379891171
149293882,0.18788993843536916
149293883,0.18729274118203296
149293884,0.3724146450009156
149293887,0.1583609006310515
149293888,0.28443496439762056
149298308,0.3296302910381886
149298309,0.313394514080876
149298310,1.1566025165020206
149298312,0.2649010893528782
149298313,1.286139766277636
149298314,0.16838818525960103
149298315,0.23441100551863284
149298316,0.46151403148195597
149298317,0.6790958066282579
149299685,0.4427155588853157
149309857,0.12146862157052057
149309858,0.10074823056645933
149307745,0.33628771589380607
149307637,0.10425721096175244
149307638,0.10411159925075729
149307640,0.2576610136468388
149307641,0.25049743927053764
149307643,0.10727445082581866
149307644,0.10638087603274836
149307645,0.2274978280252156
149307646,0.1720899232437835
149298956,0.3427263090984306
149298957,0.29357118045394187
149298958,0.282184095921921
149298959,0.3124036087684696
149298960,0.760542354490986
149298961,0.33658463051653503
149298963,0.18743256779754736
149298964,0.202766890409465
149298965,0.20303530950494275
149298778,0.43446899764198865
149298779,0.3874650723420634
149298780,0.3709357830651337
149298781,0.2823439391811619
149298782,0.2133972300281011
149298783,0.33634442201169307
149298784,0.35047638889124283
149293281,0.30918692710765855
149293282,0.31411482397503776
149306268,0.08587433074141786
149306269,0.10217107580795859
149306270,0.0905189008545281
149306271,0.09093101320100465
149306272,0.04679124866800103
149306273,0.04894731002322514
149306274,0.0430885270811431
149306275,0.04749790467548703
149306276,0.2644149853597656
149306277,0.26077636621881745
149298318,1.0941664591230629
149298319,0.5577621573947518
149298320,0.3317518882201039
149298321,1.1119251288827234
149298322,0.8041834516467621
149298323,0.9439048724059845
149298324,0.48350167321052123
149298325,0.5483143865819073
149298326,0.842725267113844
149298327,0.33747646482674537
149308170,0.19641631894343647
149308171,0.18009668607398036
149308172,0.1752285686539421
149308173,0.489601389956349
149308174,0.17033094591948011
149308175,0.3673984436622273
149308176,0.41349351585559907
149308177,0.3281126259349414
149308178,0.31199801461735016
149308179,0.5127170289945372
149297696,0.10584659073695266
149297879,0.2337665612460124
149297880,0.2348218580058144
149297881,0.31426531520935497
149297882,0.20265844884800968
149297884,0.20331823556349102
149306957,0.21244549562725817
149306961,0.12989589464384232
149306962,0.1976028882967481
149306963,0.1875824959442355
149306965,0.12953943419272967
149306966,0.14182282147030192
149307495,1.4852925743520717
149307496,1.3273072765627207
149307497,0.547775531085885
149307499,0.12343949526699982
149307500,1.0419806729246184
149307501,0.16245009797128077
149307503,0.14020073957512574
149307504,0.13905581266223122
149292596,0.6968956511906168
149292597,0.3822011488414451
149292598,0.5368464790988439
149292599,0.46585185752886327
149292600,0.1309631815430601
149292601,2.086187419523509
149292602,0.8555376269097948
149292603,0.5864074896352015
149292604,1.6630331844450539
149292605,0.1985483670790806
149309212,0.14883207393294615
149297956,0.26664869155348725
149307804,0.09888098956026543
149307805,0.20651816648067314
149291905,0.9397642852640633
149291906,0.37475625222552716
149291907,0.24667708444114408
149291908,0.2961098167722184
149306983,0.5629331411845805
149306984,0.49469811889454923
149306987,0.35747980695378934
149306988,0.4329167586601831
149306989,0.545933761984513
149306990,0.4387310695236901
149306991,0.3422047706942858
149306845,0.24713878415282955
149306846,0.49802310870843103
149309810,0.18292460180954917
149309811,0.2855933096333752
149309813,0.6253524520301079
149309814,0.3591438120398835
149309815,0.2274749463674481
149309816,0.741026777450673
149309817,0.7113229383759756
149309818,0.5512890749652822
149309819,1.2679981324941465
149297828,0.20165503865746084
149297828,1.6608263744210512
149297829,1.4603658210518202
149297829,1.6726521779183436
149297830,1.4547931118075452
149297830,1.5497474393166273
149299314,0.06149405501344277
149299317,0.37352356442097506
149299319,1.0985055540877187
149299320,0.39243544085577575
149299322,1.097304506915098
149297546,0.15389300857888402
149297549,0.14899092800868727
149297551,0.14225843507547892
149297552,0.13646236599310727
149297553,0.13570895018844717
149291681,0.07067365323968393
149291682,0.07875255303227731
149309491,0.312443441767475
149309492,0.3320851007247051
149309493,0.30589196245793265
149309494,0.7069966168532367
149309495,0.744457935435891
149309496,0.716321261726074
149309497,0.7045321615799935
149309498,0.54077868805095
149309499,1.0680402218796734
149309500,0.880834952448724
149297739,0.3136592922064822
149297740,0.1925023856730833
149297741,0.22082130537814226
149297743,0.36238398108091735
149297744,0.27065709643962305
149307755,0.07896446282859561
149307756,0.08069992486699853
149307757,0.08097813743462731
149307758,0.1833379451093876
149307759,0.20395036398263375
149307760,0.17763817404328824
149307761,0.12668614868138253
149307762,0.14998194176451177
149307763,0.1184583070331884
149307764,0.11982958001779881
149307916,0.08012797852104575
149307917,0.08175127506577458
149307918,0.1436899888606439
149307919,0.16528645498314473
149307920,0.10525183858164441
149307921,0.14094822502405657
149307922,0.1696566650603729
149307923,0.09702933836823095
149307924,0.09956672994130704
149307925,0.09711283016805963
149309488,0.06653662881340756
149309489,0.0760716307881978
149309490,0.2947104707519483
149292274,0.8388421521673742
149292276,0.1639269784435796
149292277,0.4114480309310374
149292279,0.3902451673607129
149292280,0.19219537596660163
149292281,0.29472761135090486
149292283,0.18296285776587093
149294082,0.5360053422736659
149294083,0.7680958095008978
149294084,1.0496682593849265
149294085,0.23106964480837458
149294086,0.4705133770757835
149294087,0.6578839287311683
149294088,0.5575021828748208
149294090,0.30861881789041123
149294091,0.22310545600092496
149306967,1.3069342147908007
149306968,0.45998747275393664
149306969,0.8467947839288428
149306970,0.3985677087775838
149306971,0.7677723560933061
149306972,0.1776296342505002
149306973,0.12846630230668585
149306974,0.1475583199622005
149306975,1.2242018674701667
149306976,0.8287202842656438
149292639,0.2940413780120384
149292640,0.30896591632670317
149292641,0.3074845088943992
149292642,0.2956701890317297
149292644,0.3504432198638153
149293770,0.04837567742574871
149293771,0.12651538098047982
149293772,0.40030377620404867
149292688,0.34375496310642567
149292690,0.15725484146908875
149292691,0.1328319746142133
149292692,0.12458058970486892
149292693,0.12872772470311558
149292694,0.20704587291055934
149292696,0.1633385545212639
149292697,0.14670670542371045
149291719,0.4236081291861611
149291720,0.3163432877065884
149291722,0.43634101509478707
149291723,0.45124834420402554
149291724,0.40952726688690194
149291726,0.3955606112216741
149291727,0.48436956959177424
149291728,0.39072136918335104
149293381,0.21970219226664492
149293382,0.1570370105547285
149293383,0.14854376063987407
149309108,0.3776218447901195
149309109,0.30494887396506304
149309111,0.1492641102760869
149309112,0.17459348953441162
149309113,0.30316350754082655
149309114,0.6700880007284967
149309115,0.334598561003277
149309116,0.6906414881753362
149309117,0.9968488046506896
149298994,0.8898710788367606
149298996,0.5248254795800112
149298997,0.4243946349552554
149298998,0.629558158019561
149299000,0.5206678061990242
149299001,1.1650667258364347
149299002,0.7232216694169177
149299003,1.2476189150091492
149293229,0.1672150344838489
149293231,0.19167248325247185
149293232,0.14840200274400409
149293233,0.31016043063438303
149293235,0.306641859017256
149293236,0.16706815647286594
149293237,0.1740329745225916
149293238,0.17620962238048712
149292163,0.43987416681507363
149292164,0.49219763422415325
149292165,0.7947956260644947
149292167,0.21185469973781226
149292168,0.15720485573679838
149292169,0.2287676954871261
149292172,0.22400257487072397
149307131,0.19152899608486937
149307132,0.4715378302663242
149307134,0.2563742693707693
149307135,0.32769431014296735
149307136,0.2744656738220293
149307137,0.4833545027264949
149307138,0.5270676069182443
149307139,0.26041872109434117
149307140,0.12552744031955676
149297312,0.16586453717606592
149297313,0.10781086628037251
149297314,0.10803877139816152
149297315,0.37591695533701097
149297316,0.17459149269160096
149297317,0.19558476499254782
149297318,0.07373098650532592
149297319,0.07156527720919138
149297320,0.08461560072216341
149308413,0.43155309449949947
149308417,0.5867379161769358
149308418,0.4811930946208954
149308419,0.19253469941688234
149308420,1.0454299641516258
149308421,0.47052279343626285
149292636,0.1453192713959505
149292475,0.09529935374337609
149292476,0.8052105761391448
149292477,0.13864471983604262
149307474,0.17591959813089306
149307476,0.17309516788786375
149307477,0.17554674454740357
149307479,0.17622106379442715
149307481,0.3720130462059809
149307482,0.09329284016285283
149307483,0.4978750821732626
149306363,0.47685943792883173
149306364,0.3076301771185704
149306365,0.26280414162266585
149306366,0.31191616953853674
149306367,0.3719043835888465
149306368,0.37249543351938685
149306369,0.32246462088984695
149306370,0.24035707947987328
149306371,0.48184610054802945
149306372,1.2752622120777828
149291450,0.15451083599450885
149291451,0.14867170113173817
149291452,0.25637825044306717
149297625,0.5999062374623005
149297626,0.06962569292453993
149297627,0.3188670978323475
149297628,0.5141515418049912
149297629,0.5866322672637099
149297630,0.4005909075388895
149297631,0.29338544312984466
149297632,0.16533063594270994
149297633,0.07943943331567417
149297634,0.4521932525776405
149297895,0.06918459958564234
149297896,0.3084459343219493
149297897,0.10145907401797788
149297898,0.06582430179324257
149297899,0.07624724628034188
149297900,0.07935975304952649
149297901,0.09251167582086459
149297902,0.06755012559507743
149297903,0.13056665102333997
149297904,0.28343677834699454
149291477,0.1581201691659616
149291478,0.09830099772662498
149291479,0.30829409734620994
149294154,0.4577053922764593
149294155,0.34052399165315245
149294156,0.4845798043632592
149294157,0.40443173269152455
149294158,0.3998902779974379
149294159,0.3172731737972496
149294160,0.3424034806024208
149294161,0.30529516541130164
149294162,0.46962115631431806
149294163,0.2933739557016013
149308845,0.3149656218640744
149308846,0.4425732175574326
149308847,0.4406419116636359
149308848,0.45637712237079475
149308849,0.5282300632670552
149308850,0.40959286899575736
149308851,0.434750018083106
149308852,0.4908203452052735
149308853,0.4533476723795134
149308854,0.5385706228800042
149306825,0.23570130809589213
149306826,0.21541481710060742
149306827,0.1963389538752847
149306828,0.19537281152042132
149306829,0.6533851168807078
149306830,0.178518717932301
149306831,0.1500545293272955
149306832,0.21486279520052057
149306833,0.38694658835760287
149306834,0.347272757465264
149293473,0.6200094016744798
149293474,0.4253014729496402
149293475,0.4766486478874576
149293476,0.2982281178641432
149293478,0.6194661240610955
149293479,0.35805715007029354
149293481,0.9666710575661239
149293482,0.33480284778565494
149291965,0.9636585662907315
149291966,0.8963418236681248
149291967,1.0209955681327902
149291968,0.9780104550049866
149291969,1.0743961812228804
149291970,0.8573485425530005
149291971,0.9715879661202803
149291972,0.612689492090113
149291973,0.9051911597474642
149291974,0.7393647780750083
149291923,0.41925341429912477
149291924,0.8408103883152422
149291925,0.8300762956077319
149291926,1.0589887368263762
149291927,0.9321039994917586
149291928,0.6768787943720976
149291929,0.7135246899110207
149291930,0.7200725471830824
149291931,1.0781894683460642
149291932,1.0176638890023628
149292727,0.4807998622191378
149292728,0.1639469137367135
149292729,0.33625550591831005
149292730,0.21466404257288113
149292731,0.24088222464024134
149292732,0.12744201477341555
149292733,0.13895525232804468
149292734,0.12359993772696948
149292735,1.1829546430578404
149292736,0.14041637983199978
149291709,0.22595793209676596
149291710,0.19041197614978655
149291711,0.2837365045978881
149291712,0.20865140921209452
149291713,0.20706378646750592
149291714,0.24363926488318444
149291715,0.17131872963627096
149291716,0.1882612771592913
149291717,0.2141526337489688
149291718,0.19289608776297265
149291594,0.07032296083951815
149291595,0.07693204755274426
149291596,0.07161617252287253
149291597,0.39861343022523715
149291598,0.07899301725380442
149291599,0.11262069212579616
149291600,0.0793664574218233
149291601,0.09795947211883996
149291602,0.0816149171693297
149291603,0.11459787179739056
149291535,0.10474994572843654
149291660,0.16559369417292033
149291661,0.16435182088007494
149291662,0.31880353233622033
149291663,0.1480242067449366
149291640,0.07868786189618449
149291641,0.10959868205944061
149291642,0.10066147142975801
149291643,0.09572209606258184
149291644,0.12442718137107385
149291645,0.10554578054349883
149291646,0.15363550188423408
149291647,0.10740233885307401
149291648,0.08882648798171279
149291649,0.12935590588926504
149293515,0.5616575740530266
149293516,0.40629974948345193
149293517,0.5297926411547382
149293518,0.33297871544561614
149293519,0.27526840450631007
149293520,0.47763498565085427
149293521,0.7123016644532473
149293522,0.46937745084650645
149293523,0.5818586907081408
149293524,0.4760654870374673
149293909,0.3352607428213122
149293910,0.2116607127339679
149293911,1.8904813604106656
149293912,0.44486401586114704
149293913,0.2747384558003523
149293914,0.33460871271293446
149293915,0.44594644012812207
149293916,1.3359485352412912
149293917,1.0614791777881933
149293918,0.70387165854007
149299420,0.11537923762458915
149299421,0.11201200748345927
149299422,0.09220334436371262
149299423,0.5062262948555502
149299424,0.07807170913445208
149299425,0.08976405221323422
149299426,0.06652658485375534
149299427,0.11294598528616866
149299428,0.0826797754879853
149299429,0.2968540089612736
149292376,0.507516847259377
149292377,0.5348429940515084
149292378,0.4411053505703093
149292379,0.44668234610231733
149292380,0.5222168330193192
149292383,0.5141147582922612
149292384,0.4457923877758391
149292385,0.4812309672514224
149293737,0.3972547801759104
149293738,0.39486523536599527
149293739,0.4254252186223189
149309595,0.5030545577680565
149309597,0.38138859797575075
149306325,0.7716789490196226
149306326,0.7734320244459563
149306327,0.04984103358805728
149306328,0.049848787735972594
149306329,1.001832822222247
149306330,0.9973835271212704
149306333,1.137988610683388
149306334,1.1377946616300079
149308347,0.12236626363494042
149308348,0.11488115280591821
149308349,0.13886174524563383
149308350,0.08721826541134577
149308352,0.150376403019201
149308353,0.07160583391437672
149308354,0.18468200631178258
149308355,0.10491934343414926
149308356,0.07531247964872978
149297414,0.15174849157853632
149297415,0.15708215595505698
149297416,0.5833869200507277
149297417,0.375755200889481
149297420,0.40558892875661046
149297421,0.13075811660619108
149297423,0.3826392282400151
149299686,0.43876013065180725
149298929,0.2043190929322271
149298930,0.2634011929813115
149298931,0.24709855202225328
149298932,0.18766724373134708
149298935,0.2741600641087098
149298805,0.1612845045520188
149298806,0.1550939803769016
149298808,0.14375657659426272
149298814,0.14682103328912835
149298203,0.04973146845875173
149293776,0.21810666342391596
149293777,0.1728757661956755
149293778,0.7912245618200785
149293779,0.4027703622410723
149293780,0.46898537220412573
149293781,0.30729033957857055
149293782,0.6282092620123938
149293783,0.3075952641944634
149293785,0.34045232485188015
149306248,0.3876015390742962
149306249,0.6270613910784941
149306254,0.28776334000891524
149306255,0.3066182640676374
149306256,0.40959080746134147
149306257,0.07650306685332468
149293806,0.315593882510518
149293807,0.2800415343757592
149293809,0.7357380323116138
149293810,0.1953517710175784
149293811,0.1924461749788409
149293813,0.33862307952365556
149293814,0.19388752776210721
149293815,0.3298826320611273
149300462,0.533320063666843
149300463,0.4661372728720977
149300465,0.2792293230598535
149300468,1.1288394626653961
149300469,0.2824010996493102
149300470,0.4620831513690539
149299560,0.1432243037839702
149299561,0.12732007057672154
149291730,0.46792074810024625
149291732,0.5542309694451375
149291733,0.4833835130209918
149291736,0.521951773936691
149291738,0.27029889112656713
149291739,0.27235427477040985
149308642,0.4225939368897024
149308644,0.48673293695852377
149308645,0.3865346772254946
149308648,0.29444898647808315
149308649,0.12960382183714855
149308650,0.3894759805704715
149308651,0.1088667532790619
149307736,0.18394995087199933
149298523,0.7027070556124061
149298524,0.5992004025428224
149298525,0.6081515388501765
149298526,0.7696011776606436
149298471,0.4236499028511247
149298472,0.42667121738291847
149298877,0.3044323295738534
149298877,1.2886299495492244
149298878,2.7412772311632154
149298878,2.525151900897254
149298879,1.615720015797152
149298879,2.81289589794917
149298880,1.564926415489719
149298880,2.3352548712832553
149300381,0.24512062830754028
149306948,0.7340994853778435
149306949,0.2707044942586331
149306951,0.41760294194292796
149306952,0.36897540787274724
149306953,0.3408756979241528
149306652,0.19206726208207156
149306653,0.18196679255766632
149306654,0.17915539027983624
149306655,0.19314750981470472
149293763,0.08879918774593965
149293764,0.1209854391313957
149298418,0.12325068332479322
149298419,0.12723102021416727
149299721,0.5855004551822927
149299722,1.3590148030749112
149299723,0.31347645396821794
149299724,0.6018358544184522
149299729,0.3008802503878026
149299730,0.43814748630022693
149308654,0.298324141363933
149308655,0.4537609053179686
149308656,0.11319490209518626
149293973,0.21722157430997277
149293974,0.2098397581133613
149293976,0.3032085568553835
149293977,0.15747145582617478
149293978,0.17605902243044044
149293979,0.10880137128363611
149293980,0.11437730510067882
149293981,0.978234267168055
149293982,0.923850314580655
149297957,0.19900968556864782
149297958,0.14646636018064804
149306526,0.20407011519421964
149299786,0.44420393704478134
149299787,0.9180027910166932
149299788,0.5174516913430525
149299791,0.973650357358177
149299793,1.1361804710945247
149299794,0.9853823086391479
149299795,0.566303235732267
149307904,0.098481936720222
149299585,0.06830920986345639
149299586,0.1433956556943715
149299587,0.08653383041716435
149299588,0.0885090897432887
149299589,0.12490037499101751
149299590,0.1186419477057443
149299591,0.07057388067672796
149299592,0.26133475505959125
149299593,0.12783752870212606
149299594,0.8104021190425352
149300392,0.14190695314424687
149300397,0.23581987346813127
149299894,0.09108400949112869
149299895,0.11607776218237338
149308782,0.5078813391096373
149308783,0.24427027225841835
149308789,0.24167440301644827
149298936,0.3166540013083028
149298937,0.32701761812140645
149292919,0.2778875423610936
149293155,0.3861587678798212
149293156,0.17602663372614755
149293157,0.156774800871055
149293158,0.19083518082816353
149293160,0.20001372221348734
149293161,0.1279940128200644
149293163,0.20645003759684025
149293164,1.8875355592949303
149298215,0.08538026611532755
149308423,0.4697338334626227
149308424,0.4354231968466734
149308425,0.45015188043540755
149308426,0.18856663381483882
149308427,0.1705578525161495
149308428,0.2468634326939514
149308429,0.5279791097482253
149308430,0.2745761910756092
149308431,0.3101321525028077
149308432,0.656686613560713
149307741,0.4077799451545819
149307743,0.34755444665773816
149307744,0.34240327651525765
149306623,0.23361877275034457
149306624,0.2515802183184782
149306626,0.3076814764871932
149306627,0.1691805143723839
149306628,0.4061769695403127
149306629,0.5071473968646428
149306914,0.10808096134679067
149306915,0.09194838982849544
149306916,0.11617965444810695
149306918,0.2164051364821706
149306919,0.11188278209103035
149306920,0.09610321793604325
149306921,0.11818298159649426
149306922,0.16540650048449754
149306923,0.1283347143102531
149309123,0.4783787603854708
149309124,0.39802594047230916
149309125,1.302306701849548
149309126,0.531688713267005
149309127,0.8676859853690342
149309128,0.5215797396387138
149309129,0.5618193523837945
149309130,0.5377330053253958
149309131,0.2344978788558767
149309132,0.6580387896489586
149308526,0.4113514541733317
149308528,0.648579207601289
149308529,0.4627995697381056
149308531,0.5807450550894498
149308532,0.4075520692900409
149308534,0.6296756797338994
149308749,0.39188583218245726
149308750,0.3615656209800222
149308751,0.35455897169537937
149307485,0.28936318447508036
149307486,0.18167807109457712
149307489,0.3686593604241357
149307490,0.4203451815536401
149307491,0.16546567619427274
149307492,0.14695568143863472
149307493,0.37335467063173927
149307494,0.4952006564319817
149308746,0.6707911542560898
149308747,0.33198869632481615
149308748,0.09291866419602436
149299562,0.3996391442165682
149299563,0.5281741641595179
149299565,0.4541241738712146
149299568,0.47014030714181
149299569,0.19080273949474483
149299571,0.19126628340996832
149306648,0.0593523048003608
149306649,0.0669053239524151
149306650,0.06373469470623457
149306651,0.08453779785893835
149308327,0.07354679025758273
149308328,0.09282071679947243
149308330,0.09919144369040438
149308331,0.08332744875762758
149308332,0.20385730078978448
149308334,0.21730167610878146
149308604,0.19771572414604904
149308622,0.3875900187797333
149308623,1.2344196843433637
149308627,0.3077638873237232
149308660,0.1848279136531151
149308661,0.1660040307846181
149308662,0.3470709195985743
149294092,0.24534504978211452
149294093,0.24397979229622094
149294094,0.2600614923748195
149294095,0.24514423946885594
149294096,0.12650004300604822
149294097,0.1266769175585378
149294098,0.8507183918775816
149294099,0.9055040327591595
149294100,0.81922980526349
149294101,0.8825338039476603
149294128,0.2078390612296455
149294129,0.1434525711571106
149294130,0.34033148691543935
149294131,0.14864327106625033
149294132,0.30326480477090834
149294133,0.17547112606880222
149294134,0.4097501064298493
149294136,0.21524924634982032
149294137,0.39013719024607024
149293323,0.7508669031002982
149293324,0.5493698855313796
149293325,0.46533714973052986
149293326,0.6115159780994981
149293327,0.6965689094112867
149293328,0.16761713999140937
149293329,0.38928078808207184
149293330,0.2054068048936783
149293331,0.3253057330224825
149293332,0.7432144962299531
149299324,0.10264288092629276
149299325,0.5855563040898244
149299326,0.5631127149940713
149299327,0.08937200962588988
149300588,0.19863670121576615
149300589,0.10677407858442821
149300590,0.11911109852672261
149300592,0.32952339040202866
149300593,0.23470463237223374
149300594,0.11914878343696861
149300595,0.17410935321554544
149300596,0.17538276544051534
149300597,0.251211254855287
149298068,0.28383318132034846
149298069,0.381537671394391
149298070,0.3179537292375253
149298071,0.3737267035015479
149298072,0.4821516124320079
149298073,0.6326015701300121
149298074,0.15437327411556784
149298075,0.2596233828283734
149298076,0.7227182137668359
149298077,0.3491777749630613
149294013,0.12065328584743647
149294014,0.30950111312441125
149294016,0.10871907711484637
149294017,0.29939135820154605
149294019,0.13088900086078062
149294020,0.17244850061573372
149292337,0.3671734128463313
149292338,0.44583869178162727
149292339,0.17730389516286596
149292340,0.1975793901371263
149292341,0.2315427200291177
149292342,0.5089131469090347
149292343,0.18333806693666985
149292344,0.3813934399298263
149292345,0.18811078055514766
149292455,0.3972772135744733
149292456,0.35619901210148003
149292457,0.19914016926176784
149292458,0.16524515585566055
149292459,0.23830884405990566
149292460,0.4793002641085725
149292462,0.21035819403840905
149292463,0.36417238536806384
149292464,0.18636438996749316
149308372,0.2637151646814697
149308374,0.8501964654556883
149308376,0.29475798431760797
149308378,0.41630185288309857
149308379,0.4153897078397904
149308380,0.5123936562378254
149308381,0.15972674191996505
149307426,0.20242363910400255
149307427,0.2101162207687158
149307428,0.06364548266202263
149292665,0.2481516233615677
149292666,0.2104279482118068
149292667,0.24641587339619037
149292668,0.2092287834377825
149292669,0.33901052217156885
149292670,0.2386609708766202
149292671,0.4979800169942554
149292672,0.3127437039606874
149292673,0.23886764997292678
149292674,0.49862215992140496
149298631,0.42541364610398347
149298632,0.5211173453094115
149298634,0.17569408267319783
149298635,0.20431365390431547
149298636,1.0085042428889708
149298637,0.20481647091103247
149298638,0.5613128793584587
149298640,0.4979738734241394
149291683,0.18815531205972666
149291684,0.19955638961133612
149300499,0.7011885544264126
149300501,0.32667738344629355
149300502,0.7516209489656206
149300503,0.2792809463416204
149300504,0.19422235767151494
149300505,0.4403873214229944
149300506,0.6035130731176827
149300507,0.27887108209306355
149300508,0.27135391428997335
149292823,0.23963670272895266
149292824,0.7329024046331798
149292825,0.18947068163999567
149292826,0.212978754128065
149292827,0.7020700401941276
149292828,0.4902713843117826
149292829,0.34355128618217207
149292830,0.34306758856692204
149292831,0.35700212377888485
149292832,0.21694316300606356
149293796,0.99480502359533
149293797,0.39803578024985475
149293798,0.9833306016257192
149293799,1.0365291490043822
149293801,0.4022862091636401
149293802,0.2726774181423955
149293803,0.2840028263204197
149293805,1.0566835917610318
149299184,0.03267686009114302
149293440,0.23136359799898565
149293441,0.31898708524605496
149293442,0.17199742294346895
149293444,0.21556929771122127
149293445,0.4770395284438088
149293446,0.22474217003433056
149293447,0.29897439967536543
149293448,0.17508647692048632
149293449,0.1754551271735634
149299222,0.20588449378699392
149299223,0.19987792340572136
149299918,0.18837798779685558
149299920,0.19393859512540784
149306977,0.3363551978354552
149306978,0.39674624928829255
149306979,0.36898916223181466
149306981,0.3613784191657316
149306982,0.4099934779413612
149300613,0.1114648341157358
149300614,0.11331170857665487
149297818,0.2646647108956733
149297819,0.29468760488822215
149297820,0.23616411975056162
149293826,0.6060934408824802
149293827,0.3051307423548718
149293828,0.34099974517913145
149293829,0.5845060182169137
149293830,0.39017014440273085
149293831,0.3608320097659899
149293832,0.22310681555579742
149293833,0.5577611443550455
149293834,0.2350532292121865
149293835,0.38304044584135666
149298367,0.596972934843215
149298369,0.9808442369662395
149298371,0.14811068366934496
149298376,0.5796676071345563
149298919,0.4885958923522723
149298920,0.5036264469473865
149298921,0.4295660439708346
149298924,0.47512613157528033
149298925,0.5514675738377334
149298927,0.564227892000761
149298928,0.4986819757270452
149298867,0.5842229009004334
149298867,1.9183795268365464
149298868,2.027074237783991
149298868,1.2270130353177817
149298869,1.5925990307470097
149298869,1.365301326635919
149298870,1.7764831468430122
149298870,1.3421541549066478
149306889,0.024842143009795394
149299218,0.10519634112210889
149299219,0.061432038162954276
149298048,0.2208351954188688
149298051,0.21546773869202496
149298052,0.4470556336979209
149298053,0.17731589633047803
149298054,0.18811381928010193
149298055,0.3078408204385046
149298056,0.9132315092513054
149298057,0.9688926384902822
149298118,0.15966352202677378
149298121,0.29356817678201974
149298122,0.0588647919541065
149298123,0.09635989078950978
149292132,0.38733158368506465
149292133,0.40087012984311554
149292134,0.3825509569544595
149292135,0.5631650205842779
149292136,0.3802621593200766
149292137,0.4240328158460618
149292138,0.12312885548685117
149292139,0.1208020591773687
149292140,0.12548050105862274
149292141,0.12141710852000116
149298238,0.16150357094353615
149298239,0.16383310845927238
149299493,0.15562075655411012
149299494,0.12265150850776405
149299495,0.17635296558711128
149299496,0.2082794951027606
149299497,0.4980653573712386
149299499,0.8935508071975381
149299055,0.1671657762898583
149299056,0.17580468362088228
149299058,0.17390172773832097
149308564,0.05621309466951074
149308565,0.09370014642137783
149293219,0.14491202249225046
149293220,0.14436514072918255
149293222,0.14344510885535083
149293223,0.14894007963420997
149293226,0.39194760768796333
149293228,0.2119496329078586
149309050,0.30775969783824814
149309051,0.22846712193418348
149309052,0.32195250868722064
149309053,0.5315325421757714
149309055,0.1530067645259444
149309056,0.21490793091966445
149309057,0.1781025274760258
149308504,0.20140620247798297
149308505,0.19746169905716757
149308506,0.20473231881688966
149308507,0.16954971403178318
149308508,0.1960202311555393
149308509,0.1933511325745708
149308510,0.24365086142123799
149308511,0.32829684021350014
149308512,0.25163150127104067
149308513,0.17180004016827005
149300546,0.15900635647702238
149292606,0.6971033133552875
149292607,0.5414574279717642
149292608,0.49757555804213616
149292609,0.25123764107754853
149292610,0.9595227517108867
149292611,0.6141788238601588
149292613,0.9760363844802799
149292614,0.7813117217381897
149292615,0.2562126666938034
149293303,0.2686461631969544
149293304,0.26425445377138296
149293305,0.2042387719085472
149293306,0.18931220951344074
149293307,0.12236065134781866
149293308,0.2003342299831389
149293309,1.144772627421654
149293310,0.5117371826810987
149293311,1.1077077930652068
149293312,0.30869527849051087
149291436,0.21798426859313705
149291437,0.19943757082771393
149291438,0.23003326209617042
149307776,0.13901565213643666
149307777,0.10743752814371536
149307778,0.3917728062910507
149307779,0.40240737159250833
149307780,0.2028080198379409
149307781,0.16673450667154047
149307782,0.25191233149153813
149307783,0.29900303160288944
149307784,0.5963229525481297
149307785,0.3144371838132348
149293259,0.16265591373857666
149293260,0.2915751961017394
149293261,0.2845025888412819
149293262,0.2837113272094647
149293263,0.17516234478303985
149293264,0.24579133980335735
149293265,0.42575772729012645
149293266,0.29310214892320596
149293267,0.8463477736478158
149293268,0.25412079415608346
149308796,0.20754044002813626
149308797,0.3017511678914823
149308798,0.10191363547302092
149308799,0.23557429658319667
149308800,0.14945671902435462
149308801,0.1093196081239253
149308802,0.2663992555636805
149308803,0.15907984274400622
149308804,0.11594974469763601
149308805,0.11342093045892436
149309468,0.7368387227607219
149309469,0.2761846805733516
149309470,0.13890790907424616
149309471,0.9868228432295191
149309472,0.41459190542899377
149309474,0.27570619788033884
149309475,0.17705323392497235
149309476,0.16365482293196149
149309477,0.09824918901438653
149308637,0.18277768827283344
149298621,0.45267370982132193
149298622,0.3810984856481783
149298623,1.3086928120282306
149298627,0.4919684091642868
149298628,0.5791625395604277
149298629,0.6355974663871466
149299626,0.03529259818202776
149299627,0.032811152580639616
149299628,0.03281181516234187
149297566,0.15479721152985335
149297567,0.19457471559534598
149299936,0.17114207080932614
149299937,0.13136266012970352
149299938,0.11720467451215051
149299939,0.12279502335495665
149299943,0.14780784790465373
149299944,0.22680512335361594
149299945,0.2994470867269834
149298357,0.34148721128687737
149298358,1.2741047495547166
149298359,0.2842149900865007
149298360,1.2664185765179254
149298361,1.136349861381994
149298362,0.16139543089310404
149298363,0.32231655424970884
149298364,0.23241659157274197
149298365,0.45753469406685904
149298366,0.1699222828765307
149307748,0.32237597329287604
149307750,0.38663474020204436
149307752,0.3416153205901368
149307753,0.31832581828021267
149307747,0.5237036971634291
149308762,0.20220755603475707
149308763,1.1444528718145939
149308764,0.20284008921312444
149308765,0.532110052290126
149308766,0.13613156295804027
149308767,0.14979287040790387
149308768,0.14846631574129493
149308769,0.5231501982255031
149308770,0.41177197370448765
149307855,1.9194657114490965
149307857,0.5459186873129818
149307859,0.30214842353279575
149307861,0.848514426085915
149307862,0.22840195647231196
149307863,0.41977501152732594
149307864,0.2568353068158232
149300226,0.1433264719878355
149300227,0.3812496925857221
149300228,0.6372833703752683
149300229,0.27559382500912494
149300230,0.2755601809022917
149300231,0.08668782562824673
149300232,0.8200371998046571
149300233,0.28103473528434597
149300234,0.21204335982004305
149300235,0.2888324570438157
149297728,0.20897858633109043
149293054,0.075498452466899
149299926,0.1894873072140136
149299927,0.69041098118459
149299928,0.2833393891169403
149299929,0.26581349342686766
149299930,0.36604361448409684
149299931,0.4961735608759929
149299932,0.5046465328759295
149299933,0.26361255645021525
149299935,0.11779582523683228
149291913,0.460841449746616
149291914,0.22996978102092053
149291915,0.2297980949831157
149291916,1.3194964344674176
149291917,0.3161803604455346
149291918,0.4781285165172866
149291920,0.3319578297647355
149291921,0.06439284967574074
149291922,0.07037577155327367
149291750,0.6730788751249434
149291751,0.40634896126644987
149291752,0.4492771801304888
149291753,0.5668308856009
149291754,0.45551461925518427
149291755,0.39680231327516885
149291756,0.3382259051481219
149291757,0.5263640947299648
149291758,0.6430227115455935
149291759,0.6214368372718967
149300548,0.30908233510825917
149300551,0.30159475317382795
149300552,0.5012992499827528
149300553,0.5444976195936
149300555,0.11387831254637554
149300556,0.12224192566124774
149300196,0.32664307364102674
149300198,0.4821009846267471
149300200,0.20536320880774614
149300201,0.36129027171929606
149300202,0.4595352536039835
149300203,1.3613092822473265
149300204,0.3792286424939432
149300205,0.5960356499939484
149309305,0.18679927478228642
149309306,0.08591632817871626
149309307,0.15869887871524918
149309308,0.07674965805701056
149309309,0.11847175940771608
149309310,0.30178413286346284
149309312,0.07802656592881291
149309313,0.1980365650999869
149309314,0.07360924305234917
149300563,0.21638375881387373
149300564,0.6227821670465842
149300565,0.22764790747519542
149300566,0.22743079339703295
149300567,0.3290038681951923
149300568,0.49604061349414297
149300569,0.30506795773798906
149300571,0.3840320387202749
149300572,0.2985825524945013
149298661,0.8214996620044632
149298662,0.8700429051705759
149298663,0.20751670968670136
149298664,0.21329073615102156
149298665,1.1616656629481823
149298666,1.0992801663409402
149298667,0.9068271756199456
149298668,0.8173912039096103
149298670,1.3564382679300215
149309478,0.6503731034788353
149309480,0.7674713009590426
149309481,0.10886241718399586
149309482,0.22615153839346183
149309484,0.18289481857940806
149309485,0.2156107725537359
149309486,0.18648015063611492
149309487,0.2740264414452019
149292576,0.14675860262352025
149292577,0.13298152840864724
149292578,0.7339336463567786
149292579,0.4476543456932255
149292580,0.5490674189446751
149292581,0.7085069671475148
149292582,0.3056428329432675
149292583,0.2906703089700339
149292584,0.5356158207449664
149292585,0.656743983944328
149297619,0.18706693058116122
149297621,0.2486483602514392
149297622,0.1641159356433552
149297623,0.10789688117060611
149297356,0.30154237368350356
149297357,0.5038370432974311
149297358,0.12881852924428133
149297360,0.16420367342837922
149307294,0.07770533938862302
149307295,0.16632167304320147
149307296,0.18288935718452382
149307297,0.087160708226876
149307298,0.09229241191616093
149307299,0.07199238750776872
149307300,0.05862692383204859
149307301,0.28535495134287603
149307302,0.08508366819734221
149307303,0.1422344379686307
149293333,0.5319705281722691
149293334,0.5374065657097037
149293335,0.519349975478394
149293336,0.5016013046214247
149293337,0.22192382246948467
149293338,0.4985184749838485
149293339,0.4390327074749502
149293341,0.5420522635415362
149293342,0.35753910056178023
149294049,0.43869001007909453
149294050,0.30202705864862955
149294051,0.32698042035647185
149294052,0.4452799882855077
149294053,0.5413324527426585
149294054,0.5165717025203986
149294055,1.2194546646413036
149294056,0.8737464324910992
149294057,0.5979229580645036
149294058,0.8219099850367815
149292327,0.2826221965509972
149292328,0.43742585330037637
149292329,0.15030394553093107
149292330,0.16888947729306178
149292331,0.13369663507897672
149292332,0.39585949007032245
149292333,0.11283151337132963
149292334,0.1143128069003264
149292335,0.13857812500071057
149292336,0.1572355890186685
149293046,0.09599728595588754
149293047,0.13457092718332925
149293048,0.04836517066053894
149293049,0.10351452535101856
149293050,0.21478031738524636
149300608,0.4228095565674347
149300609,0.35088645683030595
149307348,0.07775511928326001
149307349,0.09098229280080421
149307350,0.08875835966558322
149307351,0.0776412659024711
149307354,0.09923720613147509
149307355,0.10582020275444955
149307356,0.1185021826980826
149307357,0.11745143694590188
149299180,0.06425293863984945
149299181,0.06839456554197393
149299182,0.06828743790147747
149299183,0.06935674740267685
149297727,0.905411597083354
149298510,0.2324835727445948
149298511,0.30041977661937236
149298512,0.23422444457782957
149307066,0.20811741361445749
149307067,0.1427053018557243
149307068,0.14220391407114397
149307069,0.19452921905515688
149307070,0.1912388454342921
149307071,0.18707765265144255
149307073,0.2116149890745586
149307075,0.186161318851358
149299330,0.4081241654948674
149299332,0.3606916386497392
149297776,0.10994180155747336
149297777,0.10830597492649563
149306908,0.4154604304075456
149306909,0.44791666008353287
149306910,0.22563986730763072
149306911,0.09763551293111036
149300418,0.22611336192381123
149300419,0.1925650928322166
149299575,0.12992252060518975
149299577,0.10973525457468214
149306339,0.082853242580297
149306340,0.08373015124677204
149306343,0.09269683569119266
149306344,0.04630254437882667
149306348,0.04561503336376265
149297701,0.06692800431914094
149306954,0.1365381988917875
149306955,0.18200627480563744
149306956,0.12883228083931705
149298537,0.6529894169149881
149298541,0.7700704536497055
149298542,0.31712958751306014
149298543,0.7847627608921719
149298545,0.9604388568701959
149298736,0.31106729712232084
149298736,1.6916299528226677
149298737,1.6265315471758004
149298737,2.2216257904761774
149298739,3.0452547907897087
149298739,4.065508177495029
149298740,4.066582472745877
149298740,3.075635711211901
149297655,0.5817311501475478
149297660,0.17477507309185988
149297661,0.17065338029686233
149297663,0.7661424312926489
149297664,0.2541543947994618
149308525,0.23213075575843248
149308530,0.18239328612300165
149308533,0.1859872385913268
149308583,0.25332051804309935
149308590,0.28721985248323306
149308591,0.21411771264050494
149308593,0.2784918170392162
149308596,0.19318692907948182
149308599,0.26517507488238923
149308723,0.24745480951755977
149299344,0.22337365663383388
149298199,0.06691709851402773
149298200,0.06461614936889938
149299207,0.19859809451008417
149299208,0.17186669094834287
149297665,0.18121958804580715
149297668,0.1687873064853461
149297670,0.4539406918977614
149297672,0.33451162421317815
149297674,0.5356302467903963
149299081,0.1273684627823206
149299082,0.09404920263787875
149299083,0.11239950855684656
149299084,0.129476632733274
149299085,0.1077079893673818
149299086,0.10667742280004898
149299087,0.0932580768366899
149299088,0.11854701598594161
149298838,0.8519880558826193
149298838,2.185122114542421
149298841,2.860106693774655
149298841,2.7972190025948214
149298842,2.675483048692264
149309177,0.1747726809270173
149309178,0.16067690628516262
149309180,0.18898451705417632
149309182,0.19017487765054666
149309183,0.20881151819690977
149309184,0.20403423151793398
149309185,0.16643622869600833
149309186,0.20475656235751358
149293846,0.3703986877753325
149293847,0.5520073739344392
149293848,0.5418524574571733
149293850,0.4279902143847419
149293852,0.3065078492391255
149293853,0.6168413416269669
149293854,0.37172342678011067
149293855,0.5780507434109394
149309640,0.320477822178455
149309641,0.27674193472298153
149309643,0.5379531289214319
149309644,0.2619101971424486
149309645,0.17007762779626567
149309646,0.176255290510697
149309647,0.2261741093783346
149309648,0.20246951925090634
149309649,0.2669621832837634
149298378,0.1331147270876141
149298379,1.114301029185184
149298380,0.4578031864422331
149298382,0.8755192406682843
149298383,0.5436911786174274
149298384,0.31051174279671945
149298385,0.3579061459653911
149298386,1.9846189462682622
149298387,0.7421981795774052
149299117,0.11729342269946166
149299118,0.12434451628066301
149299121,0.20635670709441836
149299122,0.25916748579205834
149299123,0.2861252872996828
149299124,0.11281967686022212
149298216,0.3991086245962874
149298217,0.6229047482594532
149298218,0.21999681551715716
149298219,0.20796903990719873
149298220,0.2983979356814878
149298221,0.19966639817263174
149298222,0.1605455652778153
149298223,0.29887019949990806
149298224,0.40714284220907954
149298225,0.4303934816631254
149298847,0.9165830921859014
149298847,1.9715968851372294
149298848,1.8958078271386825
149298848,2.500064375148841
149298849,1.4549860689434435
149298849,1.7517547815434433
149298697,1.101292148005267
149298697,0.8818094118915388
149298699,3.2833379911907294
149298699,1.3061930207322832
149298701,1.9088175604741706
149298701,1.7715599150691774
149298702,3.7185603873153754
149307883,0.1662447094633196
149299668,0.42305490507097115
149299669,0.4736322865234824
149299670,0.41686854916163923
149299671,0.16448200063214308
149299672,0.4361121697797241
149299673,0.4231549922668549
149299674,0.4358200326779817
149299675,0.4213504779199757
149299676,0.42125791406301266
149299677,0.4180990181526006
149299680,0.4952988373480145
149299681,0.42466694669642063
149299682,0.3594383389528303
149299684,0.25553898525798674
149298439,0.4360851968821286
149298443,0.4110913248904039
149298445,0.7889299892416161
149298446,1.738872078027116
149298447,0.495150493556694
149298448,1.0784998915033481
149306278,0.1796176573223026
149306279,0.17779793222595014
149306280,0.1537808355814224
149306281,0.14639260747493013
149306282,0.13557240523256342
149306283,0.22950812596297662
149306284,0.24102365695456748
149306285,0.1807770083318013
149306286,0.19712541696162772
149306287,0.15151311115691493
149297885,0.6251629171583898
149297886,0.6104555041845899
149297887,0.6922948457980843
149297888,0.6126249416064622
149297889,0.7068941110985582
149297890,0.5357365866949568
149297892,0.6561458381104517
149297893,0.6016464427945745
149297894,0.7083616894228797
149298825,0.10051444145152069
149298828,0.10036333600501555
149298829,0.15938377495674408
149298830,0.15883969141383872
149298831,0.08831432938863898
149298832,0.09423852602599404
149298833,0.3911097900346766
149298179,0.1202840325567572
149298180,0.11065700141697148
149298181,0.11408411127454612
149298182,0.15626580369993273
149298183,0.1868996156457779
149298185,0.14256799163546097
149298186,0.4266995636029463
149298187,0.32663728750994814
149298188,0.17827661656611207
149308160,0.27190600747203914
149308161,1.7168939228793454
149308162,1.5349533535622362
149308164,0.11302619628818691
149308165,1.2781700699282863
149308166,0.33195633661755114
149308167,1.3203523352261863
149308168,1.3147650489532285
149308169,2.047859307306023
149306288,0.4962387787288707
149306289,0.34044292212949095
149306290,0.4791501946404228
149306291,0.3345322391710691
149306292,0.14992621196083117
149306293,0.2958600035735749
149306294,0.19772927741198898
149306295,0.2743115787382754
149306296,0.2862682909152465
149306297,0.15551803409598014
149300186,0.09984208656554276
149300187,0.10053550427460015
149300188,0.18808858571668763
149300189,0.17639994774038464
149300190,0.3571439154017208
149300191,0.12780234256467282
149300192,0.151808913157284
149300193,0.3328132373939822
149300194,0.17334120997438188
149300195,0.47130256228757683
149298388,0.28855203667127566
149298389,0.3440867922712908
149298390,0.40029445390025103
149298391,0.35822262184007864
149298392,0.4968397839035377
149298393,0.13133080007634054
149298394,0.15988067722569052
149298395,0.14707289276302776
149298396,0.4770793068874226
149298397,0.39125782748125487
149297685,0.23506165485352126
149297686,0.2097399116111478
149297688,0.8520914059278398
149297690,1.0149757188713475
149297692,0.1340273905567851
149297693,0.2233864055528701
149297694,0.12879522436907348
149299294,0.05381231714751812
149299296,0.12526806931179535
149299298,0.059515355235410405
149299299,0.14894145851224896
149299300,0.09497401460892249
149299301,0.15526470873449005
149299302,0.057477821507315056
149299303,0.06525245447974248
149307270,0.143568405055204
149307274,0.22090299928490173
149307276,0.11767951273762618
149307278,0.2453064627179775
149307279,1.4122141351067137
149300206,0.24899797402715249
149300208,0.2989353907964959
149300210,0.21029510045340175
149300211,0.3757783159848597
149300212,0.4195527050974622
149300213,0.30506406584589457
149300214,0.49324276251189175
149300215,0.45907487603263863
149299304,0.1216388514389738
149299306,0.2270164899414937
149299307,0.1805243534178072
149299308,0.24695426703132806
149299309,0.21768563749445824
149299310,0.14977798563132233
149299311,0.42340960542868045
149299312,0.2666385065978328
149306613,0.12416648704916064
149306614,0.3044806286344596
149306615,0.09630068928474528
149306616,0.25582418017470615
149306617,0.0934442989220145
149306618,0.1609377944756727
149306619,0.08827784387274197
149306620,0.20933381517763386
149306621,0.20021022526659543
149306622,0.0886684667839702
149307161,0.19014897041633053
149307164,0.2077398702889655
149307166,0.7816121450931528
149307167,0.28230553429147187
149307168,0.17122901402571222
149307169,0.21887318964336494
149307170,0.21811915980230337
149309820,0.311817554024619
149309821,0.19626678952670845
149309822,0.28822447273259855
149309823,0.12318796292171298
149309824,0.08320327970984365
149309825,0.20997733041671707
149309826,0.2183038446794912
149309827,0.29964452457205454
149309828,1.1495521092093446
149309829,0.4399156821091933
149293293,0.24493792881570847
149293294,0.18275409528559472
149293295,0.3734111723611225
149293296,0.29866655815824544
149293297,0.410224074074579
149293298,0.21381203058044043
149293300,0.17505234870465244
149293301,0.43911727936287637
149293302,0.34945517019260924
149292347,0.2896850230909368
149292349,0.47711254512723134
149292351,0.6498834580658396
149292352,0.22611483688222112
149292353,0.33811184555246676
149292354,0.24214798511098637
149292355,0.18404651709663095
149292356,0.22008459547529421
149293766,0.13430002066996727
149292512,0.5342427757530626
149292513,0.353225974286578
149292514,0.7067005442949444
149292515,0.5464442481315691
149292516,0.4272988669738371
149292517,0.5198888225693288
149292518,0.40842822448129207
149292519,0.3594697389022109
149292520,0.2844370183646275
149292521,0.2504442656484662
149300166,0.6580854482531113
149300167,0.24610111349021008
149300168,0.5512375755352017
149300169,0.3582083250677646
149300170,0.31789808246717205
149300171,0.5888258452136973
149300172,0.822244587109848
149300173,0.3815536258757935
149300174,0.6208561189061574
149300175,0.17025397264177905
149293619,0.8643036903961282
149293620,0.3390314970552707
149293621,0.29666795554563546
149293622,0.28713481625456133
149293623,0.44303198267886895
149293624,0.3665020893935914
149293625,0.5755502022629897
149293626,1.2631043994907887
149293627,0.31940182464738276
149293628,0.24308339047973943
149294324,0.4195558105315954
149294325,0.23645628517458933
149294326,0.6745353810121872
149294327,0.5436773587353301
149294328,0.8358088431182095
149294329,0.5335486425508025
149294330,0.4352984598667402
149294331,0.9316151026378213
149294332,0.45803203604141385
149294333,0.7048197268640363
149299630,0.08028718066785764
149298032,0.23333048229345255
149298034,0.23744839712313479
149298035,0.2427849315908446
149298036,0.22032916067220934
149308270,0.09202488980682544
149308279,0.2210563122291586
149300627,0.3845527341212402
149300628,0.8572994888714275
149300629,0.8820611864941825
149298970,0.2417934177411354
149298971,0.24988396441819816
149300639,0.11373072019490703
149300640,0.11232043174970026
149300641,0.11337059302999257
149308521,0.15259848018030536
149308664,0.5428041519942156
149308666,0.1729720815583179
149308669,0.3517333764992701
149298125,0.22354026441748556
149307648,0.07646419375899942
149307649,0.07528908066440422
149308732,0.11129821786954065
149308733,0.10638797572689483
149293786,0.7422183878140598
149293787,0.5547343765180857
149293788,0.8777910718083467
149293789,0.3637348671293192
149293790,0.6421944297910565
149293791,0.33598514815843483
149293792,0.35568617357172827
149293793,0.5792767859771023
149293794,0.9174299800882714
149300018,0.055105043616561135
149300020,0.048302691940407386
149300022,0.04715029819444841
149300023,0.054418428332776825
149300024,0.17758814649614052
149300025,0.16516171654971992
149300026,0.300379422527735
149300027,0.2197871056067783
149309620,0.14735402641483003
149309621,0.6430285223239881
149309622,0.1383146596828389
149309626,0.21388488072064799
149309627,0.471261275506928
149309628,0.24717314153206246
149306638,0.45618926784347963
149306639,0.4983564057348594
149306640,0.7436753157714017
149306641,0.4248797042756268
149306642,0.5044264261908509
149306643,0.4524629753054161
149306644,0.3895680172938994
149306645,0.7230690546497693
149300630,0.1147592342490506
149300632,0.4135595896619591
149300635,0.15377940134759202
149300638,0.11934295192306023
149309441,0.1415804870238995
149309442,0.1478376484422898
149292087,0.31843542650856144
149292088,0.23741709158086147
149292089,0.17933772380646837
149292092,0.15073125577961285
149292093,0.16237531548410256
149292094,0.21066495714782826
149292095,0.2313824503724989
149299896,0.08117559624273467
149298100,0.11836004080027576
149298101,0.2137398001429471
149298102,0.5470931179382905
149298103,0.5683003946544055
149298104,0.09742903034039996
149298105,0.09730113790017061
149298106,0.16540281705253332
149298107,0.15298003141315397
149298108,0.4997245104966183
149298109,0.4716787748876964
149298296,0.3096204181563074
149298297,0.30261293364479946
149298298,0.4636536328665471
149298299,0.5428239425646756
149298300,0.4561117748376866
149298301,0.2811155257557701
149298302,0.3187186810681705
149298303,0.33792747444602994
149298304,0.38543394273921655
149298305,0.34926432278661373
149308232,0.11548040452905772
149308233,0.09292446325388366
149308234,0.11616316880118391
149308235,0.09292598726185741
149308237,0.19487815181562565
149308239,0.2173219412144538
149297915,0.23775889169599795
149297916,1.0832890140683318
149297919,0.35940829931867563
149297920,0.9043337759441954
149299711,0.4560975683054657
149299714,0.7631662348846995
149299719,0.12772029863694095
149298752,0.2455928987273025
149298753,0.2359783456934474
149298754,0.24208454087845996
149298755,0.23681016089298584
149298756,0.2151230747263662
149298757,0.2154163539229688
149299196,0.7655526298119866
149299197,0.7402924321323998
149299202,0.3296099668423895
149299203,0.777433344728513
149299205,0.9685668630200088
149309118,0.40122813127906193
149309119,0.17114617217527045
149309120,0.21681713937530409
149309121,0.13625900369595823
149309122,0.16643109752387664
149308641,0.3166690873892446
149291793,0.8932362321155967
149291794,0.8127151697407508
149291795,0.7966214520760425
149291796,0.6852903759961204
149291797,0.48683383718890566
149291798,0.8569528234850957
149291799,0.6552072679534664
149291800,0.24326952557185802
149291801,0.3507620906987825
149309006,0.29107928843113323
149309007,0.3539615222790944
149309009,0.3149038556114331
149309012,0.3129576976903724
149309014,0.575398154898497
149309015,0.5893877825033231
149306924,0.10869398133969467
149306925,0.15700675907771652
149306927,0.1440425338915333
149306928,0.09541793109843641
149306929,0.1343158605369035
149306930,0.12321365338226765
149306932,0.28248042102102083
149306933,0.11574858371565934
149298329,1.0588624882887814
149298330,0.9985340228181393
149298331,0.9197082888580992
149298332,1.3326233984561684
149298333,1.1648657646089393
149298334,1.5664852999354484
149298335,0.41492558375880256
149298336,0.6179129616658587
149298337,0.6047309732008025
149298338,0.4082545875012095
149300058,0.1495219136727928
149300059,0.1535540444763238
149300060,0.07284968351076601
149300061,0.06647548035582208
149300062,0.15446738646670677
149300063,0.1321063220453746
149300064,0.2987162788930492
149300065,0.1367193219565826
149300066,0.25305955731650015
149300067,0.12579230318525833
149307979,2.2640124162835664
149307980,2.21743784191152
149307981,0.2751483395643203
149307982,0.40553044004336236
149307983,0.23346524635394814
149307984,0.7430829215750626
149307985,0.30960657840160527
149307986,0.24393493370733005
149307987,0.2619443615911533
149307988,0.31145118333043853
149297645,0.15759449571587147
149297649,0.3923968309972328
149297654,0.27566561007042567
149308966,0.3824455866896699
149308968,0.7184206105997919
149308969,0.5530415671873665
149308970,0.1885934640717708
149308971,0.24957229751441484
149308973,0.6713332622086784
149308974,0.16080881570137803
149293004,1.0319671063510152
149293005,0.2180296083323718
149293006,0.22569966477993325
149293007,0.21143623878387435
149293008,0.30688620628151725
149293009,0.3190627380658351
149293010,0.6215137325239628
149293011,0.2770581541206482
149293012,1.0022374285176578
149293013,0.22706872622459034
149291697,0.19457040218958108
149291698,0.2035635232392124
149291699,0.17689017278904987
149291700,0.27848131475029503
149291701,0.220345766009102
149298343,0.20277863851065872
149298344,0.23905301914039784
149298345,0.2834434701619228
149298346,0.2527364838924904
149298347,0.2375377607734484
149298348,0.24769490670266348
149298349,0.26179641255695335
149298350,0.24855742413333598
149298351,0.3217513667456158
149298352,0.3198569793081096
149297439,0.3705177267457249
149297441,0.5189989772278544
149297442,0.27931881323791474
149297447,0.21207335120330362
149307657,0.11908115693808374
149307658,0.2065059251988781
149307659,0.5008258179095751
149307660,0.10608979767797559
149308624,0.23078688536951214
149308626,0.35674204721047914
149308638,0.9436330109833015
149308639,0.2784548450696039
149308640,0.6136777279260074
149308646,0.5935323598484525
149308647,1.137076057635904
149308653,1.0386094105556085
149307978,0.2966056996721246
149309404,0.1738641045327887
149309405,0.5071594809495521
149309408,0.37299610309861747
149309409,0.26498061134254425
149309410,0.4664678911511292
149309412,0.08239721211799661
149306863,0.12801884602079636
149306864,0.157417928802196
149306865,0.178388156082705
149306866,0.1827587985439465
149306867,0.9123843157896758
149306868,0.3008436576569181
149306869,0.1751453212458152
149306870,0.2953167803914812
149306871,0.23411490759583495
149306872,0.2741594467999973
149309725,0.11882574841539763
149309726,0.06407622140881429
149309727,0.09325501671011117
149299144,0.07561505642021592
149299145,0.07574491529499423
149299146,0.07358489206573626
149299147,0.07299923904459599
149299148,0.17772029073261436
149299149,0.09780167961178267
149299150,0.12279383381073582
149299151,0.07341531663460399
149299152,0.09509144048557484
149299153,0.11245159091352601
149300216,0.5165728726861307
149300217,0.23826754817435994
149300219,0.674594158931028
149300221,0.20379150744293986
149300222,0.6955713743633936
149300223,0.15416006265400398
149300224,0.42241437375451124
149300225,0.15481136133537762
149308752,0.24628145979286983
149308753,0.22446616178206866
149308755,0.5801977517583288
149308756,0.9492583445830196
149308757,0.33571173733422327
149308758,0.30037202498796267
149308759,0.3333922501124524
149308760,0.20226880268738734
149308761,0.4299036076974302
149299690,0.07372495572071318
149299691,0.5697710423531214
149299692,0.3232078275272335
149299693,0.3245628283985465
149299694,0.4501068443396701
149299695,0.3883087664307269
149299696,0.31187418533831207
149299697,0.43298424372354977
149299698,0.30351195507647044
149299699,0.5028645316686943
149297535,1.4158318599684807
149297536,0.35730849543734844
149297538,0.287285661293987
149297539,0.7073442161248884
149297540,0.32221467783385493
149297541,0.3945463563948424
149297542,0.24676704480180683
149297543,0.14655937191596735
149297544,0.3232110936671345
149309091,0.09573809362128338
149309092,0.0954766278411712
149309093,0.09948116928126303
149309094,0.1006186083273277
149309095,0.14185507125721167
149309096,0.11449965763661292
149309097,0.09452487462353099
149309098,0.2003430366897301
149309099,0.09273414203530692
149309100,0.09614854897469309
149294334,0.30157557943826907
149294335,0.3020618186099061
149294336,0.2816774695155052
149294337,0.23074157427040465
149294338,0.9472960585082478
149294339,0.9676873178726948
149294340,0.9017619944041997
149294341,0.48945644785627207
149294342,0.2808519586997164
149294343,0.6264901439868249
149307593,0.29295366974372183
149307594,0.17839642743648762
149307595,0.29282267735349893
149307596,0.17865852205575172
149307597,0.09490295078389517
149307598,0.10330796838004493
149307599,0.09549594708111654
149307600,0.10274817965571376
149299631,0.06857477949344166
149298916,0.31670601581351304
149298917,0.39539963701591585
149298918,0.26713311083299374
149300088,0.40468452874644506
149300089,0.4157955709936844
149300090,0.06505826399532369
149300091,0.8382739071748858
149298915,0.13124566361185963
149309724,0.11801566391734038
149298785,0.28176633182063665
149298791,0.31452559220027865
149298792,0.24283102121555686
149298794,0.4588359302069583
149298207,0.1055570617775866
149298211,0.09440330211049736
149300004,0.18626053027857034
149300005,0.19941224333710778
149300010,0.17762749746338988
149300011,0.1571224018148485
149300012,0.0829340823417353
149300013,0.08389851082731359
149308222,0.16523837076335005
149308224,0.1677961716919034
149308226,0.14183717606279964
149308229,0.13718578496323702
149308230,0.16362421491884616
149308231,0.11769145170951936
149299061,0.14093928641797426
149299062,0.14104148644748027
149299066,0.13901886531127614
149299067,0.14752896300773344
149299069,0.06102427394648718
149299070,0.06258618833651576
149298601,0.18905259993818352
149298602,0.192411658429732
149298603,0.46897589903006914
149298604,0.4632545054241585
149297556,0.22542116359273603
149297558,0.16584508866802555
149297559,0.16103107503827063
149297560,0.1506023715785314
149297561,0.16171798142105487
149297562,0.1699771756721125
149297563,0.16782186698134116
149297564,0.7172236399453407
149297565,0.1988407861550886
149306228,0.4097609296581903
149306230,0.0598712524518327
149306231,0.04786658872915351
149306234,0.32691915328867616
149306235,0.047216240384737075
149298459,0.4895018178579545
149298460,0.4915662044640644
149298461,0.3949466233147061
149298462,0.3687837862335152
149298463,0.2455019381320754
149298464,0.3802150788510552
149298465,0.25202987767117374
149298466,0.36077239369231007
149298467,0.16541782238587427
149298468,0.14955453155105608
149307308,0.41076784163725544
149307311,0.15106718825346901
149307312,0.48785185233381223
149307314,0.14751976584229826
149306335,0.6847158967719494
149306336,0.7063217511938574
149306337,0.8709903377410262
149306338,0.607548888029196
149309650,0.17108447920694772
149309652,0.261952561561888
149309653,0.4331091441178473
149309654,0.1734202142261803
149309655,1.3663778500976187
149309657,0.46666063434530813
149309658,0.5554559181856914
149309659,0.45825992708062513
149307714,0.7326152619928077
149307715,1.7510787684170241
149307716,0.5694105690343498
149307717,0.9724245779506637
149307718,1.2130813917635972
149307719,0.8113681875926817
149307720,0.6036884673801435
149307722,0.7795386139899876
149308206,0.24062241288406738
149308207,0.22321507651761774
149308208,0.2355494299174378
149308209,0.22037986215306882
149308210,0.21250883404998525
149308211,0.20309500827571658
149306998,1.06465612239763
149307001,0.3723168173355576
149307003,0.15616198454366728
149307006,0.260820592755882
149307007,0.8165839081441487
149309147,0.23471956764424687
149309148,0.48650123678120394
149309149,0.42203140913108855
149309150,0.20706087436766932
149309151,0.3731231341772188
149309152,0.5217568478437303
149309153,0.5448243595966035
149309154,0.5634551596333247
149308721,0.1252950635106798
149308725,0.11886259269286557
149308727,0.12722526832392422
149308729,0.12355409583891883
149308730,0.11719855923195645
149308731,0.11871368589914183
149297469,0.07863823995829487
149297471,0.08318223451496064
149297472,0.0777593805416856
149297473,0.08469892728751605
149297475,0.07877327254832989
149297476,0.08302793957870361
149297477,0.0878572016499511
149293856,1.070591501799913
149293857,0.3592620864406944
149293858,0.38006724200963754
149300236,0.39429118327220203
149300237,0.3709481097949558
149300238,0.17149766869328176
149300239,0.41007066243226314
149300240,0.24196071584749787
149300241,0.38326038478232494
149300242,0.2501762708740129
149300243,0.21498437721239377
149300244,0.1587258247246221
149300245,0.2839696398975137
149291783,0.3536103343456426
149291784,0.5892840641264924
149291786,0.5472114737071011
149291788,0.6008709746331705
149291789,0.13803931234932135
149291790,0.2110783074411949
149291791,0.2770743066198606
149291792,0.3170066504972791
149308903,0.4075384838488773
149308905,0.22333444560631463
149308906,0.25516663886106855
149308907,0.463121516571989
149308908,0.16598997893179854
149308909,0.16104161573561784
149308910,0.37097917759332805
149308911,0.18388522814778513
149299134,0.45301181007914687
149299135,0.24640492727395327
149299136,0.12253806863157192
149299137,0.12659694233456645
149299138,0.13076147759738663
149299139,0.20320871698868426
149299141,0.19398920761244368
149299142,0.1816002622754829
149299143,0.40353909848403907
149309739,0.2191429159319409
149309740,0.1076581182948808
149309741,0.2749511489237513
149309742,0.2698813488705528
149309743,0.2579554725435053
149309744,0.10593837541118035
149309745,0.25181349387779545
149309746,0.10207948481282776
149309747,0.4699846043210591
149309748,0.2419156979326973
149306516,0.9185661280865979
149306517,1.0121859693241089
149306518,0.8688269253300268
149306519,0.17179344526161838
149306520,0.16952360931682564
149306521,1.1579310408202312
149306522,0.4949337413845222
149306523,0.46466038432860457
149306524,1.3583867914146546
149306525,0.2767137441739781
149308027,0.29904041622735356
149308029,0.3803807666772302
149308030,0.2727852942979945
149308031,0.28547821419542024
149308032,0.46798011425495145
149308033,0.2926139706077329
149308036,0.3701044045761393
149309679,0.24984587451683202
149309680,0.3299574806790373
149309681,0.4277819288760642
149309683,0.24913492510593827
149309684,0.4167258541651074
149309685,0.3423505827999085
149309686,0.12053986226270634
149309687,0.3542528533519999
149309688,0.13237516165157784
149309060,0.29868507091624114
149309061,0.28402676663650045
149309062,0.6241552948477194
149309063,0.3769970570477968
149309064,0.4669753594521854
149309065,0.37570244187944474
149309066,0.3759131372552705
149309067,0.34027306737019614
149309069,0.49462840584080653
149298815,0.08409227838399647
149298816,0.38618307861339385
149298817,0.1995043769001804
149298818,0.5617583521937854
149298819,0.3021986214844063
149298820,0.10217146852295558
149298821,0.2974443017873832
149298822,0.37451417805936926
149298823,0.11733503629740062
149298824,0.5089488801156031
149293649,0.7651859566682707
149293650,0.7020957616121208
149293651,0.6022872767515405
149293652,0.3500898906823732
149293653,0.49865713980055937
149293654,0.5909635461400882
149293655,1.1085099379435905
149293656,0.5389709821746513
149293657,0.5884883235123579
149293658,0.6896820522292144
149300573,0.16898714772446993
149300574,0.1644977624360844
149300575,0.15527377631238512
149300576,1.7599132915730493
149293956,0.12102643579986391
149293957,0.11434316819870079
149293958,0.0746094011977137
149293959,0.11582498464652013
149293960,0.11855886637581334
149293961,0.0807738921354605
149293962,0.11652845834956535
149293963,0.11548230365867858
149293964,0.10248727727253373
149293965,0.10761006528071727
149300080,0.22928874292073467
149300083,0.22838070440704503
149300086,0.21202266768043065
149299240,0.28939597473940915
149299241,0.2646069981834929
149299242,0.31927664839755365
149309689,0.40087544956406146
149309690,0.3513087675237841
149309691,0.1715996856306948
149309692,0.7694813756990038
149309693,0.5347106960633038
149309694,0.4002972833981705
149309695,0.08957543001352267
149309696,0.10905767334987745
149309697,0.4766810197677348
149309698,0.5315555377848371
149309831,0.17603860400408683
149309832,0.30930868312759846
149309833,0.08710057875942886
149309834,0.8120258747858252
149309837,0.3195769913929788
149309839,0.10369193468511184
149308482,0.15568295072528604
149308483,0.061405106777708864
149308484,0.12374189813953317
149299229,0.38270942720704565
149299231,0.6570912909729618
149299234,0.41235886058524746
149299236,0.5111485693571074
149299237,0.5449437339683342
149298088,0.09080306431904664
149298089,0.14755800546369716
149298090,0.11662809759444916
149298091,0.09706839028330756
149298094,0.14207420103980495
149298095,0.16200444257603488
149298096,0.46945795308633714
149291606,0.3443937472385801
149291607,0.17929716822088088
149291608,0.134359222659963
149291609,0.13321617628564675
149298240,0.5823216395958296
149298242,0.3353832326508383
149298244,1.393101878378224
149298245,0.43094737200364663
149298247,0.3964425315473362
149298248,0.22006066817898481
149298249,0.2342827709033163
149297675,0.2893024878879926
149297676,0.6051874091577827
149297677,0.17193027219977497
149297678,0.4540240585366503
149297679,0.48254541092731384
149297680,0.21823844827330469
149297682,0.5673333312880203
149297684,0.21072608716179334
149309167,0.5510982778089233
149309168,0.4112362134650432
149309170,0.31640516895250226
149309171,0.3115775108132945
149309172,0.25551329662962957
149309173,0.3328929244435026
149309174,0.4429214950750895
149309175,0.4252173540949852
149309176,0.3656334168658344
149306349,0.10759006026745616
149306350,0.12328057514748622
149306351,0.1638199872781047
149306352,0.11522285634267958
149306353,0.13163116586805
149306354,0.13406127693073033
149306355,0.5044686244571934
149306356,0.41263954192453006
149300343,0.41204101449701386
149300343,1.3639278636026286
149300344,2.1822412759109406
149300344,2.2069884426274857
149300346,2.417539048000608
149300346,2.3067659022493716
149300347,2.3889603568700117
149300347,2.444944790924684
149300348,3.0348251684637684
149307573,0.2068485975329089
149307574,0.19802462861971432
149307575,0.23205995824540793
149307576,0.2994346957518721
149307577,0.23418693890268696
149307578,0.29900437557593984
149307579,0.4085035262216993
149307581,0.5610133900851384
149307582,0.4927497465961398
149292782,0.2615178593448918
149292783,0.21826505132396898
149292784,0.1380764582613863
149292786,0.37874625677887974
149292787,0.4509158072164524
149292788,0.10873434471131188
149292789,0.14983148731021945
149292790,0.11602315311696158
149292791,0.10070939319871067
149293077,0.0856986545105395
149309564,0.18701532396050383
149309565,0.4654710310017067
149309566,0.18849506291949553
149309567,0.43431315499622164
149309568,0.5009948085438676
149309569,0.5865636583236417
149309571,0.7085987956974138
149309572,0.2128232590290724
149298641,0.3910962328478867
149298642,0.4212860909881991
149298645,0.17055230117553544
149298646,0.19033994770827548
149298647,0.5323260547305704
149298648,0.213881341682706
149298649,0.5775234478834863
149298650,0.2140069804195083
149299977,0.10327668062430695
149299978,0.039859311672117474
149299979,0.1376890565665553
149299980,0.1146823382601271
149299981,0.05863390478362543
149299983,0.040852730413449695
149299984,0.056997407567273846
149299985,0.092715775647272
149299986,0.05761650897752288
149297939,0.15332776711571872
149297940,0.18701531827090215
149297941,0.1778557863791813
149297942,0.18494560252471293
149297943,0.1288022306095651
149297944,0.1892292346756754
149300617,0.13514618698158917
149300618,0.12851588038037254
149300619,0.11361609361435528
149300623,0.224487373647413
149300624,0.19020790263598858
149300626,0.1288174523502209
149299091,0.49482890794642964
149299092,0.47023861971721254
149299093,1.3934771720390817
149299094,0.5630507726027719
149299095,0.1689792447497851
149299096,0.2542714903770577
149299097,0.15970523765100672
149299098,0.3490239320853187
149299099,0.5567592735554179
149299100,0.36677729584359775
149293088,0.16931399263127683
149308830,0.5680990999476407
149308833,0.2201701888892741
149307151,0.05192680208611602
149307152,0.05515817627585705
149307154,0.052434846240907024
149307155,0.05237772583519613
149307156,0.10766395949227638
149307157,0.12093380779125078
149307159,0.1120796125546147
149307160,0.05511818234056806
149293775,0.18037218947358416
149299246,0.5351584441490688
149299247,0.23713138492308677
149299248,0.44831434754291904
149299249,0.44047493531040866
149299250,0.3058257256675515
149299251,0.8010258188643746
149299252,0.32934551864729705
149299253,0.37445835916047626
149299254,0.5924981631825604
149299255,0.592605634586446
149308180,0.23604080031013572
149308181,0.3706441795799278
149308182,0.6609735037395946
149308183,0.507006301600392
149308185,0.7385346157004945
149308188,0.39704281678687675
149308189,0.5735827868517361
149308958,0.5686020804757392
149308961,0.22001463772153093
149293993,0.6264136466177158
149293994,0.3060457030022858
149293995,0.29962166889526565
149293996,0.6613837600721342
149293997,0.3001300274508035
149293998,0.20717633118277973
149293999,0.2938053304305957
149294000,0.1718313855370678
149294001,0.21097765010743397
149294002,0.24475369219647963
149306938,0.19988434893152876
149306939,0.1462347438331312
149306941,0.15518367483649853
149306942,0.6526778425748965
149306943,0.4061916268779729
149306944,0.17978691408439845
149306945,0.5928478793236552
149306946,0.17392865809905106
149306947,0.39277036660990855
149300516,0.39522138147080105
149300517,0.6331459108286042
149300518,0.44110978521759625
149300519,0.3166985357463065
149300520,1.1511179232101771
149300521,0.3115468289558184
149300522,0.5177285103740291
149300523,0.5797822345604641
149300524,0.5369610755628293
149300246,0.1365706679662019
149300249,0.13579383513098636
149300251,0.14228306665542922
149300253,0.14087561883857827
149300254,0.1941645156574973
149300255,0.17259761509395785
149309213,0.20358090059962228
149309214,0.6196565863537635
149309215,0.26615103711986315
149309216,0.17835498245739873
149309217,0.18574582688448732
149309218,0.20546154485520396
149309219,0.21320637338893128
149309220,0.21489884263191117
149309221,0.21006341334620546
149298581,0.7278905744897719
149298582,0.7955597407578342
149298583,0.2478040425987191
149298584,0.24414745941275956
149298585,0.41234144644379556
149298586,0.41415208882791615
149298587,0.4027461367201465
149298588,0.4023710022992803
149298589,0.7569289563984524
149298590,0.4264800202357979
149300134,0.08927975144850106
149300134,1.427521729205693
149300135,1.529974674114211
149300135,1.7447761734525338
149300136,1.6590395330907741
149300136,1.7110463196203995
149300137,1.7141224911820483
149300137,0.9627775344994591
149300139,1.6000657090118173
149293066,0.13736331292599843
149307522,1.3851306902959661
149307523,0.737544518886057
149307524,0.7526579312778237
149307525,1.2978653391882793
149307526,1.199333144814677
149307527,0.5256971277343743
149307528,0.4660843891732669
149307529,0.7621623330002941
149307530,0.8555344424760631
149307531,0.9190785195212259
149291604,0.12532467371701075
149291605,0.12020147862358449
149306803,0.19086856405747643
149306804,1.948870772348779
149306805,0.17956692268810728
149306806,0.1708577546346353
149306810,1.3273829455541009
149306811,0.600902763508553
149306812,0.21325791178303036
149293396,0.11863766393875706
149293397,0.12093763122087442
149293399,0.12314235494683061
149293400,0.10936346172762924
149293401,0.24003126913342285
149293402,0.2695042217548136
149293403,0.12263755933746431
149293404,0.11930102891954922
149293405,0.14044173732900223
149293056,0.1734426140404602
149293057,0.2756989509910098
149293058,0.4768246035332605
149293059,0.13326897635066254
149293060,0.4184508203960129
149293061,0.33277713912610024
149293062,0.16932018535740154
149293063,0.45934632288187643
149293064,0.2719380753009385
149293065,0.6644874106694174
149292183,0.21555196101611496
149292184,0.22087065964652858
149292185,0.256643905509545
149292186,0.2433923917723743
149292187,0.22104676788096922
149292188,0.2549306817338937
149292189,0.21042022547702033
149292190,0.3378041603526111
149292191,0.21694572348790367
149292192,0.18572075786137682
149291520,0.22851594602962216
149291521,0.23288665952042986
149291522,0.2432029503346556
149291523,0.2002632876821119
149291524,0.27569527126869336
149291525,0.2358087006514318
149291526,0.2764995980268438
149291527,0.24282040032038635
149291528,0.21223598526612314
149291529,0.33890344778179865
149291484,0.7843196351743762
149291485,0.443811657037161
149291486,0.7833726865513213
149291487,0.23633402799385242
149291488,0.5109207617726468
149291489,0.3998147569592785
149291490,0.2770717807171231
149291491,0.6113598019004116
149291492,0.40706692399372374
149291493,0.6143666758307165
149293740,1.1752807900329467
149293741,1.1578686690487825
149293742,0.43502167920739715
149293743,1.0988305400328466
149293744,1.1033423489434058
149293745,0.46751926844445035
149293746,0.8595323247979987
149293747,0.8591185284591777
149293748,0.9188555209069145
149299595,0.047993287499601
149307330,0.03948775729996653
149307999,0.25140136962432497
149308000,0.3444386481294768
149308001,0.21697811767481542
149308005,0.3589093732605579
149308006,0.338970580864004
149308007,0.2568997426288937
149308008,0.32777722335118287
149306258,0.3492672241943315
149306259,0.3458831997978157
149306262,0.5907002945914418
149306263,0.5631935368076086
149306265,0.5602909490260184
149306267,0.6001707867031439
149308402,0.18048270112314505
149308403,0.16945843262718074
149298707,0.4594637857081133
149298707,3.2966104478956835
149298708,2.6407303088821914
149298708,1.1495613342686917
149298709,3.2338724154162963
149298405,0.308476407823615
149298406,1.2657969600624701
149298409,0.42659766523346193
149298410,0.4823521699293839
149298411,0.699042183631435
149298412,0.3694801685118594
149298414,0.18641060471972232
149306430,0.7455809113554288
149306431,0.20026416309705236
149306432,0.2001525043054719
149306433,0.18734953113686775
149306434,0.7177631700982644
149306435,0.8702971746197942
149306436,0.9115591806654004
149306437,0.7427496310374816
149306438,0.28681015584929276
149306439,0.1889817075682794
149306359,0.047867157232902455
149298339,0.19484173743437386
149298340,0.2089483652654037
149298341,0.28890263656556536
149298342,0.27863125656810156
149298905,0.3408430927433781
149298909,0.4347974423149893
149298910,0.3825481951342372
149298911,0.25317963677691396
149298912,0.6624303279273145
149298913,0.391219427002783
149298914,0.36273219858806965
149292425,0.12706815472835564
149292426,0.1242794378118694
149292427,0.2123057518621054
149292428,0.11628584778589432
149292431,0.09577275198984993
149292432,0.11067127235591558
149292433,0.13608346400577678
149292434,0.1282348572140262
149298795,0.1850741858588147
149298796,0.6345848027052673
149298799,0.13031449253688862
149298801,0.5722633442568302
149292937,0.13311821846972455
149292938,0.1834426419922016
149292939,0.22998756323084346
149292940,0.11481250230862912
149292941,0.18548635451888287
149292942,0.21902580728250307
149292943,0.218552563720673
149292920,0.188540919580401
149292921,0.12935723173453517
149292922,0.18135625964758542
149292923,0.11089626652525
149292924,0.22956792865044678
149292925,0.2546496423848812
149292926,0.26470281751411306
149292909,0.2264942652592565
149292910,0.3353062280599651
149292911,0.5725286577798735
149292912,0.173088677637674
149292913,0.2514776408092048
149292914,1.1987703308484856
149292915,0.25648042250230746
149292916,0.37032876313820456
149292917,0.2315205346231535
149292918,0.18497172880649138
149306298,0.4011081155095173
149306299,0.09841493285156347
149308597,0.6103312919207883
149308598,0.1476485991802914
149308600,0.6880724153239308
149308603,0.725237829862545
149308605,0.0964820830054536
149308606,0.18135711410325261
149308607,0.742213860123861
149308608,0.4146048494640069
149308582,0.17532776138031542
149308584,0.3714049041696906
149308585,0.07999819348377822
149308586,0.07606109795999519
149308587,0.08743443350783757
149308588,0.1489684951456125
149308589,0.191860948671668
149308592,0.16706835862468158
149308594,0.08941797053658791
149306300,0.1300339663690834
149306301,0.12933992297838903
149306302,0.19125621694830536
149306303,0.1556823934901621
149306304,0.23906955482519224
149306305,0.21544633010299613
149306306,0.10245383839956315
149298611,0.870088323943843
149298614,1.0177182789844599
149298616,0.557807053132037
149298617,0.4315894586018463
149298619,0.18609545496301602
149307201,0.20264954174980823
149307203,0.20008764770823978
149307204,0.2241026281408093
149307205,0.30935087393910987
149307206,0.1843293437040066
149307207,0.3811079436548742
149307208,0.1887465641764905
149293836,0.18165424416980644
149293837,0.1454630622318105
149293838,0.16370812875611654
149293839,0.20321308925933015
149293845,0.1454414143508383
149300038,0.09110850640223704
149300039,0.1431895099322718
149300040,0.07503529370032662
149300041,0.06871448019260301
149300042,0.0905460037412329
149300043,0.15792715353709494
149300044,0.0636217798783334
149300045,0.07017914937883869
149300046,0.11749440178401406
149300047,0.11256504797427704
149307675,0.1795071113963118
149300123,0.14637867138954846
149300123,1.455522406193275
149300124,1.211355817545549
149300124,1.6413190951127201
149300125,1.7403288534258639
149300125,1.8021975303595041
149300126,1.1120320480492223
149300126,1.3750299877862802
149308913,0.162217695169216
149308914,0.2802220523016372
149308916,0.26125761046367635
149298591,0.4434342987543397
149298592,0.32814566400753986
149298593,0.1591022823780862
149298595,0.22562887566821738
149298596,0.5060601286705362
149298597,0.1879072582778087
149298598,0.175161752666676
149298599,0.3319433168417725
149298600,0.3120292526370328
149308683,0.10416479585203144
149308686,0.09725376286140124
149308687,0.11444847674488742
149292803,0.2050073829214598
149292808,0.32355656041719577
149292809,0.31969024155196835
149292810,0.4581493447940946
149292811,0.507419511422117
149292812,0.14330860069353457
149297525,0.19740463290149507
149297526,0.6103481927313916
149297530,0.24411494230525937
149297531,0.18641186481055025
149297532,0.8978338613517298
149297534,0.23418562357949663
149293183,0.5257306516470226
149293184,0.7940429538945579
149293185,0.2260378450992237
149293186,0.27505772976504833
149293187,0.252681381390424
149293188,0.37403475626758315
149293189,0.2619067235119649
149293190,0.3619950388870798
149293191,0.3861795002361723
149293192,0.40854320636182356
149297504,0.2153133922943166
149297505,0.251324231545708
149297506,0.19071503642545018
149297507,0.4365870434356535
149297508,0.20361611381661177
149297509,0.22437326402639407
149297510,0.20837856730385693
149297511,0.46654636067694266
149297512,0.20175605141169364
149297513,0.528384728195465
149298038,0.12858138606141156
149298041,0.33713991329534126
149298042,0.1221741603907044
149298046,0.10848312549996512
149299973,0.11701043986980002
149299974,0.11693592064572145
149299975,0.10979044553414062
149309855,0.13466105070360987
149309856,0.12635440949825275
149300536,0.1529445896750439
149300537,0.17542377633528886
149300538,0.12302899420059293
149300539,0.11053677196347254
149300540,0.07096751927502988
149300541,0.06890033937580246
149300542,0.1291999240861945
149300543,0.13113055633012183
149300544,0.30958158370116257
149300545,0.10417278882883503
149300323,0.29902567581010875
149300323,2.738373892388073
149300324,2.349394126581534
149300324,1.5909830307764017
149300325,2.7154133054556597
149300325,2.591534408861072
149300326,3.037509330925586
149306706,0.09764825812209627
149306707,0.16151738804810828
149306708,0.9186680020481566
149306709,0.13317422445684354
149306710,0.6636587521634035
149306711,0.3423210005609191
149306712,0.22174615671466297
149306713,0.07662653632767424
149306714,0.21218353285838906
149306715,0.43327423753815714
149300382,0.5728160080262511
149300384,0.5223660636548978
149300386,0.4421202800238944
149300387,0.48876222590453117
149300389,0.5611924834478875
149300390,0.5035280023243837
149300391,0.7928457385921029
149306307,0.4770163669982352
149306308,0.48835760748876794
149306309,0.14158662867192992
149306310,0.14230191369506145
149306313,0.46856078627793013
149306314,0.4852016752368695
149306315,0.12290022033814603
149306316,0.1243690233860097
149307958,0.3020337057972099
149307959,0.3022076056495763
149307960,0.12733232782417475
149307961,0.1281492561336008
149307962,0.26444810737532765
149307963,0.11243662341026851
149307964,0.45513926555530565
149307965,0.44288399027879655
149307966,0.14744868687776325
149307967,0.6965261728117476
149308820,0.33330384271917235
149308821,0.3298910934599501
149308823,0.31166122658868284
149308824,0.2160980711450399
149308825,0.1324681826351516
149308826,0.12358857940840237
149308828,0.13907402476855754
149308829,0.1845473455443744
149292835,0.17202476184389304
149292836,0.19453286142104126
149292837,0.11560035916808001
149292838,0.2937899666647547
149292839,0.34206601732368513
149292840,0.25272505504483495
149292841,0.19282146833769628
149292842,0.11855945182204583
149292843,0.23346543918269133
149292844,0.23293135305195775
149307611,0.3430023324031306
149307612,0.18927018560234188
149307613,0.4516428669341712
149307614,0.14413443179588867
149307615,0.25382133756964115
149307616,0.2846108763204166
149307617,0.3847727401011615
149307618,0.1585149738375448
149307619,0.23702511390052922
149307620,1.4983001513529197
149292971,0.956601568530684
149292972,0.24945900950621666
149292973,0.454692026081648
149292974,0.6634177962729126
149292975,0.36411527761729934
149292976,0.24636477190438835
149292977,0.1555059360710075
149292978,1.2023960848120372
149309018,0.2586160029168038
149309019,0.23156840585013913
149309020,0.2582544903393144
149309021,0.17239722509742056
149309022,0.3398542114264074
149309023,0.2305787938651508
149309024,0.21240104873541082
149309025,0.2799710234437792
149309026,0.22502234530510798
149309027,1.8484606266947123
149307704,0.6350577050245285
149307705,0.6614290314143786
149307706,0.8463113734247187
149307707,0.7383415553861569
149307708,0.65567654413098
149307709,0.696515809872677
149307710,0.5324790154614663
149307711,0.6289851800093991
149307712,0.12987018994481445
149307713,0.7601539251832847
149297765,0.34304201266303025
149297768,0.7524445316350873
149297772,0.7878483396809873
149297773,0.16050907116747493
149306357,0.08861633300668699
149306358,0.08695119472178046
149292702,0.38473523846995344
149292703,0.3276672466925612
149292705,0.879470600101065
149292706,0.4187127018878504
149292707,0.2769799727267375
149292708,1.1832466162562572
149292709,0.8920565803384515
149292710,0.29687205726243654
149292711,0.8722975301711637
149293629,0.4597850851654347
149293630,0.19256612494515307
149293631,0.4297727215643254
149293632,0.2663727398269667
149293633,0.2545454370254824
149293634,0.7987185655705927
149293635,0.23473877627396883
149293636,0.41348467418009915
149293637,0.47165793509034226
149293638,1.00725720498481
149299545,0.11388652891984051
149299546,0.23455651532852562
149299547,0.15898148592887587
149299548,0.2724834812315857
149299549,0.2491165157242065
149297398,0.16932634854275674
149297399,0.12736769689722596
149297400,0.16949091815369255
149297401,0.14501340334631996
149297402,0.07419273426106787
149297403,0.0653739481845641
149300028,0.07826717536223352
149300030,0.08729142959226588
149300032,0.2639771054261753
149300033,0.08856307724951056
149300034,0.08013894759714377
149300035,0.07556836823570641
149300037,0.06684564354058607
149309157,0.4375895388114907
149309158,0.44588400325980176
149309159,0.4171011108344984
149309160,0.32523514013867066
149309161,0.2382989447664978
149309163,0.36837961749253584
149309166,0.6357796876293929
149307141,0.14115228851691364
149307142,0.23789514954311444
149307143,0.6705116677095294
149307144,0.19119838696616656
149307145,0.6375584931121605
149307146,0.4035688843280042
149307147,0.10158907423053719
149307149,0.2127269876016345
149307150,0.28795744877991536
149291869,0.2109925155239189
149291870,0.26346470768992253
149291871,0.16096179254977327
149291872,0.3625469123551778
149291873,0.12290584267754248
149291874,0.3546190482700637
149291875,0.11468562348626822
149291876,0.2962292602158385
149291877,0.11310221012102756
149291878,0.5992185072717551
149308047,0.22019438016391235
149308049,0.17773172541903856
149308050,0.17483714714518384
149308051,0.19074356717259527
149308052,0.2244024431400197
149308053,0.23511355744000156
149308054,0.21102645047659999
149308055,0.18136132205159838
149308056,0.19238619396031148
149298547,0.40638748764372823
149298548,0.9546289931156823
149298550,0.4762115578095815
149298551,0.8865497534894461
149298552,0.12559195083442323
149298553,0.4414501826249519
149298554,0.3624217654536438
149298555,0.9110891390907166
149298556,0.38999481838548483
149300155,0.1915104551021377
149300155,2.1970138066306837
149300156,2.249735888092383
149300156,2.15702179361125
149300157,1.9121207918977277
149300157,2.4062154933488062
149300158,1.8239368918466212
149300158,2.138461780621097
149300159,2.1539083734400095
149300159,1.201910340319314
149292927,0.17887623844142694
149292928,0.1643729833476703
149292929,0.1604279256305085
149292930,0.17928661436994867
149292931,0.1682715857834
149292932,0.2452103213810068
149292933,0.1870322068953669
149292934,0.24914260336169242
149292935,0.15004241333186988
149292936,0.17300156999354716
149309070,0.16960539941536562
149309071,0.14299368620966266
149309073,0.09453544061835387
149309075,0.1884585002855795
149309076,0.15817961898329264
149309077,0.1771700924927652
149309078,0.10024495768005035
149309079,0.23473275223557363
149297798,0.13080831286891847
149297800,0.5694332466624679
149297801,0.28601636773091416
149297802,0.13300993834877745
149297803,0.14967112525521978
149297804,0.10020368062187802
149297805,0.13572407732336322
149297806,0.16393873689073468
149297807,0.17283987478281662
149299439,0.16339537763139156
149299440,0.2553001885174341
149299441,0.17013488918649972
149299442,0.3193200072942085
149299443,0.18601717283351438
149299444,0.2053996239359716
149299445,0.19267416258661313
149299446,0.15450914763990617
149299448,0.12664424394668258
149291687,0.2313905706026405
149291688,0.17681469577508385
149291689,0.1984004914937651
149291690,0.1678660520879603
149291691,0.22082611180125586
149291692,0.17651023557700585
149291693,0.1700602728456349
149291694,0.20279748468414235
149291695,0.1870713806315601
149291696,0.22138459221730966
149308950,0.47954187065418524
149308952,0.3705350207133482
149308954,0.0941352570539183
149308956,0.10038496778495709
149309600,0.09370194950878999
149309603,0.10219725238373821
149309604,0.09373825886396307
149309605,0.0809944468946569
149309606,0.09293248123297658
149309608,0.08798977302564477
149309609,0.0868456371194089
149309749,0.10740050920770616
149309751,0.22830916443984883
149309752,0.11090776359584988
149309753,0.21135093634658825
149309754,0.11284017835606769
149309756,0.09565930777338771
149309757,0.12356595428203505
149306934,0.22174768304857487
149306935,0.2348037850610108
149306936,0.5922056467037188
149306937,0.5375303789770947
149291547,0.49730970958213744
149291548,0.4303740216326302
149300404,0.338701933313542
149300405,0.355225867998209
149291539,0.2457052296633027
149298758,0.20533033944729068
149298759,0.19591264958081017
149298761,0.17970512681450693
149298762,0.2557157746878199
149298763,0.22680788846543262
149298764,0.21277092597696246
149298765,0.4692945381163738
149298766,0.18412656316400186
149298767,0.20046032308038722
149307893,0.06935654075039373
149298651,0.2032231542491178
149298652,1.2027161251671648
149298653,0.1997160609484175
149298654,0.18703104927347652
149298657,0.18618624098877562
149298658,0.20000463035364036
149298659,0.1895838796748197
149298660,0.16439788661539062
149308212,0.18746356658484586
149308214,0.20375423910554621
149308215,0.19615214398910732
149308216,0.21056178342321705
149308217,0.21250654496589455
149308219,0.20437068412064
149308220,0.25128489092310274
149308221,0.40514545126277984
149292204,0.1800336034118205
149292205,0.4146132539855968
149292206,0.42185300242454293
149292207,0.18440396348775367
149292208,0.3212745542271003
149292209,0.19320792640062864
149292210,0.28325899985854947
149292211,0.25009137624222894
149292212,0.15072332045803788
149292213,0.22684011435639675
149291955,0.6851709197695142
149291956,0.582229308281953
149291957,0.6926802913462223
149291958,0.8314903381294073
149291959,0.7296543847293933
149291960,0.627205828496114
149291961,0.47224043402833166
149291962,0.597769005817297
149291963,0.4036404811814649
149291964,1.4074256922554567
149291531,0.164765560315999
149291532,0.18706394106546217
149291533,0.2956530367140431
149291534,0.26455451472167035
149297844,0.3764183146347699
149297844,1.3434592898598057
149297845,0.981370778384192
149297845,1.0863816245345308
149297846,1.2652121127288791
149297846,1.1718462183863925
149297847,0.8089305903715486
149299731,0.2196715603373643
149299733,0.14468980179426819
149299734,0.18328356174618093
149299737,2.3154070609009216
149299738,0.344821318315841
149299739,0.12259001274564144
149299740,0.17775732984053574
149307321,0.16156587863392383
149307322,0.2441368810904826
149307323,0.16158282346263186
149307326,1.8826812117117644
149307329,0.20515892214578646
149300276,0.15587800213702468
149300277,0.14190977620752004
149300278,0.11792165272843534
149300279,0.15252648898912322
149300280,0.11559131313262742
149300281,0.11511511457806425
149300282,0.11451252230316336
149300283,0.1159683375830713
149300284,0.1130355525287282
149300285,0.1205682083666719
149297869,0.1802411122832657
149297870,0.6946239837369703
149297872,0.24671367359603788
149297877,0.1734204544242343
149297878,0.721718102160643
149291805,0.06171932594323622
149291808,0.061903680555610956
149291810,0.06494062540106867
149291811,0.05116520149044242
149291813,0.07665779300689031
149291814,0.08106001732440031
149291825,0.14159433835056798
149291826,0.05989081313291326
149291827,0.06330983326854518
149291830,0.06014580425092667
149291831,0.1972548987678663
149291833,0.11710159523784673
149291834,0.061952122410044
149293582,0.6434442311140962
149293583,0.722188227597219
149293587,0.12791585748986806
149293588,0.1271267447466246
149293589,0.7031205175136321
149293590,0.6390351684071012
149299272,0.23011460118716348
149299273,0.21437996158909395
149309630,0.613438973851208
149309631,0.6566578749134993
149309632,0.7973498821830544
149309633,0.30605410602753497
149309634,0.7318126569514548
149309635,0.7882979931649401
149309636,0.8790491498635599
149309637,0.9394591661308067
149309638,0.7651495573685007
149309639,1.0423589670732516
149297868,0.16977399066222615
149298671,0.5995673010081676
149298672,0.13640006315700792
149298673,0.3905054475078129
149298674,0.14648363541832796
149298675,0.579009295612898
149298676,0.20851469234825135
149298677,0.5540084903636117
149298678,0.670496255330125
149298679,0.5412634621894912
149298680,0.14103346334309824
149299701,0.23422434217070043
149299710,0.5907542893767422
149309137,0.30487245695909637
149309138,0.12603858034733487
149309139,0.09080020406452219
149309140,0.34964488621435086
149309141,0.08607164939838868
149309142,0.39379978255679604
149309143,0.15993910792848842
149309144,0.15034301300912506
149309145,0.3096632946257617
149309146,0.1276448103807479
149292959,0.16545801216342287
149292960,0.29270055631152425
149292961,0.22120296011768661
149292962,0.1850148704729745
149292963,0.15851000481302954
149292964,0.15778146000761822
149292965,0.15737435556459317
149292966,0.15346877689627816
149292967,0.1557765087224164
149292968,0.19369172003429994
149300048,0.17581437964942526
149300049,0.16918786026360108
149300050,0.17544441366312027
149300051,0.1623049087616757
149300052,0.1545023077628389
149300053,0.19208132767982716
149300054,0.14373768144301205
149300055,0.12490175732822219
149300056,0.2231335817625439
149300057,0.2197865735484396
149293750,1.319801221938801
149293751,0.8314772888750442
149292855,0.6856337394400696
149292856,0.2547242530705566
149292857,0.2532146453652927
149292859,0.3973412063528688
149292860,0.27592992799352417
149292861,0.13905967792896085
149292862,0.2661134877878719
149292863,0.4965169508408066
149308836,0.19853767492067453
149308837,0.257365891032491
149308838,0.13168220415494278
149308841,0.12248520513875924
149308842,0.1694464146850938
149299741,0.30196953197494614
149299743,0.1812685271245168
149299746,0.20647895132997315
149299748,0.22733283057504503
149299749,0.3204463308054574
149299750,0.6115272633466475
149299898,0.44516903482634645
149299900,0.4809859366428367
149299903,0.06967433338123358
149299904,0.07685173423659057
149299905,0.3604225924439968
149299906,0.3773070163603545
149299907,0.12341288182899753
149299127,0.1717616898673521
149299128,0.19208472938060053
149299131,0.18467403746713146
149299132,0.1963537178713751
149291763,0.28439191003555525
149291765,0.34403340267455695
149291768,0.13964111133644838
149291769,0.29065392390205597
149291771,0.6507166640077501
149291772,0.20289134691812924
149309806,0.2262904425316463
149309807,0.20059238797314274
149309808,0.09888393109457368
149309809,0.2079290056427333
149298204,0.13821806383860977
149298205,0.5203838708187706
149300363,0.5861555006248356
149300363,1.5368104860836895
149300364,3.7316007209502553
149300364,3.1063873325728966
149300365,3.5729448922609897
149300365,3.2173044903814687
149300366,3.4810523220825345
149300366,3.3016097587734463
149300367,3.2092586476676273
149300367,1.8745450430084196
149298473,0.31067476444926057
149298474,1.7214942526488857
149298476,0.3976289758111085
149298477,0.36048903418482275
149298478,2.2045690969922416
149298479,1.2176318984822858
149298480,2.259037592513441
149298481,0.6104347243350575
149298482,0.41655133543220785
149291665,0.24321508914115647
149291666,0.23890925817691935
149291667,0.17750209913158813
149291669,0.18051887007475315
149291670,1.6290908884001467
149291671,1.5810834090465835
149291672,0.24733989056379457
149291673,0.25477398240324434
149291674,0.1786943049145624
149308433,0.21065646095543678
149308434,0.7667722820880474
149308435,0.49533478572071493
149308436,0.3770568019062703
149308437,0.4929661281401848
149308438,0.3819626874613941
149308439,0.4735543751540989
149308440,0.2587977223618392
149308441,0.20950464145137743
149308442,0.1706612771456843
149299040,0.37925142553980556
149299041,0.10434295538658432
149299042,0.33027387782459167
149299043,0.1957090075044511
149292845,0.2999520209785751
149292847,0.21976753021208753
149292848,0.6205706036240776
149292849,1.099301714350385
149292850,0.19977282492759732
149292851,0.3331202973186091
149292853,0.7128733729625107
149292854,0.23615797512566047
149307539,0.5220180009391023
149307540,0.08297505035013009
149307543,0.46590628702327663
149307544,0.5076123366016341
149307546,0.13621784588681712
149307547,2.003036698101633
149299505,0.2845376482982901
149299509,0.21427302938340018
149299510,0.33580116446215946
149299511,0.21374047880420785
149299513,0.32737007724299605
149299514,0.23735275313608215
149308893,0.22321397676364144
149308894,0.24648213603794428
149308895,0.5091871225523592
149308897,0.3313671048809975
149308899,0.2621361646033633
149308900,0.37563594762508107
149308901,0.21170345661251247
149308902,0.17119944453390926
149292949,0.2747174195464997
149292952,0.3187918544558601
149292955,0.2938561284403393
149292956,0.27789800922123886
149292958,0.4072519464854558
149309610,0.1054718178909882
149309611,0.398333900431969
149309612,0.2969037843832546
149309613,0.21934204017682393
149309614,0.5250147901378176
149309615,0.8466023385239309
149309616,1.2841502296871066
149309617,0.49378566475901375
149309618,0.6578861715980856
149309619,1.0510706300615207
149309521,0.26829699475403324
149309522,0.18235622638068724
149309523,0.07192050150169224
149309524,0.18981853482992736
149309525,0.2093837414842976
149309526,0.06562148120531638
149309527,0.2776962884747942
149309528,0.11196311075948745
149309529,1.2199866800096388
149309530,0.21171287917475878
149307284,0.1482486599606993
149307285,0.10612935354412478
149307286,0.45439544432204315
149307287,0.11363663475858647
149307288,0.15756771794717617
149307289,0.15186141660201205
149307290,0.1625767922958475
149307291,0.10381090702123352
149307292,0.102070068735602
149307293,0.12472025970138659
149291703,0.16963494933622641
149298281,0.299131212031013
149298282,0.20607960176517434
149298283,0.3265406218999558
149298284,0.8653014619741316
149298285,0.20661769964790122
149298286,0.6275160692838674
149298287,0.19213941645530525
149298289,0.2361073124423371
149298290,0.19163018088101028
149300445,0.21760565143638447
149300446,0.20985390959736042
149300447,0.21413323951485824
149300448,0.22421403805561754
149300449,0.36853253582437323
149300450,0.34727546063970255
149300451,0.16199276514121322
149300452,0.15138419597473157
149300453,0.3487876265969683
149300454,0.15574156376224096
149307171,0.15073089299811973
149307172,0.112895582527332
149307173,0.12962210008582328
149307174,0.16023867168334444
149307175,0.09005606546582005
149307176,0.19478144792661412
149307177,0.14090521770043135
149307178,0.09577963821111797
149307179,0.10266593660915614
149291563,0.1398725096915746
149291564,0.18300475181246004
149291565,0.28691027659029966
149291566,0.14482869429554523
149291567,0.5904075715222193
149291568,0.17300103958762805
149291569,0.2596657946889821
149291570,0.19613499051288735
149291571,0.6119896867224998
149291572,0.2538597722531477
149293639,1.2910996628008946
149293640,0.3336711830111374
149293641,0.31120715978448066
149293642,0.4331673546556327
149293643,0.45157413683545566
149293644,0.7990027658917342
149293645,0.9197020228012401
149293646,0.7905264710613148
149293647,0.598195346604702
149293648,0.5226667258297666
149309223,0.21889405513481514
149309225,0.3239697077246593
149309226,0.2360349142415799
149309227,0.38496239164845547
149307694,1.3275930236331603
149307695,0.9983562990211404
149307696,0.897750158744299
149307697,0.3716578398475986
149307698,1.5827728961261214
149307699,0.8285668534768493
149307700,1.606529252705421
149307701,0.34770512463714687
149299347,0.1368650240609697
149299348,0.16360952165650267
149299349,1.2187377847775385
149299350,0.46177883454082086
149299988,0.0778432008539039
149299989,0.08094893611210159
149299993,0.08707157918362485
149300400,0.40422943980579956
149300401,0.38575285588294034
149300402,0.3160085481279746
149300403,0.3007764244643419
149291856,0.2110035133112877
149291857,0.5085762327860822
149291858,0.1137507911665541
149291859,0.46089001660985307
149291860,0.2179818728157479
149291861,0.13514675225151074
149291862,0.1227805939352695
149291863,0.12146550961656823
149291865,0.27507097005889614
149300526,0.21450239054990933
149300528,0.11938690098266702
149300529,0.13614146101075375
149300532,0.11779494651608792
149300533,0.23416161864771742
149300534,0.2114205740989224
149300535,0.972613106008958
149309660,0.22904607453691306
149309661,0.12401043207898188
149309662,0.17164923093799653
149309663,0.12398002348367498
149309664,0.36817633526323384
149309665,0.26346222031723265
149309666,0.2291418080089584
149309667,0.2769515396788343
149309668,0.19125952840664906
149309669,0.17727320819588696
149307671,0.23623792808013266
149307672,0.18221341958427817
149297346,0.12206115939210244
149297347,0.1373248451543107
149297348,0.5060694280133353
149297349,0.07231437485527262
149297350,0.0822578489434381
149297351,0.06894672357843008
149297352,0.06744445327147035
149297353,0.0701770390654601
149297354,0.09603680333439563
149297355,0.11262223246353673
149293078,0.07884824483195885
149293079,0.29003579786711564
149293081,0.6869964833692533
149293084,0.29055464378267676
149293085,0.23100165104002598
149293086,0.30583190033035507
149293087,0.3747675072667339
149292264,0.2808745768843205
149292265,0.23178321384754064
149292266,0.24205730431858505
149292267,0.5411902939587623
149292268,0.4868719433407152
149292269,0.20669672770369904
149292270,0.19248468801150567
149292271,0.39091449876940426
149292272,0.37713715791910735
149292273,0.17098649276911523
149292478,0.20504627854237056
149292479,0.3781875237339558
149292481,0.2661696441287043
149292482,0.46117448622482077
149292483,0.1861788761170104
149292484,1.1290749107770133
149292485,0.21608499766719189
149292486,0.8797349219612325
149292487,0.42849839067111534
149307180,0.3326057520156315
149307181,0.13526170648195052
149307182,0.3900683701522643
149307183,0.561616490810598
149307184,0.14827615730028879
149307185,0.19500575284053068
149307186,0.2226150205313841
149307187,0.38167031166416343
149307188,0.5152329306616714
149307189,0.11227149988822523
149306537,0.736887699107089
149306538,0.3774003364587945
149306539,1.0612558242691563
149306540,0.3175571388728899
149306541,0.11986961357770053
149306542,0.27185190061103753
149306543,0.31001975787628533
149306544,0.20369129636163597
149306545,0.7524736903884918
149306546,0.18740012916478288
149306568,0.2016808282064884
149306569,0.5837129520275974
149306571,0.33156424819174085
149306572,0.19195000236052281
149306573,0.36212915433911896
149306574,0.2604587735458181
149306577,0.21674956025922537
149291975,0.6370793525718299
149291976,1.3299885026234899
149291977,1.092934651377279
149291978,0.9259690807618406
149291979,0.6295648443607017
149291980,0.5339727851730318
149291981,1.3174085117698673
149291982,0.8359763004298385
149291983,0.8950795911072768
149299616,0.5581803595615549
149299617,0.28175210557644864
149299618,0.2116561871352432
149299619,0.29172643307695534
149299620,0.1609259441679019
149299621,0.2604866657601361
149299622,0.0558026327995066
149299623,0.21700958321250877
149299624,0.10104469519167535
149299625,0.33343203979666575
149297716,0.07933090826685778
149297717,0.29079257380367146
149297718,0.09979215299619469
149297719,0.3227318851064071
149297720,0.09981916540990936
149297721,0.08460983259717479
149297722,0.4144884682170069
149297723,0.06459870322123717
149297724,0.07867574448843914
149297725,0.08407310919085265
149300333,0.36692227376806935
149300333,2.8080617006322512
149300334,3.434394026084296
149300334,2.9434429173820504
149300336,1.7820314354223739
149300336,2.573139261918675
149300337,2.849558975708322
149300337,2.730403666882879
149291495,0.2350342614393197
149291496,0.23712244020261114
149291497,0.6045947930554679
149291498,0.6366274591896575
149291499,0.7552408335130459
149291501,0.7664408974623165
149291502,0.5721525353199913
149291503,0.3550027070515732
149291505,0.4591736691738656
149291506,0.40771900661157406
149293767,0.09593383809336024
149291815,0.05799579289542946
149291816,0.061164651984036436
149291817,0.057145804244870674
149291818,0.05812027811916887
149291823,0.05597727540153127
149291824,0.04938016226472798
149293386,0.23205896071045792
149293387,0.14955857952839793
149293388,0.45271259757451743
149293389,0.17530980303746926
149293390,0.40837789617204456
149293391,0.22432144671214418
149293392,0.2770655650969155
149293393,0.324962998660035
149293395,0.2055772907000872
149298078,0.19488168801110162
149298079,0.220211049775074
149298080,0.14458771491518607
149298081,0.25446902420957573
149298082,0.6784406777485641
149298083,0.13301730069702283
149298084,0.7267858428520477
149298085,0.1772759374474439
149298086,0.24649144146471616
149298087,0.3280979743579872
149300068,0.2661063828818685
149300069,0.22029597817306887
149300070,0.21664145750424915
149300071,0.2710162920245758
149300072,0.3294662194276586
149300073,0.20262227799417784
149300074,0.27421259325674563
149300075,0.2398696105980773
149300076,0.5174275489783403
149300077,0.23382700255378094
149291803,0.06663074541175591
149291804,0.17589028736664422
149291937,1.6731725118408651
149291938,0.5052392653180631
149291939,0.46758574079693827
149291940,1.3038284366562547
149291941,0.6057640182319265
149291942,1.1632647936043508
149291943,0.9135774641188807
149291944,0.8521867161065199
149291945,1.0880123870633767
149291946,0.6689195505893614
149307792,0.14893339446253084
149307793,0.13546217199420918
149307794,0.8619961464527468
149307795,0.8607711470207664
149307796,0.3560320917517783
149307797,0.6243643608585071
149307798,0.1085111189142343
149307799,0.6149028597677626
149307800,0.38682608965109294
149307801,0.1095484976509184
149299908,0.09350760329325361
149299909,0.4345273944461248
149299910,0.3250847916373416
149299911,0.0897394524965648
149299912,1.7229136098448967
149299913,0.32011552898033124
149299914,0.29809373434150255
149299915,1.5809596435769273
149299916,0.7798664475926378
149306763,0.3030102576740951
149306764,0.26261053201481144
149306765,0.22077099670726646
149306238,0.04972726755109486
149306239,0.0501512492953186
149306240,0.06081678323419736
149306241,0.09536354962490547
149306242,0.06070681335008417
149306243,0.05779478271234971
149306244,0.06259285382114238
149306245,0.06017738986037079
149306246,0.04847646211920166
149306247,0.1545563506974017
149299345,1.356375515502624
149298228,0.3977388972152088
149298230,0.639657030298696
149298231,0.8362804875832442
149298232,0.3569311825054604
149298233,0.3415617814791939
149298235,0.4052222827047686
149298236,0.8045809320186532
149298237,0.6085632625299678
149293859,0.48615062637189865
149293860,0.6234607495500741
149293861,0.3534130107565991
149293862,0.33563757428749663
149293863,0.9460159456053778
149293864,0.5062003519095994
149293865,0.24987538496859787
149293866,0.3341257771711706
149293867,0.2647834429221475
149309201,0.3671911895474042
149309202,0.3765687365889736
149309203,0.21401754547434002
149309204,0.22250646441862862
149309205,0.31626189570461505
149309206,0.2215718807010132
149309207,0.21311321300560207
149309208,0.2327857837727129
149309209,0.2933745380595354
149309210,0.23487551799464865
149298768,0.19523814972770992
149298771,0.32372960394294803
149298772,0.17485007820020318
149298773,0.27359761580864134
149298774,0.1074378204217139
149298775,0.16108091693999355
149298777,0.4541854080713911
149293714,0.8605300798251072
149293715,0.8875260958358241
149293716,0.9603919677883965
149300511,0.17402120873763982
149300512,0.2686088171083395
149300513,0.13458396355953423
149300514,0.2183925660005412
149300515,0.15823735085545632
149308806,0.8075124496751667
149308807,0.8355601421760495
149308808,0.16004066666114614
149308809,0.9533870412252675
149308810,0.1592331517072098
149308811,0.11019837300569493
149308812,0.25269156394668896
149308813,0.14874782630150518
149308814,0.20150262966312668
149308815,0.5057655200032598
149297905,0.2854275968744638
149297906,0.24161921261270158
149297913,0.19362037246527694
149297914,0.2782340925751807
149308772,0.4297115059879978
149308773,0.4715530711788493
149308774,0.5819487488099772
149308775,1.1343815229482523
149308776,0.18585246756074625
149308777,0.4964308793041943
149308778,0.39115842899620723
149308779,0.4624634411885683
149308780,0.31663956167285773
149308781,0.2802100242084842
149307583,0.2043223320913438
149307584,0.18936197337819255
149307585,0.5968815423142307
149307586,1.774467256009492
149307587,0.4572921452338091
149307588,0.2150233272827543
149307589,0.1488466210822194
149307590,1.610408321261413
149307591,0.22490105726917695
149307592,0.1394919966465177
149300353,0.9080834674985341
149300353,1.7264867256271657
149300354,1.9068906167201638
149300354,2.8625144112170164
149300355,2.3988430750378402
149300355,2.9065088647842647
149300356,2.4460915221312023
149300356,2.1633194737133774
149300357,1.881374210966584
149300357,2.2136833573537373
149291855,0.14227222773696177
149308855,1.102415248394783
149308856,0.27268839341921713
149308857,0.12091989011633564
149308858,0.22944558481699606
149308859,0.7993622019429786
149308860,0.09953461042523719
149308861,0.12401227396120182
149308862,0.2227984113577831
149308863,0.09400793370103674
149308864,0.40765002828255764
149299629,0.13134238778057825
149307739,0.36063879760792134
149307740,0.3922145538495096
149308262,0.19682117823848644
149308264,0.14049186498423416
149308266,0.2074902582975964
149308267,0.13489940989198598
149299606,0.07342986131136994
149299607,0.08409271445958809
149299608,0.06985777811487838
149299609,0.2105424548222772
149299610,0.07398245653880307
149299611,0.08260370715294392
149299612,0.07921355685526989
149299613,0.07960170679324088
149299614,0.08203722325464918
149299615,0.0845798205437364
149293727,0.687969522740563
149293728,1.431010883366186
149293729,0.9816238361614984
149293730,1.0009138275914395
149293731,1.3302059595493543
149293732,0.7488750339193511
149293733,1.072349583688117
149293734,1.1193826846809662
149293735,0.7586759693651183
149293736,0.7893750457225482
149298058,0.11056563970324391
149298059,0.12134589383955569
149298060,0.14725038302771915
149298061,0.1305136340824738
149298062,0.21070424884364466
149298064,0.12414972665376742
149298065,0.32000504340687214
149298066,0.30304738342517534
149298067,0.25921756488330777
149292813,0.15522705082828123
149292814,0.19843512191845483
149292815,0.34834100951561625
149292816,0.25317164320099195
149292817,0.23661969967687527
149292818,0.516940656927913
149292819,0.5307235218281215
149292820,0.7607143328614767
149292821,0.6148325614882753
149292822,0.28517877139529546
149291650,0.7777911248844025
149291651,1.385807941452446
149291652,0.6149060912563127
149291653,1.7026559135414914
149291654,0.5131826464263879
149291655,0.87142384331252
149291656,0.9185111925350283
149291657,0.37388402893984435
149291658,0.5660314712978419
149291659,1.9615697630444406
149298750,0.1828343963668729
149298751,0.1780267696437975
149291610,0.11793654537124963
149291611,0.11928583936640659
149291612,0.13168562196898972
149291613,0.10358117096283798
149291614,0.11931535240476404
149291615,0.2430443522884765
149291616,0.17761092932201888
149293816,0.683302795296644
149293817,0.60722289173274
149293818,0.3676272011199713
149293819,0.4854223909512752
149293820,0.5273543801554103
149293821,0.4294041239294032
149293822,0.6029204038762617
149293823,0.7126307726518817
149293824,0.8537475265890402
149293825,0.5447232644832173
149307076,0.27000669563749163
149307077,0.3139334355299813
149307078,0.37828322834538974
149307079,0.26709457657022234
149307080,0.2764095506538123
149307081,0.2805646958496543
149307082,0.30627722697199367
149307083,0.469839657568752
149307084,0.2850788609348671
149307085,0.34916490936189876
149298148,0.2894358236789044
149298149,0.2629714946009341
149298150,0.3905382948605911
149298151,0.1714709106613547
149298152,0.4548213851181426
149298153,0.4949172312064163
149298154,0.8586876982650126
149298155,0.5906536027071522
149309191,0.30162933363013433
149309192,0.22510084002880354
149309193,0.24014715713786666
149309194,0.252929464664541
149309195,0.17142240584723736
149309196,0.1934361004626612
149309197,0.18897435893073655
149309198,0.20757841385411166
149309199,0.20012971979974126
149309200,0.1949715800558313
149293768,0.050503485793498754
149293769,0.13442395702324217
149299596,0.9844520350568546
149299597,0.29963507777824605
149299598,0.15940061928736435
149299600,0.541967980494265
149299601,0.22631795317907186
149299602,0.2568857892627784
149299603,1.3732131091086786
149299604,0.6874846268180463
149299605,0.29924957578141603
149297697,0.22956909394545852
149297698,0.15853121476314533
149297699,0.318278273456561
149297700,0.31801850353381544
149307344,0.08540820886798715
149307676,0.08842965100087888
149298836,0.05353418826787185
149298573,0.8498296881959151
149298574,0.8465744259515346
149298576,0.8345700160898152
149298577,0.8231796951499579
149298579,0.9784881874353284
149307031,0.11642220814273191
149307035,0.7344006688479678
149307036,0.7425492217186053
149307038,0.6334358879652329
149307040,0.6323762399041716
149307041,0.18473308684249856
149307042,0.21899567101902287
149299796,0.21452935130878736
149298580,0.13202132715323334
149308408,0.291017663466264
149308410,0.44505802470796524
149308411,0.4467684656875878
149300440,0.10350550865407623
149300455,0.1255582086808431
149300456,0.13489759874249196
149300457,0.10206330453842322
149298433,0.034704734853898564
149306428,0.5107599741951128
149309436,0.2965324855571598
149307253,0.09722599535238977
149293409,0.14531797366190322
149307693,0.145124175469631
149297524,0.08095803645127092
149308404,0.46405642586460616
149308406,0.3077860980201554
149308407,0.1758814417544279
149299819,0.46845086175552714
149299820,0.4868115612606653
149299821,0.8979952179040859
149299822,0.8862030717572742
149299823,0.5656919471519746
149292865,0.164977169623642
149292866,0.11884500930390404
149298377,0.04966817839020154
149300547,0.07878904597362157
149307803,0.16242036803357351
149299177,0.04330459465337361
149299178,0.05892536630950757
149299179,0.058984450527022995
149298353,0.8310961519699034
149298354,0.8337732967838728
149306400,0.08418127361881879
149306405,0.24030982180093236
149306406,0.12424110836723508
149308923,0.172026812465153
149308924,0.1647317589136946
149309434,0.41433595989504984
149298398,0.8539354507924991
149298399,0.8562673086387924
149308976,0.08315147067770726
149308716,0.08550219568944466
149308718,0.1425810068848496
149308719,0.30443641262848603
149308979,0.23642580703789656
149308980,0.1015840401472687
149308981,0.2793120264432495
149308982,0.2728369049557542
149300286,0.09025108166709024
149291889,0.037903502756588194
149291890,0.5718185420854685
149293353,0.48700380664560017
149293354,0.15778324364567045
149293525,0.25737356894375796
149293527,0.31490764232157514
149293528,0.283411018059531
149293530,0.36318391974398395
149293531,0.28281299956704004
149293532,0.2724760799099205
149293533,0.3699563130532597
149293534,0.3727980954111689
149306775,0.0947769591489745
149306776,0.09512895052495193
149306777,0.04378387290236295
149291480,0.09120040163138324
149299346,0.1954761303591005
149298201,0.10329372280256448
149298130,0.13021068365027486
149298131,0.1961417517936091
149298132,0.7211473798904887
149298133,0.3484528351558724
149298134,0.09897977848225754
149298135,0.10507023443354743
149298136,0.9043361976907319
149298137,0.8977670278765097
149298138,0.10365282473039976
149298139,0.12678237554659796
149298140,0.09138331574699281
149298141,0.17006691804318347
149298142,0.9147896741661549
149298143,0.8939926113031669
149298144,0.20537639072548508
149298145,0.09800027044999259
149298146,0.09364585521183043
149298147,0.18928175357518218
149309759,0.2685243796965166
149309764,0.37593563043127476
149309765,0.1977050247377311
149309767,0.23142729607518261
149309768,0.6768069102603629
149300489,0.3383242929116799
149300490,0.3772420186153497
149300491,0.9233938248695372
149300492,0.59043677274634
149300493,0.40048230614737745
149300494,0.34842699656890896
149300495,0.6892037923553485
149300496,0.36338295843843904
149300497,1.2524173427170415
149300498,0.6644405064102704
149297711,0.1254014878178533
149297712,0.1151431133664369
149297713,0.17645706398631836
149297714,0.4299500277667825
149297715,0.4323715369262317
149299765,0.318834276548318
149299766,0.4096438848606235
149299771,0.32504954281846393
149299774,0.18361216765588603
149292979,0.9832388584627442
149292980,0.5773186105193091
149292981,0.20813015790671502
149292982,0.8819741573875948
149292983,0.186445610215359
149292984,0.5898591924685047
149292985,0.15586475876337896
149292986,0.15952014191023367
149292987,0.5939709368563177
149292988,1.219673975432408
149294257,0.23023663725459975
149294258,0.32138381527696874
149294259,0.643805434144069
149294260,0.22633253999215916
149294261,0.212395917348301
149294262,0.33904883008312736
149294263,0.39046098905084536
149294264,0.25245248137222687
149294265,0.33246513600150107
149294266,0.38211965367288697
149298126,0.09176241219303914
149298127,0.18758363112241788
149298128,0.14866909057014763
149298129,0.14798910058375156
149308194,0.2102769654189801
149308195,0.6417119105163052
149308197,0.23836285670196208
149308198,0.29091491620173193
149308199,0.6523415365123855
149308202,0.3994761758623262
149308203,0.21096555247330095
149306218,0.0982022416445607
149306219,0.33349899685380785
149306220,0.12904049440370358
149306221,0.34157059177959737
149306222,0.13829930401062226
149306223,0.848013247552988
149306224,0.9006934225132469
149306225,0.20639342384167225
149306226,0.10575538368696427
149306227,0.09170429919368488
149308204,0.11967173824702908
149308205,0.11955320863765957
149293717,0.8819500799680483
149293718,0.8388833304687191
149293719,1.4282160417375427
149293720,1.1649425244014815
149293721,1.3475371205074682
149293724,1.463032692465277
149293726,1.582857955509856
149299662,0.15774144194254117
149293669,0.8270198131400389
149293670,0.35666091391455523
149293671,0.5126909915381558
149293672,0.8244506673170066
149293673,0.5882953597608441
149293674,0.3107253491830708
149293675,0.25279327942371915
149293676,0.7729939785493345
149293677,0.31582212807119825
149293678,0.5151846796539479
149299176,0.05476824529180828
149306692,0.07694506646246126
149306693,0.2444737487734268
149306694,0.24465704422587173
149306695,0.05789841537748358
149300444,0.09402323218515947
149298835,0.19400170258489197
149299351,0.14446008342467184
149299352,0.1259892005470943
149299651,0.0642148705033736
149300509,0.0683482561801291
149300510,0.04998178891541247
149307190,0.04445496054976976
149297960,0.030323061561001678
149298866,0.18340451340269442
149307876,0.024105915996164188
149306360,0.08042113732476987
149306361,0.20970991606148806
149306362,0.7470745419983387
149308495,0.23995630650266456
149308496,0.2423410742980024
149308499,0.23291619171559166
149308500,0.15813252414505008
149308501,0.16672077249029568
149307468,0.01856745269083151
149306778,0.07408814468665556
149306779,0.22847532708853005
149306780,0.40532542877795863
149299031,0.15425181847887565
149299032,0.15711330845737495
149299036,0.23250535432344432
149299037,0.24224266297953048
149297287,0.18545003886550518
149297288,0.11902454457728731
149308336,0.03635594124874782
149306888,0.0868470453507
149307339,0.07421934339069663
149291866,0.0819867417475642
149291867,0.1592460758120453
149291868,0.11755900384703748
149299267,0.019062067403994794
149299209,0.03764153994259962
149299210,0.05135405446402976
149298025,0.10308153286860353
149299784,0.16365459902758503
149299785,0.25421742693537247
149297381,0.12846597742169721
149297383,0.3498738070609649
149297385,0.1826754320536453
149308448,0.07628543462267592
149308449,0.2104353314089141
149299270,0.08790921256269917
149299271,0.059864211016909426
149298434,0.6240007249113514
149298435,0.7829205299185688
149298436,0.6578301209503881
149298437,0.6566417176599761
149298438,0.7814499098165638
149307096,0.20841374841387958
149307099,0.09509365692099198
149307877,0.08830948676581907
149309437,0.40005900180568926
149291639,0.046996970274258226
149307025,0.05993867013255148
149307026,0.30971745369725906
149307416,0.09013213528552587
149307417,0.0640071400854024
149307418,0.06383190200939476
149309463,0.145776753141212
149309464,0.14560601129359443
149309466,0.4385306901117818
149306582,0.12568706694797366
149306583,0.10902645847386352
149306584,0.2156130897954684
149306585,0.08553770209270588
149307505,0.049698505358221394
149307506,0.08437432669252967
149307471,0.2896062892286623
149307472,0.2901504314057586
149292993,0.14693554462868105
149292994,0.19248238586461183
149292995,0.14320076083907565
149292996,0.110817683454899
149299027,0.10845304856221034
149299028,0.16128811307102522
149299029,0.10544970131811308
149299030,0.10423532904859535
149297310,0.05446525734790207
149297311,0.08889586483829719
149297434,0.1859630124187476
149306393,0.10218650732961872
149306395,0.13696729689848816
149306397,0.13361252145165076
149306399,0.1724310098469479
149309295,0.07544227714189232
149309297,0.13717251889768095
149309298,0.1078112896658488
149309299,0.12032668790464392
149309300,0.07788102437539962
149309303,0.1456456691928879
149299826,0.5633409758139057
149299827,0.5326578535286663
149299828,0.48587886766113425
149299824,0.496491729670098
149299825,0.8993968156416529
149308450,0.24397136061111044
149308452,0.47378193393287765
149308453,0.09322324124857348
149308454,0.14902789527002913
149308455,0.13092117572022455
149308456,0.08373490462197304
149308458,0.39628447821657586
149308485,0.09633164722586911
149308487,0.1351020805032941
149308488,0.12710030423022092
149308489,0.18259961142626777
149308490,0.10615562330574098
149308491,0.1432433649408579
149308492,0.22650810043494674
149308494,0.16027600328138017
149306547,0.03185272266240623
149307404,0.11673263376536044
149292035,0.1364902696839597
149292037,0.13289999809971662
149292038,0.22472385432707895
149292039,0.38238078811653403
149292040,0.18062036669853665
149292042,0.12699380373769292
149292043,0.13528547482133882
149293700,0.7928254476170793
149293701,0.7992513232266828
149291627,0.105472379311257
149291628,0.1062261152907014
149291995,0.09486442401845901
149291998,0.1366974667215156
149291999,0.36797676815346464
149292001,0.24384735434924804
149292004,0.24161563138549574
149292057,0.17959591059127195
149292058,0.4132444859383383
149292059,0.14772313172552165
149292060,0.1902347943288861
149292061,0.6974138532145322
149292063,0.21170246271335216
149292065,0.17112080937999008
149292066,0.14737228640560068
149306179,0.11455438137890314
149306180,0.09182361742629078
149306181,0.15574919401415885
149306182,0.07741621560175195
149306184,0.16439284085858255
149306185,0.21652805225684055
149306186,0.13798584956522025
149306740,0.09438452184173737
149306741,0.09757976176939129
149306746,0.08361093147017953
149306753,0.06015024408446623
149306754,0.052965122451650234
149306755,0.09035198260978333
149306756,0.0669845084472171
149306757,0.07042144407085306
149306759,0.13150954026172376
149306760,0.09678499181418371
149306761,0.4074886252797024
149306762,0.11853969455473241
149309317,0.10579218342726265
149309320,0.12246696774237971
149309321,0.1258970032977041
149309322,0.15499084206154254
149309323,0.15486637747786489
149309324,0.7909735231875749
149307766,0.08277077667806938
149307767,0.10599191521074153
149307768,0.11133475276515552
149307770,0.1397378719589411
149307771,0.13849733893496663
149307772,0.24907886998257814
149307773,0.4912842519168933
149307775,0.13290977064606346
149297254,0.04501248429218654
149297255,0.0446496857369203
149297256,0.06198430634922757
149297468,0.05668763153480735
149308977,0.24825688072306454
149309670,0.0858114111683287
149309671,0.08297825308994661
149309672,0.08313882201713235
149309674,0.1395304978121982
149309675,0.1434478584225339
149309676,0.3392757777863521
149293104,0.14578190884494924
149291936,0.4020759339551237
149292745,0.11168305393047352
149291507,0.19865494643828416
149291508,0.15811183613292476
149291509,0.15299193520116758
149291510,0.29823560730980486
149291511,0.11532835418591501
149293269,0.12178824170770722
149294184,0.4115528055101836
149294185,0.10300387906136577
149294186,0.9140320957466129
149292142,0.13248690489629472
149291619,0.1904329651612137
149291620,0.1890478424233121
149291621,0.18669523154053938
149291622,0.31217242919035026
149291623,0.16659962891534066
149291624,0.31655441131069967
149291626,0.3786488818898195
149291617,0.08603043499685253
149291664,0.10206859885292231
149300612,0.10658525359207778
149292877,0.15806536853731448
149292878,0.1400910811830493
149293355,0.2054759125200922
149293356,0.20849429474037343
149293357,0.180834589544346
149293358,0.11343930383713624
149293359,0.09609542356215899
149293360,0.09647942487497127
149300165,0.10085914407229893
149294063,0.46288101768813367
149294064,0.6167579496012252
149293182,0.15858158573352546
149308917,0.2356294337510095
149308918,0.15412212521411695
149308919,0.20755900756436246
149308920,0.18429872173061776
149308921,0.1891269793569507
149308922,0.12357481393725972
149291773,0.8081034350232442
149291774,1.510834304163692
149291776,0.671145885311589
149291777,0.8337674270023647
149291778,0.5322556547714076
149291779,0.7508152683656721
149291780,1.0328634854465895
149291781,0.29219649146469673
149291782,0.663296471105533
149309549,0.41635346240238713
149309550,0.7950660774338785
149309551,0.28309108219721885
149293505,0.34041659259960094
149293506,0.33738695927352713
149293507,0.46579271626942453
149293508,0.41116271475462146
149293509,0.4357740928129872
149293511,0.5583833227017896
149293512,0.3996227932737043
149293513,0.6072685174834347
149293514,0.4670825703526132
149298726,0.5456562310994298
149298726,1.4678692025275792
149298727,1.0833342779790864
149298727,1.5864707182716096
149298728,1.05021781943536
149298728,1.536281715709558
149298729,1.4704646390451885
149298729,1.6641123292381157
149298730,1.4855710780484896
149298730,0.9785146303201914
149309101,0.33511537230690663
149309102,0.11215476268070733
149309103,0.36067783170544354
149309104,0.5584791200012941
149309105,0.2671866512315733
149309106,0.14849407222843813
149309107,0.1100652385698795
149291549,0.12165949382545536
149291550,0.11816052702283442
149291551,0.1315717663686336
149291552,0.19663070836344848
149293203,0.18050502214850825
149293204,0.11325840870760463
149293205,0.2311022399551101
149293206,0.10825548419396679
149293207,0.12215636266423834
149293208,0.312979546859404
149291475,0.16760796236651973
149291476,0.11456217795271624
149291439,0.03472511600148952
149293899,0.28322816461058636
149293900,0.3618791694327359
149293901,0.38297960425341554
149293902,0.30490634514382053
149293903,0.44222062742388013
149293904,0.7842993497812918
149293905,0.18921832379609382
149293906,0.6642033136722036
149293907,0.21209361948364147
149293908,0.16708174891995123
149300144,0.06575002933834236
149306486,0.08757108325671584
149306487,0.09219137054112164
149306488,0.2159323249106149
149306489,0.14088773126371712
149306490,0.20749248856903726
149306491,0.060914543212811756
149306492,0.20006112891098995
149306493,0.27627033671374923
149306494,0.13623595189682558
149306495,0.19594844900952488
149294061,0.13742805347071463
149294062,0.774035186767118
149292488,0.1706758781903123
149292489,0.2251920957490386
149292490,0.5029778332336375
149292491,0.5885920948508456
149293869,0.2405581729290979
149293870,0.20184204331511651
149293871,0.1974511821472409
149293872,0.20719957610525327
149293873,0.1832388545597201
149293874,0.5667856140543306
149293875,0.20245794291119243
149293876,0.3521712436992308
149293877,0.20266525238328448
149293878,0.109281346836043
149300458,0.0984406430330313
149300459,0.10952790825424287
149300460,0.5054431610543055
149300461,0.10142781999094666
149299649,0.08009032929075673
149306884,0.1050760532603356
149298897,0.07728530103495634
149309732,0.05853263519573334
149299807,0.12470961438062114
149299808,0.5761473153291234
149299809,0.5025867820851248
149299810,0.27857622190156556
149299811,0.5033474167817895
149299812,0.641796321446652
149308337,0.05203065603962953
149308338,0.7922414728423738
149308339,0.7981953896214602
149298005,0.17115448802237393
149298009,0.19641576828553114
149298010,0.6110239798141494
149298012,0.11712163454850899
149308290,0.5588480983937238
149308291,0.19419489396021863
149299839,0.5653227881828756
149299841,0.9494574248669192
149299842,0.6441318090519125
149299843,0.5805521909406709
149299844,0.6056853083459667
149299845,0.7192705085322995
149299846,0.5929408084783019
149299848,0.8520001561763495
149306748,0.115581711631745
149300611,0.061244156341201214
149307507,0.06552021179853446
149307509,0.5287923549510606
149307510,0.4293443626164204
149307511,0.4901201314249644
149307512,0.4128389315580808
149307515,0.8001914129922058
149307233,1.6159115778022712
149307234,1.6707009405368534
149307235,0.62529923990517
149307236,0.6055347223138123
149307237,1.0543642825220114
149307239,1.0908694374812369
149307240,1.3370764607447894
149307241,1.7557787242477836
149307242,0.13291205549836585
149309784,0.13805297525316632
149309785,0.11925414424271556
149307120,0.09230714582556318
149309859,0.08828061851770577
149309860,0.09261956655883069
149309862,0.10476991819009014
149309863,0.09285971988911014
149309864,0.134692872992615
149309467,0.07943069513066078
149307429,0.13604464644814665
149307432,0.23013050929765982
149307434,0.2359857400940318
149307435,0.6973842213708499
149307437,0.5597210507841306
149307438,0.7101317991661691
149293384,0.12956762042905337
149300558,0.07657789860862718
149298495,0.08004380378441371
149298496,0.08666813815159302
149299190,0.07096528253978321
149299191,0.1686558986209479
149299192,0.1672667968875437
149299193,0.2835304868602632
149299195,0.24176270000953154
149299687,0.5253668951150519
149307384,0.09409642290180081
149307389,0.21789805075167556
149307390,0.3400586838745482
149307391,0.22539411948655694
149309016,0.3970745354503911
149309017,0.15169729802292975
149307806,0.05808720450004274
149292723,0.3927457058575901
149292724,0.4603515080543624
149292725,0.29026366804735
149292726,0.5997135486600184
149299038,0.2849522745634928
149299039,0.24175993962599127
149297588,0.15402974921551937
149297589,0.09685190001070387
149297590,0.17289692813394636
149297593,0.16454830616435473
149297595,0.1340830901034005
149309229,0.36315474735589515
149300478,0.1470667065628408
149309090,0.0658926206253551
149306163,0.03868685111915293
149306164,0.048782810585651114
149306165,0.04857740615603424
149306166,0.054932584376892496
149306717,0.06752546232774884
149308939,0.07067039512328276
149309584,0.1918749336446658
149307215,0.10949081242029773
149307216,0.09248450937905528
149309562,0.0482577362134693
149306688,0.22068020763543858
149292997,0.25464890760295994
149292998,0.2660445929238333
149292999,0.17187325285789332
149293000,0.14822141410144538
149293001,0.24255838121118475
149293002,0.1400393607509237
149293003,0.2104262676543036
149299034,0.1334836973881247
149299035,0.1697810477594759
149298114,0.05974536665597181
149298115,0.06162846538929694
149298112,0.08391139798220672
149298116,0.06240220097419598
149307647,0.065232117511734
149291892,0.057136974554977224
149299688,0.04556142042192065
149307340,0.08618096143401326
149307341,0.08519380001493493
149293371,0.0814238645275913
149299024,0.2831257263955149
149307787,0.12945073283465308
149307789,0.12850885149301655
149307790,0.27789577367125684
149307791,0.21800421999129288
149307733,0.23270061884650042
149307734,0.2359620066008093
149307765,0.06450493302125102
149307467,0.12607187767868494
149307570,0.11452947018724863
149307572,0.14569210745831607
149300122,0.053422303865756214
149307086,0.12253497727272121
149307087,0.16867014765008814
149307088,0.14950670574673086
149307089,0.09193669045316823
149307090,0.24250240758361188
149307091,0.08229988576334007
149307093,0.15427053212585345
149307094,0.22603468466585572
149307095,0.6554491281013693
149307217,0.07894423806235668
149307218,0.09865867985425336
149307219,0.09971374378960131
149307220,0.05960386090186374
149307221,0.08641550441968408
149307222,0.0715308956982863
149307223,0.12698753612743038
149307224,0.12698220559369935
149307225,0.08270948921980532
149307226,0.1310687796892425
149307227,0.05781114265136632
149307228,0.1128498648430763
149307229,0.0737939693579655
149307230,0.12693041707337913
149307231,0.10401939110756951
149307232,0.10621414783139135
149292889,0.3279582474916081
149292890,0.38245725304679673
149292891,0.12489783614005223
149292892,0.48462064828041035
149292893,0.14893378195572193
149292894,0.12944833497970124
149292895,0.19766741389099152
149292896,0.17302484518007452
149292897,0.12768223440324797
149292898,0.19388646725695188
149299373,0.07834246389820641
149299374,0.11066073665552922
149299375,0.1426329508051575
149299376,0.10630727706821749
149299377,0.11055196442528986
149299378,0.11434994383691989
149299380,0.0730141784581901
149299381,0.0752050319777612
149299382,0.11068793720930435
149299829,0.6244859569630882
149299830,0.5366650115051689
149299831,0.6569766553175599
149299832,0.5360516215753167
149299833,0.5265308957613757
149299834,0.6991898757475171
149299835,0.6206131749900116
149299836,0.625230169996248
149299837,0.5472610702269238
149299838,0.5466276880501316
149307680,0.09557432430002329
149307681,0.1506680811808564
149307683,0.1952915017730452
149307684,0.10502064189446514
149298178,0.07698685274479009
149297462,0.06093033891248701
149306169,0.08294306097556127
149306170,0.11260689550470696
149306171,0.08536356466891029
149306172,0.14899368027795626
149306173,0.12478387692161975
149306175,0.09354873183956684
149306176,0.1894472843687342
149306177,0.09803164221296154
149306178,0.12248506272685854
149309574,0.11383350357555808
149309578,0.08934730747231066
149309579,0.12407671990335244
149309580,0.09503276194679526
149309582,0.09655634368126927
149309583,0.09828206223951115
149306696,0.09740856246092001
149306697,0.07624838236499025
149306698,0.19144936784759678
149306699,0.11563418812931643
149306700,0.1110506191600804
149306701,0.15749070853989677
149306702,0.07879950859358108
149306703,0.18350186315853972
149306704,0.0720501574495352
149306705,0.10439176937227052
149298158,0.2407922755795592
149298159,0.11617485784659264
149298160,0.10166086116695625
149298161,0.2052942946603727
149298162,0.13387293236574266
149298163,0.15952019240654175
149298164,0.10575259300668496
149298165,0.13829433163814114
149298167,0.07913428832229241
149298168,0.12175526245816165
149298169,0.12586041674695742
149298170,0.11543859139324945
149298171,0.1295470175694921
149298172,0.6015353787621343
149298174,0.1919031233116197
149298175,0.09474619802102073
149298176,0.2743844391041496
149298177,0.17024981489021976
149309402,0.0887115823767531
149309403,0.09228073837311158
149309840,0.09830793388412727
149309841,0.09780049118777555
149309842,0.14234342528916144
149309844,0.14169604577453965
149291891,0.32891102578338544
149292867,0.29180394617990507
149292868,0.23974076778733724
149292869,0.6496443387366407
149292870,0.25863792395507923
149292871,0.2074376933354653
149292872,0.12746750820942376
149292874,0.1765611374106166
149292875,0.23519150609739423
149292876,0.21627086715068694
149297300,0.20448701802321384
149297301,0.13024024944538648
149297302,0.23135723739366754
149297303,0.0891634089431653
149297308,0.13639572486753124
149297309,0.10810439386960519
149300266,0.14915277630209547
149300268,0.13023923152974637
149300269,0.10553288959927278
149300272,0.19962289149595094
149300273,0.2923772546039087
149300275,0.1716027961642775
149297822,0.14628619217006272
149293933,0.418606658838289
149293934,0.13609719837311354
149298558,0.09646853393997375
149298559,0.28380934169830657
149298560,0.2853928012965696
149299353,0.10196489289667203
149299354,0.14896335306855493
149299355,0.11799699347152769
149299357,0.15864538869384986
149299358,0.14548975953557977
149299359,0.0918238057018778
149299360,0.1796128868177062
149299361,0.24210816126072732
149299362,0.13654363357806693
149291901,0.15073963888354516
149291902,0.33334677190669915
149291903,0.20920507559463158
149291904,0.907807471699359
149292067,0.11070418565158564
149292069,0.1331156147668601
149292070,0.13399076448449837
149292073,0.39284882919123737
149292075,0.5686245486820285
149292076,0.3512659447913208
149292045,0.32831025835924144
149292046,0.49175377720796076
149308688,0.07318717775808603
149308689,0.05289452111492048
149291729,0.2976324899904538
149293089,0.2622291691964785
149293090,0.1362831160057962
149293091,0.13452990792223832
149293092,0.16353214772402372
149292740,0.17765983634984614
149292741,0.12715637751693634
149292742,0.28450341049085115
149292743,0.12638256967315428
149292744,0.09963668340047223
149292015,0.5331865813877572
149292018,0.21333925798499523
149292019,0.21900085336440017
149292021,0.21869714826288364
149292022,0.13793273731710531
149291707,0.1550555024565442
149291708,0.13723874393021152
149291677,0.09441907252608811
149291678,0.11265100082280825
149299775,0.06046208963047364
149297967,0.07734144240402294
149297968,0.09521590057474795
149297969,0.09057027826572467
149297970,0.11021102006570593
149297971,0.07712340426070892
149297972,0.09628990303174724
149297973,0.08511138753151506
149297974,0.09282882728547613
149297975,0.1305303860947985
149297976,0.09841589946566873
149292569,0.22637846437790762
149292570,0.21736633522892537
149292571,0.18357993950171686
149292573,0.19777307079674777
149292574,0.08681804020409079
149292575,0.09817037189695152
149292143,0.387800029497054
149292144,0.2859975127347765
149292145,0.3373521149595631
149292146,0.2774763118852442
149292147,0.25202202848510324
149292148,1.0036706879071942
149292149,0.2876536530196792
149292150,0.27085902276965723
149292151,0.37662008587500795
149292152,0.32974804474851227
149307894,0.18703471682191755
149307895,0.32985984461434575
149307896,0.3210529032954908
149307897,0.23722040526930568
149307898,0.23466784624277243
149307899,0.3924422375261463
149307900,0.39696714219016116
149307901,0.26602467166921084
149307902,0.2672215021759318
149307903,0.2996000217818504
149299962,0.06515969888435509
149308443,0.05874756976756862
149308444,0.09998334565903275
149299700,0.08424205636849479
149300092,0.0899515187879072
149300101,0.09315915043820916
149297959,0.17064691788330807
149297341,0.05971924353272509
149297344,0.08798673776330891
149297345,0.09176321164839499
149309349,0.0424340659376719
149309350,0.0646979389265568
149291706,0.12907411613399297
149298260,0.16183403099324883
149300417,0.046010244042699974
149298015,0.17068224795478532
149298017,0.12303319230262068
149298019,0.14110664107643706
149298020,0.11024088367219714
149298021,0.1731834382916238
149298023,0.1818683033627597
149299923,0.04058808577567825
149299924,0.42876672717561454
149299925,0.3108587046314966
149297945,0.04929697312358027
149297703,0.11381257323978287
149297290,0.07830334095598551
149297292,0.3221715689718597
149297295,0.27203626138954495
149297296,0.29845854926388937
149297297,0.5320728313062619
149297298,0.11409744430383803
149297299,0.5393411543553747
149299751,0.14416751246802284
149299757,0.2812547275780682
149307650,0.03947996993839586
149299274,0.0675899900053093
149299275,0.010037613676714975
149299276,0.5965622556342853
149299277,0.5974679905892006
149297788,0.162100074362083
149297789,0.09243522877081392
149297790,0.08815938280994515
149297791,0.26618713978069275
149297792,0.11838240447666924
149297793,0.19162064949561805
149297794,0.12990993108436874
149297795,0.2099417376401184
149297796,0.8677644038029266
149297797,0.14109142798341073
149299264,0.025784603096119678
149299245,0.007506751590838298
149299689,0.6049730276811537
149308294,0.4106152507694597
149308295,0.691566696079698
149308296,0.3389790013842788
149308297,0.46211931631596964
149308298,0.8811660124702142
149308299,0.6184074215757834
149308300,0.45925484969386154
149308301,0.5374839851677515
149308302,0.32253602127290754
149308303,0.2959752062493176
149306383,0.16662724501792683
149306386,0.13829054194067267
149306387,0.15124979524224016
149306391,0.15258987522722886
149306392,0.16859050848432058
149299859,0.5597622384256958
149299860,0.5869061075563866
149299861,0.5620868375441324
149299862,0.5842444278218806
149299863,0.9894173096612745
149299864,0.9070190564979349
149299865,0.9805450972281826
149299866,0.8631277022825076
149299867,0.5833403598453273
149299868,0.44278112749225657
149309511,0.1896112965959997
149309513,0.29990576824640286
149309514,0.2106222546995594
149309515,0.18732358868534452
149309516,0.31357432985549727
149309517,0.24346966772749892
149309518,0.18514122319312304
149309519,0.25269833707623324
149309520,0.18537454083886992
149307045,0.37326365775848536
149307046,0.44374332724429405
149307047,0.22359179889790828
149308305,0.028929436134922326
149292193,0.020376916807014398
149291618,0.08442546324801613
149293423,0.5361022123571894
149293424,0.49768843309340055
149293425,1.1280667036660907
149293427,1.1004911116352232
149293429,0.09177346965345512
149293702,0.6747336690676802
149293703,0.751328092477598
149293704,0.7024561493713107
149293705,0.8671986452999718
149293706,0.7722513616758413
149293707,0.7033157451136866
149293708,0.7074535184696871
149293709,0.7701661747304896
149293710,0.7524265718038968
149300420,0.11484958613595692
149300421,0.10145913896158314
149300422,0.05770925853490948
149300423,0.07914133867005184
149300424,0.8407874853924105
149300425,0.8860661475101431
149300426,0.14510631765405987
149300427,0.1493528442917135
149300428,0.340580937793136
149298261,0.07609599321208547
149298262,0.12151339566747761
149298263,0.2878462378946053
149298002,0.09713056706979686
149297729,0.28301244487455673
149297730,0.6073383433463425
149297734,0.21045099865559197
149297736,0.2481344256683619
149299849,0.6289320119608841
149299850,0.8339279229180347
149299851,0.6773714751450165
149299852,0.5498012858564688
149299853,0.5920243388770081
149299854,0.6029020962384322
149299855,0.8965235521871071
149299856,0.5785358045963429
149299857,0.790801087922257
149299858,0.7775116329897158
149307664,0.1180552464215086
149307668,0.10488153717138968
149307652,0.30134942424713734
149299071,0.14670664710284212
149299072,0.0999144451890236
149299076,0.412507794851339
149306601,0.36417300354620813
149306602,0.32026213288185656
149306603,0.7051272367450985
149306604,0.7318831091488476
149307243,1.3294177931457913
149307244,2.3280510449448824
149307245,1.2679437317724154
149307246,1.4123534272437355
149307247,1.2869527675067811
149307248,1.1461660285571886
149307249,0.700735354618066
149307250,0.6976869997315135
149307251,0.8302512580302011
149307252,1.1525279929961207
149309769,0.11805247829602206
149309770,0.4194185039604929
149309771,0.14457365328481253
149309772,0.11836287925954253
149306853,0.24963356243824297
149306854,0.11960505374902705
149306855,0.08188127126221015
149306856,0.2732202264433825
149306857,0.22331270106805715
149306858,0.15594515943476733
149306859,0.26170980278284656
149306860,0.08109108771849222
149306861,0.23247171506152817
149306862,0.4005259760037331
149309414,0.62418769076178
149309415,0.2705217952923614
149309416,0.2581246143262263
149309417,0.25407030919644763
149309418,0.1550687273874151
149309419,0.4257102943156322
149309420,0.9730207424974827
149309421,0.3598187563495224
149309423,0.24513782882405777
149306783,0.11439974656557385
149306784,0.0816014764443085
149306785,0.09154150237061676
149306786,0.485861807155334
149306787,0.11369257716797634
149306788,0.4726112741744494
149306789,0.08415368577952793
149306790,0.38720472642309794
149306791,0.41029192229179967
149306792,0.3537021226712391
149292234,1.430696415175518
149292235,0.2452862401387062
149292236,0.20177241966825504
149292237,0.4058023251735119
149292238,0.3634156084117845
149292239,0.6004654204414707
149292240,0.30507301235169504
149292241,0.15947730370540644
149292242,0.42013400240332854
149292243,1.233547280087442
149306847,0.20147503213902596
149306848,0.27768268925505
149299946,0.1499664411851938
149299947,0.18256498039313793
149299948,0.05660995168956491
149299949,0.13755501914027565
149299950,0.08055516511151418
149299951,0.07922624261144615
149299952,0.0730147180548147
149299955,0.10058356852374979
149297987,0.11061131618252992
149297988,0.15292015396809808
149297989,0.09032990467365222
149297990,0.3135581714846549
149297991,0.11964753499543387
149297992,0.11448699381623427
149297993,0.1392273690949876
149297994,0.24459839286569518
149297995,0.23857445109440858
149297996,0.09327834048719129
149299401,0.18140654182116328
149299402,0.6808342671133558
149299403,0.1439913051175418
149299404,0.24761899110283717
149299406,0.17252684815065597
149299407,0.5734172814428425
149299408,0.3317560122007339
149299409,0.15785275107123564
149299410,0.5107710648962605
149293463,0.9207236738073085
149293464,0.3029021548485291
149293465,0.302636344227459
149293467,0.35126355766989925
149293468,0.2852156136554612
149293469,0.26944042575443833
149293470,0.2039922816280837
149293471,0.18254411184283773
149293472,0.8908243660903284
149298113,0.06179897319466602
149308280,0.33443417112913054
149308281,0.27392821982959314
149308282,0.08513138827442691
149308283,0.23503777201886245
149308284,0.3013523845782743
149308285,0.46157216049577265
149308286,0.0942200930483197
149308287,0.6598030880929375
149308288,0.2251026314807366
149308289,0.578675232339362
149307651,0.10271585975843169
149293025,0.08898681450737869
149291947,0.030154613857000277
149293270,0.024939196342993502
149306111,0.5550553034721809
149306113,0.519163991824394
149306114,0.6142247140657899
149306115,0.6127601695307234
149306116,0.5342535313309548
149306117,0.39876568301271503
149306118,0.6097109927754037
149306119,0.643688226612436
149306120,0.19636155469514258
149292025,0.16683753155414086
149292029,0.5335182449995983
149292030,0.1824759399844579
149292031,0.1905022506244344
149292033,0.18099651044283058
149292034,0.2616633887302257
149291680,0.1691471199536193
149291441,0.06731447152643495
149292586,0.850244252638442
149292587,0.16843970245259202
149292588,1.3856323480481747
149292589,0.22732856777888538
149292590,0.45840770056813734
149292591,0.9233268346470125
149292592,0.8656089689543112
149292593,0.8884507439425194
149292594,1.5004826865901209
149292595,0.16418460992593742
149294112,0.25763784572518894
149294113,0.3203857992828813
149294114,0.31926457970663497
149294115,0.2056388603859492
149294116,0.5034664460896338
149294117,0.5031107397486928
149292532,0.16144257307875426
149292533,0.42224944712831325
149292534,0.5617406582331522
149292535,0.15802197322826952
149292536,0.37252738225865695
149292537,0.35440567489854197
149292538,0.4378081871815819
149307807,0.10592418176704213
149307808,0.8889357808510077
149307809,0.2839486562630595
149307810,0.11133540303970053
149307811,0.3752709060501364
149307813,0.16598384763869736
149307814,0.17904284126917958
149307815,0.658113484596559
149307816,0.9937215765136809
149297635,0.11876052126679455
149297636,0.6938400840709017
149297637,0.23384480359397553
149297638,0.08740211799126602
149297639,0.1779063073847809
149297640,0.1390986164141317
149297641,0.12611123111278005
149297642,0.09592739590821656
149297643,0.5205449436691479
149297644,0.10228760755473307
149308554,0.17622818602069376
149308555,0.2118401604001117
149308556,0.10188729781673676
149308558,0.10575697850588571
149308559,0.1132460603980103
149308560,0.17205285830981126
149308561,0.1308781995379852
149308562,0.11115288933963482
149308563,0.13548001219027175
149306456,0.08797945426845759
149306457,0.8006882381974868
149306458,0.17624528068866327
149306459,0.1240271998248529
149306460,0.6131789905817777
149306461,0.8951097986566265
149306462,0.152949565265039
149306463,0.13567559922445258
149306464,0.12175341902845986
149309710,0.32748457396606323
149309712,0.26461503605281556
149309713,0.25328054065446726
149309714,0.5667986192558374
149309715,0.634754770211543
149309716,0.1703756556053451
149309717,0.5326019116997096
149309718,0.2678926049212605
149309719,0.2510880089061352
149297823,0.0495986279480841
149306578,0.08152181469582892
149306579,0.21612608885628398
149306580,0.22549219764324435
149306581,0.07940773094505849
149307601,0.9852980130901535
149307602,0.9738339274729669
149307603,1.2459586212677813
149307604,0.5450935480529341
149307605,1.2666938513912032
149307606,0.5490844930996375
149307609,0.7772689783350546
149294041,0.812500584834593
149294042,0.34044996832867314
149294043,0.6270954866943252
149294044,0.2869142831930044
149292637,0.09554690276394485
149299678,0.11173790765592712
149299679,0.213317993582201
149299077,0.21592261999983067
149299652,0.3043254840055263
149299653,0.9376995211013281
149299654,0.13174484682314624
149299655,0.16971906476822507
149299656,0.5317176498255073
149299657,0.12964520873444654
149299658,0.16173960932504367
149299659,0.30106596131068397
149299660,0.1577925901159483
149299661,0.17446914664380014
149293181,0.36512710757773736
149306716,0.06172905531101929
149309845,0.07728341971012527
149309846,0.08237290677966089
149309847,0.09843661827060743
149309848,0.10243030375711781
149309849,0.07659475399736827
149309850,0.0780071540239517
149309851,0.10992895880404167
149309852,0.06541626744628452
149309853,0.1139130582065468
149309854,0.1288215461089354
149309438,0.07440131565326315
149309439,0.045258765286078306
149306691,0.1412267540092231
149307517,0.049523242472921405
149307518,0.3527704388293248
149307519,0.049572844654617865
149307520,0.3876919385895931
149307521,0.3645565261956416
149306690,0.1914618364236522
149306677,0.046345153033789464
149293169,1.203330875397562
149293170,0.2510343554147981
149293172,0.1686812709872747
149293173,0.29065785303412556
149293174,0.22599591046953213
149293175,0.14426877519943632
149293176,0.24608864845563766
149300578,0.1488701894202545
149300579,0.109329378750034
149300580,0.1289155516838323
149300581,0.11787188709543264
149300582,0.16233655878531597
149300583,0.11657619909326956
149300584,0.09242288017202425
149300585,0.1394525109077101
149300586,0.15252852697238956
149300587,0.10535429498181283
149297755,0.10847391787010313
149297756,0.13478923175543575
149297757,0.11331324936962338
149297758,0.09947679392978266
149297759,0.11798968645980486
149297760,0.11090001204682563
149297761,0.12349127267790798
149297762,0.23468555825034132
149297763,0.136558051079251
149297764,0.07804014723907791
149307685,0.11777090428040655
149307686,0.11498064570837295
149307687,0.20416028965947935
149307688,0.15501089599914802
149307689,0.13903809903544448
149307690,0.1540304673493141
149307691,0.8823334197054657
149307692,0.14615513802481458
149307936,0.0936736951275378
149307937,0.14860040856717235
149307938,0.11448969285148622
149307939,0.16905379724955344
149307940,0.07889721562411796
149307941,0.06590109712398033
149307942,0.06706000885030389
149307944,0.07716963776090463
149307945,0.11208717909102438
149309265,0.1489500865828662
149309266,0.14095688271932597
149309267,0.11244411284571525
149309268,0.18858082379739294
149309269,0.6611335830251467
149309270,0.19158795688605085
149309271,0.1581787449263345
149309273,0.2189531236104026
149308690,0.5737259667661965
149308691,0.14692822747222817
149308692,0.13053425641085728
149308693,0.28228556624568685
149308695,0.12290910994602966
149309332,0.16155239773545782
149309334,0.09460286710562754
149309336,0.1578410713502462
149309337,0.17384051880660287
149309338,0.093463527289239
149309339,0.07388513416905863
149309340,0.0759988005222777
149309341,0.5992943227102874
149292793,0.22664677792517315
149292794,0.2375798122068401
149292795,0.13437862877315615
149292797,0.15784042664704193
149292799,0.17027935073432524
149292800,0.16712210431310565
149292801,0.15782119859620558
149292802,0.28695724191215166
149306143,0.41436378851521005
149306144,0.23844013158505697
149306145,0.29446399969693976
149306146,0.3577860508027701
149306148,0.3984392281279412
149306149,0.3997111892381009
149306150,0.24474062976758504
149306151,0.32861638544440563
149306152,0.13447692689575852
149292005,0.09642455189925078
149292006,0.1543933903150762
149292012,0.11770989951305882
149292013,0.10676784482459546
149292014,0.10669737160295706
149291435,0.0449629899558028
149293376,0.1531300402524387
149293379,0.14519668627133003
149293380,0.17063536764033452
149307439,0.1667524720919929
149307440,0.20440052610542647
149307441,0.1303193124515126
149307442,0.0876951176792076
149307443,0.16673896436705932
149307444,0.08779134053701501
149307445,0.5447324974286345
149307446,0.09857194730014833
149307447,0.163260972507956
149307448,0.25361971767582936
149307451,0.23196171583958702
149307453,0.22385872577892596
149307454,0.5895929298763072
149307455,0.5779505170770718
149307456,0.21840275238966675
149299813,0.2353543377606234
149299814,0.23105042706863263
149299815,0.2280846803293913
149299816,0.1727556562960491
149299817,0.1804034207869292
149299818,0.6795230846987935
149297977,0.11546572071287405
149297978,0.15319778236317896
149297979,0.14702548087211398
149297980,0.1280460317289975
149297981,0.14434190263631771
149297982,0.10359055216129257
149297983,0.12287622515831166
149297984,0.09837870669217218
149297985,0.1513735056895505
149297986,0.10830985786249059
149298681,0.14051124439113094
149298681,0.922477378210168
149298683,0.7916701126971978
149298683,1.6392922127278098
149298684,1.598881396249283
149298684,1.5698587217145585
149298685,1.5860060059942147
149298685,1.0728583339069098
149298686,0.9874948281851262
149294059,0.7285883212410379
149294060,0.8380429562415461
149292294,0.21714671931615637
149292295,0.1937963814513515
149292296,0.1730867291658101
149294267,0.9996792161375809
149294268,0.33109469986099105
149294269,0.15144718333558002
149294270,0.22301520337087882
149294271,0.5728290696558167
149294272,0.1651981526600041
149294273,0.20004503855716405
149294274,0.41470382283232127
149294275,0.9290689293338719
149294276,0.3151156157343613
149308936,0.22065103396048485
149308937,0.12855112107937552
149308938,0.18534811582316846
149309699,0.13436187234568184
149309700,0.16379739911067215
149309701,0.18066266096699826
149309702,0.1745050447998404
149309703,0.22476975703230065
149309704,0.14454156080996328
149309705,0.11630104681058542
149309706,0.1602216486777977
149309707,1.0552159939446784
149309708,0.2273152343888455
149309424,0.5623249728071732
149309426,0.3413201768228649
149309427,0.40396225732641716
149309428,0.08324382725586013
149309429,0.324742957245389
149309430,0.1604609681451726
149309431,0.5251930358132094
149309432,0.5451038871948221
149309433,0.13413652362565073
149307926,0.09097988194082471
149307927,0.09780966223346722
149307928,0.08668072203795187
149307929,0.14796469945705537
149307930,0.14144204808065197
149307931,0.12749256656952856
149307932,0.29979097499820273
149307933,0.08904310198935927
149307934,0.14471743124544356
149307935,0.19477135529962736
149299411,0.0821550413903054
149299412,0.07697917525860788
149299414,0.08074255261582906
149299415,0.07810318429496727
149299416,0.08350329369741027
149299418,0.08776450119661841
149299419,0.09364958371562891
149299465,0.08241185673665657
149299467,0.09860319705914404
149299468,0.09925165551049067
149299469,0.088589321366856
149299470,0.09540177295037128
149292989,0.06888709338012315
149292990,0.14462033747019667
149292991,0.1457524419461637
149292746,0.2272089425044389
149292747,0.1466734641070186
149292748,0.1439045354083774
149292749,0.278213689785325
149292750,0.09610471578701185
149292751,0.13320905358116375
149294007,0.21048228804409522
149294008,0.09816077151909174
149294009,0.21129493347714828
149294010,0.11894851433100453
149294011,0.15806322871440182
149294012,0.11730169693357644
149293125,0.2813201694186921
149293126,1.164412659420577
149293127,0.2607946819016879
149293128,0.2646303227593423
149293129,0.361831619477334
149293130,0.3204708657199429
149293131,0.1547400043959104
149293132,0.6977687740950248
149293134,0.29043720511420984
149292097,0.1635412495083573
149292098,0.14212041609950193
149292099,0.1674078266791033
149292100,0.09392100087835403
149292101,0.31445530676196465
149294164,0.1780701527131406
149294165,0.36496874669364204
149294166,0.3131893183424233
149294167,0.21787801313519137
149294168,0.22598539281711286
149294169,0.28459416500759155
149294170,0.43787365120669075
149294171,0.46091204839498734
149294172,0.2549771475040617
149294173,0.22091347055837354
149291685,0.1863105464671594
149291686,0.17507979499375556
149291443,0.04369120215686209
149291444,0.026269201372962823
149291445,0.03578644971693505
149291446,0.04543806511685746
149291494,0.1447834892561913
149291679,0.09207665535677206
149306527,0.14401261028655593
149306528,0.11655658677961189
149306529,0.30481512954708095
149306530,0.23955618022080497
149306531,0.5045957419673613
149306532,0.4874208551646707
149306533,0.6515151287203407
149306534,0.5690009377561245
149306535,0.1943848485249237
149306536,0.20770823468397745
149293165,0.17858088754216273
149293166,0.11237848504617547
149291449,0.2518058395385836
149294078,0.43698874445043767
149294079,0.7191625532023809
149294080,0.6235331833716606
149294081,0.4565563913747129
149309211,0.28112661288412644
149292638,0.1734417764837218
149293699,0.7572735107406308
149297397,0.07692808426813035
149293456,0.18691067069600745
149293457,0.22071303004894138
149293458,0.18856497576671122
149293459,0.21108622381247133
149293461,0.10184731436351943
149293462,0.10267169257800565
149308566,0.31013962885130203
149308567,0.37931295286047595
149308568,0.34279068777859556
149308569,0.3729701099809018
149308571,0.38449659909001455
149308572,0.4709284722332652
149299206,0.015795651576111864
149298902,0.07550556983903385
149309548,0.11383598815659013
149309547,0.12449944537272498
149293406,0.21121544695052075
149293407,0.21422578127031122
149293408,0.10397716937863649
149308518,0.4999871110689679
149308519,0.7027582765459444
149308520,0.12521287968607175
149308481,0.10047243819573153
149299189,0.028811652256980985
149299541,0.057858720700252914
149306455,0.05691776145429556
149308446,0.26350171869900096
149309563,0.07118822579708732
149309290,0.5386695601483549
149306448,0.026879178422862676
149299539,0.057485708084721976
149299540,0.05331321048699195
149298004,0.06029499361962986
149309038,0.10704131352627429
149299956,0.1503913498952011
149299958,0.12769793501379437
149299959,0.12866945290846074
149299960,0.17549332633613568
149299961,0.17594133922485777
149300642,0.10641922104175947
149300643,0.10647583757761092
149298898,0.1250802545003095
149298899,0.12812591688115968
149298901,0.09412750087235533
149309733,0.0485021499779979
149309734,0.8794743388996599
149308445,0.1895567445216296
149298328,0.1888494599662505
149298156,0.07312611038087728
149298157,0.2783848450632737
149308987,0.26743687173223474
149308988,0.8447439739549673
149308990,0.8259635539194756
149308991,0.25240075861649175
149308993,0.7181207513252232
149308995,0.8725205642061676
149298028,0.08867723862875151
149298031,0.15090492438387404
149297280,0.0858318728627594
149297286,0.14815560875347225
149291434,0.019294556728909916
149299572,0.03403747192776704
149297321,0.07228750971440193
149297323,0.09864803239898066
149297324,0.08934469412806255
149297325,0.05909832386213986
149297327,0.0749081673472976
149297328,0.06751445111328104
149297329,0.33404480711172113
149297745,0.06415355397441948
149297746,0.11284312449648168
149297747,0.1591386603431105
149297748,0.10915869910152509
149297750,0.07410289811563323
149297751,0.2705568064834242
149297752,0.23050659322760267
149297753,0.6492211404316721
149307726,0.08286955481201719
149307727,0.08625090041865269
149307728,0.14034522150938517
149307731,0.14986635693031714
149307732,0.09798196864970259
149298887,0.594403177700839
149298887,0.9084586536617897
149298888,1.598870347251633
149298888,1.3160749706353614
149298889,0.6934038392685719
149298889,0.849575864170584
149298890,0.7483290679512121
149298890,0.9477192415569665
149298891,0.9593078632042941
149293752,0.04126829425281722
149306548,0.05499330358463941
149306549,0.07946001990781132
149306550,0.10714908768835994
149306551,0.16787870263198373
149306552,0.13679158303621833
149306553,0.06608148449710652
149306554,0.13934918136898777
149306555,0.26619195390013445
149306556,0.2635724689602654
149306557,0.06636361436024861
149291466,0.21076598729978957
149291467,0.20701197046268247
149291468,0.20217821485668305
149291469,0.27362780420294935
149291470,0.2710979829873572
149291471,0.27113209846522196
149291472,0.24001652268067097
149291473,0.23817104753108084
149291474,0.33292791220383544
149307670,0.09113475897615177
149307008,0.1227275926928992
149307010,0.13863835221190357
149307011,0.1257414922272486
149307012,0.0979309036367315
149307013,0.1485716613146524
149307014,0.6944060624613406
149307015,0.5638649093132261
149307016,0.08564798535995549
149307017,0.15191209988947432
149307865,0.28674079896014826
149307867,0.3479108584698782
149308306,0.3907023351303392
149308307,0.3099115521713239
149308308,0.2567782972858886
149308309,0.34536195440104384
149308310,0.25672702683890136
149308311,0.5403460771542229
149308312,0.45772272151267757
149308314,0.7274403338026607
149308315,0.6709927587452268
149306445,0.03631436147607457
149308480,0.12302907704451016
149306449,0.030019787518943963
149309552,0.4823562409544592
149309553,0.34027518957549285
149309554,1.1733675811802051
149309555,1.2342927502186194
149309556,0.36260160026404603
149309557,1.2843926754818686
149309558,0.3725491308267698
149309559,0.7745181769781737
149309561,0.8254322295734314
149298265,0.045590151948687124
149298266,0.04829052141228893
149298267,0.09992817975429094
149298268,0.056807991424449096
149298269,0.03742289621449808
149299776,0.1567529430920257
149299777,0.15885107267717516
149299781,0.23104947790711305
149307884,0.07899832772401928
149309731,0.10126189611470827
149299266,0.03132365008530733
149300416,0.08466061649645429
149300472,0.11904965611994846
149300473,0.07025382902888129
149300474,0.10751104385584838
149300475,0.09293208841698639
149300476,0.21560866899641357
149300477,0.09374142231250605
149297726,0.04554790252455451
149297578,0.10562553154365155
149297582,0.08413705631165207
149297583,0.12159367439082375
149297584,0.1873397215978529
149297585,0.1642913910821604
149297586,0.32467353108775193
149292254,0.25596013146868973
149292255,1.3655668928174522
149292256,0.5366024796585644
149292257,0.36390606174450385
149292258,0.4330021010474445
149292259,0.8047951925751651
149292260,0.5326307075785277
149292261,0.37019114459670815
149292262,0.3665326888762832
149292263,0.6160260304868247
149308392,0.41790905877700796
149308397,0.15744825116763086
149308398,0.6189397681692193
149308399,0.1554760470863551
149308400,0.19148331966041465
149308401,0.3151267695029712
149306599,0.24857797575749235
149306600,0.20840287538141014
149306898,0.12244250245977581
149306900,0.09610293115090945
149306901,0.08650860270620984
149306902,0.052467425178253924
149306903,0.04276975844757644
149306904,0.04425070602508834
149306906,0.06002748447049013
149306907,0.04790563379646374
149306678,0.5353290802102089
149306679,0.0799114859524272
149306680,0.4768950666986664
149306681,0.11735042643006541
149306682,0.23765123436065533
149306683,0.5138698542621973
149306684,0.49274646230240554
149306685,0.14529924971749342
149306686,0.4357373553399444
149306687,0.11308078779112779
149307254,0.1015310922408557
149307255,0.10141333195711946
149307256,0.05688644700844087
149307257,0.10949793239980053
149307258,0.0751437256563924
149307259,0.11873187864275793
149298497,0.11273201565411668
149298498,0.107174191225673
149307817,0.5229324306130956
149307818,0.8894923633554424
149307822,0.8777489365731349
149307823,0.46477114063431246
149307825,0.5839071076667924
149307826,0.6531499048579614
149297702,0.12058636683434631
149297465,0.10943828686041257
149297466,0.7399454516526272
149297494,0.29650586060958684
149297497,0.17701475058334476
149297498,0.35922845570966466
149297500,0.1436702781998231
149297501,0.2813554888778135
149297502,0.2707377504770743
149297503,0.4376510572861909
149292712,0.10532951573965087
149292465,0.3253838544588468
149292467,0.13695861641563437
149292468,0.32416480988873386
149292469,0.11753790692305904
149292470,0.3061162368384833
149292471,0.44330516857297725
149292472,0.43614948647669116
149292473,0.1336453285675905
149292474,0.1111420095394593
149299328,0.09002815897096746
149299329,1.05404427016558
149299797,1.1355022700622857
149299798,0.15199109935291036
149299800,0.15926374797913842
149299801,0.20490384498441622
149299802,0.18130189968953098
149299803,0.16130925335589502
149299804,0.16557433727454207
149299805,1.0203409188672654
149299806,1.0846913472940032
149292626,0.269722565219335
149292627,0.6632777636664511
149292628,0.2515275666548217
149292629,0.25063894790773045
149292630,0.37052171946337237
149292631,0.2241220729953633
149292632,0.4220189182182135
149292633,0.6301673764810128
149292634,0.41808778611147307
149292635,0.41261365475018724
149292435,0.2401850755654734
149292436,0.23607119922368627
149292437,0.13899143756890434
149292438,0.8740035608445885
149292439,0.23599767554011916
149292440,0.24489448371597108
149292441,0.2815091699077634
149292442,0.3280564918096741
149292443,0.27877398029061207
149292444,0.29295885232144614
149298449,2.376993855518473
149298452,2.270581145748016
149298453,1.506218929909109
149298454,1.4371075978756298
149298455,1.123809873863825
149298456,0.33031770942458966
149298457,2.1315964662609588
149298458,1.5918944058794355
149298695,0.16971971758707702
149298695,0.9733450405779488
149292224,0.13677730415225217
149292225,0.1903161511291946
149292226,0.17183176143609402
149292227,0.2337726232944839
149292228,0.2791526791768981
149292229,0.2631205323992972
149292231,0.5735273045246378
149292232,0.20528465807261803
149292233,0.2900903879211239
149292366,0.29435024695038575
149292367,0.2815774632893147
149292368,0.18993189327714122
149292369,0.425429124738394
149292370,0.2203284550495757
149292371,0.287723798756729
149292372,0.24972691568785818
149292373,0.2323185323969598
149292374,0.28789165051734206
149292375,0.2369167236406755
149292357,0.3731454072687879
149292359,0.3329598198602299
149292360,0.15298648082212424
149292361,0.19729821997833283
149292362,0.15112911151724598
149292364,0.18993516226315948
149292365,0.17161630477879156
149292415,1.062371855073675
149292417,0.5334160372512212
149292418,0.6982932856915344
149292419,0.9770428778069095
149292420,0.9411583746684081
149292421,0.4663721362172393
149292422,0.5129742663676436
149292423,0.3798713875568414
149292424,1.0019007581924606
149309080,0.2944593388440825
149309081,0.29243866215222747
149309082,0.4639484491948306
149309083,0.30540382095348123
149309084,0.25539837513510155
149309085,0.23351722563677849
149309086,0.3369923183687441
149309087,0.358868961188298
149309088,0.3724656986498959
149309089,0.5704401397563075
149297331,0.30155230941041233
149297332,0.2421061678361087
149297333,0.29998180642911076
149297335,0.6034948772775857
149297336,0.619160118311051
149297337,0.2570262957129542
149297338,0.30883941521810215
149297339,0.5564945495802901
149297340,0.500369722698061
149297858,0.0804160093096736
149297858,0.776013598030538
149297859,0.6866243423257474
149297859,0.784590329923686
149297860,0.7377424530298456
149297860,0.8069858719635582
149297861,0.8521090133015602
149297861,0.8781611708880304
149297862,0.9652015371684912
149297862,0.7444149859081481
149299501,0.1054495620066406
149299504,0.10478572169188773
149309258,0.2848877339093226
149309260,0.1344447141588454
149309261,0.08835817059778596
149307048,0.09157557650392435
149307049,0.08085772420475011
149307050,0.10675704444398906
149307051,0.10584308674834232
149307052,0.07958122437062831
149307053,0.07743125056163275
149307054,0.04960916236991522
149294003,0.2261214205293791
149294004,0.20104076310686633
149294005,0.17336781674259472
149294006,0.12055452645844751
149292792,0.2740783258614855
149299871,0.8371970766505116
149299872,0.8323196430712613
149299873,0.9208256744761663
149299874,0.8790646338744064
149299875,1.1691418505163058
149299876,0.8507641761841767
149299877,0.7951096176895533
149299878,0.9242018169507408
149299879,0.9031579785342151
149299880,0.8082985229661563
149307018,0.07872358345008496
149307019,0.07995497846828768
149307020,0.07889624056562691
149307021,0.10135924418866192
149307023,0.0725443251412114
149307024,0.08597230899580496
149308009,0.8048703141039754
149308010,0.2451120753474452
149308011,0.8362804410067539
149308012,0.9199287301552941
149308013,0.9219307307736196
149308014,0.6783730430640799
149308015,0.8251187859783718
149308016,0.9563528765589845
149308017,0.5130782476367011
149308018,0.8655996886613659
149298748,0.08458283056916857
149298748,1.0140777413189868
149294045,0.7792776097835387
149294046,0.7820834680335174
149294047,0.47681011210023727
149294048,0.9299837863348702
149294148,0.2241106228831393
149294149,0.13824119237415858
149294150,0.1104595026046023
149292969,0.26200594917317954
149292970,0.5602489957121354
149293135,0.17456296664152332
149293136,0.1352771006039357
149293137,0.5314282537737587
149293139,0.16646248895043514
149293140,0.12972094174066137
149293141,0.12185473970288169
149293142,0.580902106217482
149293143,0.16238564363069355
149306815,0.17738121434327664
149306816,0.9765534886286066
149306817,0.12599829758461054
149306818,1.1143966229412248
149306820,0.6669284634197579
149306821,0.36941514105679457
149306822,0.24280383208882372
149306823,0.6673582898837179
149306824,0.9320327696808535
149292698,0.2857999329197844
149292700,0.1288984054191604
149292701,0.10374523018737199
149292737,0.1769530418792729
149292738,0.10161813540899309
149292739,0.18884507600288242
149293036,0.15151384478304986
149293037,0.55969695302778
149293038,0.2679969209873942
149293039,0.17424261985250514
149293040,0.2786587445985557
149293041,0.12459651209240617
149293042,0.38718570795423624
149293043,0.21693974361077678
149293044,0.13526062007618891
149293045,0.6289796419358465
149309531,0.5486542250457468
149309533,0.4193576458603282
149309534,1.599948924609129
149309535,0.9487761679634749
149309536,0.4911893339261658
149309538,0.7079565324774018
149309539,1.5968178423436412
149309540,0.29679070691289
149298400,1.1418817336581468
149298401,1.1674516373733659
149298402,0.38157569487270226
149298403,1.2912316841159386
149298404,1.083266567821662
149300300,0.287923567822747
149300303,0.19891521303175666
149300305,0.31923031325350415
149300308,0.16180739953977766
149300309,0.14661999400134929
149292284,0.9814133475195432
149292285,0.9106919570612864
149292286,1.4030294493241238
149292287,1.150754322519553
149292288,1.1449405080618993
149292290,0.5345822889126226
149292291,0.487174416311341
149292293,1.0165003436880724
149292445,0.3626442290319668
149292446,0.3728606418934342
149292447,1.1450158232246994
149292448,0.38094654265841943
149292449,0.2896513333056749
149292450,0.26666789463988105
149292451,0.4447234216287499
149292452,0.35000748736499837
149292453,0.7202234288423426
149292454,0.27653341749770655
149307358,0.0993462009363451
149307359,0.09980360394982984
149307360,0.16221355091184161
149307361,0.16291960928327376
149308340,0.4914180156895446
149308341,0.4872951534379811
149309730,0.12402303366871997
149308346,0.039655928170148465
149307378,0.05805400072122061
149307379,0.05824436334861386
149307382,0.2966816996486695
149307383,0.31196527576276967
149308292,0.33986387072697477
149299263,0.05240379988646494
149293410,1.0745305776846727
149293411,0.21082472699447322
149293412,0.21231376881251351
149293413,0.4904962269150588
149293414,0.4864352012048271
149293415,0.489393249853362
149293416,0.49046051584560313
149299243,0.01847778868470985
149299922,0.01602674763208595
149299185,0.07453171019628584
149299186,0.05759255498461764
149298903,0.05271201094267383
149298938,0.13845698858010563
149298939,0.07155048524508383
149307027,0.12273981925225115
149307028,0.0404089329787468
149307029,0.15071387666078317
149307030,0.2849302824589984
149306440,0.07003997502227385
149309342,0.41910611262762365
149309346,0.36701900086241934
149309347,0.3671402965233523
149306992,0.053524078686098785
149307449,0.2619594670712151
149307450,0.14965946291094098
149299033,0.09146447257607242
149294118,0.46914253406026957
149294120,0.17339521392408508
149294122,0.39306162106982484
149294125,0.14590779322409902
149294126,0.13641250409943326
149294127,0.1694870027968775
149300322,0.25454591962491635
149298124,0.06306531394392109
149299525,0.506974263535746
149299528,0.21982892643645355
149298110,0.06933373807932271
149298111,0.05399454473465287
149297961,0.20621322331729147
149297966,0.40656244735272834
149297258,0.18279371473428008
149297260,0.5492762083418765
149297262,0.21772265782056194
149309000,0.3489895659153819
149306587,0.16526748960224072
149306588,0.05695011149946991
149298270,0.12644427062825106
149298966,0.16219601659989522
149298967,0.16516944738674216
149298968,0.09058870012751938
149298969,0.09231066614719402
149308517,0.18602426735410252
149308875,0.42307158486453295
149308877,0.26717325700098105
149308880,0.5042632634857152
149308881,0.1842130922395169
149308882,0.5299824125282134
149308883,0.24019853989361814
149308884,0.22702652930734227
149308885,0.44356824623865
149308886,0.6415357232088295
149308890,0.2995862909977044
149306444,0.02115463861910567
149306446,0.03208117666517788
149309292,0.03841069077287186
149309293,0.03471961262485392
149309294,0.08218541070241495
149292685,0.31401832641856087
149292686,0.4700226073861646
149292687,0.19397782274153977
149293945,0.9075445236117764
149293946,0.1641502071647911
149293948,0.43228575888310383
149293949,0.18064804175956634
149293950,0.4268880996441157
149293952,0.1692746032723738
149293954,0.36657329454411347
149298415,0.6086606243610635
149298416,0.6059948512130758
149297257,0.11072410971625155
149298469,0.6467421014176222
149298470,0.6480877704032583
149297997,0.28514922895301503
149298001,0.0879701072608225
149300297,0.11627635052038585
149293765,0.026018522551409195
149309040,0.47558769033428233
149309041,0.48877432447931296
149309042,0.19533093679339497
149309043,0.19925199656593906
149309044,0.47227007861430786
149309045,0.4764980016901263
149299112,0.08737294292236336
149299025,0.44732762840276624
149299026,0.1310521000565735
149298355,0.6544667200528784
149298356,0.7058525419627674
149307735,0.18670041581081107
149299987,0.08818942299565787
149298485,0.1982124422821525
149298487,0.2702717205171589
149298488,0.26674682854457193
149298489,0.26287111210468433
149298491,0.1922009229915617
149299481,0.10377937223732488
149299482,0.103483198301472
149293051,0.07961297980286557
149293052,0.07921395999407771
149298214,0.1843652213563032
149298420,0.4090641487370578
149298421,0.39853772624699496
149298422,0.3400961385770551
149298423,0.33307910293295206
149297467,0.056772865052736786
149299759,0.14324244738537045
149291893,0.13208134553185785
149291896,0.6067813014582428
149298292,0.05717589988481486
149298293,0.08629654775237906
149298294,0.06340688745545629
149298295,0.34264138319883986
149300131,0.2266762888611956
149300131,1.0683666793531559
149297857,0.0860766391739366
149309028,0.3434735181935679
149309029,0.17506343048310716
149309030,0.23247069532569317
149309031,0.6825530889613055
149309032,0.23453235047624366
149309033,0.6320278564813521
149309034,0.5620615307337187
149309035,0.38852339697096744
149309036,0.4995239698588226
149309037,0.31082239707578724
149297775,0.07450138432528369
149306131,0.1625063532060511
149306132,0.10836159617871224
149309232,0.16147444321827564
149309237,0.12575662189916825
149309238,0.59352381649928
149309239,0.2265173893430718
149294286,0.3595882030489905
149294289,0.7160882214651916
149294290,0.24982032272310378
149294291,0.23412734905847357
149294292,0.3865391545295301
149294294,0.14132741879591146
149294295,0.6633010769064489
149293485,0.793851239338418
149293486,1.2178013777400807
149293487,0.6535299195138686
149293488,0.21049437530542117
149293489,0.572292286081293
149293490,0.4312457651525575
149293491,0.628818082003091
149293492,0.24783116302754807
149293493,0.9013505769997159
149293494,0.2752475167959249
149300376,0.1574200334715892
149300298,0.1878871850066042
149300299,0.15488799960230273
149299633,0.22835726983484855
149299635,0.14327770115827823
149299637,0.15675714927653692
149299638,0.1049696338489438
149299639,0.14680724562032535
149300093,0.09070259431976588
149300094,0.16644699615629832
149300095,0.18469101284612072
149300096,0.5321782473758566
149300097,0.31932404239742096
149300098,0.154819863058229
149291704,0.33043481582994205
149292399,0.17495564236861313
149292400,0.17582172365180124
149292401,0.1880804722649319
149292402,0.18717843391374722
149292403,0.13378638679081584
149306813,0.09553843257581883
149306814,0.07317646973461646
149292762,0.420066737486406
149292766,0.490413888800056
149292767,0.3214641793962868
149292768,0.5824498205913274
149292769,0.20481933542917777
149292770,0.3114404537011446
149292771,0.5452082570139655
149299642,0.13795155392803865
149299643,0.17814963083613172
149299644,0.18520495001019283
149299645,0.15464088534215722
149299646,0.23546520021265502
149307457,0.1692033537742999
149307459,0.19263337282149612
149307461,0.5019117844113672
149307464,0.2020399387757016
149307465,0.15262216805909323
149307466,0.5002691194274453
149307837,0.15471793084305302
149307838,0.1521292285642827
149307841,0.19043412098609638
149307868,0.14563202322624721
149307869,0.4810619973825309
149307870,0.15722747691390415
149307871,0.15771496672571578
149307872,0.24350851492612172
149307873,0.17213643241047877
149307874,0.266639764357166
149307875,0.22131692690893037
149292655,0.08539120878554032
149292659,0.1548454448494878
149292660,0.15245367318141612
149292661,0.08470796243593118
149292662,0.45333010549661107
149292663,0.40583073189085395
149300102,0.34554376885426374
149300102,1.4393490225885668
149300103,1.6717281167261688
149300103,1.4508494068274689
149300104,2.182257804130127
149300104,2.0936612523234093
149300105,1.1634995485701518
149300105,1.7602687776548902
149300106,1.1802677886647748
149300106,1.736690525683195
149306730,0.33773555852464743
149306731,0.07583191923863519
149306732,0.09534588731814521
149306733,0.15700808579917433
149306734,0.1741812394876627
149306735,0.38525374943366514
149306736,0.13732371502294693
149306737,0.07497855455656377
149306738,0.14651834219629256
149306739,0.49684195705483203
149306476,0.4817311010416156
149306477,0.43277646932899394
149306478,0.5084719784410734
149306479,0.44933598532066843
149306480,0.38210606095016375
149306482,0.3349460492884582
149306483,0.32883884424551646
149306484,0.2798910107558539
149306485,0.2752655432579128
149300112,0.27169009239543074
149300112,1.1392279940725196
149300113,1.709821595108632
149300113,1.717885463048212
149300114,1.288736249166375
149300114,1.6283446721383161
149300115,1.4675408870073
149300115,1.3793744467310318
149300116,0.7978306646931835
149300116,1.5859144166687758
149293284,0.2116045252067099
149293285,0.28374592512532165
149293286,0.1724649614845935
149293287,0.19771090609930578
149293288,0.30356016922305373
149293289,0.2547519417396471
149293290,0.31279903076096005
149293291,0.3711070677264083
149293292,0.17516685336546658
149293372,0.07867536155771251
149293373,0.13511175728429345
149293374,0.1457351190098287
149293375,0.06749849856111291
149297568,0.4540534688575602
149297569,0.3634014057415509
149297570,0.4456301019424459
149297571,0.22744773330732512
149297572,0.18013585634530385
149297573,0.3336194214279021
149297574,0.2735489965972576
149297576,0.18561951920398725
149297577,0.22043532226062712
149298691,0.14740601539839013
149298691,1.0796107087963782
149298692,1.1452774227286966
149298692,1.236192037349847
149298746,0.07348582447248198
149298746,1.3300443876484813
149292112,0.2993724891253628
149292113,0.47297170851026477
149292114,0.7174789591703611
149292115,0.24584736183589537
149292116,0.5723869200188493
149292117,0.24640798820100382
149292118,0.2961376717839754
149292119,0.3239578928892883
149292121,0.300741597288283
149306373,0.07917320641929579
149306374,0.05511334104673011
149306375,0.1901515350827634
149306376,0.04816004058682166
149306377,0.07722859353175544
149306378,0.15818099249773993
149306379,0.1568423439629273
149306380,0.1595148968136657
149306381,0.05422791469080126
149306382,0.10538027738895728
149299278,0.28532638637420943
149299279,0.24901114687079173
149299280,0.3686556620635486
149299281,0.34870865303132453
149299282,0.12192937877451569
149299283,0.18950744580923587
149299284,0.19595070648428176
149299285,0.13132514712039875
149299286,0.22475558313390956
149299287,0.045349664726855414
149299333,0.14096143138185338
149299334,0.4632874356711675
149299335,0.5460932200340993
149299336,0.1511652372139651
149299337,0.10725215892949751
149299339,0.4380929523934414
149299340,0.8671658223262926
149299341,0.2925599651278258
149299342,0.577347088670581
149308019,0.18971972746277663
149308020,0.18836790405828868
149308021,0.5637373184661844
149308022,0.1732421532121402
149308023,0.4200408582047891
149308024,0.2263985856942056
149308025,0.43235948437087296
149308026,0.20210469872132444
149307394,0.17295296431195614
149307395,0.12496530781051762
149307396,0.10071043456300219
149307397,0.5567374139959995
149307398,0.10146676961100559
149307399,0.24311837373822345
149307400,0.19999682747611855
149307401,0.14046876006559458
149307402,0.1883269799909607
149307403,0.09868024373442796
149291910,0.31625783091176496
149291911,0.09039496849270101
149291912,0.612882210532864
149293024,0.09422239184864215
149293093,0.33639023392275463
149293053,0.054857220645224664
149308925,0.3899455819671294
149308926,0.27240893740918576
149308927,0.4065835860935964
149308929,0.4962867452966845
149308930,0.2198891845722873
149308931,0.7089613450679282
149308932,0.5136301079761013
149308933,0.6067424864611123
149308934,0.6064803875475566
149309440,0.21033432908400623
149298563,0.13633400567801573
149298564,0.4689935469546221
149298565,0.43368777846084383
149298566,0.45753754117698686
149298567,0.6008684859022797
149298568,0.2982305655637283
149298569,0.32070482204717243
149298570,0.2502683850767039
149298571,0.2732412315415884
149298572,0.5295534849403638
149309280,0.14788715481626796
149309282,0.1476898422337018
149309283,0.11209207406444906
149309284,0.18187535393695872
149309285,0.1510569036155872
149309286,0.10504979748653434
149309287,0.13117818326739536
149309288,0.149337828483586
149309289,0.15048147199995698
149291879,0.47015286046584975
149291880,0.7223198106750707
149291881,0.8211803267962754
149291882,0.7195000140799551
149291883,1.6347356934914148
149291884,1.5573050016795993
149291887,1.8377024939458804
149291888,0.9316218492049374
149293115,0.6058848143221797
149293116,0.48318596576393197
149293117,0.1248523261325131
149293118,0.20075263365271645
149293119,0.1897936906543226
149293120,0.1571250663044497
149293121,0.4274901903348355
149293122,0.18714921660128375
149293123,0.2366085086849116
149293124,0.12465700674756428
149292102,0.09459250180661298
149292103,0.41850590053931275
149292104,0.11477415030440921
149292105,0.09255462027046005
149292106,0.1806154215291523
149292107,0.8591162032061975
149292108,0.1321754041864326
149292109,0.18814360267617689
149292110,0.09804501132295772
149292111,1.1099256580149155
149292214,0.3796778907235222
149292215,0.5170111441173855
149292217,0.26462079146034617
149292218,0.4337672853574794
149292219,0.2729855097985273
149292220,0.36475531225742736
149292221,0.26878383301250713
149292222,0.1741859184799561
149292223,0.17225067466297458
149291453,0.22726749506191418
149291454,0.12923094624306616
149291455,0.10619429334731899
149291456,0.22730642236056747
149291457,0.10362405387315789
149291458,0.16623911407243908
149291459,0.18963414692424185
149291460,0.2672721594198666
149291461,0.23092837672263009
149291462,0.100320307975302
149291463,0.21155794931445093
149291464,0.21956533391902744
149291465,0.20625852078680287
149291481,0.06515710230969554
149291447,0.034813618604785664
149291448,0.11718123001079148
149292944,0.9874204593783008
149292945,0.8858174808346774
149292946,0.1685146952240635
149292947,0.1949185167221195
149292948,0.12312510371010252
149292307,0.7247339242211677
149292308,0.19733310446853553
149292309,0.3441948924146543
149292310,1.121093520316479
149292311,0.12371061137696768
149292312,0.9053097889838978
149292313,0.6797903601129205
149292314,0.4825368897868539
149292315,0.8003558841113294
149292316,0.7633735839939201
149293495,0.5504679084124623
149293496,0.28089782038564215
149293497,0.5450372333281166
149293498,0.28431239719092327
149293499,0.2821813796804611
149293501,0.45221252712035703
149293502,0.2577485534842569
149293503,0.25607682425359524
149293504,0.30251952080250843
149297387,0.08425545994376772
149297388,0.09984533832089088
149297389,0.06194524210219084
149297390,0.11279811573542062
149297391,0.11182534558417327
149297392,0.10922075397689227
149297393,0.10700788910618753
149297394,0.1131925982243562
149297395,0.0689553048725021
149297396,0.07655148564628869
149292549,0.9228866552833666
149292550,0.9223034615689241
149292552,0.7754963104972173
149292553,0.16508271174631425
149292554,0.6073435104974519
149292555,0.7034048074081993
149292556,0.23229047582343063
149292557,0.3445901553310014
149292558,0.3189973152338386
149292879,0.5598247939300872
149292880,0.4599240060875972
149292881,0.6367782956244654
149292882,0.5303777925412415
149292883,0.5000726918758808
149292884,0.4269067845824372
149292885,0.3499043037666817
149292886,0.2725938641232751
149292887,0.26576270952762615
149292888,0.761113413553519
149292386,0.3239057229998819
149292387,0.3438638266955604
149292388,0.3966336207224911
149292389,0.2764848388410821
149292391,0.5820685899543353
149292392,0.29947441614876114
149292393,0.5849637782303116
149306781,0.07977792841071231
149306782,0.07886778209845846
149308552,0.062355194801882535
149308553,0.06147992414556469
149306718,0.2443278106848473
149306719,0.26408895905846863
149306890,0.1267789900074065
149306891,0.12532288820148085
149306892,0.522957308755707
149306893,0.16793301513736236
149306894,0.5771756335846425
149306895,0.13398805506196956
149306896,0.3962683689194959
149306897,0.39306438734985905
149308357,0.05043678528454612
149293430,0.279470288503995
149293432,0.1525081311341975
149293433,0.24361927189448546
149293434,0.6298217949346492
149293435,0.3261775141439017
149293436,0.34610340129567885
149293437,0.6265391610057296
149293438,0.3264984574196211
149293439,0.2883957572935454
149293361,0.1767355371908273
149293363,0.4045544804644733
149293364,0.1755726933919093
149293365,0.4120911567237498
149293366,0.3116911941110818
149293367,0.8335761330526856
149293368,0.2003076762121367
149293369,0.32840779705043766
149293370,0.7384539675463542
149297952,0.19426443770332133
149297953,0.23177259792964133
149298514,0.12934877785649598
149298515,0.10292590296677216
149308865,0.4400897925835764
149308866,0.4262505568894395
149308869,0.20982459315221996
149308871,0.5135315398781783
149308872,0.11291656337712645
149308873,0.314893855462062
149308874,0.648277429388696
149299268,0.2841427082379628
149299269,0.29630211602799356
149307342,0.07607807459408258
149307343,0.1031128964041304
149307370,0.0687586468387608
149307372,0.04258229555442766
149307374,0.08796729980918899
149307376,0.09214705619030332
149307266,0.31746783974437504
149307267,0.05379084695500516
149307268,0.25519226898279096
149307269,0.12352673962446944
149298098,0.07859185515031128
149309443,0.22362572085025012
149309444,0.23920534999134738
149309445,0.07621189765398724
149309446,0.13878959596915819
149309447,0.33048738775185
149309449,0.6550143337858599
149309451,0.684180363348118
149308316,0.3470984337325443
149308268,0.03365514095057776
149308269,0.24270341067619958
149306447,0.03147404885064543
149308342,0.037884795683916776
149308343,0.054539031088373664
149308344,0.05431632571780195
149298117,0.11243531743596204
149309039,0.08026670338251866
149308816,0.16181758492325798
149308817,0.17552957893419238
149308818,0.11998735142869554
149308819,0.11550111157914432
149307653,0.2614705917763514
149307654,0.7305031157432841
149307655,0.28782372059527384
149298291,0.05967295587976388
149309796,0.8269845248516925
149309797,0.7396163523333581
149309798,0.7971656718625425
149309799,0.7224569168409704
149309801,0.6897053318055822
149309803,0.9013976557187419
149309804,1.0160421317407387
149309805,0.2846308859265413
149306994,0.05949670267215282
149306996,0.6865303185120758
149307260,0.07247413348145992
149307262,0.10159954528384973
149307263,0.16993410711910026
149307265,0.12300495454035536
149309677,0.13587076896700098
149309678,0.13376660751794442
149299543,0.03435958549705394
149299544,0.07825060606595188
149299764,0.222860993632902
149298427,0.8187069912209736
149298428,0.8759657628536909
149298429,0.5238892399455252
149298430,0.512848478035609
149298431,0.8577190131801355
149307362,0.3486010434755497
149307363,0.3619059359366706
149307366,0.06106756698399392
149307368,0.05567545464720021
149299164,0.08590949695205571
149299165,0.2236045052833069
149298516,0.2998279280478277
149298517,0.29459932217119256
149298518,0.10679704282650739
149298519,0.09984910285116917
149298264,0.2800917821188477
149308609,0.23931152515382156
149308610,0.14329739581488846
149308611,0.9450322977061151
149308345,0.047836679730627316
149307304,0.05361080254916044
149307305,0.049051568595374996
149307306,0.07032695434513209
149307307,0.07694940964305631
149309453,0.130770190008809
149309454,0.27742986878955345
149309455,0.24879115595079435
149309456,0.12751750782052668
149309457,0.14521923259694478
149309459,0.19389038679421608
149309460,0.45244166596677216
149309461,0.2576849372758436
149308535,0.4154108877890563
149308536,0.9204873648892133
149308539,0.5948950499924708
149308540,0.5889223143863299
149308541,1.428901078726033
149308542,1.525605965542521
149292492,0.9437789788510963
149292494,0.13622381608992165
149292495,0.13643962574364954
149292498,0.3127738332950495
149292499,0.5748672559229823
149292500,0.1519708015691329
149292501,0.3355947987915768
149293209,0.2781784853616203
149293211,0.17363212880755471
149293212,0.17142048104343974
149293214,0.24773687658107083
149293215,0.30086958252188184
149293216,0.5198616092065863
149293217,1.092430143664984
149293218,0.26851301786610837
149308573,0.1225917034107435
149308574,0.10546122480065105
149308575,0.10804941079405386
149308576,0.14465525662224163
149308577,0.14389749671683946
149308578,0.3770286936902816
149308579,0.21089972725065165
149308580,0.3559652067165845
149308581,0.48864219818369653
149298499,0.1437841480305471
149297273,0.2837078285399593
149297274,0.42987564913503173
149297276,0.27426276388734566
149297277,0.5176823657961649
149297278,0.36072390150084727
149297279,0.6296231409576863
149299529,0.05661793037418225
149299530,0.0383422481230953
149299531,0.18627062195801358
149299532,0.16778481361144348
149299533,0.22411579306057644
149299534,0.10668123746017252
149299535,0.15627871572365667
149299536,0.15482359949213634
149299537,0.18184981772289596
149299538,0.16802791672555112
149307419,0.21762688306890593
149307421,0.24081690861789565
149307423,0.10160265711417346
149307425,0.22230342488293295
149293385,0.17357490435898124
149299515,0.11960660670096918
149299516,0.11698131517167529
149299518,0.2584537583816754
149299519,0.08522959822262671
149299520,0.08445407133789257
149299522,0.26211685731703666
149299523,0.7761374419643459
149299524,0.6606870144331124
149308736,0.0740730100228173
149308740,0.10114768005401983
149308742,0.08906779467361031
149308743,0.161838036049782
149308745,0.1954308041347785
149306667,0.1686764198964179
149306668,1.0928713030430075
149306669,0.26451224970764103
149306670,0.2594573858580337
149306671,0.3531057259643904
149306672,0.12951423998206277
149306674,0.3884611440801997
149306675,1.0676951146295603
149291500,0.38696062917828344
149291504,0.2912078796299235
149291512,0.22795829078063318
149291513,0.4058819189234044
149291514,0.3207776897751064
149291515,0.4007862500879675
149291516,0.21477395356857748
149291517,0.2506213285533324
149291518,0.21470483218249214
149291519,0.5954203830676627
149298857,0.9032234498583204
149298857,1.2161261558667076
149298858,1.582550331849848
149298858,1.2621250153236259
149298859,1.2896410967886482
149298859,1.2477889993594098
149298860,1.3298285296086068
149293753,0.07347607698500937
149293754,0.09522815095297951
149293755,0.08488210104833728
149293756,0.09970222070932491
149293757,0.08965545318016692
149293758,0.08445101789918048
149294227,0.31303101792258237
149294228,0.2664890831563369
149294229,0.44899915443822974
149294230,0.49780333543970595
149294231,0.3755823472859845
149294232,0.36601059056929997
149294233,0.3944287882702421
149294234,0.42716066881838816
149294235,0.6810402096492636
149294236,0.6404909968409643
149293180,0.16955771488692925
149307905,0.04066620317819572
149306720,0.18694085995859794
149306721,0.5415788757531239
149306722,0.41995274147529243
149306723,0.1749379980846638
149306724,0.23569355882660817
149306725,0.2748864142374919
149306726,0.13120201064376483
149306727,0.49465548174653673
149306728,0.3765100598280608
149306729,0.24953701502169584
149293929,0.1953826158959629
149293930,0.21033633424714537
149293931,0.5078212491978594
149293932,0.16997727493574064
149298306,0.816027646365802
149298307,0.4091659267578807
149299449,0.09536993874048395
149299452,0.11194615000644681
149294217,0.28422620105549934
149294218,0.772378265639167
149294219,0.35254604712409815
149294220,0.8908131333639397
149294221,0.44347623587027213
149294222,0.7472362169811538
149294223,0.39482807501342293
149294224,0.3484066723993358
149294225,0.330982777449363
149294226,0.25221895821799745
149291702,0.06505743852937544
149297950,0.09611119987241204
149297951,0.08508334163269696
149308362,0.31416919791595754
149308363,0.362312953488235
149308364,0.23841385742025614
149308366,0.2842639826558721
149308367,0.2017961454818733
149308369,0.34207214836142125
149308371,0.6600274139427037
149308792,0.21207121627798373
149308793,0.22144254171535768
149297824,0.1611428920512854
149297824,1.0897859304744137
149297825,1.2686316483166125
149297825,1.0118967019817624
149297424,0.3937205033980755
149297425,0.2822046187280886
149297426,0.6334775794148252
149297428,0.1909824882235319
149297429,0.6273386745652169
149297431,0.26812286447670847
149297433,0.30888304634298547
149298940,0.1492286557478395
149298941,0.2773261673263636
149298942,0.09232200865780778
149298943,0.19191090308861183
149298944,0.20213624194777707
149298945,0.11846870602788347
149298946,0.23720595538387776
149298947,0.20819222500951945
149298948,0.1629852517729438
149298949,0.21924236141264108
149293773,0.05573190431861225
149309786,0.627602154596493
149309787,0.7525258363380284
149309788,1.0698061966843742
149309789,0.8828825800739891
149309790,0.6276914565847845
149309791,0.17849621319428086
149309792,0.36941864175683486
149309793,0.29592697947018337
149309794,1.3470359459355692
149309795,0.9364053758575366
149292244,0.319707528522533
149292245,0.1757259590862732
149292246,0.3032016928578664
149292247,0.1523032852512751
149292248,0.37436704856569464
149292249,0.4625866825826874
149292250,0.25455371531319365
149292251,0.3671211354092991
149292252,0.7958623814422046
149292253,0.791466724751755
149291985,0.8615162599035898
149291986,0.7830084944935838
149291987,1.2437928760120214
149291988,1.1406542841398954
149291989,1.5712259502475319
149291990,1.4048357905194975
149291991,0.8722508695022381
149291992,1.3008309833346858
149291993,1.5000695315631598
149291994,1.1527979573291913
149292173,0.6787278913725118
149292175,0.2876720702177353
149292176,0.33289944115667475
149292177,0.24405294138744438
149292178,0.30988438320004186
149292179,0.9838743635755702
149292180,0.503816270521905
149292181,0.3645535145275859
149292182,0.8583021033679946
149307110,0.09366003621717296
149307111,0.17405049964303765
149307112,0.20351786172138478
149307113,0.17540065215279804
149307114,0.10713028878739769
149307115,0.20622146131762142
149307116,0.106121590086362
149307117,0.16247199770550938
149307118,0.16762898089209785
149307119,0.20023737371384792
149309501,0.13924085718881835
149309502,0.18931308401188027
149309506,0.2378876639092395
149309507,0.28535925805670026
149309508,0.2168670801818516
149291948,0.44335628263776405
149291949,0.7669211872300135
149291950,0.66141285667242
149291951,0.95169084201128
149291952,0.7104232069756005
149291953,0.6156234817027398
149291954,0.5489505567360112
149292194,0.13372599522133066
149292195,0.2539999896134148
149292196,0.17471590960971892
149292197,0.2376031622632023
149292198,0.34157214417843695
149292199,0.28184036667473494
149292200,0.2773515326234747
149292202,0.15374514825323457
149292203,0.2622771775135548
149291536,0.1585311209238603
149291537,0.28737920593149285
149291538,0.21360412712165056
149298974,0.15354245548446632
149298975,0.16397329647511039
149298976,0.11376640283885012
149298977,0.3025184305515844
149298978,0.11346282833601654
149298979,0.16082451271474232
149298980,0.26407473247177954
149298981,0.17403217446170482
149298982,0.19894025930904907
149298983,0.15424605185935425
149292675,0.22938247438838416
149292676,0.19730242660621308
149292677,0.24566610785715592
149292678,0.19789879471926952
149292679,0.18928515560169598
149292680,0.18800052161389672
149292681,0.26148468408430936
149292682,0.3188680008332628
149292683,0.25718598450669183
149292684,0.3555446479683646
149300406,0.10609728349408011
149300407,0.39855955169681156
149300408,0.11879007934357726
149300409,0.11864322416031083
149300410,0.12548337035586601
149300411,0.1442004698403491
149300412,0.34263884806375267
149300413,0.09626062448872864
149300414,0.12802310093410454
149300415,0.10915361497655571
149309351,0.2938583400130506
149309352,0.3098274870182489
149309353,0.25575903771022224
149309354,0.1502428897046865
149309355,0.07566513332859579
149309356,0.15158635115605115
149309357,0.15437685545713226
149309358,0.073436941662911
149309359,0.2561862515178705
149309360,0.0656769693071613
149309774,0.1039309957778994
149309775,0.08654128182201061
149309776,0.07895092110423904
149309777,0.16062673800692132
149309778,0.1081729492205131
149309779,0.08482247329851772
149309780,0.10431348187183496
149309781,0.1258895867684714
149309782,0.08212347102864094
149309783,0.38337142610776453
149306852,0.03566229791911687
149297263,0.26422246395180793
149297265,0.18048360030912924
149297267,0.20191089479107308
149297268,0.24426076546564543
149297270,0.31594248469866065
149297271,0.7608758971394148
149297272,0.222819965224361
149308317,0.20807954148340624
149308318,0.21975548704881293
149308319,0.22364272343451172
149308320,0.2427141880804068
149308321,0.10435581504210242
149308322,0.10163351410777298
149308323,0.19320688295944952
149308324,0.07983414003946848
149308325,0.05938285106260016
149308326,0.10160284450586014
149297455,0.17073014085421945
149297456,0.21359293942020127
149297457,0.29650372821121773
149297458,0.23667495297394542
149297459,0.1389895130837166
149306153,0.21388235394157099
149306154,0.19930325492639317
149306155,0.12933562909857904
149306156,0.2718127994103908
149306157,0.5397627501717548
149306158,0.16417800842142666
149306159,0.30310099150570513
149306160,0.1405678055646844
149306161,0.200626447959114
149306162,0.1616064502897384
149291845,0.07488535496255323
149291846,0.07848898126159107
149291847,0.10272677189105169
149291848,0.09144566363429582
149291849,0.06748610557073417
149291850,0.13405911831636316
149291851,0.07557119847208701
149291852,0.12537437087893538
149291853,0.07739236244536238
149291854,0.08056158314137905
149293451,0.16005807327317279
149293452,0.16225032418580587
149293453,0.2751662563529148
149293454,0.2412817142739863
149293455,0.08787904874846998
149299343,0.4048933313309678
149291629,0.2579389451305841
149291630,0.255046469515506
149291631,0.2909642173574212
149291632,0.29071174659484755
149291633,0.1297110946360538
149291634,0.33714567857371036
149291635,0.33064956786884053
149291636,0.19378557430138788
149291637,0.18805696860099705
149291638,0.5192851780315961
149299363,0.17178698543374163
149299364,0.16718199826142835
149299365,0.21962973218142773
149299366,0.30406154649235584
149299367,0.20045678941395417
149299368,0.22761680205075083
149299369,0.22043569336012733
149299370,0.21002197666004388
149299371,0.21905038012860817
149299372,0.3404543516526269
149299641,0.06500166048188155
149309133,0.42267636741950715
149309134,0.34742370933774325
149292077,0.5376847374884339
149292078,0.13130576009388042
149292079,0.2518545904517732
149292080,0.2404112034416749
149292081,0.4470484963325481
149292082,0.5489868959820113
149292083,0.508637504643306
149292084,0.5910677727045882
149292085,0.6712848599186356
149292086,0.4834528299092405
149306850,0.05714906615565407
149306851,0.0571973787928164
149306666,0.049528148963941934
149306589,0.1537986677189187
149306590,0.041912403141829375
149306591,0.309319735632785
149306592,0.10169887403592108
149306593,0.3318518467956466
149306594,0.16364997078733748
149306595,0.11756115981564447
149306596,0.13459705269822786
149306597,0.07780777082217176
149306598,0.5208707702236979
149307406,0.09472695912067042
149307407,0.09811036624580467
149307408,0.09719364359325273
149307409,0.10078725287354134
149307410,0.09205269159066234
149307411,0.11348022125146894
149307412,0.10361418074816633
149307413,0.10816584115157171
149307414,0.10036428580180597
149307415,0.11594947883763687
149291760,0.20602569040273447
149291761,0.15048609243547628
149291762,0.18418310861651632
149293105,0.18377846380292504
149293106,0.2419750135395317
149293107,0.30647342502752917
149293108,0.3383366770590678
149293109,0.6564448412547195
149293110,0.8805991741995395
149293111,0.40494297122275874
149293112,0.2966068057121328
149293113,0.44863454343472897
149293114,0.5739660068317787
149300256,0.1357965820917467
149300257,0.1439630103567638
149300258,0.14889495612121598
149300259,0.1413370764615326
149300260,0.12932587475561202
149300262,0.14168055282288766
149300263,0.15959873969227892
149300265,0.320490999474259
149293167,0.214893517227724
149293168,0.18514011932091237
149294065,0.37128429814946023
149294066,0.39870711505858536
149294067,0.29739232702739266
149294068,0.7598407883810299
149293177,0.12693576112911556
149293178,0.14664082439556575
149306558,0.5236726707098747
149306559,0.19029420340179592
149306560,0.27354007429807614
149306561,0.2219899685943977
149306562,0.1350435726550656
149306563,0.29477135760690004
149306564,0.49046092606702285
149306565,0.13024709122387546
149306566,0.4586877797906155
149306567,0.416639986572787
149291933,0.5716244225130321
149291935,0.7584201653450219
149294247,0.49322289712050305
149294248,0.9367447356523746
149294249,0.4878606878605821
149294250,0.6795280956025803
149294251,0.8986187349801201
149294252,0.12981365597901506
149294253,0.5982735844434496
149294254,0.3122271828752243
149294255,0.40069252353437773
149294256,0.15978587388388132
149293545,0.5712275458353275
149293546,0.4664210846170236
149293547,0.3859159071121096
149293548,0.42789431077774365
149293549,0.4878590587207794
149293550,0.3671934845351383
149293551,0.3762803593010437
149293552,0.3839751949432922
149293553,0.41997140918962445
149293554,0.4027739071930758
149291530,0.13701826747977952
149291675,0.11897907898203407
149291676,0.1174209142128272
149306656,0.5710077210158175
149306657,0.20369311839535464
149306658,0.420198890259199
149306659,0.23620044756723285
149306660,0.36371422729691044
149306661,0.201713197204234
149306662,0.3162423630387949
149306663,0.3922149592517592
149306664,0.411015403271899
149306665,0.5466917249444905
149292297,0.3446479163432143
149292298,0.4997491538787715
149292299,0.38009332113100375
149292300,0.40561742217928215
149292301,1.3983687624904442
149292302,0.5576984615789199
149292303,0.8336544338948104
149292304,0.42497481224811035
149292306,0.5507479614329747
149292502,0.3075468956741182
149292503,0.572939347452735
149292504,0.8100506554418421
149292505,0.7306665782044233
149292507,0.9678394619521994
149292508,0.6694544275389245
149292509,0.7647870583165655
149292510,0.3551924936909605
149292511,0.16961997901231604
149306769,0.0651029829590621
149299664,0.07973742544262422
149299666,0.2700489030570984
149299667,0.27512803708437256
149298950,0.05844608855239888
149308935,0.06405053049643016
149299583,0.08522324896203747
149299647,0.4260030823499735
149299648,0.40815302832471245
149306317,0.15114964762498406
149306324,0.15354647127626705
149307064,0.08584546815932793
149307065,0.10930622326132358
149306766,0.08939885607421057
149306767,0.07816398938477019
149306768,0.07811441216222205
149300442,0.08090096726350643
149300443,0.06684433561754716
149298226,0.254420692839366
149298227,0.20363510971618723
149308190,0.17967595005640535
149308191,0.234050841242707
149308192,0.16026155687049157
149299212,0.0898791853353379
149299213,0.08926110359586467
149299214,0.07944464838519279
149299215,0.11417317135130743
149299216,0.10820016236198533
149299217,0.1326422612581455
149291897,0.2535977019569175
149291898,0.2542879516513851
149291899,0.040879367733867474
149291900,0.04258352177290244
149299265,0.022912897628338307
149307621,0.8494731499933007
149307622,0.8276244963007193
149307623,0.712518112946712
149307624,0.7628843400443811
149307625,0.20957048964590227
149307626,0.22993639453600234
149299663,0.06150541103999501
149298099,0.24079189565652223
149297614,0.2245527947024741
149297616,0.4452891661250777
149297617,0.26334186173065527
149297545,0.12738694547392826
149299782,0.1585896855602954
149299783,0.15562371539769904
149307346,0.0869784379173864
149306770,0.09675949188501172
149291442,0.051190810274837246
149298557,0.14175064314591282
149291440,0.05619195850950416
149300441,0.09653355300062441
149298417,0.06050011265235102
149299881,0.788715577812433
149299882,0.9826384315410364
149299883,0.7888039959366968
149299884,0.7886054892411007
149299885,0.8366690573162707
149299887,0.9029113275025321
149308514,0.16386325169857127
149308515,0.08594213291750256
149308516,0.15295253989353727
149308844,0.23915056953739808
149293599,0.41488283545665405
149293605,0.22676376566375958
149308983,0.46303557810451973
149293955,0.10236648673707839
149298432,0.06470802357242045
149294304,0.16904532246938164
149294305,0.31108022832483945
149294311,0.31414859821323077
149294312,0.4672984331746826
149294313,0.5170120313046366
149309187,0.2446478271375298
149309188,0.14402150622248353
149309190,0.7254628759622422
149293689,0.45418116241784406
149293690,0.35048819045228685
149293691,0.3807647141208451
149293692,0.5504114378016115
149293693,0.4057637142926563
149293694,0.4230340898346013
149293697,0.7447052612387403
149298561,0.3838542532673583
149298562,0.4347878844152187
149299869,0.4889985610126296
149299870,0.6484138268953873
149293450,0.11156566199514291
149308715,0.05755401506788885
149308670,0.07050891722349487
149308671,0.21779518848794355
149308672,0.528119405998435
149308674,0.79494268353127
149308675,0.08192205330707164
149308698,0.29840535524864864
149308701,0.18151729139543243
149308940,0.8091168527396444
149308941,0.17032101094301907
149308945,0.8638583111560538
149309325,0.19989532050596934
149309327,0.11927002365626269
149309328,0.11871369477120705
149309263,0.12698502017211877
149309251,0.4578014524082261
149309253,0.31624705069579806
149309257,0.566574679848428
149293483,0.3015707495258525
149294277,0.18124181400665945
149294283,0.225616528835321
149293608,0.46681021579910614
149293610,0.32470643206056676
149293611,0.42754040913559826
149293612,0.25680140465287293
149293613,0.43850498498176566
149293614,0.3239691920856057
149293615,0.581292891989744
149293616,0.7762864926262855
149293617,0.3210212882079757
149293679,0.6591241697817973
149293680,0.5111330885178401
149293681,0.6151370795136026
149293682,0.40798378409205177
149293685,0.8852209815295882
149293687,0.7903271511850587
149293688,0.3959903360917601
149294296,0.2232298550125413
149293618,0.19304630097501344
