,tfd
149300610,0.012267021983090688
149307738,0.056679499283379654
149308037,0.04529068114114388
149308038,0.039423685261613536
149308039,0.03144987981270169
149308040,0.23672285805014498
149308042,0.03131233903259082
149308043,0.031261049171178036
149308044,0.23322533340986906
149308046,0.03210605196347053
149306873,0.009572443228173399
149306874,0.009636053549412778
149307532,0.04478506804712397
149307533,0.04278551506229378
149307534,0.031141163779911153
149307535,0.030316838249063997
149307536,0.032520234518784795
149306849,0.012233991866521987
149307786,0.08828125504376477
149297695,0.12277290931283048
149307280,0.058428788656548596
149307281,0.05760542241554883
149307282,0.10877689944026855
149307283,0.11940933168969575
149293094,0.03910705107523444
149293095,0.08319847785949773
149293096,0.11247144181692303
149293097,0.05729616491906972
149293098,0.08087937239738485
149293099,0.08736012855571426
149293100,0.04460366947312161
149293102,0.027640920692211676
149292396,0.09244506626879995
149292397,0.025997634115036986
149292398,0.032338713138341274
149299154,0.03873886540283045
149299155,0.032156747028950904
149299157,0.03222957026837797
149299158,0.034810756018266574
149299160,0.038374989212971444
149299162,0.03671365620690379
149297935,0.004981550787509919
149297936,0.00527099257165846
149297937,0.006498561409606546
149297938,0.004808557193718891
149297925,0.016295976016860017
149297926,0.016932279305250268
149297927,0.017880674701874717
149297929,0.016638645575151365
149297930,0.016305835151099738
149297931,0.014985802335799237
149297932,0.015374135420747689
149297933,0.011438668649343422
149297934,0.015823769643731233
149306208,0.052062920110449
149306209,0.010982604959513245
149306211,0.017987423938110304
149306212,0.031698916082515294
149306213,0.07304378686428889
149306215,0.06503533943083022
149306216,0.08138211908338125
149306217,0.010587539952562128
149297435,0.030235763325147328
149297436,0.0227437303103118
149297705,0.1189113967463128
149297706,0.030492422436132916
149297604,0.028931504545787946
149297606,0.03720807762810011
149297607,0.03793416532595472
149297608,0.02865300600598657
149297609,0.030965228524118635
149297611,0.025710463892896714
149297612,0.06745906479617302
149297613,0.11456891737832985
149297598,0.05952768388795847
149297599,0.02825643828870959
149297437,0.019519619870552916
149297438,0.008952013332725179
149298951,0.01888825702082093
149298953,0.02835438956678472
149298954,0.017269692320200553
149298955,0.031847030072050427
149297600,0.0756060618827569
149297601,0.048724349982642065
149297602,0.029639813174292103
149297603,0.031457433340149
149300133,0.07094041151923286
149306450,0.019227020290598928
149306451,0.027756913230044786
149306453,0.01774096531490998
149294197,0.0436372332873564
149294198,0.08065306203150892
149294199,0.05362503164472343
149294201,0.022430339587715186
149294202,0.13486145189875143
149294203,0.08911486648924564
149294204,0.045038509779395546
149294205,0.01984137712956798
149294206,0.04629008993128821
149297834,0.04192457007690007
149297834,0.07082487295795858
149297836,0.1542014242326695
149297836,0.12769667122258324
149297839,0.47812735565661685
149297839,0.4019838268959693
149299102,0.004706453739154934
149299104,0.01008884323965719
149299105,0.00890561544655474
149299108,0.05372187710063423
149299109,0.054463271371978636
149306689,0.01245842948733321
149306771,0.05138051704877392
149306772,0.2237362209048927
149306773,0.10258732372898888
149306774,0.12219491483912888
149300557,0.09253663407430976
149297808,0.03836095765375311
149297809,0.03454837017207379
149297810,0.023248576994463584
149297811,0.023804715699186525
149297812,0.04980739875106601
149297813,0.11645211216570157
149297814,0.054956441551286685
149297815,0.043789251652831734
149297817,0.07940925025408789
149299763,0.1472263556752994
149299113,0.09379170882876764
149299114,0.09073739264852537
149299115,0.08473046489563725
149299116,0.0474227362106774
149299166,0.05357185248651982
149299167,0.023005050397363773
149299168,0.01836466159742446
149299169,0.04366684161672342
149299172,0.023521844964115246
149299173,0.04924082739013318
149299174,0.07885226661018287
149297404,0.04881702884813229
149297405,0.04120257492948059
149297407,0.09950775077088637
149297408,0.06134819599144417
149297410,0.03245193633612852
149297413,0.04533391761378199
149307560,0.1326455169721614
149307561,0.1138533343345921
149307563,0.13633436158471174
149307566,0.07243321757369053
149307567,0.2101108723694637
149307569,0.22874216082293194
149300313,0.04102567170012712
149292047,0.05768487691436158
149292048,0.06581256338185414
149292049,0.10664413606652248
149292051,0.06873993758197797
149292052,0.09241035184497533
149292053,0.03042835117408623
149292054,0.0439772569997665
149292055,0.030329226593219252
149293144,0.030787433702466577
149293146,0.062020377647917464
149293148,0.041069534154347824
149293149,0.047712613960869045
149293151,0.08200909932577069
149293271,0.1304165964889475
149293272,0.03414194304143596
149293274,0.026732678727825934
149293275,0.0377321505066347
149293276,0.07279062507587497
149293277,0.0310711675409626
149293278,0.22069298017524305
149293279,0.03738561668701627
149293280,0.17049640674394667
149297463,0.0707930929341973
149297464,0.06679458235380722
149297449,0.08605668837745814
149297450,0.0892816985779256
149297451,0.02034775889275713
149297452,0.06268636761301953
149297453,0.05525035302817756
149297454,0.04000528266157802
149298271,0.015875615376207623
149298272,0.008230875133293252
149298273,0.00874676876729006
149298274,0.01500895459058872
149298275,0.008279727743924978
149298276,0.01596888527251744
149298277,0.019796136954989912
149298278,0.06335310573405009
149298279,0.05335785020020335
149298280,0.010390964576204578
149300145,0.055845425438518205
149300145,0.39581096330370846
149300146,0.5355113979472992
149300146,0.595115689202496
149300148,0.4608435553377587
149300148,0.39416506731300616
149300149,0.24964713888905235
149298483,0.02533938907725145
149298484,0.023430258227218826
149299963,0.06032228463960739
149299964,0.039798909513617
149299965,0.061590973051047354
149299969,0.11258279868589717
149299970,0.06614721828167838
149299971,0.085001962386594
149299044,0.026053151807529745
149299045,0.08125582938617408
149299046,0.07993340103106159
149299047,0.056528380702392536
149299048,0.02627957809952035
149299049,0.12412377628350052
149299053,0.08970290406669083
149299994,0.033848486609618936
149299995,0.04364315017745106
149299996,0.05407768295836954
149299997,0.046644270163826176
149299998,0.0831366774849312
149299999,0.06338002055691774
149300000,0.06196626399404557
149300001,0.02691394364323367
149300003,0.06804217202333623
149308612,0.008098340824870317
149308613,0.026008169213824577
149308614,0.01892970204796848
149308615,0.04031597215922189
149308616,0.031071044659511816
149308617,0.020666369163964003
149308618,0.03477351642490252
149308619,0.036192382974483864
149308620,0.009447038872742751
149308621,0.1323667648597216
149293966,0.06617634960401982
149293967,0.07134852377713802
149293971,0.040895295058781526
149293972,0.044518146868374395
149294187,0.061485385318306045
149294188,0.07989774302498895
149294189,0.033301993037610333
149294190,0.04690048786982862
149294191,0.04005820595083665
149294192,0.05808796500313961
149294194,0.12542489553554906
149294195,0.05330202361902618
149294196,0.044930782597854504
149292122,0.03889690815603401
149292123,0.040139501207474865
149292124,0.04824205884491333
149292127,0.02482879742898729
149292128,0.044956066143965794
149292129,0.051232332400102484
149292130,0.04632397076158891
149292131,0.05853028209568169
149307878,0.07505835648369351
149307879,0.22004428909693088
149307881,0.11286612934990847
149299471,0.040014028239694056
149299476,0.07131883996215983
149299478,0.06873980316765073
149299479,0.037591000616415154
149299455,0.009946532076799712
149299456,0.009422480411897489
149299460,0.010096122006321751
149299461,0.007486903884585479
149299462,0.007036751674603173
149299463,0.027147647784638795
149299464,0.0280582578202253
149297707,0.014917311393892841
149297708,0.037653100308671326
149297709,0.004313571077481199
149293239,0.0421272369018642
149293241,0.05885940182282855
149293242,0.044643044096180584
149293243,0.059437684858388455
149293244,0.044031222250913084
149293245,0.14177514097674418
149293246,0.05980357868138181
149293247,0.0893893544428341
149293248,0.0923675915189826
149309585,0.01655118632830441
149309588,0.01534274368371618
149309590,0.010583537972792026
149309591,0.012634780151380498
149309594,0.02161976603056653
149307191,0.008994806385140532
149307192,0.00908620127359163
149307194,0.058377344178826875
149307196,0.05870893868126207
149307198,0.07662079087474298
149307199,0.015631657390428058
149307200,0.07623444848980965
149297946,0.017511417313720613
149297947,0.01170080678654744
149306133,0.007345695948797752
149306134,0.008141339348224898
149306135,0.016772333877197648
149306136,0.012211162236134193
149306137,0.011065506337437518
149306138,0.006834137957033468
149306139,0.005844075131332797
149306140,0.008707247834378136
149306141,0.024487025920435324
149306142,0.006117782522964217
149307827,0.03258943671342897
149307828,0.055319927695885444
149307829,0.011879246106246303
149307830,0.03402151099229787
149307831,0.035282955206890294
149307832,0.05648983602408965
149307833,0.026514493309164368
149307834,0.028036736313813076
149307835,0.01707619659147329
149307836,0.01877868831182577
149300373,0.1255059289625539
149300373,0.3218394168747725
149297483,0.02955863549313747
149309720,0.061616627570961494
149309722,0.06433465582560896
149293983,0.05145060927104499
149293984,0.07654533406784243
149293985,0.028392922575344152
149293986,0.04354259222493642
149293987,0.05717645878664831
149293988,0.040619669736185554
149293989,0.05880316012126331
149293990,0.049214092844424843
149293991,0.05452314055444581
149293992,0.08349851281420388
149299187,0.04136192872551514
149299188,0.029145604842693924
149308382,0.10285372722823047
149308383,0.11409025948088755
149308384,0.09014146214445122
149308386,0.08274968794616458
149308387,0.05892529786456989
149308388,0.041790759200429586
149308389,0.055047066340757206
149308390,0.03156250724206428
149308391,0.09076195734732312
149300479,0.052575695679399514
149300480,0.03063845328559628
149300481,0.028192803457411417
149300482,0.0303462134364677
149300483,0.045654264960020036
149300484,0.026677766395474208
149300485,0.051916658628139725
149300486,0.035726413009340034
149300487,0.04600502245003163
149300488,0.09863475179363623
149292317,0.04931024696384985
149292318,0.04653412030594688
149292319,0.009541416702437449
149292320,0.09420165661915889
149292321,0.16828160873576062
149292322,0.040874634844079806
149292323,0.04862215578989169
149292324,0.011714093233368778
149292325,0.03428083562566029
149292326,0.07739114894880199
149293193,0.05623412821230224
149293194,0.0549519508416295
149293195,0.13101339135321366
149293196,0.12683798176567915
149293197,0.030142869384454842
149293198,0.1322806309449065
149293199,0.09102009645126298
149293200,0.03672653382124535
149293201,0.029024371755709506
149293202,0.07660641599280925
149306198,0.005785634984477375
149306203,0.005372704802596441
149306204,0.025609419180558115
149306205,0.02375832277915172
149306206,0.020929215254913994
149306207,0.0202740375297938
149293249,0.0218851634552562
149293250,0.012858986601861378
149293251,0.029698277405556316
149293252,0.032204896411196254
149293253,0.022100384822913877
149293256,0.01185290478481956
149293257,0.0195340992193252
149293258,0.01898597700381883
149309830,0.010352403382038173
149293067,0.015242207244108132
149293068,0.016829295742243042
149293069,0.10753831486756515
149293070,0.04328082799461799
149293071,0.02004185368999907
149293072,0.0232607998100837
149293073,0.03250318331087718
149293074,0.14148374315165363
149293075,0.02589146194368376
149293076,0.017576227068090033
149306408,0.07509570167685223
149306409,0.059665055901075174
149306411,0.03557346465902806
149306412,0.01053853629468025
149306415,0.0822925648973965
149306416,0.051471234150700075
149306417,0.05307448469272696
149306466,0.09770667307349948
149306467,0.08383060384531389
149306468,0.08970772143209811
149306469,0.09013171992664842
149306471,0.06784978825671667
149306472,0.07365828032159101
149306473,0.041499528015657365
149306475,0.0610768129063826
149308705,0.08145344086811279
149308707,0.03914291921441812
149308708,0.08855325172720471
149308710,0.12716793269836668
149308711,0.059593921650157075
149308712,0.09058305222654926
149308713,0.05014198973243517
149308714,0.12670143562359734
149300176,0.08342896989444401
149300178,0.10603811852160908
149300180,0.08129882157282078
149300181,0.027579494407042316
149300182,0.02842180702143563
149300183,0.027299361897376896
149300184,0.025991413304601578
149300185,0.037404927986595074
149307100,0.036241918651510725
149307101,0.07027919970025905
149307102,0.19012384277299849
149307103,0.2745619796012028
149307104,0.024997629701740836
149307105,0.025292122634957274
149307106,0.2635476490042627
149307107,0.08593114035166989
149307108,0.22511654993876482
149307109,0.11602993386823754
149299014,0.016237863612684613
149299015,0.016227736616863598
149299016,0.021348052154804467
149299017,0.02296797721454367
149299018,0.02108228713486429
149299019,0.029202554538413618
149299020,0.022927081125170015
149299021,0.027205942926049755
149299022,0.02282068022640046
149299023,0.021575663320004407
149307842,0.023238048216748308
149307843,0.04428637707544986
149307844,0.041186448145335224
149307845,0.05021791742491078
149307846,0.050883313352747324
149307847,0.022419528766877698
149307848,0.025464946557789636
149307849,0.05487042590261803
149307850,0.04780876261149345
149307851,0.04065517977300313
149299383,0.02440612898414533
149299384,0.040700260714053325
149299385,0.04600691314576599
149299386,0.03337397190774569
149299387,0.043450619532167674
149299388,0.03767559339603286
149299389,0.0675523744071215
149299390,0.05621564793966026
149299391,0.02778294667364562
149299392,0.08865651536938496
149298520,0.0035304576981157894
149293919,0.020196436403192054
149293920,0.043869748254693426
149293921,0.047139184247519214
149293923,0.08756642115597178
149293924,0.07298800451806099
149293925,0.037889078580520416
149293926,0.38007608197018916
149293927,0.02124209484541179
149293928,0.06854296303663213
149306418,0.010221122606436964
149306419,0.06058181538071482
149306420,0.015237936892924334
149306421,0.01488043075301668
149306422,0.023583530681246464
149306423,0.012699640887557363
149306424,0.018613310119918798
149306425,0.014589761932629725
149306426,0.009996437876067708
149306427,0.009741258587686475
149294207,0.01861724672055709
149294209,0.020182361282680136
149294210,0.050154059737316355
149294211,0.054519395670968786
149294213,0.0431853296545225
149294214,0.044673808263533135
149294215,0.05421968942564453
149294216,0.03955015771055075
149306607,0.08366170048177718
149306608,0.08210935814623146
149306609,0.027125038116332382
149306610,0.02718065418681367
149306611,0.10240478709434025
149306612,0.04900625415088957
149307627,0.042245648912638156
149307628,0.044232771261741764
149307630,0.13992801176786834
149307631,0.008786670345316173
149307632,0.008495746492350586
149307633,0.09577505223481336
149307634,0.13463959527399952
149307635,0.13445764030841365
149307636,0.20669968725436547
149306506,0.06583951572856207
149306507,0.06526728623742638
149306508,0.05313080077380694
149306509,0.05769666090505925
149306510,0.03333654190846276
149306511,0.11053771907582634
149306512,0.03281671481866153
149306513,0.032356052881576544
149306514,0.11692441244009631
149306515,0.11157534443589252
149300314,0.24860457184494145
149300314,0.29195338315996167
149300315,0.33311841376130036
149300315,0.37960116875500716
149300316,0.3884251173805053
149300316,0.29873772425499634
149294069,0.056136064128613224
149294071,0.0720788625373286
149294072,0.07109207189883467
149294073,0.23001846983389712
149294074,0.06244332996000749
149294075,0.2941154430777713
149294076,0.1985578234777655
149294077,0.2430505205307894
149293313,0.13513998464889307
149293314,0.08379214796516549
149293315,0.0658772407951495
149293316,0.04853198896691491
149293317,0.15283798051533437
149293318,0.060559192214673194
149293319,0.03166990123214879
149293320,0.04267461615634768
149293321,0.040205631889881466
149293322,0.08706347604812907
149294297,0.012560513384340857
149294298,0.009578733304101137
149294299,0.061858508443911116
149294300,0.05704955770251299
149294301,0.13121480489374543
149294302,0.04998989698972337
149294303,0.03928286544854747
149292405,0.000848474770798498
149292406,0.009775352407957707
149292407,0.009573648402894545
149292408,0.11254079488224267
149292409,0.11232702203717984
149292410,0.06747764784317464
149292411,0.06612489451947857
149292412,0.05094333446284472
149292413,0.036735500658565554
149292414,0.036376254160731154
149293154,0.06219251692268593
149300287,0.021482701446641116
149300288,0.0255969196070001
149300289,0.01562682544898363
149300290,0.022520838407810096
149300291,0.019630348151398948
149300292,0.06509051632879181
149300295,0.026900450167679724
149300296,0.02789690478065332
149299430,0.013847444687372935
149299431,0.09018705287008659
149299432,0.03189717476675995
149299433,0.015045797086950603
149299434,0.018210845913163045
149299435,0.10203153558555465
149299436,0.04442457261572561
149299437,0.0204522165521414
149299438,0.03395848680700145
149292833,0.004236169199706192
149292834,0.022282807102377056
149291483,0.1391545325958118
149293014,0.013159614007665403
149293015,0.020824429159817782
149293017,0.03795988205960349
149293018,0.018224254537688032
149293019,0.03681907486494919
149293020,0.019825402571681163
149293021,0.03105335915719242
149293022,0.012114651644088557
149293023,0.020611835132200773
149292616,0.06990194617667894
149292617,0.06937990580852045
149292618,0.034546871204211675
149292619,0.02670505912138416
149292620,0.06963967488307662
149292621,0.03550046597966293
149292622,0.02294878456997612
149292623,0.014598777164321874
149292624,0.03330694354190789
149292625,0.02246885125766391
149294174,0.0468838191639358
149294175,0.034217519102499816
149294176,0.11282283956061766
149294177,0.06201544659627783
149294178,0.03447866519393896
149294179,0.030591912857891337
149294180,0.06838833492999787
149294181,0.18257130051153325
149294182,0.030398428465404782
149294183,0.026989311969239944
149292522,0.08010045453127815
149292523,0.06848543915995377
149292524,0.02069825627390286
149292525,0.03785945471281249
149292526,0.0391471141072726
149292527,0.10125952992920322
149292528,0.0936600548806261
149292529,0.10923976809798351
149292530,0.05905218124357825
149292531,0.07790547521178143
149294031,0.024970141928339653
149294032,0.027588928478747905
149294033,0.018329942024706936
149294034,0.029371529066824303
149294035,0.03594149214501452
149294036,0.020425888758325624
149294037,0.13030969129483916
149294038,0.033718713492801214
149294039,0.01847477793996818
149294040,0.03579635341544684
149293712,0.09533134638946984
149293713,0.09535451424922575
149298250,0.1022211761354796
149298251,0.15120675442847611
149298252,0.15581663986579627
149298254,0.24116809935629746
149298255,0.24287995447934477
149298256,0.23468061470983526
149298257,0.23225339042892112
149298258,0.10022176466772312
149298259,0.09790914820507875
149298904,2.1073430653321638e-05
149299225,0.07643036109936782
149299228,4.16230797688315e-05
149307559,0.04152622000255613
149299888,2.548434640215604e-05
149299891,0.00010118618633416228
149293417,0.013197231276116175
149293418,0.014886362146747401
149293419,0.016574117425796335
149293420,0.016388099152956203
149293421,0.0053376547235803274
149293422,0.003405338551372142
149299892,1.4556004318024993e-05
149307484,0.11666515060279116
149306496,0.03967134490538686
149306497,0.03511230348110452
149306498,0.16100680745052115
149306499,0.15971059975479796
149306500,0.0958657683163237
149306503,0.41523054623910105
149306504,0.07703146878552254
149306505,0.18964076799060464
149308460,0.07285832757934137
149308463,0.07243638509127025
149308464,0.08092612258642419
149308465,0.10360702102559288
149308467,0.11029729289685014
149308468,0.07902464840781058
149308469,0.10491121063005154
149307469,0.055335143846053474
149307470,0.08941969571464105
149306443,6.958739718992323e-07
149309315,0.014263558657698388
149309316,0.013760970003283893
149308543,0.01597217416022875
149308544,0.026075335563221304
149308545,0.012352300951758599
149308546,0.006570342509443689
149308547,0.03057705439394386
149308548,0.013185806419832113
149308549,0.005109022357756152
149308550,0.01809296599800114
149308551,0.04809474764983476
149292153,0.08952702596553437
149292154,0.05350654970065456
149292155,0.052520457118340975
149292156,0.04007676774651492
149292157,0.04114274587894104
149292158,0.16383459054787486
149292159,0.14782528806478595
149292160,0.035216932731963004
149292162,0.018712249932378768
149299573,0.017586575160539047
149299574,0.018476037403246742
149307852,0.11410341578698967
149307854,0.08216257235895212
149297851,0.05314139331150621
149297851,0.10101326039163334
149297852,0.17129996095884234
149297852,0.2212079960549432
149298716,0.06650321073599844
149298716,0.06062446197018791
149298717,0.1952135673502537
149298717,0.24962013071369263
149298718,0.16855430890501058
149298718,0.0718415661435236
149298720,0.14221108733713908
149307802,0.057789975900518514
149306630,0.13945017838182816
149306631,0.14091185264565476
149306633,0.04622748704485533
149306634,0.011389336477521234
149299080,0.007895011086443865
149309242,0.05987745215441904
149309243,0.08250559592951838
149309245,0.0759642590201118
149309247,0.06715024630311553
149309248,0.01068794872414126
149309250,0.02208984166330143
149297361,0.02776299683361894
149297362,0.06412654798819058
149297363,0.043674243771475746
149297364,0.041317453772366564
149297365,0.022872436181082187
149297366,0.0077688883139958274
149297367,0.04991482707960882
149297368,0.025564450070778004
149297369,0.03571599353153163
149309709,0.20830542736266638
149298206,0.004067749874876537
149307746,0.006501932073123043
149307989,0.05132334851394427
149307990,0.0015293303863697088
149307991,0.058550335427709925
149307994,0.02061993352801595
149307997,0.1482150113137347
149298527,0.030483903296472305
149298528,0.08231171382555871
149298529,0.0516913101552576
149298530,0.049250225899677126
149298531,0.1113059137429896
149298532,0.19255481704856875
149298533,0.1934438535071946
149298534,0.1275918323265613
149298535,0.1269625760560408
149298536,0.1320654155291975
149307549,0.21170712675436823
149307550,0.200925525451659
149307551,0.17779967233377977
149307555,0.19131477685616147
149307556,0.19787147820954148
149307557,0.22525901925163222
149307558,0.19370419469423686
149306586,0.07043364960161072
149307946,0.024882357070314387
149307947,0.026944227356386026
149307948,0.04528680033800015
149307949,0.05306351839343277
149307950,0.11462931696910997
149307951,0.09100786641812479
149307952,0.11557172486364778
149307953,0.10868527542607657
149307954,0.03395364669367015
149307955,0.03469425996480574
149294151,0.033159501940542464
149294152,0.059974831482688694
149294153,0.06343763269752212
149298212,3.73227458665001e-05
149298213,8.35598027068862e-05
149299256,0.07466671306547755
149299257,0.021208151766798203
149299258,0.034118041945542056
149299259,0.08541972975287089
149299260,0.0443512948638252
149299261,0.037544289743402445
149299262,0.07737931858788752
149307724,0.048069099785920937
149308628,0.03473772357356792
149308629,0.03340321619564769
149308630,0.0652859905669814
149308631,0.08724334586404903
149308635,0.010082165988932036
149308636,0.010092607121819459
149306605,0.06237468434176926
149306606,0.05807336786493381
149300014,0.04162341482519798
149300015,0.03262939561881688
149300017,0.08712659301612943
149299578,0.013479666466758996
149299579,0.011464847114671608
149299581,0.018097413112833742
149307956,0.03564310838465464
149307957,0.1559744182483938
149300078,0.09298552251815259
149300079,0.08612886542112869
149298500,0.03721504167774779
149298502,0.03218075102340549
149298503,0.024224419605929835
149298504,0.028292583543992864
149298506,0.02490280781983121
149298507,0.18091390078023475
149298508,0.028630982108792072
149298509,0.016542320274557907
149299550,0.039423553809586454
149299551,0.0368089075316559
149299554,0.05031773187962268
149299556,0.04311909159376232
149299559,0.04346132479612286
149294021,0.11330714968977387
149294022,0.1554882485099659
149294023,0.16624982636195001
149294024,0.1517851227597419
149294025,0.102772228324886
149294027,0.07296994991302076
149294028,0.04029362701509649
149294029,0.06020753537900743
149294030,0.021940422144953127
149299483,0.03445577836852732
149299484,0.03126166893658443
149299485,0.02891268050004124
149299486,0.025502843029681185
149299487,0.029620888997612907
149299488,0.026071978319904085
149299489,0.034770551112773676
149299490,0.031005646424682988
149299491,0.16294313109551795
149299492,0.15548657599404106
149306835,0.023474296271339956
149306838,0.024225004699928696
149306839,0.03508166282866059
149306840,0.044955143252365944
149306841,0.0424127416075503
149306842,0.01912020094938176
149306843,0.1880115474142145
149306844,0.033633674032455596
149292899,0.01870571524418848
149292900,0.03613857729578556
149292902,0.028502246765708637
149292903,0.08047606941430048
149292904,0.045881220522052006
149292905,0.057153707505638404
149292906,0.044324036404389165
149292907,0.03581258132524677
149292908,0.05528842183944241
149300559,0.04898910623213294
149300560,0.018864507706948384
149300561,0.047450507206349704
149300562,0.02582566122144182
149299761,0.036037003394111956
149299762,0.036749165346115845
149308057,0.01571173204477089
149308058,0.015651283419217697
149308059,0.017860187301609386
149308060,0.015683498685457622
149308061,0.04030117172884942
149308062,0.04405665585552355
149308063,0.01890009538553938
149308157,0.027150212090386514
149308158,0.02616679666162938
149308159,0.023983381150612142
149308252,0.03471869591879831
149308253,0.024681354039527297
149308255,0.03188887048743985
149308256,0.018263094805052615
149308257,0.06952986113457159
149308258,0.041826468285904195
149308259,0.027002109068620005
149308260,0.0197675647844303
149308261,0.03124083252170036
149299288,0.01876999638759091
149299289,0.013233200679913239
149299292,0.06217259420443555
149299293,0.08050695647633696
149306121,0.0941335249320837
149306122,0.05171196146523869
149306124,0.18374772407307427
149306125,0.07525395377137889
149306126,0.07731555671532882
149306128,0.05008175901458766
149306129,0.10985419209160191
149306130,0.2744904045106571
149297514,0.021895748346977738
149297515,0.020897314816902792
149297516,0.036270306691277905
149297517,0.048526371385360346
149297518,0.03634392568381756
149297519,0.025653148056859667
149297520,0.035636744343076315
149297521,0.039493332864194854
149297522,0.06209058068021722
149297523,0.029854706740812295
149307055,0.05443662546013667
149307058,0.06921421908482861
149307059,0.014904060722864034
149307061,0.0526909316668217
149307062,0.05067407718012037
149307063,0.020323375600625665
149307315,0.020111580836178776
149307316,0.01388506471646627
149307317,0.012448562926073754
149307318,0.07085119685353526
149307319,0.006335335393824482
149307320,0.009890841599570831
149297778,0.0319255136215576
149297779,0.03060234224792202
149297780,0.020422953726259394
149297781,0.027268881232678066
149297782,0.029125183450498617
149297783,0.024507537920599284
149297784,0.02593491383220074
149297785,0.01873478396342219
149297786,0.024951344002665493
149297787,0.011893692401082196
149297948,0.012121976182358296
149297949,0.01183055428245224
149297371,0.0628584162759242
149297373,0.03161820185762575
149297374,0.0836935635495485
149297378,0.1677568063301717
149297379,0.0321153142019893
149297380,0.08339308386312541
149292713,0.03309992420339388
149292714,0.04382848680560573
149292715,0.06328131561688599
149292716,0.05596540581490679
149292717,0.05124634417302875
149292718,0.08324415651804323
149292719,0.03049584639792981
149292720,0.04851106938331906
149292721,0.057853299174529645
149292722,0.07179204689082407
149294138,0.02711128949235555
149294139,0.017358522068034957
149294140,0.041086953659586894
149294141,0.01701035248744524
149294142,0.07157573556803187
149294143,0.03467458641898808
149294145,0.026277557892913538
149294147,0.03900201329314062
149293179,0.12044950022348629
149307885,0.20627871708128967
149307886,0.10562657209474079
149307888,0.09774175258372737
149307889,0.11256510317865244
149307890,0.06149944478473663
149307891,0.2262182637843728
149307892,0.038681777828265866
149307211,0.028835831088626633
149307212,0.029912955656217075
149307213,0.03070646474644159
149307214,0.03153243853949774
149306793,0.008124086327685142
149306794,0.012788339440681628
149306795,0.020666500636094213
149306796,0.02131278319862998
149306797,0.014801539068235153
149306798,0.047367680894470424
149306799,0.02005070628485723
149306800,0.011900289543787896
149306801,0.021648893378466833
149306802,0.02230994828663932
149300378,0.011536790138358526
149300378,0.03146982124587817
149307121,0.09666743643445168
149307122,0.09758033188097853
149307123,0.0308524026311745
149307126,0.048919857111237364
149307127,0.039217144195011336
149307129,0.032999237254867496
149307130,0.11482256102076512
149293889,0.25977326952489194
149293890,0.16954040813006163
149293891,0.059214680854428395
149293892,0.07290379474417566
149293893,0.06478750533554198
149293894,0.059239639284457
149293895,0.15094013812293144
149293896,0.059426898881130605
149293897,0.04151517884709017
149293898,0.19345710439604066
149293935,0.11437122149445315
149293936,0.1062183380498033
149293938,0.0925057735174097
149293939,0.08841987363497074
149293940,0.031909355649662
149293941,0.07856431280657265
149293942,0.15911935361264848
149293943,0.07748235946670887
149293944,0.09444003108472464
149299393,0.13345481904575462
149299395,0.09187769314271957
149299397,0.08787459436862788
149299399,0.08110466444702011
149308242,0.06740153926139988
149308243,0.01332511060727264
149308244,0.04413786282237972
149308246,0.07126392406374853
149308248,0.0618266820828084
149308250,0.05590260581761889
149308251,0.062012678741175595
149293343,0.026074321454737735
149293344,0.03524369346720735
149293345,0.045501310128273464
149293346,0.030605464488610668
149293347,0.03885625461268506
149293348,0.03670533013818631
149293349,0.07795071536088903
149293350,0.07991662274428996
149293351,0.05122812350258155
149293352,0.048629338642913446
149306188,0.08881439121212291
149306190,0.035810711418533536
149306191,0.11535763014430599
149306192,0.02317597549925546
149306193,0.08043170800168603
149306194,0.09577602429199204
149306195,0.07806654686399081
149306196,0.05843934756115146
149306197,0.036380117726687144
149300598,0.011726606553898596
149300599,0.019686960145302877
149300600,0.02271608157931804
149300601,0.017416798240654598
149300602,0.015589550990527867
149300603,0.020739576967662116
149300604,0.01941577152685301
149300605,0.02888955848868454
149300606,0.01897816950022754
149300607,0.0249089673203412
149298521,0.016479252315918926
149298522,0.022134456137353927
149293026,0.02229912142686781
149293027,0.02886710662757615
149293028,0.05373314443623022
149293029,0.03836243550825819
149293030,0.03335975013697975
149293031,0.031836538543980886
149293032,0.08505357967163141
149293033,0.05007736058321598
149293034,0.13853843446587077
149293035,0.042792348725840125
149294237,0.032885740073800525
149294238,0.07037953852839353
149294240,0.050250914419428264
149294241,0.06005449587170427
149294242,0.07134362579018289
149294243,0.046198880622045586
149294244,0.07279644174754922
149294245,0.03142246113202179
149294246,0.004788186765095039
149294102,0.03870836857364991
149294103,0.057420080090029996
149294104,0.05877293195669152
149294105,0.07841002833070836
149294106,0.05361465113155731
149294108,0.053617745832508196
149294109,0.18762792344417717
149294110,0.07885318677417284
149294111,0.21317577515939898
149292645,0.1559173957111088
149292646,0.04769829682971436
149292647,0.03904805456837931
149292648,0.04605590569814962
149292649,0.15383490285211024
149292650,0.14776502651053258
149292651,0.16362594236892608
149292652,0.06217939477751157
149292653,0.06465441128297894
149292654,0.11657150716920894
149298424,0.04092439984087966
149298425,0.02576796469543114
149298426,0.035178746772198156
149307331,0.011037515454466636
149307332,0.02242265746757122
149307333,0.009308398548572138
149307334,0.022125956098267213
149307335,0.0054949489597224364
149307337,0.0054189079273676295
149307338,0.006540499007046208
149293659,0.11986621504922591
149293660,0.12616175315277953
149293661,0.08368968599891011
149293662,0.12108614281884407
149293663,0.09928441892700196
149293664,0.08409263275371119
149293665,0.12518360261334432
149293667,0.07507302260910147
149293668,0.12463953726646129
149292752,0.033528228982482866
149292753,0.034826071436317003
149292754,0.038888267429129895
149292755,0.04666982893774927
149292756,0.051775145854629466
149292757,0.04471746017163336
149292758,0.047729796964412874
149292759,0.051128836912761245
149292760,0.051178674224638426
149292761,0.0983653098763078
149292539,0.0204142593956573
149292540,0.048015139264185255
149292541,0.03559254348374772
149292542,0.12476638190320266
149292543,0.04575648833042632
149292544,0.08678147417700297
149292545,0.037888690505104405
149292546,0.054006503660372435
149292547,0.045672438195703526
149292548,0.09728624571210606
149291740,0.0630330307280061
149291742,0.1056289217968278
149291743,0.06851070662683915
149291745,0.04619714969674076
149291746,0.15079358153575995
149291747,0.05600486656281944
149291748,0.11029094929017202
149291749,0.04571491269207844
149292772,0.022220956444206182
149292773,0.09761895705107622
149292775,0.010139413463744673
149292776,0.04165490530329899
149292777,0.012931989860560447
149292778,0.017530239264190388
149292779,0.01875522298861337
149292780,0.0622956635843457
149292781,0.045890402058491
149294314,0.1359000910550685
149294315,0.03245412833152934
149294316,0.06583892397987026
149294317,0.05943038468303902
149294318,0.22774118279169273
149294319,0.07696189287768629
149294320,0.12726854488250514
149294321,0.0748486312113456
149294322,0.07449880075826087
149292559,0.029352333221528214
149292560,0.01881351018353821
149292561,0.04938461229717483
149292562,0.037609357267800035
149292563,0.04435048256729846
149292564,0.029534960140298296
149292565,0.08160555994014763
149292566,0.044137459050085155
149292567,0.03751181463833384
149292568,0.0717865586272613
149300087,0.2273196304736774
149299632,0.00013684038509980477
149300435,0.01791639310082033
149300436,0.05021364367585128
149300437,0.04432436893351683
149300438,0.04436337330037515
149300439,0.016341676590402008
149299244,1.5046010948852093e-06
149299921,7.939098328455032e-07
149308304,4.423254142596144e-06
149306876,0.00011914109658606028
149306879,0.049576244092100215
149306880,0.03953939214285916
149299211,9.69946378138006e-05
149299239,7.223324213956423e-05
149306635,0.01821935299303196
149306637,0.014781599435521207
149308470,0.04276200986445289
149308471,0.013752660388118456
149308472,0.01815345510675197
149308473,0.010355124096645572
149308474,0.020854888107642314
149308475,0.06151454350867065
149308476,0.012451350684057352
149308477,0.060005309780297875
149297955,0.03586240602490012
149299054,3.63791056164501e-05
149300310,0.05822051903842118
149300311,0.039946104868313875
149300312,0.04954074782943333
149309274,0.016452650068989556
149309276,0.06676493973579943
149309277,0.11387823802632766
149309279,0.04988468400508258
149307737,0.04010040217462269
149307537,0.03648588187121899
149307538,0.04254209784184074
149309541,0.24242792647130934
149309543,0.04453233528622031
149309544,0.15119062908071884
149299101,8.34252088276202e-06
149308997,0.0866114105874093
149308999,0.08942105206350842
149297954,0.006910567493364567
149309728,5.0269948898945255e-05
149309729,0.00015727643042465098
149309735,0.03298575914270825
149309736,0.03263816947083326
149309737,9.11508250525768e-05
149309738,0.00015797819056435843
149307968,0.18212792337939868
149307969,0.1884268194071031
149307970,0.010328457156667938
149307971,0.08039795852827128
149307972,0.0261874956724901
149307973,0.0276249742272895
149307974,0.08368916409247713
149307977,0.004599829536863463
149293879,0.10044308340349567
149293881,0.03446148112238615
149293882,0.044098186234931454
149293883,0.0418739916901508
149293884,0.08830575470643824
149293887,0.062457525797961225
149293888,0.0526967138931085
149298308,0.06434123850652522
149298309,0.05100192791297022
149298310,0.21758197762495435
149298312,0.040148744978687215
149298313,0.3138255769902859
149298314,0.051431066415300625
149298315,0.0637024982759986
149298316,0.11059771647232267
149298317,0.15149499636666772
149299685,0.04982481971114076
149309857,0.03305933028948411
149309858,0.02914030293327208
149307745,0.0660615275325342
149307637,0.016276947158589464
149307638,0.018176549111835118
149307640,0.039793712952463964
149307641,0.0392615350157409
149307643,0.02477967984096391
149307644,0.0256012897572821
149307645,0.038766571398506575
149307646,0.031379891578017634
149298956,0.03348141389419839
149298957,0.02016774784708871
149298958,0.019184875778028628
149298959,0.030154025679685365
149298960,0.05397943947854894
149298961,0.035452559421214995
149298963,0.022089388253274896
149298964,0.021372269152708186
149298965,0.02010693155182186
149298778,0.03030027139975624
149298779,0.04112188052322316
149298780,0.03942614112240763
149298781,0.021665131886686374
149298782,0.022555974995350753
149298783,0.014258306837398925
149298784,0.013699494008519926
149293281,0.04811524822886609
149293282,0.04822447928401923
149306268,0.0001142907588023041
149306269,1.7436349628567282e-05
149306270,0.007514697446697439
149306271,0.007587213430337302
149306272,0.0019964463376785156
149306273,0.005205891507012734
149306274,5.415671178736629e-05
149306275,6.117615924286637e-05
149306276,0.014493068617352976
149306277,0.014889746317162368
149298318,0.27888179720514894
149298319,0.06487543326243848
149298320,0.035097251167114096
149298321,0.32079399673349224
149298322,0.1234299583444391
149298323,0.3123725962039335
149298324,0.09372203409786196
149298325,0.057948233183880676
149298326,0.1965657995516346
149298327,0.04036585341418195
149308170,0.07298711033060497
149308171,0.07275224113710935
149308172,0.04746227892207757
149308173,0.17620601329842545
149308174,0.028042651839343857
149308175,0.13601850301299745
149308176,0.08519148405851157
149308177,0.04354459915514818
149308178,0.04202384302723613
149308179,0.10361135538081444
149297696,0.16299401658477214
149297879,0.06880231191217148
149297880,0.05916785972456244
149297881,0.19222212657801704
149297882,0.03973356627552835
149297884,0.07957039141205266
149306957,0.11625416782267504
149306961,0.054316079575185354
149306962,0.12031984754860399
149306963,0.10472089845009479
149306965,0.04951736658578862
149306966,0.056116608973414216
149307495,0.14916725145656023
149307496,0.1289388088207014
149307497,0.06688159088670234
149307499,1.1478457661834144e-05
149307500,0.1027236263004839
149307501,0.021666790346426025
149307503,0.018442085688623495
149307504,0.0185206674614063
149292596,0.1006013894851263
149292597,0.07223059556327661
149292598,0.07399045912983351
149292599,0.08642366912233952
149292600,0.02196014251549355
149292601,0.25314344756980506
149292602,0.1396835611399036
149292603,0.11203140373714901
149292604,0.22496563146908674
149292605,0.03345631176168145
149309212,0.0418663908061546
149297956,0.045055936015331484
149307804,0.027332323166823626
149307805,0.09265992538445514
149291905,0.052801891609848446
149291906,0.06529188114367161
149291907,0.045681186746595645
149291908,0.021748570994146513
149306983,0.10930273406010224
149306984,0.08780376808116436
149306987,0.07892373818882839
149306988,0.0920882838581014
149306989,0.10653430387075079
149306990,0.08046578377297471
149306991,0.07423242250255908
149306845,0.059965253987518514
149306846,0.11511933949996535
149309810,0.08791159492019616
149309811,0.07643609815349985
149309813,0.1591804576635649
149309814,0.09602478756410818
149309815,0.07260662460255672
149309816,0.1684057560306394
149309817,0.15617857383296188
149309818,0.13176678660798813
149309819,0.21841769512868464
149297828,0.018450526184970898
149297828,0.42623347644195003
149297829,0.3390012714584373
149297829,0.4024368451413678
149297830,0.35643178960582556
149297830,0.24317105911667286
149299314,0.012289405281363752
149299317,0.05948268972276468
149299319,0.0701974041750881
149299320,0.06255825256304876
149299322,0.07010406285745696
149297546,0.008759990536223974
149297549,0.010088223144600963
149297551,0.01143254792442615
149297552,0.01080306750762509
149297553,0.012818028139808906
149291681,0.03531061989265411
149291682,0.02928968516120556
149309491,0.05933839341424189
149309492,0.04836119341176387
149309493,0.043889053101979277
149309494,0.108805498385397
149309495,0.09765058190427627
149309496,0.10988377489300573
149309497,0.08849040702603854
149309498,0.12475624425395579
149309499,0.12729684315410322
149309500,0.11100552304648083
149297739,0.04954857709365577
149297740,0.044047567389574174
149297741,0.05200517667668426
149297743,0.040092356603636504
149297744,0.0418697658511578
149307755,0.027424890957805953
149307756,0.021186631427168107
149307757,0.021426556557167638
149307758,0.01928946710074025
149307759,0.02065587288930843
149307760,0.01871113607482722
149307761,0.02733781397471396
149307762,0.023425203295888448
149307763,0.03353102462485839
149307764,0.036528535727573766
149307916,0.030995873521439333
149307917,0.02784192701675051
149307918,0.033039256830049574
149307919,0.030222339504655013
149307920,0.0318836810639885
149307921,0.032456556642631945
149307922,0.03001889530966676
149307923,0.03141428569360598
149307924,0.02921994453366004
149307925,0.03132856482832018
149309488,0.009072009791788287
149309489,0.010323564284806097
149309490,0.026953911388321084
149292274,0.26550364629251966
149292276,0.012888189441568564
149292277,0.037211906860678164
149292279,0.029129979881577468
149292280,0.049077235700492175
149292281,0.055026057576594206
149292283,0.02005465103286572
149294082,0.05998094733883627
149294083,0.06518435340358807
149294084,0.1220590524089025
149294085,0.046124675326669466
149294086,0.08993750458797609
149294087,0.06194842565311973
149294088,0.09304316041209475
149294090,0.03687280239174638
149294091,0.09100494533220821
149306967,0.2289028405486285
149306968,0.15166027383334346
149306969,0.20865306027576153
149306970,0.1698643645022992
149306971,0.1764756258902639
149306972,0.10273946174737385
149306973,0.05638084630352477
149306974,0.0734570861449625
149306975,0.22530742942071796
149306976,0.2098474260047965
149292639,0.02591242278931214
149292640,0.032624598468261025
149292641,0.030438960715777546
149292642,0.0241040536858794
149292644,0.04099461610599365
149293770,0.0174567292775034
149293771,0.015153361276810101
149293772,0.11017368774358978
149292688,0.03877489225795908
149292690,0.02433125804494339
149292691,0.03401069038136293
149292692,0.03148761504924641
149292693,0.016029385188160373
149292694,0.04865102055975854
149292696,0.029661618996502555
149292697,0.050134692803674594
149291719,0.05668612516234652
149291720,0.08565460620696908
149291722,0.07403209267247574
149291723,0.055678140541930404
149291724,0.04225416922409621
149291726,0.07096856680644686
149291727,0.05705400702488591
149291728,0.06194590347037487
149293381,0.07228081233098053
149293382,0.025627645638773344
149293383,0.04380527655030357
149309108,0.03167759471090102
149309109,0.04192179401182028
149309111,0.032039974814037246
149309112,0.023139126103396395
149309113,0.07057985535160692
149309114,0.08233765603726918
149309115,0.04517233026855965
149309116,0.05468434355623243
149309117,0.07567758151025225
149298994,0.0669113566990377
149298996,0.07816360543712807
149298997,0.08422091313509884
149298998,0.06257960490273079
149299000,0.03688825668123562
149299001,0.10447051506962293
149299002,0.06001760468907441
149299003,0.09819132813200686
149293229,0.03959844215825053
149293231,0.053849011072693964
149293232,0.05305954661847673
149293233,0.054658767337206586
149293235,0.04297744480731099
149293236,0.03991553833914258
149293237,0.0383000105064014
149293238,0.03654923014187689
149292163,0.08994159301242627
149292164,0.10073364441456154
149292165,0.1545798977864444
149292167,0.05926442778145235
149292168,0.060198588259095985
149292169,0.08508129480328265
149292172,0.08413937888097323
149307131,0.023590174857555418
149307132,0.04281598531673309
149307134,0.024109427203685314
149307135,0.03957253595077961
149307136,0.028503364821751614
149307137,0.06255925226491102
149307138,0.06238251660696606
149307139,0.028637232541939884
149307140,0.019724666518641822
149297312,0.0019745695133570806
149297313,0.006087558710110051
149297314,0.0061533528689201
149297315,0.003077398582835716
149297316,0.0035732721828829824
149297317,0.0003390944190874576
149297318,0.002550074753054727
149297319,0.00247343327098406
149297320,0.0015935292077059338
149308413,0.1229669515708917
149308417,0.040352572338488185
149308418,0.08660958544803492
149308419,0.014866034611559475
149308420,0.06897196726772642
149308421,0.024336197057406212
149292636,0.050994901541185515
149292475,0.012438366430548168
149292476,0.11171273004917477
149292477,0.012758552501727739
149307474,2.5613251212338668e-05
149307476,0.0037052391254341396
149307477,0.004490687120135812
149307479,0.004679994365174771
149307481,0.0747162946631764
149307482,6.158579526944175e-05
149307483,0.06333579558957596
149306363,0.02353097604300194
149306364,0.039327309523163385
149306365,0.030644475146853343
149306366,0.01928928784392379
149306367,0.03929835049429887
149306368,0.03687605837720045
149306369,0.036953856316157746
149306370,0.008941598598250675
149306371,0.04501216820589499
149306372,0.06650821037505698
149291450,0.048517302049729434
149291451,0.049068606368617755
149291452,0.07186456631887361
149297625,0.03793651515933924
149297626,0.014030522830406268
149297627,0.06443009720675187
149297628,0.07324735300790264
149297629,0.044686473795699184
149297630,0.06443067132808743
149297631,0.05837966716863204
149297632,0.022332984618473432
149297633,0.013507769847210105
149297634,0.07303104796630586
149297895,0.007042110111618587
149297896,0.034130672229268466
149297897,0.013931934086259517
149297898,0.010465504153547625
149297899,0.010887201814797244
149297900,0.005012308285100424
149297901,0.016203658055102647
149297902,0.008899588905609553
149297903,0.019165597421527243
149297904,0.024246450531533594
149291477,0.011058660586519676
149291478,0.01344248024111037
149291479,0.03378304207314352
149294154,0.05513875933188095
149294155,0.028064672820981164
149294156,0.05852073687394294
149294157,0.04004473987129718
149294158,0.04124658044846721
149294159,0.031989290072026014
149294160,0.05961962169021999
149294161,0.029925931928726692
149294162,0.030432887908839343
149294163,0.03134890218512202
149308845,0.009541537425396481
149308846,0.0060384671892279515
149308847,0.002163214370886701
149308848,0.009529941608577003
149308849,0.008767429390964658
149308850,0.004073250964345131
149308851,0.00637042829979226
149308852,0.004222014488796026
149308853,0.007633729017483013
149308854,0.012523990844028925
149306825,0.03595598940777021
149306826,0.0431106834419259
149306827,0.04764322710917754
149306828,0.03250795724256739
149306829,0.06628289482370026
149306830,0.03710828466655205
149306831,0.046635731536161046
149306832,0.06251386203297572
149306833,0.06188153399698202
149306834,0.04599602942134525
149293473,0.01999200312425914
149293474,0.021167217811575198
149293475,0.050841932721950214
149293476,0.01590397781768033
149293478,0.06255364529047965
149293479,0.012945898535369215
149293481,0.05136819355330466
149293482,0.017445724638859187
149291965,0.2120151613110025
149291966,0.2160489795196521
149291967,0.16221846223656028
149291968,0.13873190714868555
149291969,0.2042900920632261
149291970,0.1573088708772176
149291971,0.19493229821780378
149291972,0.15898963177346484
149291973,0.2072623943091315
149291974,0.18928981854255747
149291923,0.19440972066350004
149291924,0.20007395782876253
149291925,0.17393157683529925
149291926,0.14287590042617185
149291927,0.1850562974278129
149291928,0.1263355463717964
149291929,0.14350499105987427
149291930,0.13364910010078565
149291931,0.21963467293400946
149291932,0.19076479296502358
149292727,0.07236636267301487
149292728,0.04038943581152058
149292729,0.018418710439630188
149292730,0.04744310438512681
149292731,0.006012196056855244
149292732,0.035335449086934506
149292733,0.02871826397806346
149292734,0.029623827184569893
149292735,0.11233150312647233
149292736,0.02260504567085229
149291709,0.02274657105915997
149291710,0.026682162738103424
149291711,0.05542088826051102
149291712,0.01954459229127892
149291713,0.019376729290810604
149291714,0.030947484888334535
149291715,0.025562836915289676
149291716,0.02499732597374874
149291717,0.01780941781196468
149291718,0.018089187545087
149291594,0.0382574255007738
149291595,0.013558232615627054
149291596,0.01516041785673688
149291597,0.07931184158052883
149291598,0.013430226181090063
149291599,0.018306372674245557
149291600,0.009248929079292353
149291601,0.04195852180885531
149291602,0.011994393454791258
149291603,0.012724177668430349
149291535,0.004205583637911263
149291660,0.01011054646988437
149291661,0.010001764371368585
149291662,0.030981284587702253
149291663,0.03240232756105142
149291640,0.018106293700362396
149291641,0.0010201743182735705
149291642,0.007930865391219902
149291643,0.0093004433521227
149291644,0.011585763263171523
149291645,0.007864783538073851
149291646,0.009033105711368464
149291647,0.008679198285871915
149291648,0.02503183365330591
149291649,0.00951703955385774
149293515,0.13970346134492564
149293516,0.06148370971232254
149293517,0.05266098316666348
149293518,0.04130783447581277
149293519,0.02315226207277834
149293520,0.10217015370875536
149293521,0.045233742281986615
149293522,0.07294184205753486
149293523,0.12141364803397738
149293524,0.06345042215422061
149293909,0.025418103998361048
149293910,0.08856289255865481
149293911,0.18538545922553198
149293912,0.1547918599084085
149293913,0.054199574428451594
149293914,0.11014939111358552
149293915,0.03987763177375774
149293916,0.3407603249485166
149293917,0.34567610618487987
149293918,0.1774512225660806
149299420,0.011335487839948134
149299421,0.012977162048530194
149299422,0.012432860392359241
149299423,0.027801175858198555
149299424,0.011166792450545934
149299425,0.014620530079301412
149299426,0.00859167934798103
149299427,0.01611248060996727
149299428,0.014457183936399935
149299429,0.018819234940888486
149292376,0.1732485917070904
149292377,0.09003472399017215
149292378,0.062006206970619655
149292379,0.0643755091520216
149292380,0.08951627057408225
149292383,0.1778357312981868
149292384,0.12649592557899436
149292385,0.1978757419480182
149293737,0.08155875567160246
149293738,0.0863439426995424
149293739,0.06831532178810293
149309595,0.05751868133947247
149309597,0.08548750475484405
149306325,0.13837880473127107
149306326,0.1389301037575487
149306327,0.004701443400737755
149306328,0.004721031865446475
149306329,0.16681181552135627
149306330,0.1660962413811937
149306333,0.26135228031788693
149306334,0.2591309288681558
149308347,0.0010705115629016373
149308348,0.005580036741054769
149308349,0.00622057880559577
149308350,0.00855392279163078
149308352,0.029212973021700235
149308353,0.005165229600994063
149308354,0.026474813428225323
149308355,0.0020217869903411574
149308356,0.005461250066686537
149297414,0.040589199511192796
149297415,0.04885731232269378
149297416,0.03884626391893059
149297417,0.036601291029428974
149297420,0.03417473106467651
149297421,0.01751145004236168
149297423,0.03360819532434595
149299686,0.045800334169007924
149298929,0.0002437584547600013
149298930,0.00023853063418720309
149298931,0.00026431413094746856
149298932,9.092876928387263e-05
149298935,5.456213856679272e-05
149298805,0.019673140969199355
149298806,0.01954099597501527
149298808,0.008921975748632661
149298814,0.008871088438754655
149298203,0.00372902429138936
149293776,0.03719740475560327
149293777,0.04252747913204498
149293778,0.06977046538027518
149293779,0.0634367866040399
149293780,0.07243934153472235
149293781,0.021013521298964145
149293782,0.09994645868186226
149293783,0.022804598349357188
149293785,0.046388121972632125
149306248,0.06783890272386638
149306249,0.0944600835244718
149306254,0.08818027712509821
149306255,0.09490752005554529
149306256,0.05885389050677731
149306257,0.009106996286505922
149293806,0.06972737045119821
149293807,0.07258082026169446
149293809,0.06586966382085739
149293810,0.06128847844066191
149293811,0.056540576809709246
149293813,0.030664667115944635
149293814,0.03893601979319283
149293815,0.030759749861956
149300462,0.040255677494887926
149300463,0.07294803252986626
149300465,0.019023774550228988
149300468,0.21535981633333048
149300469,0.024292742088826185
149300470,0.0730883961544977
149299560,0.003909356519037754
149299561,0.009945711735764999
149291730,0.04259758767266935
149291732,0.05946848339684209
149291733,0.050889948651552115
149291736,0.06558859186578139
149291738,0.018794953101678127
149291739,0.024551849151226882
149308642,0.07344828526074568
149308644,0.054315028762993274
149308645,0.09423980899916427
149308648,0.03625597586153329
149308649,0.04550581363529586
149308650,0.1008055347940664
149308651,0.03540516919991395
149307736,0.03812839566047571
149298523,0.05268412996437408
149298524,0.05486479761264101
149298525,0.10850867927803196
149298526,0.09057403366209552
149298471,0.07083952735937891
149298472,0.07077011586315443
149298877,0.13956688659307792
149298877,0.11395109043731384
149298878,0.32864566695868885
149298878,0.2022262643330506
149298879,0.293485853716141
149298879,0.27212922700588205
149298880,0.16454779398612834
149298880,0.21400766444899402
149300381,0.05323204146063948
149306948,0.1522587346942506
149306949,0.11552348875161951
149306951,0.09796781765025805
149306952,0.14671207091619567
149306953,0.08569627939127372
149306652,0.05544407179265731
149306653,0.052669817778685575
149306654,0.05347820357204619
149306655,0.05621091660466185
149293763,8.454445298079974e-05
149293764,0.024336214799537095
149298418,0.033325938808985774
149298419,0.033870819912471685
149299721,0.10834586310814133
149299722,0.16699092253825987
149299723,0.08724687072182516
149299724,0.08195789199712816
149299729,0.08706600650703311
149299730,0.10294142829460753
149308654,0.0932044211891102
149308655,0.12065283346376339
149308656,0.021842550007709377
149293973,0.05366069610354212
149293974,0.050332441650841074
149293976,0.03135914048243749
149293977,0.04744168033832545
149293978,0.047800405841424115
149293979,0.018907796364635736
149293980,0.021169481950831664
149293981,0.16439669245018856
149293982,0.14261709350305268
149297957,0.08617245399204256
149297958,0.056784189054149926
149306526,0.05515499408357258
149299786,0.08848091727010188
149299787,0.1524269897291114
149299788,0.04620773122788771
149299791,0.17337524934036122
149299793,0.17524768013017364
149299794,0.11838625141242189
149299795,0.06758498267423439
149307904,0.05019574053976955
149299585,0.009048718416726179
149299586,0.020489936880215123
149299587,0.013586100336293563
149299588,0.018184714789791376
149299589,0.015101966619473856
149299590,0.006810511084341902
149299591,0.015391039575684799
149299592,0.018079584052341294
149299593,0.019109456480688503
149299594,0.04464104955061562
149300392,0.016808025230386086
149300397,0.06495993800707434
149299894,0.004481484250690836
149299895,0.006282821626499785
149308782,0.12098493450531675
149308783,0.25690074779800864
149308789,0.2625768737149244
149298936,0.05837609598333739
149298937,0.040290954587359394
149292919,0.09835416206640173
149293155,0.036898906653237216
149293156,0.022186957730408043
149293157,0.030758291439407944
149293158,0.05258009251964151
149293160,0.032574336307400836
149293161,0.027939186454224985
149293163,0.021539219896605597
149293164,0.6083054379746089
149298215,0.013189368631296517
149308423,0.05773454078643796
149308424,0.038681034185495726
149308425,0.039751364986501184
149308426,0.03719824193865558
149308427,0.014363925013357712
149308428,0.03948233245089127
149308429,0.07483365143823589
149308430,0.05341741034786297
149308431,0.04199397911598344
149308432,0.1084516667701351
149307741,0.0830554438085605
149307743,0.05143385711334048
149307744,0.0836283541709175
149306623,0.03844860838949253
149306624,0.028542809759364896
149306626,0.03851153438173213
149306627,0.016128311250686204
149306628,0.040073479075871075
149306629,0.06018650886588847
149306914,0.11635551916329719
149306915,0.11270965992619703
149306916,0.17225517483287375
149306918,0.17141165034412223
149306919,0.09264983658185899
149306920,0.09724402770334103
149306921,0.1354687461175026
149306922,0.13528857790090132
149306923,0.14458722599092944
149309123,0.07276519049542057
149309124,0.04361885928719202
149309125,0.12043018281596252
149309126,0.08153898009112823
149309127,0.12886299192985856
149309128,0.06115091145427733
149309129,0.04405331996257239
149309130,0.06701269277970438
149309131,0.016680904849187585
149309132,0.06820601249508056
149308526,0.06276368047306274
149308528,0.06695696931873547
149308529,0.07269541346608362
149308531,0.07137294392876979
149308532,0.07509647923202026
149308534,0.07165858700496158
149308749,0.06712158262150808
149308750,0.055674455161559645
149308751,0.07202929851263395
149307485,0.08137417293105101
149307486,0.03070735428030664
149307489,0.100551289218582
149307490,0.03607463246097766
149307491,0.02820300847455736
149307492,0.024426458182128307
149307493,0.164725374531688
149307494,0.14659112634733606
149308746,0.11689939692544118
149308747,0.024387178038368366
149308748,0.004654847011870289
149299562,0.022971473389603335
149299563,0.11626046146623444
149299565,0.035242993477982695
149299568,0.04741227931296113
149299569,0.04856066077662613
149299571,0.017981527668924895
149306648,0.022671154361487256
149306649,0.023174839945618846
149306650,0.02024004119249136
149306651,0.021354745889129174
149308327,0.023132372395148846
149308328,0.031591422146082876
149308330,0.04209321360850407
149308331,0.028175427075662153
149308332,0.040532663879973584
149308334,0.04184646285258672
149308604,0.025462602389000995
149308622,0.059678007319510534
149308623,0.11965549255654714
149308627,0.04385818856233729
149308660,0.02323512387875036
149308661,0.01969303493337344
149308662,0.018313849430331614
149294092,0.07701954536300636
149294093,0.08090275036496945
149294094,0.08222075529421037
149294095,0.07939686347908814
149294096,0.02419689948035058
149294097,0.015173356022424022
149294098,0.15955011495818894
149294099,0.17544993237144518
149294100,0.15535061172319775
149294101,0.17464584177634476
149294128,0.013828220755027222
149294129,0.04070046064286065
149294130,0.028175612920941954
149294131,0.037457312275644486
149294132,0.04599173263977078
149294133,0.022715688566189992
149294134,0.044892921089337436
149294136,0.020898291208218078
149294137,0.02240952733587533
149293323,0.06204597420532157
149293324,0.08716492231637703
149293325,0.08990509980858656
149293326,0.06536086945896262
149293327,0.09005155376240966
149293328,0.025552557310588725
149293329,0.046703066520941604
149293330,0.028990754087971915
149293331,0.04388729513181815
149293332,0.06482358218986531
149299324,0.05992660983508562
149299325,0.22929655545194977
149299326,0.12521912842726374
149299327,0.053201148872997865
149300588,0.027688758037453194
149300589,0.006539585431695993
149300590,0.017552176516933457
149300592,0.025329676101293618
149300593,0.02914819850969257
149300594,0.01621149438547397
149300595,0.015046334916538416
149300596,0.011920113806689227
149300597,0.046274042314296784
149298068,0.05489340531163757
149298069,0.03011499559634972
149298070,0.015756122728177883
149298071,0.07377333894294634
149298072,0.04308193468102395
149298073,0.07475844528693508
149298074,0.051807040698231284
149298075,0.04068097573225126
149298076,0.05081800719029267
149298077,0.05220440738125138
149294013,0.030255785112736744
149294014,0.05427352658837845
149294016,0.026432479220992868
149294017,0.06509774662642086
149294019,0.036964114205008565
149294020,0.018470349314394424
149292337,0.06344981640688918
149292338,0.0620134464181838
149292339,0.033706828750217334
149292340,0.03306586128362446
149292341,0.02020363396993431
149292342,0.06784725424055454
149292343,0.023328010530565355
149292344,0.08061947134897883
149292345,0.041041916866563395
149292455,0.09027240175164687
149292456,0.11739077959341683
149292457,0.04033708180169321
149292458,0.031403533122979325
149292459,0.022327578172332118
149292460,0.08718254904882715
149292462,0.04996209739252015
149292463,0.07139722392312452
149292464,0.035536326869100035
149308372,0.043128507751212006
149308374,0.14700473800708608
149308376,0.07359267468418978
149308378,0.028111550482482796
149308379,0.05389819444420513
149308380,0.09505383078481795
149308381,0.02215834778792262
149307426,0.04097455070032827
149307427,0.032059692860135984
149307428,0.0028472465456691903
149292665,0.0462917106407886
149292666,0.028738466710244277
149292667,0.04564688307694098
149292668,0.02857926415643097
149292669,0.059265979667965735
149292670,0.022740096037673088
149292671,0.07196184843896214
149292672,0.0570276475613914
149292673,0.023013383273012344
149292674,0.07182731743301704
149298631,0.12081655599132743
149298632,0.06313312246702585
149298634,0.06258134365544413
149298635,0.057514173159592084
149298636,0.25890776211372674
149298637,0.0773572518119821
149298638,0.22249168037130643
149298640,0.10209569049118666
149291683,0.028670512019677245
149291684,0.03444632977599661
149300499,0.10656565599640264
149300501,0.06040744116126995
149300502,0.09781514814424863
149300503,0.043949279660077084
149300504,0.04816939617976737
149300505,0.0640156459712111
149300506,0.05095555124847039
149300507,0.05205062476065356
149300508,0.037741751280363764
149292823,0.039377610505014905
149292824,0.07571790690594409
149292825,0.015239840475009026
149292826,0.01885141436013552
149292827,0.07621173197903183
149292828,0.06189964693075612
149292829,0.04851200585668411
149292830,0.048158183272221135
149292831,0.047072001080026585
149292832,0.0464004666919613
149293796,0.10762095331310734
149293797,0.04268554543584311
149293798,0.08697767538874636
149293799,0.11336191588088375
149293801,0.03527510482876627
149293802,0.042232636186310346
149293803,0.04947405591791566
149293805,0.09107042289427544
149299184,5.840194641436879e-05
149293440,0.03588726844010005
149293441,0.025442725225014954
149293442,0.02570916145404109
149293444,0.032837661923469846
149293445,0.07549738758445493
149293446,0.03447278808333826
149293447,0.03761283958717899
149293448,0.021619156343578635
149293449,0.011937386597360012
149299222,0.05818593080768494
149299223,0.05781277429854569
149299918,0.03377863855699874
149299920,0.04251989664438237
149306977,0.03646571134563294
149306978,0.04987044884501331
149306979,0.040302835435496905
149306981,0.07044013005952475
149306982,0.04627151644540656
149300613,2.088053945507355e-05
149300614,0.00012340440108514703
149297818,2.0153817982261784e-05
149297819,4.211324945172315e-05
149297820,9.625633602689462e-05
149293826,0.07173519372774335
149293827,0.03295855466508722
149293828,0.048804253468487595
149293829,0.06409804994337376
149293830,0.05307005063670065
149293831,0.04716188771885384
149293832,0.04000166874823425
149293833,0.055622066946963374
149293834,0.04441000618679446
149293835,0.04568534524282668
149298367,0.1555770961459844
149298369,0.1813627505051614
149298371,0.0005718042376624759
149298376,0.14629919247527823
149298919,0.049849438354558635
149298920,0.06579457747347771
149298921,0.06433747190599942
149298924,0.03318888796125652
149298925,0.06408661898849358
149298927,0.09957627730092461
149298928,0.060415768074247325
149298867,0.1530698787947633
149298867,0.20859637196148734
149298868,0.2319792437001092
149298868,0.4590417071676841
149298869,0.47670618221874395
149298869,0.16312401286722022
149298870,0.4068987971270128
149298870,0.4519946371476678
149306889,0.0019543974105206245
149299218,5.4797793660989696e-05
149299219,1.1111412277142082e-05
149298048,0.0525097757888179
149298051,0.051332212868815966
149298052,0.05957965002226444
149298053,0.04343494918502276
149298054,0.04551134721369999
149298055,0.05444873453728556
149298056,0.10537386828442948
149298057,0.11109969131594719
149298118,0.03183265320044139
149298121,0.043512095249204255
149298122,0.008885269702311413
149298123,0.013048547633910803
149292132,0.039167053196639844
149292133,0.03884609737311825
149292134,0.04478741838033507
149292135,0.03394845860185505
149292136,0.03950095244170155
149292137,0.05662855298692137
149292138,0.04861031821021636
149292139,0.047114671481157326
149292140,0.04952386176097655
149292141,0.04766901481828168
149298238,0.12683114225524839
149298239,0.10220401708382315
149299493,0.030023474883445287
149299494,0.035990441788806456
149299495,0.05329387476501498
149299496,0.06272688761482817
149299497,0.1722419131967201
149299499,0.2719498900240741
149299055,0.012465823343129031
149299056,0.008603428792858196
149299058,0.005544973106725586
149308564,0.01250276168711872
149308565,0.01910628805025762
149293219,0.03896340713338049
149293220,0.04433312372386023
149293222,0.044950844723279315
149293223,0.03986839745414152
149293226,0.055404243643042916
149293228,0.04963851191310396
149309050,0.05548848404744658
149309051,0.04922948788545892
149309052,0.048399614729326676
149309053,0.04424331905711844
149309055,0.03437153705127705
149309056,0.032141366982842416
149309057,0.036773239689644105
149308504,0.005585702879306417
149308505,0.0017281988645648865
149308506,0.0030027115364911886
149308507,0.010102857890832418
149308508,0.00960037338169583
149308509,0.0049387985743521556
149308510,0.012959068543581765
149308511,0.014307452136319716
149308512,0.00470424559256573
149308513,0.008211313797002904
149300546,0.08462227199350666
149292606,0.1143577532712554
149292607,0.12463177623668896
149292608,0.06782180861046219
149292609,0.04742482395003745
149292610,0.222222354097865
149292611,0.06544065527526294
149292613,0.21525582843354787
149292614,0.2637681219667939
149292615,0.058871093279476205
149293303,0.07823333859301065
149293304,0.07623915241851945
149293305,0.05675969536585526
149293306,0.05076383312762573
149293307,0.03083457876817447
149293308,0.0426812811817011
149293309,0.19771069119419443
149293310,0.05759898463260943
149293311,0.18864719535538796
149293312,0.046913744985849375
149291436,0.03768785929178404
149291437,0.03912197948035483
149291438,0.03398241853375127
149307776,0.041723698576718996
149307777,0.01771351613184749
149307778,0.049307834713740756
149307779,0.051255123260811906
149307780,0.03807585066105749
149307781,0.032242468900681845
149307782,0.04651356999483354
149307783,0.05633258147012807
149307784,0.031526153922399734
149307785,0.06423158198438272
149293259,0.023597872658732512
149293260,0.05171913708640695
149293261,0.04786986971611504
149293262,0.05217271898727895
149293263,0.018327869212597405
149293264,0.02344935580937601
149293265,0.04897515159548227
149293266,0.036671551493539914
149293267,0.08944801960896501
149293268,0.055580579729501846
149308796,0.018952517574049015
149308797,0.03941295132984535
149308798,0.014876204063668434
149308799,0.038968088568421655
149308800,0.012063323599681545
149308801,0.01807776067627799
149308802,0.03796629295224813
149308803,0.004926749529992089
149308804,0.012378088967476114
149308805,0.01906105745235606
149309468,0.06417049134763572
149309469,0.0353961460057218
149309470,0.020470841510120696
149309471,0.06070410451059779
149309472,0.05590147298750817
149309474,0.028999693856861335
149309475,0.021574006193873063
149309476,0.010981372737801155
149309477,0.013526504490870707
149308637,0.0419493468160801
149298621,0.18210632008073316
149298622,0.14715443827222782
149298623,0.18826399598824547
149298627,0.13327413140937389
149298628,0.22131111925435026
149298629,0.08912942417280811
149299626,0.007812154421641595
149299627,0.010364524706721641
149299628,0.010560612556372096
149297566,0.07129962343562637
149297567,0.11040315318242783
149299936,0.011475468159936787
149299937,0.004063322010757383
149299938,0.08428790455553624
149299939,0.045933612961210776
149299943,0.033766087373621946
149299944,0.02851065639295744
149299945,0.03487714566568832
149298357,0.056205765197820605
149298358,0.19212431154178394
149298359,0.03528549481598053
149298360,0.2292903954027065
149298361,0.2188332381841037
149298362,0.045190878510195376
149298363,0.06469308769470011
149298364,0.053091382386878154
149298365,0.08699689444154485
149298366,0.052172102762041206
149307748,0.06479590030136967
149307750,0.03716286820482183
149307752,0.07270880339605885
149307753,0.027432152082290395
149307747,0.15161460017349437
149308762,0.0363195929201507
149308763,0.14671684182151756
149308764,0.0283594925659789
149308765,0.06527209766787727
149308766,0.015174747338884355
149308767,0.033259937539968185
149308768,0.04641417915761156
149308769,0.08114346711549338
149308770,0.058895782047664436
149307855,0.20162690913267156
149307857,0.04523803030572097
149307859,0.03096653209652827
149307861,0.11888835398327822
149307862,0.023885244760070996
149307863,0.06343891783375535
149307864,0.030574660796813764
149300226,0.03032277234402408
149300227,0.08094421476817763
149300228,0.054508355490314596
149300229,0.0615685015823588
149300230,0.048219540306529605
149300231,0.019069653812760944
149300232,0.09600118527196892
149300233,0.06353627470308916
149300234,0.03229641753535242
149300235,0.05024522970196705
149297728,0.10186758832774004
149293054,0.008534905789753059
149299926,0.0651219941867624
149299927,0.056773608666625903
149299928,0.07063474211254848
149299929,0.04044662254810295
149299930,0.05774363475533181
149299931,0.053367335087495076
149299932,0.0852728845117288
149299933,0.07057565959509807
149299935,0.06487030682497502
149291913,0.05583884595945416
149291914,0.020438639104630976
149291915,0.02509989931057454
149291916,0.1384393375124911
149291917,0.05702814833511485
149291918,0.0840290598480521
149291920,0.06646954464668586
149291921,0.014296381387619241
149291922,0.01430617093301879
149291750,0.07968087642341865
149291751,0.052707213043182224
149291752,0.029372838917044446
149291753,0.04109058132786267
149291754,0.05814987318815913
149291755,0.024469483016712548
149291756,0.032363839852378916
149291757,0.06055528823660324
149291758,0.051311437537966194
149291759,0.027974446751421123
149300548,0.03133736530697393
149300551,0.031246064807512186
149300552,0.04570490238689398
149300553,0.04930076227287949
149300555,0.02612595681468687
149300556,0.027170011509598413
149300196,0.09743553586864881
149300198,0.05815509405023009
149300200,0.028082902214071552
149300201,0.037397927435264974
149300202,0.06737316090763805
149300203,0.12487228665095172
149300204,0.04983757783087166
149300205,0.06887289284453836
149309305,0.04435623557018705
149309306,0.021454832357366244
149309307,0.03200556812077726
149309308,0.01932232158411797
149309309,0.03033725064988682
149309310,0.05213124543827998
149309312,0.009118199305717582
149309313,0.030707987780288635
149309314,0.018503041332708792
149300563,0.09393918694200463
149300564,0.09608863936836205
149300565,0.04770662322136294
149300566,0.04775601576423718
149300567,0.08040870185611364
149300568,0.10095518930317937
149300569,0.07603212191951055
149300571,0.08531149270079243
149300572,0.07405053871526168
149298661,0.09175169307162129
149298662,0.0998071027544989
149298663,0.0543231930859942
149298664,0.05613576356181278
149298665,0.12318678926737289
149298666,0.12811455200104638
149298667,0.13324498870193388
149298668,0.21489698578264985
149298670,0.18605900373103998
149309478,0.04145649221289663
149309480,0.05876418149117753
149309481,0.00596443706434305
149309482,0.01990807905302971
149309484,0.01493638402877152
149309485,0.012420672863722025
149309486,0.01734767539423328
149309487,0.05294448732483122
149292576,0.05401568226505571
149292577,0.04978848922625772
149292578,0.104196682631892
149292579,0.06523823690933801
149292580,0.06109649097777601
149292581,0.05213745307375714
149292582,0.04837267478648064
149292583,0.05523269967422848
149292584,0.07366508968145248
149292585,0.0749844229115141
149297619,0.03016324783267236
149297621,0.03280245853003422
149297622,0.03240986324893498
149297623,0.02055521379844963
149297356,0.04859764279559381
149297357,0.0230529836028779
149297358,0.01602349281023157
149297360,0.031764946396727334
149307294,0.005296449813407925
149307295,0.004395141802535674
149307296,0.0061425808642757125
149307297,0.004277965823856024
149307298,0.004774218695077269
149307299,0.00482206896861156
149307300,0.0016024934697742455
149307301,0.004354229379688857
149307302,0.00622876377779473
149307303,0.007893430079103786
149293333,0.06864107468623368
149293334,0.05085113527928739
149293335,0.06378486211993899
149293336,0.03156162708330033
149293337,0.01922197617867654
149293338,0.048727424414832556
149293339,0.04755422822979085
149293341,0.06504087629275995
149293342,0.029968324040936765
149294049,0.06365040521945577
149294050,0.06728565264633811
149294051,0.05261790102945767
149294052,0.08274268664294915
149294053,0.147657138163952
149294054,0.09579206304755301
149294055,0.10150312253241557
149294056,0.15719994784029603
149294057,0.11311570865804194
149294058,0.12251948464725722
149292327,0.011268808443609554
149292328,0.005929594483165491
149292329,0.009748751309914453
149292330,0.00796757264814863
149292331,0.010403261196316745
149292332,0.008042558022178629
149292333,0.007836479543277161
149292334,0.005809852050651292
149292335,0.010577795352375179
149292336,0.01227536198071519
149293046,0.03517113097413226
149293047,0.03710461277963764
149293048,0.0114760041143852
149293049,0.027990728992751995
149293050,0.04730973878151175
149300608,0.1836875714786216
149300609,0.07140461091682224
149307348,0.0184208685472263
149307349,0.022010697606584882
149307350,0.02155052450626551
149307351,0.018208614140042323
149307354,0.014351461230243135
149307355,0.019525159811076834
149307356,0.01176754110626404
149307357,0.015595299073156295
149299180,3.005096655860861e-05
149299181,0.00019763908473755638
149299182,0.01702276302319543
149299183,0.01829693942758136
149297727,0.2111552874632763
149298510,9.661627963722345e-06
149298511,3.609074637037676e-05
149298512,8.125009977188431e-05
149307066,0.022924316010435306
149307067,0.017133837677682628
149307068,0.01750305208808413
149307069,0.021178630051697372
149307070,0.029788053636077467
149307071,0.03007332026733287
149307073,0.020074005447914923
149307075,0.01971815550901654
149299330,0.11768243339652414
149299332,0.10167948671463159
149297776,0.0182623885829071
149297777,0.017125985926178883
149306908,0.07702924230298186
149306909,0.08224860211749992
149306910,0.04426242279719526
149306911,0.024908686041744767
149300418,0.0481071734726773
149300419,0.05535028001295333
149299575,0.03234879265075557
149299577,0.005273737414009115
149306339,0.004659135811369719
149306340,0.004447850630987244
149306343,0.0001656137279887542
149306344,0.00317381653890955
149306348,0.003002282837178835
149297701,0.1319154393584661
149306954,0.03183393456250717
149306955,0.026344648537675368
149306956,0.03085714349730831
149298537,0.06209516161195237
149298541,0.11205961093233427
149298542,0.06716552647718686
149298543,0.11823535610577768
149298545,0.0639576716451763
149298736,0.09083876313500965
149298736,0.1715605410403259
149298737,0.25065401453097547
149298737,0.3895298717485637
149298739,0.44256139724024957
149298739,0.38236078707147225
149298740,0.32812968840118
149298740,0.24782333118465194
149297655,0.09739849837897445
149297660,0.05354146417980605
149297661,0.04298808664135711
149297663,0.22584236369932553
149297664,0.08987320203583425
149308525,0.03242812616141052
149308530,0.03449447798512043
149308533,0.03513166748381726
149308583,0.03489236884779885
149308590,0.03877801329527197
149308591,0.036472203123424085
149308593,0.0343310437240839
149308596,0.034016677678391824
149308599,0.030365779227133825
149308723,0.03420152746798735
149299344,0.004721666424200043
149298199,4.320906509517051e-05
149298200,0.0001831449116068943
149299207,0.015028775351239303
149299208,0.01603364730151827
149297665,0.040843560342697316
149297668,0.036450983723535474
149297670,0.1037359868728465
149297672,0.09283654229753575
149297674,0.09353496925077799
149299081,0.034360863543983954
149299082,0.028944284851813995
149299083,0.030198941253876697
149299084,0.029836440837956835
149299085,0.027863565851607045
149299086,0.0282777419274524
149299087,0.028916715661845612
149299088,0.03049247147250244
149298838,0.0733215514323292
149298838,0.24756184080912053
149298841,0.27647527387445936
149298841,0.19319247252073787
149298842,0.2860462386751263
149309177,0.019435828226997243
149309178,0.014978692887804379
149309180,0.02182559032078642
149309182,0.017526892550798822
149309183,0.014232499046668788
149309184,0.012896109008852864
149309185,0.019697920248688276
149309186,0.018910071764280077
149293846,0.036682786568651496
149293847,0.031717026050580674
149293848,0.04114734023681456
149293850,0.044861709071851295
149293852,0.06353290494017767
149293853,0.09711346401404555
149293854,0.03568534887960874
149293855,0.06597238897147445
149309640,0.04727067387437421
149309641,0.04433194861358146
149309643,0.046687558273595935
149309644,0.0467290538987761
149309645,0.034540566082439814
149309646,0.034749608427807326
149309647,0.0479013788147864
149309648,0.027226233408002974
149309649,0.03651732711503883
149298378,0.06409361885186383
149298379,0.31435234936665046
149298380,0.12208399520395494
149298382,0.11387422922220558
149298383,0.15308817574063185
149298384,0.13882054026537485
149298385,0.14190778886714223
149298386,0.25828240159796545
149298387,0.1189903698922596
149299117,0.017324072460172594
149299118,0.01656706891796413
149299121,0.018940256005397532
149299122,0.02847501817047801
149299123,0.03040822171833074
149299124,0.012932360728309585
149298216,0.20250452445443132
149298217,0.18333153463965446
149298218,0.07493546346219887
149298219,0.06864477103550234
149298220,0.21894442860655353
149298221,0.09630685866704049
149298222,0.09619821338538595
149298223,0.09279448261394815
149298224,0.08278695583410314
149298225,0.06917549375247409
149298847,0.18580715147273913
149298847,0.33926729214004236
149298848,0.26359904693761954
149298848,0.23305127913479473
149298849,0.1988794921308897
149298849,0.28907210629337265
149298697,0.22128109009397848
149298697,0.24725230867644613
149298699,0.2602722279697678
149298699,0.39752130017335635
149298701,0.2295979634263404
149298701,0.4868984777944994
149298702,0.3135811848204996
149307883,0.03327658155419483
149299668,0.03375167830751898
149299669,0.09058751936967004
149299670,0.044357155769523766
149299671,0.042359863602312295
149299672,0.02266795155138805
149299673,0.03697060626348198
149299674,0.03871052802734231
149299675,0.04032792119493688
149299676,0.02336718648132257
149299677,0.06255231863079902
149299680,0.21031392994045547
149299681,0.10127379539826419
149299682,0.10596580355245003
149299684,0.12396676782690785
149298439,0.049166311504852574
149298443,0.05784888098821581
149298445,0.07336254295046771
149298446,0.1350533496074782
149298447,0.028268950449250343
149298448,0.053777009954707945
149306278,0.009434948136410434
149306279,0.007246272209887277
149306280,0.008881245047699575
149306281,0.009475655186892081
149306282,0.011447674111130499
149306283,0.027819457586511265
149306284,0.026653268958332667
149306285,0.010861904950889517
149306286,0.008184249087044565
149306287,0.005385170293754105
149297885,0.03773439058555861
149297886,0.04654222880024313
149297887,0.09758922151697334
149297888,0.04684576281130102
149297889,0.05995944223997165
149297890,0.01955620352410485
149297892,0.047664381283832394
149297893,0.08255842148694323
149297894,0.056326477505365305
149298825,0.022573912426770513
149298828,0.02270293445005779
149298829,0.022017422614741898
149298830,0.02191383181582124
149298831,0.027566671076354615
149298832,0.02701379298321855
149298833,0.0510125792424847
149298179,0.03333062989038534
149298180,0.025706177843111622
149298181,0.01404673056417446
149298182,0.031102067838819022
149298183,0.03922503653549421
149298185,0.02642262215198311
149298186,0.028880785891072992
149298187,0.046757995552621265
149298188,0.04926967223130672
149308160,0.049530253828488344
149308161,0.1194486731340885
149308162,0.07080851225885584
149308164,0.0465648327305182
149308165,0.12785821016565685
149308166,0.03863249725578564
149308167,0.14281181746054192
149308168,0.11036077493286917
149308169,0.12126151975696196
149306288,0.021519270427807345
149306289,0.049331026446762814
149306290,0.021703197484818738
149306291,0.04321495181383066
149306292,0.025514513925702084
149306293,0.057791502608107455
149306294,0.040726479278542435
149306295,0.04963638101705581
149306296,0.017518024797231312
149306297,0.018628733235637324
149300186,0.05301081147909575
149300187,0.05336830252181114
149300188,0.05049977848254767
149300189,0.04914538069591288
149300190,0.0522573515946848
149300191,0.04605043052291012
149300192,0.05025791383118418
149300193,0.05300389183478638
149300194,0.046989839221258586
149300195,0.05400681898857824
149298388,0.04616086863146439
149298389,0.05705431008631443
149298390,0.07157842640698464
149298391,0.057204069958360956
149298392,0.06131349193264379
149298393,0.025776179249732342
149298394,0.03485337609617919
149298395,0.03885064873614774
149298396,0.06385418311393616
149298397,0.06925920383456792
149297685,0.08347416995727858
149297686,0.041454161560239434
149297688,0.1353347773576297
149297690,0.18923168833645498
149297692,0.07577074695722995
149297693,0.06771677605906143
149297694,0.07900390318533433
149299294,0.0033075677610319297
149299296,0.022155368496916024
149299298,0.008051821636130982
149299299,0.03214413812361003
149299300,0.019404312080518626
149299301,0.060371965161720366
149299302,0.00463100345057598
149299303,0.009126839056147746
149307270,0.024433720368950126
149307274,0.015805667316934165
149307276,0.019366577293345583
149307278,0.01542347938597266
149307279,0.2673183978318512
149300206,0.06912435807002928
149300208,0.03522888211677201
149300210,0.07637323100997735
149300211,0.09032032646358973
149300212,0.07331300414073459
149300213,0.03664186463846787
149300214,0.022795889971863676
149300215,0.06179173334590812
149299304,0.02090386059630364
149299306,0.03418033090335559
149299307,0.030985935674343604
149299308,0.04620524846573829
149299309,0.030745069290519622
149299310,0.07168760854063859
149299311,0.0641848989035453
149299312,0.036251903533502904
149306613,0.010692084718477072
149306614,0.07023306991362706
149306615,0.007168075385045506
149306616,0.06322484597360484
149306617,0.006635334973492656
149306618,0.009412728354372587
149306619,0.009008529925432591
149306620,0.022401393007670745
149306621,0.020924663278727943
149306622,0.005795336130191494
149307161,0.044983483327062444
149307164,0.05215535169054333
149307166,0.17758172820025125
149307167,0.061016337378380636
149307168,0.025004703106670457
149307169,0.05517502371473096
149307170,0.016326503128229846
149309820,0.02545846056572964
149309821,0.044213645969450426
149309822,0.0613599413383656
149309823,0.03582945893032917
149309824,0.01493155090303351
149309825,0.018217340365923186
149309826,0.05576107081189651
149309827,0.029474218912353
149309828,0.12118957176658046
149309829,0.028092300527369867
149293293,0.051951840635980906
149293294,0.038442360652681556
149293295,0.02866068251194396
149293296,0.02251626244264374
149293297,0.01609728062686896
149293298,0.02169332593069536
149293300,0.028331533697532173
149293301,0.04598891242316592
149293302,0.029904138306413208
149292347,0.07648703528606872
149292349,0.11592041896996083
149292351,0.07597251462845041
149292352,0.04293095123437796
149292353,0.03963942410177572
149292354,0.03206948454110108
149292355,0.02340088357052038
149292356,0.0403201694580062
149293766,0.051452326628397285
149292512,0.03702386372774042
149292513,0.03327209751695942
149292514,0.0693415624004779
149292515,0.04704651318955643
149292516,0.03278345434494958
149292517,0.07813709726247382
149292518,0.04765371602050004
149292519,0.09269311018462591
149292520,0.02784847092850518
149292521,0.03638436066421576
149300166,0.0821870628981519
149300167,0.07156032470018392
149300168,0.0896774074172161
149300169,0.06930545137648009
149300170,0.06739055228907864
149300171,0.10816928525410187
149300172,0.08896609306202126
149300173,0.09116433679903692
149300174,0.09155060183907897
149300175,0.05555291331229756
149293619,0.0854414494830175
149293620,0.03560895867788119
149293621,0.02065335075598266
149293622,0.03843819621403926
149293623,0.030702175670600497
149293624,0.019030959071738657
149293625,0.06124740306451723
149293626,0.05913636750321814
149293627,0.03989592459624146
149293628,0.015218430767870252
149294324,0.11035457163191761
149294325,0.04498454072449917
149294326,0.060453156738695925
149294327,0.06961150847049834
149294328,0.11535761223053163
149294329,0.0864630621469513
149294330,0.10339696792528988
149294331,0.1388554117938262
149294332,0.12192506773232299
149294333,0.1501289726009106
149299630,1.56263777575306e-05
149298032,0.0554457223004252
149298034,0.050522844694506575
149298035,0.056531476737349144
149298036,0.04897641685721409
149308270,0.019684863569162228
149308279,0.019765981912454437
149300627,0.13927803606456096
149300628,0.11172013912655972
149300629,0.11465669341557175
149298970,0.0682373526889646
149298971,0.06956661231522199
149300639,0.0013278603449709823
149300640,0.0022210060707987147
149300641,0.001541547629773333
149308521,0.06728586195776373
149308664,0.10035625986655608
149308666,0.020135635613020713
149308669,0.04670996380145863
149298125,0.06898051267310139
149307648,0.011787508294052495
149307649,0.012097256299167409
149308732,0.04408316866953254
149308733,0.042865404525346464
149293786,0.10683732200873335
149293787,0.1016863684004561
149293788,0.0914586061185843
149293789,0.044764716974685786
149293790,0.09142411406295892
149293791,0.046866460876715414
149293792,0.06633263182053682
149293793,0.0505680360416846
149293794,0.12841888096219817
149300018,0.009861341768105979
149300020,0.008637152140157544
149300022,0.008040114302797989
149300023,0.009192242571447906
149300024,0.028723205406955655
149300025,0.026739412262678883
149300026,0.024651091201144417
149300027,0.02929864320655572
149309620,0.024736360895404784
149309621,0.09686556704386634
149309622,0.02943510611269209
149309626,0.04081637918139742
149309627,0.028414940901600887
149309628,0.02886887563502263
149306638,0.027253131972587198
149306639,0.04920419746070871
149306640,0.056820372663538
149306641,0.037749149939503866
149306642,0.051804744470537935
149306643,0.025718692102965252
149306644,0.037625031995472555
149306645,0.051211233535574996
149300630,0.03595891251518334
149300632,0.04341284220203998
149300635,0.043437042301272995
149300638,0.023910864462991555
149309441,0.05171481982778076
149309442,0.039850051601847486
149292087,0.052091495293526864
149292088,0.031103472584875363
149292089,0.018200908487862932
149292092,0.013872348060672033
149292093,0.038504699208889034
149292094,0.04386541229518637
149292095,0.050806771863602
149299896,0.039613270170344876
149298100,0.019892811117832285
149298101,0.019093598231372643
149298102,0.037879913440651364
149298103,0.0361768247266775
149298104,0.007988213882364857
149298105,0.0078903069937328
149298106,0.0146058792250324
149298107,0.01748054017537216
149298108,0.04111396587490863
149298109,0.039615199448319156
149298296,0.06825613199003432
149298297,0.06291561735781727
149298298,0.08298895397090585
149298299,0.08689278199345954
149298300,0.08146729880098547
149298301,0.09325775230846088
149298302,0.09068670300970386
149298303,0.09518707978308338
149298304,0.10555621746766919
149298305,0.0992382642987269
149308232,0.005056307248572562
149308233,0.008693054201991615
149308234,0.004824946921124709
149308235,0.010171122167307258
149308237,0.022024244488411823
149308239,0.03151228662509582
149297915,0.11870767195991778
149297916,0.12634892878172843
149297919,0.15028387423113349
149297920,0.15618365212499188
149299711,0.11550505761250043
149299714,0.21964831269598642
149299719,0.03717648148653729
149298752,0.12499177134816897
149298753,0.1263446429115166
149298754,0.12492130044286362
149298755,0.12728009777523783
149298756,0.14528552516487808
149298757,0.14459764762666416
149299196,0.20781605500152822
149299197,0.18217987057552565
149299202,0.10320151624352004
149299203,0.16383720412330013
149299205,0.21042368066210346
149309118,0.04867374285503861
149309119,0.016746291459529602
149309120,0.017458438485881207
149309121,0.02512587070383686
149309122,0.02434351900216506
149308641,0.10376766030172832
149291793,0.1379368196815406
149291794,0.09759358538037072
149291795,0.13221849868534155
149291796,0.1365994595540159
149291797,0.08027062049744633
149291798,0.13224778347719926
149291799,0.10669468049690406
149291800,0.05051416553384109
149291801,0.07745641496792598
149309006,0.019715297409226205
149309007,0.0186743004400667
149309009,0.02736893247791069
149309012,0.024785629836168648
149309014,0.029929396547238963
149309015,0.0335729025516156
149306924,0.013682921491618151
149306925,0.021430572188975303
149306927,0.013802988880523306
149306928,0.014460546320024917
149306929,0.01675091158592868
149306930,0.00873544031550264
149306932,0.03272776810344995
149306933,0.015005723833129744
149298329,0.12361904034766363
149298330,0.1754038685670589
149298331,0.14496381192551422
149298332,0.1937366515126341
149298333,0.12659464233730597
149298334,0.17289973859662874
149298335,0.03806668195294465
149298336,0.08599121028865019
149298337,0.12202731607136508
149298338,0.04105068418181476
149300058,0.008170175794512497
149300059,0.008232841097515355
149300060,0.008999097660349096
149300061,0.011343256258253862
149300062,0.01870347004182273
149300063,0.004862856934671197
149300064,0.05480256292518307
149300065,0.00923235193868352
149300066,0.020433482707102407
149300067,0.010098810253451882
149307979,0.24139108532152181
149307980,0.23379952458422015
149307981,0.026789215798883343
149307982,0.02829809773441946
149307983,0.07067634685656796
149307984,0.10926786729932436
149307985,0.02883360678417447
149307986,0.07522130081003008
149307987,0.026614075374989665
149307988,0.02707973099022636
149297645,0.15911056636868956
149297649,0.11500138904332964
149297654,0.17541684236996144
149308966,0.2722507408171219
149308968,0.18065092129060575
149308969,0.2586222793891487
149308970,0.06864928562341528
149308971,0.07322953792892686
149308973,0.21831402108181586
149308974,0.06942649605971679
149293004,0.1298403966496806
149293005,0.03702235328428137
149293006,0.0413650029427251
149293007,0.018404130117194693
149293008,0.03842336386490862
149293009,0.03987190174685404
149293010,0.08474881296567756
149293011,0.05857849147363594
149293012,0.09517745219629974
149293013,0.03437399231275541
149291697,0.02848352742258821
149291698,0.023423086804570333
149291699,0.020918666988324872
149291700,0.048402677373507494
149291701,0.018810832032507576
149298343,0.07471501290313254
149298344,0.08870634932419601
149298345,0.08546766011837534
149298346,0.08382947368155812
149298347,0.08767418411453058
149298348,0.08446209868898304
149298349,0.09329661917302094
149298350,0.09009698136760354
149298351,0.0925549896567754
149298352,0.09011754255894247
149297439,0.055515193709333256
149297441,0.09923541497078858
149297442,0.031376181198410937
149297447,0.03196791861869096
149307657,0.06960281288301876
149307658,0.07600917184846832
149307659,0.10136436067031371
149307660,0.08448939802245574
149308624,0.05260370123264606
149308626,0.032207382738155814
149308638,0.06588825758675695
149308639,0.04993107469471607
149308640,0.03874585547135913
149308646,0.04459155808404233
149308647,0.05832890960041199
149308653,0.0594031230575521
149307978,0.09644156148109055
149309404,0.04856226784620919
149309405,0.08780565539557937
149309408,0.05810124006817034
149309409,0.03630461711359549
149309410,0.12848172028632962
149309412,0.020656827407291394
149306863,0.030784735510515988
149306864,0.025858195900627812
149306865,0.03975522661649762
149306866,0.039498853858235955
149306867,0.0791705067543008
149306868,0.04005509985920002
149306869,0.03215075783539709
149306870,0.03467772854774467
149306871,0.03392928607327998
149306872,0.03713901775667401
149309725,0.027946746312116095
149309726,0.03443257644905275
149309727,0.026720054080602854
149299144,0.021667231779179463
149299145,0.02412049443638028
149299146,0.020136206114202172
149299147,0.020565875791809643
149299148,0.033692123072254915
149299149,0.014828770192641698
149299150,0.020737972699579398
149299151,0.02171010225093095
149299152,0.0125521553533586
149299153,0.0205044364134435
149300216,0.040996366713303575
149300217,0.07665714803718826
149300219,0.0505430511479915
149300221,0.06708702844771527
149300222,0.0470558957428284
149300223,0.05347887130453182
149300224,0.03468698400423517
149300225,0.05398474522219197
149308752,0.01886952614738237
149308753,0.019408001612858588
149308755,0.026218049359049058
149308756,0.03696535468516688
149308757,0.015341429129769994
149308758,0.022197579580444514
149308759,0.02377166861311228
149308760,0.02240321743620044
149308761,0.021335188818453765
149299690,0.011744378817018489
149299691,0.013892296107795951
149299692,0.026472658496362315
149299693,0.023657481363284324
149299694,0.016762038053886416
149299695,0.01547897023928644
149299696,0.013229246333677733
149299697,0.013433855018739348
149299698,0.012640484221502353
149299699,0.016909768593457327
149297535,0.08617241095254755
149297536,0.021445293106299737
149297538,0.02430804808599678
149297539,0.054221654886766585
149297540,0.018176558414495836
149297541,0.04641206335654502
149297542,0.05160209348927963
149297543,0.04776434639767018
149297544,0.11194779911409697
149309091,0.0016616574510598101
149309092,0.004798094501980674
149309093,0.005898126970658006
149309094,0.0029384919169029005
149309095,0.005885152143587545
149309096,0.00817397072251242
149309097,0.004404965859750242
149309098,0.013810567112182783
149309099,0.0033345450347318194
149309100,0.0024116763519988604
149294334,0.1067365988272258
149294335,0.059215704641024464
149294336,0.10538781727140303
149294337,0.04070886700428152
149294338,0.2008611159496035
149294339,0.08238873500974352
149294340,0.2457894217390719
149294341,0.10144044135366648
149294342,0.06085639442739375
149294343,0.1035364553965844
149307593,0.029572332872791405
149307594,0.03185447691463553
149307595,0.029401471488958945
149307596,0.03149714270937449
149307597,0.0199291208780219
149307598,0.01921093841012367
149307599,0.01980522124971675
149307600,0.019153254847902
149299631,0.0016616881629072631
149298916,0.09174772292792081
149298917,0.0774189685165239
149298918,0.08769315472374271
149300088,0.09232855279894751
149300089,0.09333656748355161
149300090,0.0018697623684938265
149300091,0.16915173268597916
149298915,0.03083599771983656
149309724,0.008980761953408302
149298785,0.057230096367964174
149298791,0.052622275878153095
149298792,0.04184362693240012
149298794,0.02418447112975426
149298207,7.137114511818951e-05
149298211,0.00033232883258402934
149300004,0.01574713111844932
149300005,0.022631914164487368
149300010,0.021703853767406585
149300011,0.020375121082006262
149300012,0.016209726504296553
149300013,0.01602540716916739
149308222,0.012860913867693237
149308224,0.014113191415936423
149308226,0.013226098481721493
149308229,0.014125947330770397
149308230,0.0361167179580095
149308231,0.036278956275679175
149299061,0.004084423027573286
149299062,0.005446061282334095
149299066,0.004371846285632409
149299067,0.005129110624743221
149299069,0.0033092475214107253
149299070,0.0017269065468991209
149298601,0.07354563333109669
149298602,0.07297224198794448
149298603,0.11560724954269437
149298604,0.12080349875074181
149297556,0.021636365814252045
149297558,0.014913429442743875
149297559,0.013797242619393106
149297560,0.013082515489669298
149297561,0.008472709339238122
149297562,0.01308304801804732
149297563,0.01401645089934701
149297564,0.045534384480529384
149297565,0.02238214074136385
149306228,0.028545743084109763
149306230,0.007307790223729827
149306231,0.006321491820878275
149306234,0.020817034971264817
149306235,0.008030695907831986
149298459,0.025764673401865862
149298460,0.025746010590839703
149298461,0.05725985028941203
149298462,0.0598967754729948
149298463,0.055883670673727646
149298464,0.03575569393857228
149298465,0.05800156761044914
149298466,0.03582404318551402
149298467,0.03921620380090251
149298468,0.044372513999406005
149307308,0.04888697107268382
149307311,0.0053451987457395055
149307312,0.060849664578678915
149307314,0.0072427276407186995
149306335,0.07633175386011701
149306336,0.08167550600590245
149306337,0.18772065755447198
149306338,0.17457359143274304
149309650,0.02098171191782965
149309652,0.04791682303094794
149309653,0.06907523277426487
149309654,0.02467295948199326
149309655,0.16294416367243605
149309657,0.07611270104070691
149309658,0.07120720737946816
149309659,0.036142270506919
149307714,0.11605583922909954
149307715,0.1969092187526801
149307716,0.09317455887694835
149307717,0.11709935982210161
149307718,0.07762896980096214
149307719,0.1079935280337178
149307720,0.049459016822385876
149307722,0.06126217625639971
149308206,0.11092293324251405
149308207,0.11603744681934397
149308208,0.11375744402140713
149308209,0.1175959355877521
149308210,0.13192466835041813
149308211,0.13394407124439242
149306998,0.1158631525425554
149307001,0.07833687597530727
149307003,0.05550935820087522
149307006,0.08188879711249833
149307007,0.16386586160663213
149309147,0.042389222945817505
149309148,0.11367037764762643
149309149,0.08717456720686279
149309150,0.047225001290925134
149309151,0.06770281229481623
149309152,0.11486646424896861
149309153,0.04868368903900671
149309154,0.051136876532616525
149308721,0.012802938462134249
149308725,0.015913816986515446
149308727,0.01612763056273941
149308729,0.009292878980177163
149308730,0.011623826661998994
149308731,0.011111971644382684
149297469,0.008152639278641838
149297471,0.01799630652264355
149297472,0.01757962325657372
149297473,0.010745474288092315
149297475,0.026086072030615637
149297476,0.023016555832787
149297477,0.02524510798724927
149293856,0.18996294623849508
149293857,0.056330633418970426
149293858,0.048256700174233204
149300236,0.0651019826681181
149300237,0.06415335717536629
149300238,0.05193899493776452
149300239,0.019286718812035225
149300240,0.05261896905724273
149300241,0.057355101662547356
149300242,0.05569643359253044
149300243,0.04962735850208579
149300244,0.050837519096423076
149300245,0.04836745504875777
149291783,0.03518530523684122
149291784,0.042687313418071894
149291786,0.041895341979893315
149291788,0.04433457167290644
149291789,0.014581105310336002
149291790,0.017755603439306572
149291791,0.02408345731884503
149291792,0.030436012496767646
149308903,0.028977530964644095
149308905,0.023988083389700054
149308906,0.04937723758976455
149308907,0.03393087686793008
149308908,0.028703335621302936
149308909,0.041569712307284665
149308910,0.03417316232505851
149308911,0.034269143593914496
149299134,0.02805352323674109
149299135,0.03734670629995158
149299136,0.005459776847409905
149299137,0.023967645488771363
149299138,0.024766748527486764
149299139,0.02477084739356686
149299141,0.03140383491821616
149299142,0.026401953958314895
149299143,0.07021477181657036
149309739,0.029906382408371426
149309740,0.007085623443228551
149309741,0.02879594398547721
149309742,0.024571246118332293
149309743,0.019628562899894817
149309744,0.008906752541042466
149309745,0.021051205125579654
149309746,0.012673644656650072
149309747,0.038679178441867496
149309748,0.015362606672102172
149306516,0.07060651829477754
149306517,0.07184815169809058
149306518,0.058431568039364876
149306519,0.025219378700637
149306520,0.02324072336710166
149306521,0.09145361244629062
149306522,0.03004424546503839
149306523,0.040576251433198575
149306524,0.09866474567701153
149306525,0.022202415095053135
149308027,0.06447461957852373
149308029,0.08198901175531888
149308030,0.058168350684929496
149308031,0.057735492719009664
149308032,0.07004671291230581
149308033,0.06757870031943439
149308036,0.08729124812518943
149309679,0.03216281886634288
149309680,0.0539768654999562
149309681,0.054117705316590305
149309683,0.041441318250252226
149309684,0.0428640936367393
149309685,0.05434272889553574
149309686,0.015547306351876906
149309687,0.050753365209292446
149309688,0.015705229069398387
149309060,0.0789109529104448
149309061,0.047333315863217394
149309062,0.07217240933783466
149309063,0.07166551775470059
149309064,0.07869330849254444
149309065,0.07523397955353077
149309066,0.04135095229430091
149309067,0.09077765524902572
149309069,0.06872776382406848
149298815,0.025306983983398177
149298816,0.06732637103117622
149298817,0.044552022320130294
149298818,0.06258461214379288
149298819,0.09296559249242037
149298820,0.03792012118333986
149298821,0.04696759260242712
149298822,0.05256306298381634
149298823,0.03186197756503083
149298824,0.08611007607592645
149293649,0.15425240740543458
149293650,0.05014088296238609
149293651,0.05684258723748327
149293652,0.06563418574466794
149293653,0.07592208472215584
149293654,0.06236996502879201
149293655,0.0568064982298584
149293656,0.08650062551115771
149293657,0.059778209318091816
149293658,0.04734690289828546
149300573,0.029003927136000727
149300574,0.025637035598668246
149300575,0.01992572545183624
149300576,0.29021913016643275
149293956,0.03295882463822546
149293957,0.036382849935750625
149293958,0.011769826691391132
149293959,0.042697230368046686
149293960,0.02998237986649804
149293961,0.027063978721623434
149293962,0.03275499058968096
149293963,0.022377815452359732
149293964,0.03397593663778026
149293965,0.01426789086462491
149300080,0.1406345236148621
149300083,0.13832092480664357
149300086,0.14258325230825128
149299240,0.04429747724812996
149299241,0.04513758282848026
149299242,0.043524780515072185
149309689,0.02475699899958138
149309690,0.03894542839231038
149309691,0.021710431730897033
149309692,0.0630633319257308
149309693,0.028531254821623712
149309694,0.042910737784776415
149309695,0.010732111761593582
149309696,0.014493883065466742
149309697,0.03145722572055491
149309698,0.03322875770394106
149309831,0.016133677918467464
149309832,0.07332609979109816
149309833,0.01908139109422505
149309834,0.053414601625081305
149309837,0.08856284961238209
149309839,0.019990211114130692
149308482,0.049011931244786505
149308483,0.030262410446672147
149308484,0.03282109437773418
149299229,0.04218231669484914
149299231,0.04742483535344497
149299234,0.08790240715696983
149299236,0.08022929978265801
149299237,0.0793760865324225
149298088,0.04204252913324749
149298089,0.06503744852444517
149298090,0.051457292927793066
149298091,0.022778437284792043
149298094,0.04290356197406285
149298095,0.02792981223981899
149298096,0.033576401047645005
149291606,0.023218382480757548
149291607,0.02765788185441263
149291608,0.018617574314895777
149291609,0.01805610387972871
149298240,0.09217457093017054
149298242,0.04967468435701678
149298244,0.16130798072448385
149298245,0.043765931700389796
149298247,0.0433933676172533
149298248,0.02070420087508011
149298249,0.032275272665206245
149297675,0.06433355181834391
149297676,0.08259330861575033
149297677,0.04349187101773788
149297678,0.07992702105604227
149297679,0.08798609129491637
149297680,0.03645386289186067
149297682,0.058534080535603106
149297684,0.05177799806081933
149309167,0.02956705554263395
149309168,0.04276817326023137
149309170,0.030774406195130943
149309171,0.07641675915602526
149309172,0.0814054706684576
149309173,0.05019305488546055
149309174,0.05584800545215
149309175,0.039950262947894645
149309176,0.05569620694718525
149306349,0.017341014119907176
149306350,0.011353870785834441
149306351,0.016949063061689786
149306352,0.02273351117185484
149306353,0.014642740280221615
149306354,0.023249996296723186
149306355,0.058824428555614185
149306356,0.04703330896970407
149300343,0.0336421410585552
149300343,0.12863574328972682
149300344,0.20364857487761465
149300344,0.33519373801235913
149300346,0.3325213063989797
149300346,0.2020672982156828
149300347,0.2039033884122779
149300347,0.2961163075199226
149300348,0.21378201492083945
149307573,0.03521098800193512
149307574,0.03187608775844397
149307575,0.06925352089668659
149307576,0.0729015977355478
149307577,0.07071008644254734
149307578,0.07326882016079611
149307579,0.11535984613221727
149307581,0.06815544419279816
149307582,0.12802291034252314
149292782,0.008138607372826987
149292783,0.009573407779369896
149292784,0.012253279734970991
149292786,0.010611057528078584
149292787,0.01774791150451663
149292788,0.017769201207869893
149292789,0.014736218160962126
149292790,0.01722685231322875
149292791,0.015762473949575473
149293077,0.04084857296499689
149309564,0.02461630702527977
149309565,0.07764442016886204
149309566,0.01969963665569417
149309567,0.056350056105321795
149309568,0.039238443370316956
149309569,0.05350571223588256
149309571,0.0834903869603323
149309572,0.017229076149747412
149298641,0.05754754497482029
149298642,0.05613390966443604
149298645,0.03998839647608483
149298646,0.043225850034023815
149298647,0.060200571560587154
149298648,0.04459898402971774
149298649,0.059923604135819764
149298650,0.03995227475847768
149299977,0.003292335793374589
149299978,0.002682857197035397
149299979,0.005917919984687882
149299980,0.0007777703290242023
149299981,0.005234608419805602
149299983,0.0008537809752559766
149299984,0.005458558402919123
149299985,0.011696037855500867
149299986,0.005693866742775666
149297939,0.07935386392132311
149297940,0.09973563842678812
149297941,0.07523620715080127
149297942,0.07783361574491283
149297943,0.08603432122354256
149297944,0.08133245225284691
149300617,0.018785465793081605
149300618,0.014425049694028531
149300619,0.0081077651284763
149300623,0.015479235426211983
149300624,0.034413670705431075
149300626,0.012594467375141697
149299091,0.037788623666724086
149299092,0.025377770319894542
149299093,0.11140267214205539
149299094,0.03719571350834577
149299095,0.022033852395091445
149299096,0.031967059414959254
149299097,0.019279883456312485
149299098,0.01877462367275711
149299099,0.0638554618650955
149299100,0.029066899026228464
149293088,0.07929492582827646
149308830,0.06762240698745296
149308833,0.07191444703082531
149307151,0.008366695005944084
149307152,0.008981322642998843
149307154,0.00750887734154946
149307155,0.009691647067048937
149307156,0.011620598178789777
149307157,0.013162358267545804
149307159,0.009792750134505495
149307160,0.00792028349623984
149293775,0.02910208037562562
149299246,0.05866246770834646
149299247,0.023650949111172617
149299248,0.032921288535281416
149299249,0.022527903811859377
149299250,0.025440321090757913
149299251,0.037821656132414734
149299252,0.025779283357808543
149299253,0.03265340392899949
149299254,0.026916294400014012
149299255,0.053644781689836066
149308180,0.07153487613782461
149308181,0.09471096075021462
149308182,0.10922609816717009
149308183,0.12726784659544854
149308185,0.13604554330498966
149308188,0.10414720566533364
149308189,0.10153284523723899
149308958,0.06823783953526483
149308961,0.08319875280556879
149293993,0.0194065598625442
149293994,0.03678140773793083
149293995,0.021709584944069923
149293996,0.02557967106637742
149293997,0.05525974208288452
149293998,0.023891796971099565
149293999,0.04644429686182608
149294000,0.0362396226702695
149294001,0.030192069111277944
149294002,0.029890763753034698
149306938,0.025776210378793827
149306939,0.019695895952387275
149306941,0.020481138702415382
149306942,0.045661711715230806
149306943,0.03916421809207944
149306944,0.027745445869137665
149306945,0.04528360715243266
149306946,0.020102586949856022
149306947,0.042632370064968735
149300516,0.19649109684630653
149300517,0.08581646865259815
149300518,0.1201265998812551
149300519,0.10742704815053641
149300520,0.0651186319673364
149300521,0.12429267200566915
149300522,0.12063459023928623
149300523,0.07563589758438319
149300524,0.15263889053126664
149300246,0.004518348289758176
149300249,0.004472062980478467
149300251,0.012357461511966532
149300253,0.008124185728545478
149300254,0.04145168017393342
149300255,0.02677944033706457
149309213,0.004931564753342363
149309214,0.10907239146293052
149309215,0.015387827216914661
149309216,0.006261396711233703
149309217,0.019001325912359087
149309218,0.025160272992128915
149309219,0.021136003557833648
149309220,0.01628358199589546
149309221,0.00697355135454313
149298581,0.08027629895568246
149298582,0.08411591369114757
149298583,0.05851252181026093
149298584,0.05573176193356115
149298585,0.09564427905907226
149298586,0.09538155209991896
149298587,0.090982575207338
149298588,0.1024151066560197
149298589,0.07840968181414665
149298590,0.11011540196692905
149300134,0.031156576907834327
149300134,0.25717272373831807
149300135,0.27004539609857486
149300135,0.1482787016997063
149300136,0.17569970151014788
149300136,0.25512084568079385
149300137,0.21483977796116013
149300137,0.10065297414952502
149300139,0.2014136838260516
149293066,0.06197147308989017
149307522,0.15466156268695058
149307523,0.10466815528823936
149307524,0.10329506335816147
149307525,0.12160152784881371
149307526,0.11167199959301888
149307527,0.1141356092552305
149307528,0.11884928517211654
149307529,0.12865027793696493
149307530,0.15406378876164778
149307531,0.1128346422397393
149291604,0.016557038597275944
149291605,0.01785980117341599
149306803,0.03981444946961026
149306804,0.1463241245738833
149306805,0.02424249495875455
149306806,0.04622775328492557
149306810,0.2437074688644279
149306811,0.14467954514783066
149306812,0.028887904435194345
149293396,0.04728912148928475
149293397,0.05116616502853164
149293399,0.040327627076385236
149293400,0.04543220674748791
149293401,0.04077080236601799
149293402,0.039133593066322706
149293403,0.04035968913511457
149293404,0.03807301854711232
149293405,0.040281792659625684
149293056,0.024438627413554626
149293057,0.026481332290716947
149293058,0.04135342128934207
149293059,0.04416954272713351
149293060,0.06439506046493772
149293061,0.04836175600221816
149293062,0.0477704946020951
149293063,0.07020514550382768
149293064,0.025540634646065145
149293065,0.09317788699133028
149292183,0.04069975009710908
149292184,0.04158760634537704
149292185,0.03568843139661213
149292186,0.0351947404147389
149292187,0.044654738514694134
149292188,0.03126082691941633
149292189,0.049042316960247405
149292190,0.020449772146292004
149292191,0.05439467630611831
149292192,0.05497207319699746
149291520,0.006688455738132711
149291521,0.01542872905922358
149291522,0.015044348746118976
149291523,0.012407506571785777
149291524,0.02832606703483488
149291525,0.018252848894270417
149291526,0.02791609594934328
149291527,0.013054124167134565
149291528,0.013200738355110611
149291529,0.023882367184382386
149291484,0.04263795817315392
149291485,0.03497565087167617
149291486,0.04166955636277127
149291487,0.03738624724741872
149291488,0.0316248140921595
149291489,0.04562082170345972
149291490,0.03739927224572995
149291491,0.03713427360087596
149291492,0.04214322430058406
149291493,0.036522227487204
149293740,0.360769360646745
149293741,0.3575840386720196
149293742,0.22387773647858716
149293743,0.3503290673542628
149293744,0.3293173857055364
149293745,0.24380243517469366
149293746,0.292575337058783
149293747,0.29250092718058196
149293748,0.3505936488783804
149299595,0.0017355878182117083
149307330,0.03238825462158674
149307999,0.04037783621791263
149308000,0.08236649255780153
149308001,0.014530382767473102
149308005,0.07203675446510543
149308006,0.08910285230850332
149308007,0.04327109810554097
149308008,0.06106100011696387
149306258,0.02177719180920655
149306259,0.02042361484064906
149306262,0.03634991085427414
149306263,0.02745404259079239
149306265,0.026135607573286635
149306267,0.03408665987765393
149308402,0.05888408157775029
149308403,0.05817389635745366
149298707,0.1769352934844271
149298707,0.3178967744289836
149298708,0.29951558197931
149298708,0.44196589543443965
149298709,0.22049169835166016
149298405,0.037813236373341545
149298406,0.25608415469592494
149298409,0.118102439429404
149298410,0.0905942290561594
149298411,0.20013017375056888
149298412,0.09943676560797707
149298414,0.03267448188908821
149306430,0.0463107814826533
149306431,0.028375174788880426
149306432,0.02816392052600239
149306433,0.027504943555582053
149306434,0.05154403757685181
149306435,0.05755630395481129
149306436,0.03679495284062167
149306437,0.038051609459743424
149306438,0.04946900384766126
149306439,0.01920538966887801
149306359,0.008360882708370104
149298339,0.16657605949208976
149298340,0.17160895618376104
149298341,0.17985701936650547
149298342,0.182102439156519
149298905,0.06332247801026161
149298909,0.05208333626206042
149298910,0.0756049398476543
149298911,0.04985267831234067
149298912,0.13473499329745622
149298913,0.07281860316122601
149298914,0.05214717362973349
149292425,0.009379939480792387
149292426,0.011515187584207907
149292427,0.03959187617777605
149292428,0.009750850668134844
149292431,0.015312717643964973
149292432,0.024946477580017952
149292433,0.01404754131065106
149292434,0.017511633635907218
149298795,0.02477581189298965
149298796,0.035330128598992865
149298799,0.015257930718686374
149298801,0.03771800161515374
149292937,0.02917537190955877
149292938,0.04855670973734468
149292939,0.05163285301243348
149292940,0.03814171960189033
149292941,0.046663950434788506
149292942,0.037091262395459436
149292943,0.033008549163538146
149292920,0.04503851710744356
149292921,0.027994926990670604
149292922,0.042085971176044984
149292923,0.03639924859205692
149292924,0.03572000568365693
149292925,0.04496081841069185
149292926,0.04201780716157315
149292909,0.04292728558962144
149292910,0.05247008031269275
149292911,0.07501459717409975
149292912,0.027180006844940992
149292913,0.03510109474927369
149292914,0.14393267136109109
149292915,0.04050639455662162
149292916,0.06118434609106953
149292917,0.03988609740450302
149292918,0.02699959779598335
149306298,0.03211259920670897
149306299,0.029995908655760593
149308597,0.06301463515263105
149308598,0.05241831890829071
149308600,0.1323730994059827
149308603,0.10228421618840051
149308605,0.02153082406264423
149308606,0.06553072882331346
149308607,0.1010038343591422
149308608,0.08208784179071639
149308582,0.0689830023959414
149308584,0.061789999898202205
149308585,0.01962698095874432
149308586,0.028441437176385496
149308587,0.03233798834061469
149308588,0.07613215906678622
149308589,0.08473304952486163
149308592,0.043929922180879426
149308594,0.036336088870475784
149306300,0.02544196042070174
149306301,0.02818558760906799
149306302,0.031345513880668946
149306303,0.03788833314195743
149306304,0.032408463398936126
149306305,0.04080079845158824
149306306,0.02591761605143739
149298611,0.11139552077598361
149298614,0.08596418126041155
149298616,0.13992943565420535
149298617,0.07519957749950512
149298619,0.059839387402370235
149307201,0.034569506820170355
149307203,0.035490532649918
149307204,0.03819843110238569
149307205,0.04746527406842644
149307206,0.026422934625322806
149307207,0.05991034651549187
149307208,0.035708866318319696
149293836,0.04677057836874513
149293837,0.015920060392284326
149293838,0.020366092821126162
149293839,0.040609498425080916
149293845,0.0457924906443618
149300038,0.011738876606088283
149300039,0.033388411076147304
149300040,0.017863001347576093
149300041,0.008709084156704431
149300042,0.013725360421157323
149300043,0.024522184888161932
149300044,0.009172185498679748
149300045,0.01855312435882212
149300046,0.009349410150240618
149300047,0.02671107256195459
149307675,0.23129612606787606
149300123,0.027104980606232256
149300123,0.0662948632740168
149300124,0.2427889487866522
149300124,0.27507717210835936
149300125,0.18699354615682565
149300125,0.4323362641794585
149300126,0.22602285146033066
149300126,0.13505379988513
149308913,0.04073499065542902
149308914,0.05536682721927225
149308916,0.048392763790397794
149298591,0.0581397836318215
149298592,0.05336486474708831
149298593,0.04298119779796864
149298595,0.07522566677856939
149298596,0.054048864054500316
149298597,0.04759856033579296
149298598,0.03781599194684261
149298599,0.0594634685733824
149298600,0.06885903999369092
149308683,0.0365951619962051
149308686,0.03304520640325383
149308687,0.03675094651622765
149292803,0.025997751204980987
149292808,0.02917065117577171
149292809,0.027343735524110964
149292810,0.03273346249479673
149292811,0.03688773396807159
149292812,0.033760473846671
149297525,0.025632816626571173
149297526,0.11241833645801155
149297530,0.021466866833709967
149297531,0.01868764435763488
149297532,0.08480846255280229
149297534,0.03857398400816659
149293183,0.038498128375188054
149293184,0.10491961336357233
149293185,0.014735927048257885
149293186,0.02021256000370961
149293187,0.025390886238003917
149293188,0.03537146273631946
149293189,0.025258296108458946
149293190,0.029491903425403837
149293191,0.03469843614912017
149293192,0.02617266541627747
149297504,0.021650364100863368
149297505,0.019858807298989624
149297506,0.02987030201817121
149297507,0.02625724185579069
149297508,0.01689971515997727
149297509,0.021746575850512297
149297510,0.023218765887335957
149297511,0.09312449148131689
149297512,0.037268479422820945
149297513,0.03712726098388357
149298038,0.013856858222243092
149298041,0.047088045471523274
149298042,0.00039015613010210147
149298046,0.00022230345361414576
149299973,0.00927584030104534
149299974,0.006770865931384755
149299975,0.0078045997076165285
149309855,2.9343651567798674e-05
149309856,0.010560606269495645
149300536,0.03782018285441812
149300537,0.03828025461478383
149300538,0.025664619380496554
149300539,0.024411670211505854
149300540,0.024761128869575193
149300541,0.02333726448663602
149300542,0.03170053198774134
149300543,0.029956795294916967
149300544,0.0502686867963031
149300545,0.02956521250907963
149300323,0.044042851981475804
149300323,0.43234046695237843
149300324,0.22525407411199588
149300324,0.18472007513026642
149300325,0.22763520538682686
149300325,0.18973766757634883
149300326,0.32603622134344934
149306706,0.018552954064535113
149306707,0.016305837018189395
149306708,0.09768884613933189
149306709,0.024000122237463093
149306710,0.0889189725468968
149306711,0.04656398546323725
149306712,0.023421206938024446
149306713,0.021196903476069624
149306714,0.024611483908478626
149306715,0.022734465955350676
149300382,0.053466141380596736
149300384,0.05548593875674897
149300386,0.04274759246685527
149300387,0.05484432146287396
149300389,0.03946696041560566
149300390,0.053299116774789164
149300391,0.07769175142126897
149306307,0.047753797010282935
149306308,0.048945348473749026
149306309,0.024663775329866293
149306310,0.02428336371625193
149306313,0.06673702854073409
149306314,0.06490633099377074
149306315,0.026745719378249086
149306316,0.0276141874942864
149307958,0.08014906484729971
149307959,0.0795254688344167
149307960,0.03540283692367858
149307961,0.035838996038823734
149307962,0.08122245090978691
149307963,0.06855704601563208
149307964,0.08516151072259204
149307965,0.09472600027113853
149307966,0.07477885209164933
149307967,0.08171891370490522
149308820,0.06274709127015826
149308821,0.07207171844176348
149308823,0.07301007062532539
149308824,0.09195342439791916
149308825,0.07154656742720798
149308826,0.05449947497767939
149308828,0.06459731803850037
149308829,0.06153387903028608
149292835,0.024015644435488634
149292836,0.014975282637145369
149292837,0.017055334082183
149292838,0.02515256135673601
149292839,0.02981041206264355
149292840,0.01995442020962528
149292841,0.014192352816361805
149292842,0.015718980060091602
149292843,0.02848752001949288
149292844,0.02430663605201397
149307611,0.06010530723991875
149307612,0.022054578983470876
149307613,0.06569769149317592
149307614,0.011127943654992105
149307615,0.03372117641907988
149307616,0.04056434293842588
149307617,0.0569522376443448
149307618,0.018034858101437037
149307619,0.05491440500393918
149307620,0.35566118399272423
149292971,0.17067589053130977
149292972,0.031831029562185954
149292973,0.08373990905213276
149292974,0.1102964623886136
149292975,0.06951797812115224
149292976,0.06660078372922804
149292977,0.04422667134988873
149292978,0.2318555438315991
149309018,0.024416107029950708
149309019,0.028067145026804817
149309020,0.023902530979161205
149309021,0.02517388206707948
149309022,0.022337013351744605
149309023,0.026788201154117553
149309024,0.037577189152161086
149309025,0.034001793910476884
149309026,0.032621164250415446
149309027,0.100618541581318
149307704,0.09745296122399294
149307705,0.08132296608542122
149307706,0.0686552503931038
149307707,0.08784047724109964
149307708,0.09374343887865132
149307709,0.07630230555383594
149307710,0.06990340690381946
149307711,0.09393382215954113
149307712,0.061456465200788096
149307713,0.08122703052702869
149297765,0.06549746016019364
149297768,0.09592886051191231
149297772,0.09208567951862066
149297773,0.03821359340995811
149306357,0.02340836280163248
149306358,0.02008128833331094
149292702,0.032723267555806124
149292703,0.03282376992016586
149292705,0.060076104040393506
149292706,0.05545416769573079
149292707,0.0515526401979872
149292708,0.10504734320531742
149292709,0.09731998191305706
149292710,0.05213096716469945
149292711,0.06015748773579298
149293629,0.06149488322106922
149293630,0.014834133023032894
149293631,0.033086856879559465
149293632,0.032058256913862104
149293633,0.036808094254326455
149293634,0.046228457728897006
149293635,0.016695602432503075
149293636,0.052896563996076014
149293637,0.028279905040766752
149293638,0.05618386229787912
149299545,0.017373104856492856
149299546,0.04548739362462303
149299547,0.014587163274181206
149299548,0.0511417721155231
149299549,0.025197741230000015
149297398,0.03369334744489033
149297399,0.021998962004822604
149297400,0.017912174705113647
149297401,0.017815250574118816
149297402,0.0215518744385768
149297403,0.02406509987304117
149300028,0.02305878933730027
149300030,0.014896448065364588
149300032,0.025791276017318315
149300033,0.012093891570280341
149300034,0.017305077401509265
149300035,0.013775746538944372
149300037,0.01144973374376346
149309157,0.09091570654164596
149309158,0.07875623118433156
149309159,0.06429111458903299
149309160,0.06282232453106104
149309161,0.08551124840363104
149309163,0.050143503499969024
149309166,0.07145261623196333
149307141,0.054758586505339386
149307142,0.046073416867810524
149307143,0.07352369453284949
149307144,0.056062278758910414
149307145,0.05398182795754383
149307146,0.05794025241167805
149307147,0.03200910807964734
149307149,0.05658812388173733
149307150,0.06789572228781358
149291869,0.0385173011338661
149291870,0.02826173825906916
149291871,0.02099446189554072
149291872,0.02475755299304796
149291873,0.029434846851182566
149291874,0.04155960263670839
149291875,0.016294648842436147
149291876,0.030893058426656354
149291877,0.017183501904489105
149291878,0.03233314622548113
149308047,0.04147239884033877
149308049,0.04599162569297079
149308050,0.023123127359266575
149308051,0.05948787960066115
149308052,0.0486292596275499
149308053,0.03299980577918523
149308054,0.04157760603837954
149308055,0.042035810572391266
149308056,0.04394360100963615
149298547,0.08671476540268358
149298548,0.09232497636121346
149298550,0.10614621970733437
149298551,0.06850608154223267
149298552,0.027499662880649707
149298553,0.0891661151896023
149298554,0.09305122849823805
149298555,0.12043900999205921
149298556,0.08318127803189866
149300155,0.054784037642663375
149300155,0.17266385417868546
149300156,0.2293506537206972
149300156,0.32956763887804624
149300157,0.2950401797424529
149300157,0.22598436941103142
149300158,0.21737776096546438
149300158,0.34327694971091
149300159,0.11917804234097222
149300159,0.07544768398838529
149292927,0.0137206320004827
149292928,0.013965347452621117
149292929,0.017015345852387145
149292930,0.012443520683701307
149292931,0.01387068166763733
149292932,0.017425407174348637
149292933,0.02130958666587547
149292934,0.014398622221262487
149292935,0.018955393954415863
149292936,0.013997524913972248
149309070,0.023527303766365453
149309071,0.02460787228764351
149309073,0.049085540969555246
149309075,0.03372256686453211
149309076,0.025736045497796282
149309077,0.062244879528752385
149309078,0.04692115931184779
149309079,0.045161860490529816
149297798,0.019058559934520363
149297800,0.10628870560091488
149297801,0.07687950745107518
149297802,0.02926045200066057
149297803,0.030233417689928866
149297804,0.01920303513048269
149297805,0.01704327414596082
149297806,0.03782967831929031
149297807,0.037050543554863695
149299439,0.05758079242351833
149299440,0.05220291830438627
149299441,0.06940972916381799
149299442,0.06143472232365805
149299443,0.062039782116696515
149299444,0.05086895529935106
149299445,0.060566156056184185
149299446,0.025904759382369403
149299448,0.021679972612594935
149291687,0.014800526233991935
149291688,0.010965099868827396
149291689,0.02021291617941323
149291690,0.036419234364505684
149291691,0.011709007432405804
149291692,0.02164470871177519
149291693,0.01949714328843813
149291694,0.013716550362209385
149291695,0.029098761849125663
149291696,0.00978653722641384
149308950,0.03244844027084002
149308952,0.02954861207122988
149308954,0.005882695163591013
149308956,0.004505464928666244
149309600,0.012530779809917113
149309603,0.011271030948730883
149309604,0.01805075407391695
149309605,0.012955299257293988
149309606,0.012420346659836424
149309608,0.013324279859759126
149309609,0.011295537279467981
149309749,0.021725076384700018
149309751,0.04503690227395949
149309752,0.0313201596825551
149309753,0.029747640444297164
149309754,0.0178771231545894
149309756,0.029581140121238133
149309757,0.03589260212896525
149306934,0.01969371915330998
149306935,0.016666411809166847
149306936,0.17051482957762606
149306937,0.15854766206882784
149291547,0.05121979120711594
149291548,0.027396844030281562
149300404,0.034202023657031205
149300405,0.03351465256154021
149291539,0.04844360729657479
149298758,0.023124113416937545
149298759,0.024321383282613893
149298761,0.016455908563532958
149298762,0.02419967252802263
149298763,0.03095915864099298
149298764,0.017345370468910028
149298765,0.031402386820663084
149298766,0.037083841256103804
149298767,0.034489066800532805
149307893,0.05976462690952169
149298651,0.0539903006971697
149298652,0.09256244838540031
149298653,0.05803522608752271
149298654,0.049848195859664435
149298657,0.05080102363000783
149298658,0.05136683770012222
149298659,0.05180104445425946
149298660,0.05217517756624557
149308212,0.017567182616841884
149308214,0.020622112673743757
149308215,0.024337658974614325
149308216,0.030967058896949066
149308217,0.03178805808948355
149308219,0.02048242908134428
149308220,0.036900347034387666
149308221,0.04089210505684894
149292204,0.008938676472681121
149292205,0.07430299485415708
149292206,0.0755340029553102
149292207,0.021470821918269538
149292208,0.024805153256389878
149292209,0.02350678875278105
149292210,0.02359180529832422
149292211,0.04902662559959313
149292212,0.030552154951567018
149292213,0.03516188105162108
149291955,0.11067697840491772
149291956,0.11548956986855241
149291957,0.20630790727453166
149291958,0.21364658591434238
149291959,0.19121605580631157
149291960,0.1067444641120056
149291961,0.07101682000099196
149291962,0.11266754023457695
149291963,0.12315817436849065
149291964,0.11667554674470634
149291531,0.028226861933550493
149291532,0.028067357130671947
149291533,0.02502070085026668
149291534,0.01802339557942268
149297844,0.05781020333659699
149297844,0.16790860619136283
149297845,0.10547182870635144
149297845,0.2162671643077604
149297846,0.10881374843422996
149297846,0.03554639998036279
149297847,0.19056104550616315
149299731,0.07532268511792738
149299733,0.07855654936825474
149299734,0.10108928967606837
149299737,0.25595024381466874
149299738,0.09085411276926024
149299739,0.047961235374840386
149299740,0.06352539680128211
149307321,0.027844186040822116
149307322,0.038832249099312856
149307323,0.023511856587902162
149307326,0.16121689815881016
149307329,0.033888903795259245
149300276,0.011594678716218132
149300277,0.019444777054920617
149300278,0.015109952471526945
149300279,0.014942593778768026
149300280,0.014584083566900321
149300281,0.009824706503272293
149300282,0.008577621773809118
149300283,0.011457745844802041
149300284,0.008955707085297264
149300285,0.008437758318869682
149297869,0.022830206480372237
149297870,0.03672267330849864
149297872,0.022213144185172052
149297877,0.017712087794404162
149297878,0.040383630014035325
149291805,0.016287229470511134
149291808,0.017910828991830094
149291810,0.016140943330309986
149291811,0.010507224718553556
149291813,0.014332124123260452
149291814,0.015030384083916689
149291825,0.027798850050814318
149291826,0.012134328907874624
149291827,0.016780327413579363
149291830,0.018193545729551692
149291831,0.024026227508615133
149291833,0.0197971456709677
149291834,0.01580027980483366
149293582,0.07996003667549936
149293583,0.0818754623621055
149293587,0.031102974387033702
149293588,0.031823355400731605
149293589,0.07954855097524312
149293590,0.0798002859981262
149299272,0.01736292477609251
149299273,0.017867436444316785
149309630,0.0636931922738602
149309631,0.07261549310010033
149309632,0.07753779949434705
149309633,0.0470844509575645
149309634,0.09682609238558308
149309635,0.14685981208837212
149309636,0.09255184004345761
149309637,0.1790017326971892
149309638,0.11091876519109822
149309639,0.05653923336224724
149297868,0.06468257121948745
149298671,0.07027707733344865
149298672,0.04814119700549751
149298673,0.08175017797852507
149298674,0.05252231874544958
149298675,0.05902938064052223
149298676,0.04125523689194495
149298677,0.050186413588437236
149298678,0.05040088115554053
149298679,0.06879704310976113
149298680,0.03281089283045578
149299701,0.06541054203609277
149299710,0.07334454720093471
149309137,0.026041471227783556
149309138,0.016511540811873855
149309139,0.021154362721492227
149309140,0.027789182133321145
149309141,0.010743554718391416
149309142,0.10620826564318182
149309143,0.017536557636609086
149309144,0.01562054982100267
149309145,0.07939333659569786
149309146,0.01762775403679842
149292959,0.01744209371033971
149292960,0.026581875814793928
149292961,0.02122100319343145
149292962,0.01775617114521121
149292963,0.014848366322889203
149292964,0.013149363960796962
149292965,0.019524748621458136
149292966,0.019928758741086922
149292967,0.02172269733229161
149292968,0.026293587036900233
149300048,0.02993794894271064
149300049,0.02857247169736233
149300050,0.025666271944201475
149300051,0.028888170237577653
149300052,0.02537857203316487
149300053,0.026039976193385442
149300054,0.023176772579344154
149300055,0.034336222302199466
149300056,0.034945002155621435
149300057,0.03211542490226022
149293750,0.2132100313830798
149293751,0.12820038293743208
149292855,0.08918904914030894
149292856,0.04403141152542907
149292857,0.05121438095411751
149292859,0.0443493671664365
149292860,0.044797855259526835
149292861,0.027658164488787034
149292862,0.06065674744178144
149292863,0.04379980930758908
149308836,0.010691491745560083
149308837,0.012801228518364084
149308838,0.014708757839476538
149308841,0.020359523450225455
149308842,0.023957270902567957
149299741,0.135929371049848
149299743,0.14364026906289323
149299746,0.13981541735696246
149299748,0.16211057143382826
149299749,0.17502465807922882
149299750,0.2163041249331737
149299898,0.03347074409189029
149299900,0.04828602939751803
149299903,0.01838936425349166
149299904,0.02110787875407076
149299905,0.035988164688645324
149299906,0.06922065870760817
149299907,0.031418952282500086
149299127,0.006567985535270934
149299128,0.0049890337234615965
149299131,0.004360413772180986
149299132,0.0035214654059163345
149291763,0.04200202561032576
149291765,0.048711268106027265
149291768,0.02422503528961353
149291769,0.023987142561569665
149291771,0.14219335739805541
149291772,0.0454894898111692
149309806,0.024260288443911423
149309807,0.023005093554187877
149309808,0.023689267173689545
149309809,0.04275489490031443
149298204,0.020797292324756994
149298205,0.08100391116139137
149300363,0.046038102027629174
149300363,0.0648317571624818
149300364,0.2828713915709981
149300364,0.24780036855356788
149300365,0.24659634628872318
149300365,0.2554253519467218
149300366,0.2628891252793358
149300366,0.24405710218883858
149300367,0.248518922494981
149300367,0.0824577553294667
149298473,0.07213536658061474
149298474,0.10655706265917164
149298476,0.07010665446488414
149298477,0.06437630840205548
149298478,0.11631916968237953
149298479,0.10785082285761102
149298480,0.1099533426004194
149298481,0.09652190523797954
149298482,0.0709001797153282
149291665,0.041001234983661074
149291666,0.04064810702599505
149291667,0.06819597484361092
149291669,0.06959947411039154
149291670,0.2043851577748
149291671,0.185418931174969
149291672,0.13268328241155064
149291673,0.09586832543922313
149291674,0.10051740917623184
149308433,0.03830488084794247
149308434,0.10090214605433422
149308435,0.055349491102784885
149308436,0.051438839491544326
149308437,0.05566641318486959
149308438,0.0395698062657149
149308439,0.06324846255440357
149308440,0.035789631791895184
149308441,0.02843841573028314
149308442,0.02995582340292614
149299040,0.03537851585580474
149299041,0.042892256381781554
149299042,0.018587419171747232
149299043,0.03939153475692076
149292845,0.030501556630066883
149292847,0.018303668468774972
149292848,0.03630778310211543
149292849,0.06714606397200015
149292850,0.03495624057424771
149292851,0.04044767534382988
149292853,0.11154004363987947
149292854,0.030589612000284448
149307539,0.07711434293283671
149307540,0.027767837254505635
149307543,0.04030992772418384
149307544,0.04263945338700282
149307546,0.013642397798826778
149307547,0.14666301537067297
149299505,0.02108119531907885
149299509,0.03592046909459312
149299510,0.02872394459544876
149299511,0.04219325378861956
149299513,0.025322931782825943
149299514,0.04518486466923765
149308893,0.06768027062577175
149308894,0.07309873204281431
149308895,0.09545712200287675
149308897,0.06098117601879661
149308899,0.07022745023849834
149308900,0.06017803839043528
149308901,0.0648173047487929
149308902,0.06552217227688714
149292949,0.026653459084513678
149292952,0.02677364959449243
149292955,0.029288788567304307
149292956,0.032074777217073656
149292958,0.036514636842225064
149309610,0.01799211260813463
149309611,0.030649500842692936
149309612,0.023725416457675064
149309613,0.01253117404281328
149309614,0.07476180060893137
149309615,0.03538679489170451
149309616,0.03543911775356682
149309617,0.06382331275122224
149309618,0.06389450302888262
149309619,0.04249250888927792
149309521,0.03489960749663954
149309522,0.0645357178708159
149309523,0.021937942929869884
149309524,0.030287693818686037
149309525,0.0714243438714145
149309526,0.016849678482282363
149309527,0.03282348167597943
149309528,0.02490260452055013
149309529,0.11149376281568932
149309530,0.05010371806793168
149307284,0.07697143141882422
149307285,0.018599989645869855
149307286,0.10573567006313582
149307287,0.02237241615810905
149307288,0.013713476836154816
149307289,0.02941017001363549
149307290,0.05562220860888725
149307291,0.018747988983339816
149307292,0.028552135664085064
149307293,0.032089530959591675
149291703,0.016098083182916865
149298281,0.018160128477518998
149298282,0.020522651266841357
149298283,0.027633556660365675
149298284,0.08263989171823254
149298285,0.030083026863270863
149298286,0.05296655709085787
149298287,0.013479179612048179
149298289,0.016800350949401615
149298290,0.011646444635970036
149300445,0.024550390510484455
149300446,0.019851546559896925
149300447,0.016260347938990595
149300448,0.021131595107974473
149300449,0.03446332527016735
149300450,0.034242807995404766
149300451,0.012870419751431654
149300452,0.030549572600139647
149300453,0.03664358864767929
149300454,0.030995700878700364
149307171,0.019891042013432506
149307172,0.02988399262891454
149307173,0.030100485391990766
149307174,0.024162390629160452
149307175,0.01865597348346154
149307176,0.0649350239660205
149307177,0.011901975589191517
149307178,0.00812441415060174
149307179,0.013626406822102869
149291563,0.012239357696068768
149291564,0.023359780417002634
149291565,0.027077751057585895
149291566,0.022467079146194707
149291567,0.048315760583973105
149291568,0.023524314533011452
149291569,0.019693960807465254
149291570,0.031067588824219727
149291571,0.05050171643305442
149291572,0.017722863122501365
149293639,0.09091848364578003
149293640,0.06241767863570703
149293641,0.04228891432325473
149293642,0.025959637039795952
149293643,0.03444391484111749
149293644,0.11358352219030117
149293645,0.08861692044890297
149293646,0.08880467536627534
149293647,0.12558049123400722
149293648,0.0606451759234016
149309223,0.041026953902738986
149309225,0.05131344284563154
149309226,0.05118698824092334
149309227,0.053401107322690766
149307694,0.16067973208047148
149307695,0.07163431103987775
149307696,0.05702734659844571
149307697,0.023536578346878168
149307698,0.34339889670574203
149307699,0.0515019007311777
149307700,0.3448292586941106
149307701,0.022635190070426126
149299347,0.04311826981041383
149299348,0.03800291116302391
149299349,0.2102330356094853
149299350,0.10359037127855934
149299988,0.0056151050937772685
149299989,0.0020430147228753244
149299993,0.0066310267971358625
149300400,0.029474928591792345
149300401,0.02192779984314931
149300402,0.047388182159836666
149300403,0.03994545259843932
149291856,0.04909971466668775
149291857,0.08092535999527503
149291858,0.015942211514023735
149291859,0.04123467012357703
149291860,0.03802106330985788
149291861,0.02045449481927021
149291862,0.05277735452725121
149291863,0.043034259392290726
149291865,0.05366404612870835
149300526,0.02516700688146235
149300528,0.014152626135059384
149300529,0.02147225909083564
149300532,0.017205904889698125
149300533,0.02638815183604286
149300534,0.020729071732557697
149300535,0.07220528808908513
149309660,0.19489710424023474
149309661,0.12616678644370405
149309662,0.16289807314760327
149309663,0.15780475861391952
149309664,0.20092152088440485
149309665,0.12631936705395372
149309666,0.18070497434614705
149309667,0.1862611200719453
149309668,0.17174751954745704
149309669,0.15449334924953856
149307671,0.12891673933385825
149307672,0.13424930714761812
149297346,0.01632932970364672
149297347,0.011585120250529152
149297348,0.02587447900101089
149297349,0.027140513770968187
149297350,0.008108690137072426
149297351,0.004934719386763674
149297352,0.02254673142418315
149297353,0.022837059428073278
149297354,0.00651659515544461
149297355,0.015842923495401354
149293078,0.008842862778771568
149293079,0.028801508038678543
149293081,0.058678173025535095
149293084,0.022474127694500308
149293085,0.03033637492284495
149293086,0.038690099896329634
149293087,0.04322609233941259
149292264,0.0569089485677469
149292265,0.027376824396376037
149292266,0.045089216160019895
149292267,0.08481195995917738
149292268,0.034605722908846524
149292269,0.022507239952555002
149292270,0.04693790951913862
149292271,0.04942845855040609
149292272,0.05432379924755037
149292273,0.029533898003727903
149292478,0.018508068515667525
149292479,0.0632310699212949
149292481,0.034300770761858085
149292482,0.044778079029652286
149292483,0.02713935574503061
149292484,0.06069032855252999
149292485,0.04382415508624499
149292486,0.07186914933881393
149292487,0.08621698186182523
149307180,0.024928604538419736
149307181,0.01835806816952923
149307182,0.026330984478480656
149307183,0.015922229046805795
149307184,0.016729987972424802
149307185,0.028104081519642717
149307186,0.021097207387113164
149307187,0.028763358923001994
149307188,0.03535138574043913
149307189,0.016522347385742635
149306537,0.014915939382703358
149306538,0.015965820775590563
149306539,0.03135493726543103
149306540,0.01269984841877373
149306541,0.010392141021013709
149306542,0.015049226009576913
149306543,0.016040037148989498
149306544,0.013031805497784387
149306545,0.02911477114151155
149306546,0.01892829609359655
149306568,0.02034707125728391
149306569,0.047356840951604216
149306571,0.03468260265800926
149306572,0.031089317675791955
149306573,0.03636161419278943
149306574,0.020118069117492147
149306577,0.02978480104561781
149291975,0.11513811604217057
149291976,0.2452782632749079
149291977,0.12163989203205203
149291978,0.10956699878913904
149291979,0.11470662091402344
149291980,0.06939801710588267
149291981,0.229991675132431
149291982,0.12182963202467675
149291983,0.10150371240522042
149299616,0.05231901761101825
149299617,0.03609045003053125
149299618,0.03163085232307782
149299619,0.03158999374893012
149299620,0.0312750970833034
149299621,0.030319972901007693
149299622,0.013025135937265186
149299623,0.02920777062151461
149299624,0.0287602114289788
149299625,0.029111932962004736
149297716,0.02311550101665705
149297717,0.03293658714152027
149297718,0.019071557528371096
149297719,0.04518955092935806
149297720,0.03424071142944949
149297721,0.01041223242643615
149297722,0.11854526927603
149297723,0.027734801494075815
149297724,0.0193804231467017
149297725,0.017894118478883534
149300333,0.05973828508774501
149300333,0.29808996614060074
149300334,0.39708044929976494
149300334,0.26078643473584406
149300336,0.34125544012079967
149300336,0.3229024042947919
149300337,0.4995992088416253
149300337,0.3637521628984524
149291495,0.04499139938993411
149291496,0.048703719097335285
149291497,0.03246445144244064
149291498,0.04769297241472833
149291499,0.03672050886553098
149291501,0.040189547339065476
149291502,0.04462161821896449
149291503,0.03266881159093698
149291505,0.030033651734191015
149291506,0.047732734119687446
149293767,0.027711401384077305
149291815,0.011548001430534503
149291816,0.012626370817347014
149291817,0.01217364395801279
149291818,0.011346804525930926
149291823,0.005698234743454627
149291824,0.006115209333236256
149293386,0.07203001984109246
149293387,0.0670960293583206
149293388,0.08401840104260584
149293389,0.06790856087733078
149293390,0.08216624144654912
149293391,0.07135238266108739
149293392,0.07777068411659727
149293393,0.07933741412618732
149293395,0.06891365005143477
149298078,0.027049198430570576
149298079,0.022691040667885187
149298080,0.023641621507905948
149298081,0.038752396772305485
149298082,0.03232128968268633
149298083,0.020842590809797383
149298084,0.040855875356505096
149298085,0.023177891660291033
149298086,0.016056293761151103
149298087,0.03759663300509202
149300068,0.07011350207061286
149300069,0.061836337232878034
149300070,0.04392503507882234
149300071,0.07873867065588211
149300072,0.049678253754871345
149300073,0.03688001665053022
149300074,0.07222744797969667
149300075,0.061956610695676456
149300076,0.07469514254642128
149300077,0.0452616778097283
149291803,0.03454752906779249
149291804,0.022197545145614544
149291937,0.19764738056106626
149291938,0.056603115712680556
149291939,0.11006622758633706
149291940,0.14554749427451194
149291941,0.13096969584937482
149291942,0.17933560830984588
149291943,0.12272454126472175
149291944,0.19382516903162267
149291945,0.16594434695999083
149291946,0.08030697862154804
149307792,0.02140774746370777
149307793,0.023126819537621905
149307794,0.0847828056025112
149307795,0.08421464995213568
149307796,0.02951908455260474
149307797,0.04362627609537945
149307798,0.021068628927138764
149307799,0.039247280677655996
149307800,0.027138969590792053
149307801,0.028292055945234984
149299908,0.01161335814900969
149299909,0.1226231213783373
149299910,0.06913292159970984
149299911,0.012043989972929818
149299912,0.08131873348374587
149299913,0.03639399941819999
149299914,0.04835672631238141
149299915,0.07556967652033464
149299916,0.10066323535384636
149306763,0.020613425616287
149306764,0.01787750037418631
149306765,0.030814979141626724
149306238,0.012485139474438488
149306239,0.011621575490729822
149306240,0.023793954065587628
149306241,0.02858850235894714
149306242,0.022388413568127413
149306243,0.022851709910188447
149306244,0.022074246224341128
149306245,0.023603077440960744
149306246,0.01054303973893136
149306247,0.019734698083565733
149299345,0.3802785257858483
149298228,0.1005834072130521
149298230,0.12105666161340843
149298231,0.1372446133266917
149298232,0.04365659324591328
149298233,0.05375067082711995
149298235,0.0955820902149457
149298236,0.09679930491808175
149298237,0.12081310737676589
149293859,0.06973757734289517
149293860,0.05683572629647427
149293861,0.03997598370322029
149293862,0.033766944232046334
149293863,0.0677461193913515
149293864,0.03836143584509624
149293865,0.028825134723193216
149293866,0.04829326685668319
149293867,0.017898443396078538
149309201,0.034811038378588025
149309202,0.035130766328622706
149309203,0.03269315111004095
149309204,0.031512272014958057
149309205,0.03959270275691434
149309206,0.029990554695931957
149309207,0.01913240765246319
149309208,0.01905189177050933
149309209,0.031649355916234106
149309210,0.029997505752718052
149298768,0.06841977318126798
149298771,0.07976077697998443
149298772,0.06219386971438404
149298773,0.061489566790064204
149298774,0.024373912742044517
149298775,0.036009747537717976
149298777,0.08857458752279727
149293714,0.36785415826859025
149293715,0.34968485218847895
149293716,0.38610449802101904
149300511,0.042771709051539
149300512,0.038084170735379425
149300513,0.03900697186430763
149300514,0.050750917427526514
149300515,0.03440879280220838
149308806,0.07075480432708943
149308807,0.06495528076930086
149308808,0.030149686496267127
149308809,0.04398239777249651
149308810,0.0227327749100337
149308811,0.01601871303606935
149308812,0.06057140249766975
149308813,0.02627700578257622
149308814,0.034269912286046526
149308815,0.051540289162748804
149297905,0.03996072909000647
149297906,0.025924106690786323
149297913,0.02419331867395699
149297914,0.037690084003127726
149308772,0.03220267680323354
149308773,0.03391100904417236
149308774,0.08861239866164144
149308775,0.1373200077909835
149308776,0.047876184332983025
149308777,0.05606428276204632
149308778,0.03385469727649508
149308779,0.03962795094139454
149308780,0.04755502868323749
149308781,0.05845188152289988
149307583,0.018512204522933055
149307584,0.012655744023182109
149307585,0.07181803552462247
149307586,0.15311540634037074
149307587,0.05293711066850064
149307588,0.01729666033483634
149307589,0.016050289416380727
149307590,0.1524659574619916
149307591,0.030976257216210386
149307592,0.016785421827071594
149300353,0.20203789205575956
149300353,0.20581279464649171
149300354,0.24329673458873705
149300354,0.3687594001622127
149300355,0.32481592718611163
149300355,0.2586383029927872
149300356,0.3253925967266992
149300356,0.12296150235507013
149300357,0.19457381746658448
149300357,0.12498350916646721
149291855,0.02451742403529052
149308855,0.05127828145418203
149308856,0.031119517382213493
149308857,0.01665037823640845
149308858,0.023764286979562656
149308859,0.03590538390083634
149308860,0.018261022143378793
149308861,0.021933622251753968
149308862,0.017623632571933605
149308863,0.018677562820593966
149308864,0.0296788302882442
149299629,0.011251846422886746
149307739,0.032603731439210644
149307740,0.03146849436819387
149308262,0.039309613489916816
149308264,0.03166606895672884
149308266,0.037734516076213837
149308267,0.030530964318873588
149299606,0.01731934735813179
149299607,0.02746132422887308
149299608,0.015073964557976244
149299609,0.046335567641012626
149299610,0.010587313149881351
149299611,0.014395328355793859
149299612,0.0349635371178213
149299613,0.038769515291637704
149299614,0.034431238030749725
149299615,0.03184736227536592
149293727,0.4302617935394623
149293728,0.44583967675452063
149293729,0.3815612750358089
149293730,0.45886428951644037
149293731,0.45444449723412933
149293732,0.4241295168358222
149293733,0.4057505401957562
149293734,0.4346311273981412
149293735,0.33602573449829254
149293736,0.3919616240204364
149298058,0.008929671560645985
149298059,0.011969487155996456
149298060,0.010075799073406118
149298061,0.012310398624061423
149298062,0.023424072052830296
149298064,0.013622909958894919
149298065,0.009343472339836071
149298066,0.010407066568383578
149298067,0.009589291400258795
149292813,0.022044211025659413
149292814,0.02065028839302432
149292815,0.02307499397015183
149292816,0.028771220892025145
149292817,0.018727699579159776
149292818,0.03767178162322088
149292819,0.03244130029255584
149292820,0.04395322680174586
149292821,0.023191689190080418
149292822,0.03728260885038667
149291650,0.054924495144688196
149291651,0.08440264610133198
149291652,0.04338218114993976
149291653,0.10005095890867166
149291654,0.05074379345223131
149291655,0.06289584614288149
149291656,0.05169830365376139
149291657,0.030833427721830686
149291658,0.052234807868767184
149291659,0.10818765129390648
149298750,0.053895763655781435
149298751,0.06039354079608282
149291610,0.06820014521569732
149291611,0.06820881116529026
149291612,0.08133024336478462
149291613,0.06802164146153714
149291614,0.07728074824332866
149291615,0.07688799363820929
149291616,0.06906862490405395
149293816,0.04164779527942161
149293817,0.04110252409253162
149293818,0.02795211849396307
149293819,0.03123512018065051
149293820,0.054110065978384865
149293821,0.028141482763041337
149293822,0.03657581890820787
149293823,0.05230852454228018
149293824,0.048849017918833684
149293825,0.026355032785248905
149307076,0.09747658323008061
149307077,0.10922298628198097
149307078,0.12707862091946887
149307079,0.09549953053238396
149307080,0.10766245692716826
149307081,0.10601152023062328
149307082,0.10576676095901362
149307083,0.1279204850568581
149307084,0.11612642423470332
149307085,0.11810277370587347
149298148,0.06029291804867859
149298149,0.04130039487966105
149298150,0.0801754772597432
149298151,0.05219083676246181
149298152,0.10104007589259684
149298153,0.12492170723640633
149298154,0.1803650800635934
149298155,0.08415472531995634
149309191,0.03907334567729546
149309192,0.027939733324563627
149309193,0.04407666032291451
149309194,0.04332582031164952
149309195,0.03530266647241022
149309196,0.040648784650618254
149309197,0.030149989039632074
149309198,0.031132706781837178
149309199,0.027481253727876853
149309200,0.027322604545907226
149293768,0.014863426782059852
149293769,0.025228298991422874
149299596,0.03827491010602667
149299597,0.03053824698027312
149299598,0.03576253286837065
149299600,0.03711083516662213
149299601,0.02488782150833736
149299602,0.022563994172295883
149299603,0.03974622796822276
149299604,0.043883926504624186
149299605,0.035813189018941885
149297697,0.039276243977345825
149297698,0.036740223744468274
149297699,0.04236889814093782
149297700,0.0422132896393651
149307344,1.064909667716314e-05
149307676,0.020581903596435597
149298836,0.060881059738798614
149298573,0.1846336354038281
149298574,0.17971079309995855
149298576,0.1309196689183038
149298577,0.12961361800424218
149298579,0.21915001320405245
149307031,1.7746794974805703e-07
149307035,0.03748814606918491
149307036,0.03910960805640864
149307038,0.10749918178273
149307040,0.1070886488999428
149307041,0.024830964224016698
149307042,0.023701123635972064
149299796,0.019706544543020878
149298580,0.027122538204549903
149308408,0.22242288333637436
149308410,0.23588820546190553
149308411,0.23622930642049517
149300440,0.03872085285044381
149300455,0.020091887180921066
149300456,0.01826432741106004
149300457,0.00829343174068181
149298433,0.0011649644013108898
149306428,0.3908246019637321
149309436,0.01215601415215265
149307253,0.0003621676670966344
149293409,0.041237734232332214
149307693,0.036025052706761145
149297524,0.09277529181799828
149308404,0.25115560730225484
149308406,0.1457424340702536
149308407,0.13595641501525413
149299819,0.07075957213975269
149299820,0.10416845952597599
149299821,0.08133698546366928
149299822,0.047453690105235195
149299823,0.096857738506398
149292865,0.008115092564364962
149292866,0.017484907731731204
149298377,0.03615879566649143
149300547,0.03513996867936997
149307803,0.09503270116831163
149299177,0.00015453385093861806
149299178,0.011211749543294106
149299179,0.011588843714497803
149298353,0.6030640443237097
149298354,0.6064943041818118
149306400,0.010710885620504363
149306405,0.04116211466054483
149306406,0.026419960367268132
149308923,0.003718879444806913
149308924,0.06916496235934051
149309434,0.2558044075666111
149298398,0.12852471111898667
149298399,0.13048320412582487
149308976,0.010701422495505142
149308716,0.0017007843416173133
149308718,0.04365987351269222
149308719,0.07519257538316347
149308979,0.18956623334007602
149308980,0.0486197066155064
149308981,0.10102112675016149
149308982,0.04878932337662817
149291889,0.02369956372308805
149291890,0.06509940542925774
149293353,0.588318069629757
149293354,0.07183659069701974
149293525,0.02213104004982837
149293527,0.029327838597422554
149293528,0.1435327908947391
149293530,0.08402509905443087
149293531,0.15758762617303523
149293532,0.09134633450520742
149293533,0.018252182379153322
149293534,0.1105762888108482
149306775,0.023468767181173113
149306776,0.023706655287369816
149306777,0.008797527540395571
149291480,0.038707018358894306
149299346,0.0
149298201,3.741280951609531e-05
149298130,0.042921937003994035
149298131,0.07155043385276061
149298132,0.1671559252978133
149298133,0.06815997649247872
149298134,0.03861444829123319
149298135,0.049305111807078056
149298136,0.14666781013116056
149298137,0.15765758555333306
149298138,0.04642121525383492
149298139,0.028088272550268502
149298140,0.03662775512687108
149298141,0.03704583033454336
149298142,0.142338351356474
149298143,0.1368813142219354
149298144,0.06682109652532095
149298145,0.062368361626277055
149298146,0.05981705496798401
149298147,0.06278703930066
149309759,0.08053200844946654
149309764,0.08503108745949868
149309765,0.07370427268584447
149309767,0.07836855733483189
149309768,0.11347286217636705
149300489,0.040604199090490525
149300490,0.04252259801965016
149300491,0.07136999721936171
149300492,0.03935530167393176
149300493,0.054180561263889246
149300494,0.03976184748136409
149300495,0.07322030783952177
149300496,0.06393816748569336
149300497,0.09414448760865918
149300498,0.07160509740316078
149297711,0.05289683782023819
149297712,0.028864547844367313
149297713,0.02941630395754173
149297714,0.06780642488620982
149297715,0.104459341911843
149299765,0.023403888496582186
149299766,0.01891649330532969
149299771,0.01947118812661804
149299774,0.015325414633311546
149292979,0.06419556230787467
149292980,0.10503684109804312
149292981,0.028222984120486794
149292982,0.06154149459834549
149292983,0.03471587156132008
149292984,0.043294560814687806
149292985,0.02530369391000655
149292986,0.035198422113991074
149292987,0.11285390178614811
149292988,0.06217941202898205
149294257,0.027402139204550292
149294258,0.024902308246670037
149294259,0.06598877483352411
149294260,0.02559177214190095
149294261,0.02233053737575023
149294262,0.0224739128795967
149294263,0.02381425129054481
149294264,0.019800286524291312
149294265,0.02552228773349435
149294266,0.0154932016204105
149298126,0.04962675126216667
149298127,0.059587818451944066
149298128,0.05035094469036546
149298129,0.049561546584082745
149308194,0.04024157876049995
149308195,0.06206611436048652
149308197,0.02868167332953355
149308198,0.029258499557382654
149308199,0.037800557553454864
149308202,0.038654124238285056
149308203,0.029119808015712043
149306218,0.016459442414230283
149306219,0.06808300825825685
149306220,0.016249351368214076
149306221,0.09170018375798207
149306222,0.02138205302831632
149306223,0.0816368241446974
149306224,0.08760815717384778
149306225,0.035643796260024
149306226,0.019612035721830234
149306227,0.02070918295232726
149308204,0.038518212994347566
149308205,0.03979444450566751
149293717,0.34030134634479303
149293718,0.3307381454017076
149293719,0.5278543848389136
149293720,0.3940549476821697
149293721,0.42665420131016063
149293724,0.4912389944571974
149293726,0.4595751834759186
149299662,0.0003268131430500158
149293669,0.39692017912237487
149293670,0.07706797794675865
149293671,0.06368315107473681
149293672,0.1671210135869334
149293673,0.021646345241256578
149293674,0.08068798863615914
149293675,0.11315028004478804
149293676,0.3089457025350525
149293677,0.05416825733886706
149293678,0.10119009383698653
149299176,0.02568313402067353
149306692,1.369958085515142e-05
149306693,0.04429968096082295
149306694,0.044269219042175845
149306695,0.001759062036553455
149300444,2.5742879291039333e-06
149298835,0.31212358245277144
149299351,0.039712864704032874
149299352,0.031353003163887075
149299651,3.0513128437351894e-05
149300509,0.001639952785863166
149300510,0.001800013822581473
149307190,0.00012766962643356213
149297960,0.00013717921288545085
149298866,0.12010548908419204
149307876,0.06723453602969869
149306360,0.006525407879910757
149306361,0.06368880626767243
149306362,0.14436461720291457
149308495,0.08782102178320172
149308496,0.05283497761574393
149308499,0.0871937957338123
149308500,0.06353759894771135
149308501,0.026038333535841472
149307468,0.02892538959856906
149306778,0.007200527598694789
149306779,0.11169484054265376
149306780,0.23606806062399596
149299031,0.019827572392453523
149299032,0.01844117941340139
149299036,0.09871549905329922
149299037,0.044538837403400096
149297287,0.08236208080911658
149297288,0.08106807402096124
149308336,8.429157036320904e-06
149306888,0.3762472720109139
149307339,9.55463461151693e-06
149291866,0.021110664953017975
149291867,0.007155623684306391
149291868,0.09919150998373982
149299267,0.0
149299209,0.00023584356157265853
149299210,0.03401486175290166
149298025,0.08617916076783134
149299784,0.005849702186526305
149299785,0.01746256178780862
149297381,0.05157044435137511
149297383,0.2519690764111662
149297385,0.02332041449565798
149308448,0.018165882345332195
149308449,0.1486507263597191
149299270,0.04566812616301026
149299271,0.01217143924444269
149298434,0.14675417946423522
149298435,0.12086311287638496
149298436,0.14446205970498216
149298437,0.14341050756678264
149298438,0.12336412333999827
149307096,0.11057241171172968
149307099,0.03686695883840159
149307877,5.188306683861361e-05
149309437,0.003063207745366332
149291639,0.03863134871033171
149307025,1.7653904633765175e-06
149307026,0.23879899093481008
149307416,1.490019762899898e-05
149307417,0.03544962238292489
149307418,0.035416699283171704
149309463,0.03128956616207431
149309464,0.03453304528501679
149309466,0.019552953184357007
149306582,0.012282235236762553
149306583,0.05254485529146698
149306584,0.05755621768660501
149306585,0.0038653257623347606
149307505,1.292080220436118e-06
149307506,0.0007090862871366868
149307471,0.10306109352829831
149307472,0.10297936049992804
149292993,0.04868616715661408
149292994,0.11133448817161898
149292995,0.05163667154925424
149292996,0.03661157479445111
149299027,0.002931304453044708
149299028,0.002963130802822388
149299029,0.05536684957936521
149299030,0.055230613018546176
149297310,2.4191924844219358e-05
149297311,0.01594470386033111
149297434,0.1644309094090578
149306393,0.004080067452272394
149306395,0.04819262396463192
149306397,0.04988043793268461
149306399,0.0598205887161787
149309295,0.0332675813824745
149309297,0.049497596433411846
149309298,0.014491429918611536
149309299,0.016604122011926258
149309300,0.029093392202502247
149309303,0.010804617999999933
149299826,0.11448838733381471
149299827,0.10989800934743203
149299828,0.1076046182167586
149299824,0.04588669598792313
149299825,0.045066132362607675
149308450,0.02414860445593511
149308452,0.06368151928345657
149308453,0.04072790256346992
149308454,0.011133967246544222
149308455,0.018438361273533273
149308456,0.0450710546513208
149308458,0.04725628854127246
149308485,0.009543275948162134
149308487,0.024129007041383852
149308488,0.03131502756978449
149308489,0.022377725493089116
149308490,0.005416329849445135
149308491,0.030106939166098953
149308492,0.023108337308332016
149308494,0.027572351327524516
149306547,1.958556036167162e-06
149307404,0.04805236044137789
149292035,0.012110851315512873
149292037,0.039652881866721175
149292038,0.09376819445872006
149292039,0.12262150847475724
149292040,0.04255186153797393
149292042,0.048475160466616846
149292043,0.05151559720610685
149293700,0.49213036329178367
149293701,0.45217921749293516
149291627,0.01454117531875833
149291628,0.015738404271045267
149291995,0.00043929231595969437
149291998,0.04845388425092675
149291999,0.0732616642830099
149292001,0.04807493605419601
149292004,0.04800959226389809
149292057,0.028821367483671024
149292058,0.020078888549509503
149292059,0.037395057460536556
149292060,0.03901539957406567
149292061,0.23104195502024813
149292063,0.03676329847796093
149292065,0.04701469956245517
149292066,0.05102380809115841
149306179,0.01410709331991757
149306180,0.00783537650959874
149306181,0.006734512634515284
149306182,0.016738118468736515
149306184,0.010186235481566098
149306185,0.05120632102141056
149306186,0.040712043417224446
149306740,0.0349176752641578
149306741,0.005973013104719311
149306746,0.06618139835379995
149306753,0.02882924876315502
149306754,0.016914277422985128
149306755,0.04601747364712997
149306756,0.03002224583744636
149306757,0.0006827062242044533
149306759,0.04979265294268241
149306760,0.01668172305294939
149306761,0.20853262908465145
149306762,0.015105648758675752
149309317,0.007398136113937696
149309320,0.024899469032124723
149309321,0.026306827975828825
149309322,0.11641608861744705
149309323,0.018190348578477056
149309324,0.02198201125278781
149307766,0.0010759961895962246
149307767,0.04225337230913973
149307768,0.04287285484707653
149307770,0.04479717280788708
149307771,0.040745586853275534
149307772,0.16813070938625865
149307773,0.08022835463964953
149307775,0.04111158260801072
149297254,0.01608850735003785
149297255,0.024625797323841424
149297256,0.04735831127344138
149308977,0.06935264050242425
149309670,0.003876252365060501
149309671,0.020854590064514855
149309672,0.02109781006987242
149309674,0.01782909257687214
149309675,0.01962222612364927
149309676,0.0750872820362897
149293104,0.06670298715202175
149291936,0.2445748348017262
149292745,0.011405498626510448
149291507,0.05853390665638107
149291508,0.020450512466685184
149291509,0.04921888126967644
149291510,0.02819160647619491
149291511,0.016673478891986775
149293269,0.09000771591596131
149294184,0.13995891491213844
149294185,0.016742107626603622
149294186,0.07709231718350673
149292142,0.03973611748448562
149291619,0.0860131285384125
149291620,0.08579738297918149
149291621,0.11365049626304509
149291622,0.07431303979498385
149291623,0.005571201997677171
149291624,0.1323514779932455
149291626,0.2095455944826314
149300612,0.0004123879483676855
149292877,0.02071771552077425
149292878,0.006071575719931231
149293355,0.09113685683854245
149293356,0.017691956309792454
149293357,0.038090932505450883
149293358,0.07039717813360588
149293359,0.04875477384284679
149293360,0.021127020751404903
149300165,0.0852025201571755
149294063,0.049797472653507736
149294064,0.396336365317072
149293182,0.07415158365553859
149308917,0.002946692153175996
149308918,0.05807943908919239
149308919,0.0396414276905214
149308920,0.0452174283220728
149308921,0.006666565243461885
149308922,0.023273916010572715
149291773,0.43579182284437756
149291774,0.283808505472601
149291776,0.06351619852116912
149291777,0.31566236127437236
149291778,0.0679155040005281
149291779,0.15347880660697946
149291780,0.7642647371347326
149291781,0.15250126254120966
149291782,0.029215273877528473
149309549,0.21531208533214635
149309550,0.33793706276059937
149309551,0.04872817456680538
149293505,0.04054106620579106
149293506,0.05645272489893752
149293507,0.05380357679851414
149293508,0.1211784023252817
149293509,0.07340561027590006
149293511,0.05852158702119202
149293512,0.06326510868721558
149293513,0.2541502590300843
149293514,0.10666320427087787
149298726,0.16633922125928638
149298726,0.21804402823194116
149298727,0.25416911598867586
149298727,0.07468477117511606
149298728,0.1547651918282644
149298728,0.09863904984735243
149298729,0.7796986373720374
149298729,0.7335874792856977
149298730,0.1302693824595566
149298730,0.329697173376475
149309101,0.26150337790429573
149309102,0.03437535196458451
149309103,0.17859428370954364
149309104,0.31157403427432434
149309105,0.05663853364814477
149309106,0.0790684732318171
149309107,0.0012233335348054014
149291549,0.025751278616639058
149291550,0.07956898499530773
149291551,0.04353149047876949
149291552,0.11827573187588229
149293203,0.04328863334678762
149293204,0.017535169625616128
149293205,0.020367981539276665
149293206,0.03741399868912817
149293207,0.038430216308316306
149293208,0.03732019213423197
149291475,0.0633428012341736
149291476,0.0504622952121105
149293899,0.02079190353965249
149293900,0.03965260674041217
149293901,0.05496326307233842
149293902,0.024795756184361556
149293903,0.053620625036349935
149293904,0.23550880948396347
149293905,0.023777460412117146
149293906,0.14048221279786327
149293907,0.04026753975505297
149293908,0.05851992499441139
149300144,0.019682987429788502
149306486,0.019641644747545497
149306487,0.021186033074635256
149306488,0.032801525549789046
149306489,0.029524042774660073
149306490,0.029900247925012582
149306491,0.011868379878789198
149306492,0.028960584739880096
149306493,0.04944089918745759
149306494,0.03998657336859212
149306495,0.028427180894022533
149294061,0.003372538940229382
149294062,0.39144886633790654
149292488,0.017808007610217502
149292489,0.18418121853028685
149292490,0.4286497348095557
149292491,0.2057784202775944
149293869,0.08258582986442205
149293870,0.022876071434198033
149293871,0.04992826382100889
149293872,0.05833590889592674
149293873,0.04827390993877793
149293874,0.07223315478887767
149293875,0.0559172577815739
149293876,0.07392743968103187
149293877,0.0529727855526655
149293878,0.0612178123678126
149300458,2.0156945240046177e-06
149300459,2.148559945643018e-05
149300460,0.20083705302611346
149300461,0.00020310119524726212
149299649,0.00035663424195559113
149306884,0.00999769318458439
149298897,0.09906347631487793
149309732,0.000100455966794169
149299807,0.020881475373139335
149299808,0.022636422404362807
149299809,0.09992131510290546
149299810,0.050382387459494395
149299811,0.10032344577633703
149299812,0.09532252744490378
149308337,0.00021010082721531788
149308338,0.10369532733969429
149308339,0.10446764246320735
149298005,0.038067274923399716
149298009,0.022446124393841787
149298010,0.16607547201891731
149298012,0.04272438588342599
149308290,0.0925693464483496
149308291,0.030234109683517668
149299839,0.06773581451825207
149299841,0.25629421076441866
149299842,0.04356075500228739
149299843,0.02332769302843492
149299844,0.032198466761333804
149299845,0.043914964184821374
149299846,0.021097432252045634
149299848,0.04101168768243622
149306748,0.06242545492206951
149300611,0.028485317415674654
149307507,5.690318907072525e-06
149307509,0.17394459621482183
149307510,0.07967686131270044
149307511,0.155403892593651
149307512,0.08104226295376221
149307515,0.2550746018636784
149307233,0.27788391134837237
149307234,0.264068091494708
149307235,0.08668882112572543
149307236,0.08348085215280576
149307237,0.19672864644149807
149307239,0.2024322299280601
149307240,0.28899498949200453
149307241,0.4100955178910578
149307242,0.016764417828049005
149309784,0.03695291053195967
149309785,0.009513024806605503
149307120,2.78603749386816e-05
149309859,0.012545656885108178
149309860,0.023801541417626488
149309862,0.049877627848376745
149309863,0.023416816636795276
149309864,0.03238033303217904
149309467,0.023414411027103902
149307429,0.0015731820140677366
149307432,0.046908294954811504
149307434,0.04962713997971594
149307435,0.021941893447737375
149307437,0.0118838585233931
149307438,0.020838110359290316
149293384,0.033927420530077954
149300558,0.010867882661528699
149298495,0.0004281703295922358
149298496,0.0002604968964617386
149299190,0.0025260962237158425
149299191,0.019892289771891992
149299192,0.019668186168158762
149299193,0.07536493464742283
149299195,0.06867609348734127
149299687,0.010132894498813768
149307384,0.004030387313128221
149307389,0.015360565208900542
149307390,0.02409266308160424
149307391,0.013892334672749067
149309016,0.10292900908370534
149309017,0.05555586823217704
149307806,0.12763364122396428
149292723,0.10772639244608634
149292724,0.1086178647688055
149292725,0.0967949190744796
149292726,0.10984492584911315
149299038,0.030198829997307535
149299039,0.10421769678706984
149297588,0.02558752058514477
149297589,0.028767712292188313
149297590,0.02941486283478416
149297593,0.05408468322647006
149297595,0.007007267964737795
149309229,0.22429088126979085
149300478,0.02135291342910583
149309090,0.12882122899934445
149306163,0.007573763352100918
149306164,0.02875341764690247
149306165,0.028723274107032612
149306166,0.0019196922537263988
149306717,0.009076304464094865
149308939,0.05331086133375345
149309584,0.1013486932150215
149307215,0.026017878043671214
149307216,0.03577192164722649
149309562,0.015003650482015103
149306688,0.1141049368666658
149292997,0.04862419137520478
149292998,0.08414206060989352
149292999,0.015449726495669041
149293000,0.07619037267643634
149293001,0.03965275656268883
149293002,0.04993139167858731
149293003,0.07223641484031433
149299034,0.02363190797971741
149299035,0.03223963605502253
149298114,0.008314814340895472
149298115,0.010565754506995309
149298112,0.0018526594573924438
149298116,0.0028459325665272255
149307647,2.3266569974427713e-05
149291892,0.03317965975405072
149299688,0.004233518630417022
149307340,0.03253043843199567
149307341,0.03304070827567008
149293371,0.1425931760161544
149299024,0.042955848418837504
149307787,0.009069390563161053
149307789,0.009984079458745616
149307790,0.00750238553625361
149307791,0.03430512088105287
149307733,0.017656054210303355
149307734,0.019402999236365855
149307765,0.07508076665203059
149307467,0.2053886736812894
149307570,0.001069105038925714
149307572,0.029573052430362054
149300122,0.10043438003504558
149307086,0.03590720766399463
149307087,0.035029846423863656
149307088,0.018087193903254722
149307089,0.009994360647322169
149307090,0.013065043021895845
149307091,0.02074019653046963
149307093,0.02692021571079698
149307094,0.06138479904314532
149307095,0.12855589270829512
149307217,0.0002539786498128393
149307218,0.0037669299496745404
149307219,0.0038394338611543537
149307220,0.0035049857378779423
149307221,0.013224445464767216
149307222,0.00476273841002142
149307223,0.012264467142400872
149307224,0.012554431275832032
149307225,0.013222754532305675
149307226,0.045266723367009605
149307227,0.03495483054477898
149307228,0.05145592326124387
149307229,0.02774979206727433
149307230,0.03669247970824538
149307231,0.005784768477148633
149307232,0.03496580649825375
149292889,0.034037416640005536
149292890,0.07649168341982707
149292891,0.006457370198895839
149292892,0.045193949890311585
149292893,0.011532919169180169
149292894,0.011792738163998196
149292895,0.06866938277958687
149292896,0.032944802444193365
149292897,0.008297022092692351
149292898,0.03316201947730074
149299373,0.025163741753193993
149299374,0.02015408344711193
149299375,0.04244270274656367
149299376,0.04446671058031904
149299377,0.046022792657032574
149299378,0.04029558373107056
149299380,0.019063152468530093
149299381,0.01607894353251499
149299382,0.01624787007105227
149299829,0.03192909870811976
149299830,0.03902584583255834
149299831,0.09296654888772811
149299832,0.03665108121383412
149299833,0.04180415549125821
149299834,0.03855915360683868
149299835,0.018866288976950536
149299836,0.033501867868100735
149299837,0.03538564516900624
149299838,0.02449854387231921
149307680,0.0003354749437195499
149307681,0.01776376118411224
149307683,0.002414609876186454
149307684,0.005646777662096287
149298178,9.825189412475924e-05
149297462,0.0005501120370585147
149306169,0.017220297682940464
149306170,0.0087230763816816
149306171,0.009221574655656194
149306172,0.013246130990211014
149306173,0.02195873257217119
149306175,0.005850219195802169
149306176,0.029473540731072483
149306177,0.03307136999704898
149306178,0.0023189863394782024
149309574,0.017595987462193288
149309578,0.02392666965838176
149309579,0.004894467984365147
149309580,0.03992940052076803
149309582,0.00611740694808618
149309583,0.009261560488541057
149306696,0.0292515254968498
149306697,0.015719456015031653
149306698,0.034761566207796996
149306699,0.025601192747034502
149306700,0.03980262466128261
149306701,0.039652951054250186
149306702,0.004809574929719952
149306703,0.04188277029093709
149306704,0.01833456410804646
149306705,0.0290047194240028
149298158,0.04426235545508704
149298159,0.038948081930605574
149298160,0.015218772132371099
149298161,0.04757659797767105
149298162,0.019058544486400587
149298163,0.021832399128187033
149298164,0.013778324852018605
149298165,0.05233146042330516
149298167,0.017666074628695908
149298168,0.01812579399838204
149298169,0.02351394103376665
149298170,0.01925195134724501
149298171,0.010634386275015568
149298172,0.114028147005576
149298174,0.051006205821912995
149298175,0.008665526809657546
149298176,0.07164429297637837
149298177,0.036291263061821614
149309402,0.006197965528161193
149309403,0.010001338572590798
149309840,0.017780154073748302
149309841,0.03218556700620422
149309842,0.07484992197387956
149309844,0.07352045453351971
149291891,0.6031643533469228
149292867,0.1495117639960966
149292868,0.037328411471899324
149292869,0.3037743237743877
149292870,0.08368407881761357
149292871,0.1313242427057845
149292872,0.06308844878986411
149292874,0.0345140452233206
149292875,0.10106219084375372
149292876,0.07680851341679168
149297300,0.0547400397554343
149297301,0.009784421173859881
149297302,0.07604786940072995
149297303,0.023374385576612252
149297308,0.006922015249395262
149297309,0.01434382354421679
149300266,0.04383525525530015
149300268,0.009757972149731032
149300269,0.00928662568343048
149300272,0.025715112277426646
149300273,0.0769928793381545
149300275,0.05117325734860965
149297822,0.041833795526087215
149293933,0.3751174277015091
149293934,0.10369323363899254
149298558,0.011846000384355588
149298559,0.029301731097884774
149298560,0.027972891424838324
149299353,0.022716989024701307
149299354,0.015263392834556046
149299355,0.012698771444045099
149299357,0.011039336328442482
149299358,0.021477919638925532
149299359,0.035401721173028027
149299360,0.03635887979089406
149299361,0.0303199536438989
149299362,0.03156349528473584
149291901,0.048419206258806066
149291902,0.10282515269144117
149291903,0.09895602129676005
149291904,0.3478436023696036
149292067,0.015911605831144576
149292069,0.06823961182845038
149292070,0.02459264408284388
149292073,0.0027886419657140666
149292075,0.10313191797826425
149292076,0.04013661511915142
149292045,0.014223195751476278
149292046,0.02173836136759354
149308688,0.009291820692963245
149308689,0.008261828169191616
149291729,0.1189234590106747
149293089,0.02278854036234622
149293090,0.03209300005227239
149293091,0.049890324518927075
149293092,0.07779906013860473
149292740,0.018995529172674205
149292741,0.058229710429760065
149292742,0.11317338142933898
149292743,0.04113130305866496
149292744,0.014399985735888337
149292015,0.04693238320140096
149292018,0.015240037746330332
149292019,0.007966410669537557
149292021,0.005496553768115736
149292022,0.021588794568649955
149291707,0.0449491930471544
149291708,0.019015856247510197
149291677,0.012407048215218987
149291678,0.010619342759360606
149299775,0.018590098588460297
149297967,0.020533578171660148
149297968,0.01598178716797581
149297969,0.012978507003737209
149297970,0.01718606854309835
149297971,0.017581754146759672
149297972,0.011242102641671478
149297973,0.01560026180179666
149297974,0.006256578473974579
149297975,0.026375727993495062
149297976,0.006676505996610768
149292569,0.041112712575925754
149292570,0.03154573215643149
149292571,0.09938658497731254
149292573,0.09923950794541772
149292574,0.0601400903716509
149292575,0.0073402946568940745
149292143,0.06385099434288975
149292144,0.016561359163298806
149292145,0.032636523866097146
149292146,0.014615895546442726
149292147,0.10703920377833605
149292148,0.08523168339576978
149292149,0.08468565060054048
149292150,0.055912845122624906
149292151,0.17804302378224796
149292152,0.09671166161650471
149307894,0.00042924588804836333
149307895,0.006062869215773458
149307896,0.005672982929596341
149307897,0.008532291327767701
149307898,0.00804029280579618
149307899,0.006071828952613152
149307900,0.006755695303971331
149307901,0.007368302700238269
149307902,0.007826656152581685
149307903,0.01285508860444112
149299962,0.00027702373876878627
149308443,0.0003365340861203969
149308444,0.050917495882583604
149299700,0.015569787310158362
149300092,0.08035599518703543
149300101,0.07689867098476103
149297959,0.40926395236952384
149297341,0.017263926491829656
149297344,0.008017204745874114
149297345,0.029413437938237474
149309349,0.006789117438572824
149309350,0.03037882804018901
149291706,0.031256927492422364
149298260,0.2025768949247727
149300417,0.001699352670795584
149298015,0.015514079525153707
149298017,0.028344053086137518
149298019,0.03359540479024223
149298020,0.028068817783158548
149298021,0.02975070266175191
149298023,0.014994048448142346
149299923,8.497085455137012e-06
149299924,0.0769979485245238
149299925,0.07099799120011595
149297945,0.0006365899352048258
149297703,0.05414396190062148
149297290,0.0006971492176477371
149297292,0.0374836185545539
149297295,0.033799229730876235
149297296,0.035932704192491276
149297297,0.04096858346940344
149297298,0.04810041498296164
149297299,0.04216325621741019
149299751,0.06369227474216708
149299757,0.052791158617799254
149307650,0.0007746432794006492
149299274,0.011047667485821876
149299275,0.0004404765950017854
149299276,0.15388517752670267
149299277,0.1540717172944839
149297788,0.032594707192134066
149297789,0.0439228821167783
149297790,0.04078498271709744
149297791,0.03301399607874068
149297792,0.031331128829556396
149297793,0.024287979676093658
149297794,0.029383156665179024
149297795,0.0293739478728803
149297796,0.03337890170593841
149297797,0.02317682037065639
149299264,5.783582046059578e-05
149299245,0.0
149299689,0.026452482014675604
149308294,0.026095503418816432
149308295,0.05360582936387322
149308296,0.021976972740122846
149308297,0.055293696441638396
149308298,0.05945660501374877
149308299,0.058783593924830825
149308300,0.05262639694981642
149308301,0.047801252403198824
149308302,0.015782657185170062
149308303,0.021035781206818358
149306383,0.046872507233775354
149306386,0.017076688624865485
149306387,0.01746247312500793
149306391,0.03797867877427028
149306392,0.06080855079388972
149299859,0.10127214742413701
149299860,0.07710687155344043
149299861,0.09138587069429686
149299862,0.12874317005231842
149299863,0.08320091422564486
149299864,0.06531925969729031
149299865,0.080117587910625
149299866,0.10384660924523197
149299867,0.13130245683853653
149299868,0.04012550812251455
149309511,0.022592025265546437
149309513,0.04206824958529332
149309514,0.03428271507220634
149309515,0.030130964439148037
149309516,0.056876296557030886
149309517,0.039549563157876305
149309518,0.03068943412842724
149309519,0.02738341438506627
149309520,0.031159174780762508
149307045,0.014442371231591936
149307046,0.1923158439108444
149307047,0.09668562413349611
149308305,0.00017660635488899365
149292193,0.0069205760900151805
149291618,0.08804522593478434
149293423,0.08886774896133608
149293424,0.07696453295230518
149293425,0.37818316517976924
149293427,0.36746263260030815
149293429,0.000819454395585278
149293702,0.28930659509765105
149293703,0.27569295572754227
149293704,0.29683749434286183
149293705,0.26748744751763354
149293706,0.23060865845437464
149293707,0.29922074016471906
149293708,0.2729728671293808
149293709,0.2398012538622245
149293710,0.24944420736909098
149300420,0.06811811235376529
149300421,0.015063406114355764
149300422,0.012779944467130003
149300423,0.008227167927594281
149300424,0.15442093481468228
149300425,0.15335809819088803
149300426,0.077814130031279
149300427,0.09651109493451632
149300428,0.21491417793321527
149298261,0.014272087410082046
149298262,0.015161975259254975
149298263,0.25972169629387465
149298002,0.026574195608281035
149297729,0.0964157824458379
149297730,0.15587943510485508
149297734,0.1462059738054792
149297736,0.08714170962911641
149299849,0.02146731678388737
149299850,0.11170021340782069
149299851,0.03747789557043353
149299852,0.056446959552705386
149299853,0.06786559413782664
149299854,0.04880807158548422
149299855,0.05125735444233087
149299856,0.019866596053279947
149299857,0.03591522339148781
149299858,0.033932591026448786
149307664,0.00041693542719732917
149307668,0.007640043037078847
149307652,0.09742623561788152
149299071,0.006483660624232957
149299072,0.012831452874560275
149299076,0.13410653301724626
149306601,0.056333133161192546
149306602,0.0396656835676815
149306603,0.1876480112491352
149306604,0.19471753264389616
149307243,0.09402956331800134
149307244,0.13714957715610895
149307245,0.07305301989350829
149307246,0.0813703080967721
149307247,0.09643387244841962
149307248,0.09052612064848384
149307249,0.06501935678001797
149307250,0.0637886944202025
149307251,0.053985628581795994
149307252,0.09225854857755998
149309769,0.019597460416961775
149309770,0.010512221812876154
149309771,0.015128112092815973
149309772,0.005366444937241446
149306853,0.04570490129058993
149306854,0.038280869044918085
149306855,0.030415216422362848
149306856,0.05883585514280659
149306857,0.06835706408119488
149306858,0.018272941715259044
149306859,0.06618102979412917
149306860,0.00792266247244585
149306861,0.025572999042560447
149306862,0.08511016088130705
149309414,0.1095923441539437
149309415,0.11211013766766845
149309416,0.0685441283997264
149309417,0.035501898510678816
149309418,0.035628451583328606
149309419,0.1421522260654816
149309420,0.22724784572891232
149309421,0.05111684084564596
149309423,0.04028514120750572
149306783,0.013339222907866795
149306784,0.0043663903004887055
149306785,0.008428639060119395
149306786,0.013394918270799375
149306787,0.017629445223607824
149306788,0.014562276169341387
149306789,0.004435614869123618
149306790,0.020314349393267976
149306791,0.025122080772233647
149306792,0.07198976640383135
149292234,0.08706915531799868
149292235,0.04551963974283565
149292236,0.08884179988928563
149292237,0.09233661961801824
149292238,0.05361170237445895
149292239,0.08023918434719267
149292240,0.0744410151967821
149292241,0.052639716766002154
149292242,0.019341442800600604
149292243,0.11369353131224041
149306847,0.1921202399264924
149306848,0.11553124996929268
149299946,0.03833866664341242
149299947,0.07365016315751419
149299948,0.02369706103392372
149299949,0.04084303902156478
149299950,0.03357428972011057
149299951,0.02000038070379301
149299952,0.03287445825951585
149299955,0.022827368877012567
149297987,0.023582784215298542
149297988,0.02762682929892517
149297989,0.014028729729723115
149297990,0.03653945261779943
149297991,0.026692281937554883
149297992,0.027013408586768484
149297993,0.020571928193816928
149297994,0.04747451200951033
149297995,0.047279630559725
149297996,0.019687482951039545
149299401,0.02940075515186287
149299402,0.22451627894566684
149299403,0.036758374836143505
149299404,0.07606424618404442
149299406,0.08622720694038778
149299407,0.1962277428879608
149299408,0.06958167910964028
149299409,0.05825685931087313
149299410,0.11517086286498095
149293463,0.10084596848254615
149293464,0.02183018124845997
149293465,0.08603838069867459
149293467,0.10359960598819894
149293468,0.030089466294096267
149293469,0.03411784707943158
149293470,0.021495727057639955
149293471,0.01970695592264367
149293472,0.09436379728547437
149298113,0.013231995225543924
149308280,0.017845278811191297
149308281,0.004397663807107886
149308282,0.03236764599542831
149308283,0.021222392237506774
149308284,0.022595773619015293
149308285,0.018538071747300114
149308286,0.012668625331311545
149308287,0.009113093841632338
149308288,0.040908607078272465
149308289,0.031241998952100808
149307651,0.24266737396246207
149293025,0.07742528168829807
149291947,0.002063534512735332
149293270,0.004989220800801805
149306111,0.0242720910812921
149306113,0.03373832634972159
149306114,0.02784614587130634
149306115,0.024054264935390722
149306116,0.03705146999145584
149306117,0.01157897947042163
149306118,0.016928142863145923
149306119,0.016572892609439997
149306120,0.019323577322998296
149292025,0.018207571648622585
149292029,0.022280844720253934
149292030,0.01153178649840909
149292031,0.03519408771225413
149292033,0.03172635912272257
149292034,0.03354263704164229
149291680,0.08957312543524265
149291441,0.0
149292586,0.33367579478654963
149292587,0.08000398199259422
149292588,0.42209970958427323
149292589,0.08204220186427068
149292590,0.05900846791608505
149292591,0.22026817176630706
149292592,0.3315056477466014
149292593,0.3685078022385543
149292594,0.38655298554774464
149292595,0.055204655826673076
149294112,0.0509187747358987
149294113,0.07199242887407144
149294114,0.07150378197031755
149294115,0.0417274856841039
149294116,0.06692960164738865
149294117,0.06660616021803206
149292532,0.020377169988062466
149292533,0.068894278481236
149292534,0.079585067212912
149292535,0.019805658461566886
149292536,0.056410489578589094
149292537,0.0321059959313591
149292538,0.05375174338642329
149307807,0.006781964262680362
149307808,0.14022351737687214
149307809,0.04627861456021977
149307810,0.009031571618763485
149307811,0.12373634707793729
149307813,0.04228521280158241
149307814,0.031169330907522334
149307815,0.24618675107931276
149307816,0.3274634272801126
149297635,0.01952293404871215
149297636,0.20078806343720432
149297637,0.056480079053749147
149297638,0.00706899929817871
149297639,0.02336060450941052
149297640,0.02156227486417121
149297641,0.024608006655826818
149297642,0.01154445463075208
149297643,0.09587105669535599
149297644,0.014526814445149978
149308554,0.046546578232667286
149308555,0.03852556161654543
149308556,0.027199401799052714
149308558,0.02883504470516293
149308559,0.04466675477124009
149308560,0.06275386776921242
149308561,0.014127793398374649
149308562,0.02131549619081716
149308563,0.01911549757191692
149306456,0.01662008854124751
149306457,0.10197160973549048
149306458,0.022785219855179947
149306459,0.00858237043726643
149306460,0.0718644089439742
149306461,0.09142530449207469
149306462,0.014010777746307167
149306463,0.014155628449960269
149306464,0.022440833722419475
149309710,0.041588923998107506
149309712,0.023802923546057914
149309713,0.043490432045654046
149309714,0.08586817903908547
149309715,0.10569261903638093
149309716,0.023045353114577324
149309717,0.14382922268297266
149309718,0.044985497362774414
149309719,0.05500969048368376
149297823,0.07433872660369012
149306578,0.005208648783777684
149306579,0.04143958107588506
149306580,0.02195104176461072
149306581,0.02296874697748549
149307601,0.2068497675350218
149307602,0.20360176989050885
149307603,0.297758511888959
149307604,0.09012706912336223
149307605,0.30181941201351864
149307606,0.09006899368446775
149307609,0.10215971573030327
149294041,0.10937094662067784
149294042,0.10343733046070097
149294043,0.38810403091374357
149294044,0.0451922540845333
149292637,0.0015016762307165634
149299678,0.006681585341235432
149299679,0.050765959321233296
149299077,0.130219170113411
149299652,0.042403951007004975
149299653,0.14426495258709762
149299654,0.018050351080984735
149299655,0.027569692176924527
149299656,0.1000876435174582
149299657,0.00827083260460699
149299658,0.012577264090861916
149299659,0.030656734047010987
149299660,0.01957807375560448
149299661,0.028612431099204715
149293181,0.08214537409325552
149306716,0.0226127890363495
149309845,0.002428581747172214
149309846,0.00853152605103934
149309847,0.008904854670730314
149309848,0.01142096085443277
149309849,0.01457155117167252
149309850,0.013251063091735743
149309851,0.017254645885451444
149309852,0.0019917150200767083
149309853,0.02576123783370994
149309854,0.010572169941226117
149309438,0.0006027525012152873
149309439,0.029846771171529514
149306691,0.038318756378292934
149307517,0.0034655597115654637
149307518,0.10421225459918214
149307519,0.0036436211682318166
149307520,0.10972576924933991
149307521,0.07695751375312708
149306690,0.20710275442035228
149306677,0.01958552967827003
149293169,0.3583001537702832
149293170,0.06649194630479326
149293172,0.05296082765112321
149293173,0.10794772815072957
149293174,0.04835308850946565
149293175,0.038383230684332255
149293176,0.09782724168863803
149300578,0.005054799389659089
149300579,0.0017162684605225534
149300580,0.012749350502914357
149300581,0.005518977190131947
149300582,0.006025173154723409
149300583,0.013263353804218532
149300584,0.0043957597625376345
149300585,0.011789026114382773
149300586,0.010844480464282078
149300587,0.006283840476647667
149297755,0.0064956164708888575
149297756,0.01889193638396086
149297757,0.008622635726874623
149297758,0.011366438063681816
149297759,0.009929512558687062
149297760,0.008028709853862904
149297761,0.011128937636708585
149297762,0.024068076463748613
149297763,0.021891395787036427
149297764,0.008871588771721561
149307685,0.012739332096862609
149307686,0.008860855289085688
149307687,0.010559073274812055
149307688,0.008116790332823018
149307689,0.027504683338260717
149307690,0.018079796478669422
149307691,0.042113982884398674
149307692,0.020578210629284745
149307936,0.016096749576244032
149307937,0.024051854320215716
149307938,0.02531834445578671
149307939,0.0436919711855101
149307940,0.016143426164837812
149307941,0.00662396452238633
149307942,0.005990404111202705
149307944,0.02088675423178846
149307945,0.04123956716956709
149309265,0.01523893414661691
149309266,0.009197769447486475
149309267,0.0197309224487311
149309268,0.04021230123636585
149309269,0.09149108194602898
149309270,0.04222519725699786
149309271,0.009406696566077498
149309273,0.011726423141469992
149308690,0.19763585653018395
149308691,0.036610315766718346
149308692,0.0647914827731874
149308693,0.06037427446661375
149308695,0.006692004775079868
149309332,0.03095722643490183
149309334,0.015093201201221894
149309336,0.035960134942276796
149309337,0.043934218095584315
149309338,0.022008642810655454
149309339,0.018600338198269672
149309340,0.033158146663621706
149309341,0.0551757671304759
149292793,0.008298346225483809
149292794,0.010465498846992443
149292795,0.001692413539613544
149292797,0.03536256243595992
149292799,0.020779143871380773
149292800,0.02204679189763228
149292801,0.03534496659411783
149292802,0.019500660685906144
149306143,0.075353212304581
149306144,0.05942058776873133
149306145,0.031218730624057542
149306146,0.048518952607872604
149306148,0.02010300560378417
149306149,0.13275361043509468
149306150,0.09243842577366289
149306151,0.04521081315996695
149306152,0.016001445484456804
149292005,0.0209279874867229
149292006,0.05418077165517146
149292012,0.026478213101207074
149292013,0.03896644870899731
149292014,0.03900555021776933
149291435,0.0452274504135589
149293376,0.0497750300881247
149293379,0.06789108882492537
149293380,0.027836022526165603
149307439,0.02301352714153531
149307440,0.047818570528115494
149307441,0.003691457693948807
149307442,0.017928948285327803
149307443,0.023345730852051022
149307444,0.01766397112263758
149307445,0.039300664370702953
149307446,0.020889248744925173
149307447,0.01891877845514794
149307448,0.006872780628815767
149307451,0.07540271248016417
149307453,0.07788342929861244
149307454,0.2275401825489388
149307455,0.22501082994668234
149307456,0.0758246753347546
149299813,0.11158703077700627
149299814,0.05214603848434002
149299815,0.08643552886770822
149299816,0.031405542809961495
149299817,0.06741688455800958
149299818,0.3548298929021972
149297977,0.023098084401429173
149297978,0.011170785621176835
149297979,0.02350076292902616
149297980,0.014518183440182044
149297981,0.019317385475098994
149297982,0.01600137400510927
149297983,0.012345016300579643
149297984,0.019700289506426664
149297985,0.02220858769770943
149297986,0.01112287536992277
149298681,0.02639661707094139
149298681,0.22718073349974688
149298683,0.20399604903596935
149298683,0.34427581110135297
149298684,0.49957583122202237
149298684,0.34725415791249126
149298685,0.4149145061190531
149298685,0.19761710148590794
149298686,0.21944575795815488
149294059,0.05767132994323326
149294060,0.10842454182520084
149292294,0.05479705670086616
149292295,0.018710662969085304
149292296,0.04957313946680384
149294267,0.19829980833453711
149294268,0.1220652317189773
149294269,0.011956956111571038
149294270,0.02291144678771681
149294271,0.06832281872389259
149294272,0.025555758909635518
149294273,0.037122859940838464
149294274,0.05505662965542435
149294275,0.43848865088216094
149294276,0.06452536617287372
149308936,0.0050759783516444775
149308937,0.02046035386874367
149308938,0.030076268418016232
149309699,0.0010693261329635776
149309700,0.0038190541421862616
149309701,0.007730802749442045
149309702,0.0028669323364871966
149309703,0.011375212059845763
149309704,0.00350628083273945
149309705,0.017699647869480813
149309706,0.014401026469062776
149309707,0.03833481637376479
149309708,0.011400727224225585
149309424,0.1526803023694703
149309426,0.0682488474063133
149309427,0.11750977908554157
149309428,0.0098830115714568
149309429,0.08769472943821757
149309430,0.01890499075630061
149309431,0.13347066323088902
149309432,0.14124653133864812
149309433,0.025687284152702126
149307926,0.0075590715840849745
149307927,0.020480126255951223
149307928,0.00532252748233437
149307929,0.026296623263166813
149307930,0.01669149855224179
149307931,0.020613355840677663
149307932,0.035897482676827144
149307933,0.008252076364020441
149307934,0.013115030782672522
149307935,0.03514998426044918
149299411,0.013130011328001482
149299412,0.010999318937453753
149299414,0.01412917995349408
149299415,0.013684395928994838
149299416,0.017154466437977793
149299418,0.022334633330056527
149299419,0.014001471927256563
149299465,0.01345158889734278
149299467,0.018042784694984593
149299468,0.018247459535102498
149299469,0.0165655784661259
149299470,0.009473452331934936
149292989,0.010734970263035487
149292990,0.055979873175309114
149292991,0.06467721246692949
149292746,0.048336058320456
149292747,0.024399540632331653
149292748,0.031121528569417516
149292749,0.15979117046673477
149292750,0.01703599101984084
149292751,0.03472397772952593
149294007,0.029146278262666987
149294008,0.02308424425500438
149294009,0.016559464153287542
149294010,0.024288083205785106
149294011,0.011141429029456626
149294012,0.04176644270081113
149293125,0.042655713231928585
149293126,0.2379761138786481
149293127,0.07154078483297102
149293128,0.032546354869256736
149293129,0.051833414641832005
149293130,0.050545046722547865
149293131,0.05461917073188594
149293132,0.11987055558316526
149293134,0.048940006580482226
149292097,0.03708927228436448
149292098,0.019770636769724032
149292099,0.03779758513246636
149292100,0.05329378489456139
149292101,0.10433841196274309
149294164,0.05067182995373769
149294165,0.037174859557986537
149294166,0.034039103163191683
149294167,0.026497104032647118
149294168,0.03235513680245348
149294169,0.028957302290251955
149294170,0.06866641089013677
149294171,0.0684437601205574
149294172,0.02489827802817141
149294173,0.036977194386936856
149291685,0.04980504836288175
149291686,0.014902639760438884
149291443,0.004510173630212868
149291444,0.007431722634895601
149291445,0.003589624661707644
149291446,0.008131494216947373
149291494,0.035713119516568165
149291679,0.014989211018969264
149306527,0.023996051156243092
149306528,0.028571627734865584
149306529,0.031159964215299638
149306530,0.032828367469289764
149306531,0.0375610222208475
149306532,0.03627418341820552
149306533,0.05148481808760802
149306534,0.05308579207990694
149306535,0.0332754016440744
149306536,0.023893691498571765
149293165,0.11379847271662571
149293166,0.059245173558167066
149291449,0.11533886351982234
149294078,0.07027591666937746
149294079,0.24686184876720485
149294080,0.18264574928173877
149294081,0.072886127631908
149309211,0.05584217107659033
149292638,0.011786720930165735
149293699,1.2864170424872543
149297397,0.0003241600467810105
149293456,0.013971004355381908
149293457,0.012093360075228982
149293458,0.013039861916787271
149293459,0.009369103393788266
149293461,0.003881413363482689
149293462,0.003989964676526146
149308566,0.040341730624658456
149308567,0.036147980881412474
149308568,0.034347784051422386
149308569,0.03982965666263415
149308571,0.04051135448797493
149308572,0.031416803657969485
149299206,6.670958145455966e-06
149298902,1.2541288448772365e-06
149309548,0.18343074713284913
149309547,0.14800878624970273
149293406,0.019734933794532946
149293407,0.02374420352320952
149293408,0.006552352597865411
149308518,0.22691259798944605
149308519,0.31203617065620104
149308520,0.05066156818763529
149308481,0.06100071912196793
149299189,1.7822450251451272e-05
149299541,1.1824555394938496e-05
149306455,1.0748323553194222e-05
149308446,0.10751201268890215
149309563,0.026938200901516992
149309290,0.23807421668273554
149306448,0.022917619767574428
149299539,0.017326902013057876
149299540,0.01948951166189211
149298004,0.00012729324522860682
149309038,0.10367472683352792
149299956,0.09722191705640369
149299958,0.061086141078541226
149299959,0.06123173085647305
149299960,0.030773982928264568
149299961,0.030678977485646988
149300642,7.000410212011399e-05
149300643,0.000154027199615492
149298898,0.02857458079191345
149298899,0.02969685158758716
149298901,0.0021271308337653698
149309733,2.6188551383052735e-05
149309734,0.5222894692368735
149308445,0.10139926686719321
149298328,0.08756296723426409
149298156,0.012697534265106093
149298157,0.08198442809394618
149308987,0.04696931668252038
149308988,0.16402577615582942
149308990,0.1935780109028932
149308991,0.03816872206825576
149308993,0.18707008802862363
149308995,0.3058220883122106
149298028,3.908196361460038e-05
149298031,0.05517461795439153
149297280,0.00027106424509477933
149297286,0.0474986954886662
149291434,0.012271406873264681
149299572,0.0002896214863692955
149297321,0.0145579302227864
149297323,0.021292797701623477
149297324,0.0051827591482675565
149297325,0.008293340315121986
149297327,0.009433668254378845
149297328,0.016611775477280565
149297329,0.109040032418849
149297745,0.003131449445558118
149297746,0.010575490451668782
149297747,0.024586746745246215
149297748,0.01442614525410298
149297750,0.011393295871726383
149297751,0.061022886325770284
149297752,0.05464717560555146
149297753,0.1650507272693011
149307726,0.04596931644256776
149307727,0.04779410007319049
149307728,0.04884814732487017
149307731,0.053286466779682594
149307732,0.03813291206200125
149298887,0.010150402871813378
149298887,0.19154518524892258
149298888,0.6305794502062539
149298888,0.18788829434950421
149298889,0.5083445878102546
149298889,0.6476663454009589
149298890,0.19043331363421426
149298890,0.174703881648729
149298891,0.21112516700775621
149293752,0.0122824798899086
149306548,0.013067788822636229
149306549,0.012175220016564292
149306550,0.012979103612599753
149306551,0.018609762990847413
149306552,0.02686627371095334
149306553,0.014215467987676225
149306554,0.022976342994249336
149306555,0.037150028961465235
149306556,0.05541258419951779
149306557,0.014200360568603665
149291466,0.039781525368218454
149291467,0.05701414921065753
149291468,0.06592206073737189
149291469,0.05431887936177498
149291470,0.06145735219990517
149291471,0.07226585743648077
149291472,0.07958595087460242
149291473,0.09796061395851755
149291474,0.06330279845144526
149307670,0.09566346505481718
149307008,0.02121834139049039
149307010,0.04364204499369177
149307011,0.035483829884297755
149307012,0.021494514028389703
149307013,0.032272543068570525
149307014,0.11155410826735121
149307015,0.09266658214453728
149307016,0.0033173136984962414
149307017,0.05591985286019671
149307865,0.18602869543209707
149307867,0.1829933126702066
149308306,0.03179606832068592
149308307,0.0252532787410239
149308308,0.05927629955156367
149308309,0.06764858219254673
149308310,0.05971357796085286
149308311,0.05502106355415111
149308312,0.06552310961044513
149308314,0.09648173830396894
149308315,0.06191723071553581
149306445,1.3315080604177555e-05
149308480,0.07734413179328968
149306449,1.560932900124362e-05
149309552,0.15732316843173808
149309553,0.10805175436553979
149309554,0.3196128977189506
149309555,0.41648106813560193
149309556,0.08363395353516556
149309557,0.3862711253228519
149309558,0.08921532549298868
149309559,0.18645648559956246
149309561,0.23685070512232986
149298265,0.012536956117276662
149298266,0.02652904810379947
149298267,0.03891642731669079
149298268,0.02462161739753578
149298269,0.011530633803563756
149299776,0.04060234010361632
149299777,0.040952856213802125
149299781,0.05618965884971319
149307884,0.13656413853388472
149309731,0.08833143876175971
149299266,0.018857964349146192
149300416,0.006287463101023686
149300472,0.020624738242834263
149300473,0.0001607951449666983
149300474,0.01910927189311199
149300475,0.01793100980174577
149300476,0.017710068634970166
149300477,0.017964769564305937
149297726,0.0009446991011678715
149297578,0.021346252136739404
149297582,0.006773406354526266
149297583,0.031612181527347946
149297584,0.04682820695614954
149297585,0.041783425392129946
149297586,0.05571341647411566
149292254,0.03613057467854261
149292255,0.09876800025009565
149292256,0.09496034472901664
149292257,0.03160236587552106
149292258,0.05900129535167192
149292259,0.0942051229159968
149292260,0.06152487544222387
149292261,0.049506160283279775
149292262,0.03540443727281474
149292263,0.07677994967442839
149308392,0.1303804308538751
149308397,0.03994266435799979
149308398,0.04295756792107941
149308399,0.05416041963095103
149308400,0.01874560658071762
149308401,0.10782491972319737
149306599,0.017686378519720873
149306600,0.018117813248256138
149306898,0.0004268876848010726
149306900,0.01272022113880804
149306901,0.01976572155752285
149306902,0.014233285873474336
149306903,0.004174037939190527
149306904,0.011134767437565102
149306906,9.334683893407601e-05
149306907,0.013606479207418953
149306678,0.1043921988326081
149306679,0.01812174556795583
149306680,0.09747900770472571
149306681,0.016826608508069454
149306682,0.02567398725106641
149306683,0.09718824678304162
149306684,0.0998124744922368
149306685,0.01726315879639433
149306686,0.09425664922018326
149306687,0.016087938692510583
149307254,0.026082602194676573
149307255,0.024785901119671595
149307256,0.009502084230956918
149307257,0.05492567159623813
149307258,0.028008375996707444
149307259,0.025714821269572138
149298497,0.015970560278178673
149298498,0.031776378115167266
149307817,0.1268926978970584
149307818,0.233393636692135
149307822,0.2309024727481885
149307823,0.13564227566960352
149307825,0.1662375393882429
149307826,0.0966803123015266
149297702,0.01739833232615227
149297465,0.10285786926076423
149297466,0.13208638003845546
149297494,0.04266567490277312
149297497,0.03060564402255029
149297498,0.04416967764801804
149297500,0.02648641809677686
149297501,0.048695427923804
149297502,0.057376973133516945
149297503,0.07250968323688739
149292712,0.04623058291497638
149292465,0.06262976534953897
149292467,0.006713688139459804
149292468,0.06420640815643336
149292469,0.004355781761177499
149292470,0.05477679516397994
149292471,0.031248997932606843
149292472,0.033614519787961594
149292473,0.013108764141230439
149292474,0.01329017503646781
149299328,0.050644585081780095
149299329,0.11543659782572038
149299797,0.30438388855483195
149299798,0.047026782725308046
149299800,0.04838715449620989
149299801,0.05447901985067585
149299802,0.048504212248865114
149299803,0.04152874096727128
149299804,0.04225511638756791
149299805,0.23743372296595402
149299806,0.18386985529218866
149292626,0.09848136008317995
149292627,0.20711426818770176
149292628,0.1537173463386186
149292629,0.15218288173046238
149292630,0.20753846708205476
149292631,0.09862165104783037
149292632,0.1159935797982248
149292633,0.1977821267584448
149292634,0.08474978159273305
149292635,0.11243638439656468
149292435,0.08860369484355132
149292436,0.08856318890461663
149292437,0.06009164707792118
149292438,0.10439054649950977
149292439,0.08475291997661052
149292440,0.0866443127353983
149292441,0.07845418915264163
149292442,0.09737810919321707
149292443,0.0766716825088786
149292444,0.0666691377217929
149298449,0.3610275720578034
149298452,0.2288523750946988
149298453,0.21699666963482586
149298454,0.3317394104773114
149298455,0.2111028414245265
149298456,0.09492035431255508
149298457,0.34204693683722487
149298458,0.3194688274194241
149298695,0.037585415585888134
149298695,0.1932978815761451
149292224,0.04562027908104005
149292225,0.018231790979404725
149292226,0.030247843416356952
149292227,0.05321443289397673
149292228,0.035715220784004784
149292229,0.04252292302053278
149292231,0.1999929383535604
149292232,0.03614844630199024
149292233,0.03654298264103331
149292366,0.03463776911923734
149292367,0.03289700440463915
149292368,0.047173437007471994
149292369,0.05925707201227039
149292370,0.0443186795540204
149292371,0.032072661483140294
149292372,0.08355737613133662
149292373,0.06787609562299171
149292374,0.11948415568433446
149292375,0.03208846213159961
149292357,0.0791513723106454
149292359,0.07582645806355609
149292360,0.024454520087502672
149292361,0.016259535681737474
149292362,0.039413049459656964
149292364,0.015438761879235147
149292365,0.033597732490776494
149292415,0.17595230792403735
149292417,0.029578428516283346
149292418,0.10072688035114352
149292419,0.23419298203281863
149292420,0.047934877109361944
149292421,0.04483548265980844
149292422,0.08880785346435065
149292423,0.055574030999562186
149292424,0.0746490699042359
149309080,0.07001840576880704
149309081,0.05779722199916315
149309082,0.06503480735469638
149309083,0.07282327503981512
149309084,0.05131309878868001
149309085,0.05028903843025274
149309086,0.0871979994561592
149309087,0.07136811610504878
149309088,0.07106164898409696
149309089,0.07633007678399194
149297331,0.027335185095055285
149297332,0.005383117533548396
149297333,0.03817719444547825
149297335,0.022069654451993652
149297336,0.05559115766243145
149297337,0.08200057337746139
149297338,0.10030901915238653
149297339,0.07450038544292895
149297340,0.09300541289423729
149297858,0.05795070078296047
149297858,0.20171609764590426
149297859,0.04240417291541395
149297859,0.10166798223254615
149297860,0.1769704322432426
149297860,0.22120471590267596
149297861,0.08283062315498649
149297861,0.09933661125814351
149297862,0.11087415448022624
149297862,0.09906002087507945
149299501,0.017381665844564357
149299504,0.017418807317938875
149309258,0.07070592629660973
149309260,0.02923572396682436
149309261,0.033678649969117874
149307048,0.01723061841419007
149307049,0.004662313673259313
149307050,0.013526942742274145
149307051,0.012566723507009445
149307052,0.003303990408845586
149307053,0.003663508598133913
149307054,0.018316456730621003
149294003,0.040594147145851044
149294004,0.03519646251326221
149294005,0.08918038892904764
149294006,0.016906709759709544
149292792,0.0580380980187649
149299871,0.03366696937620334
149299872,0.03517633755457594
149299873,0.04530981687518809
149299874,0.03337105002942132
149299875,0.03394102129554155
149299876,0.07441029534761887
149299877,0.03322634421979049
149299878,0.013946237812811901
149299879,0.03847337999937076
149299880,0.024312307618581816
149307018,0.012852761154238055
149307019,0.010923978595407731
149307020,0.004188073433496892
149307021,0.01018182702485575
149307023,0.009327640230609467
149307024,0.01287719433891087
149308009,0.14212922028146582
149308010,0.03741044171320789
149308011,0.268629378552651
149308012,0.3307587718172702
149308013,0.2597429718287462
149308014,0.13225064242710544
149308015,0.14327066100210717
149308016,0.29477977922726184
149308017,0.1867590536454307
149308018,0.3074213606567382
149298748,0.03802708122322193
149298748,0.39028518429847137
149294045,0.05688115098701968
149294046,0.06941675242326754
149294047,0.08441761120774964
149294048,0.2819189295033762
149294148,0.053381433977757395
149294149,0.07475878450813661
149294150,0.06040663039131757
149292969,0.06252704930300446
149292970,0.1099429255554632
149293135,0.042792728006367915
149293136,0.03684566577369822
149293137,0.23245128076958002
149293139,0.013910275668858574
149293140,0.029545171798013664
149293141,0.03370797117342537
149293142,0.10427419668863376
149293143,0.015757230462188722
149306815,0.027164698470999907
149306816,0.18019456154457972
149306817,0.01846276722060356
149306818,0.25451715076173065
149306820,0.08660001331402703
149306821,0.04296522248551167
149306822,0.0540447919990281
149306823,0.09171763868325723
149306824,0.08278430462902082
149292698,0.1043441422617709
149292700,0.048078958718720394
149292701,0.04835887129984643
149292737,0.043653697821679736
149292738,0.021464014779818266
149292739,0.015960888835137525
149293036,0.020999870044233607
149293037,0.25520773447512796
149293038,0.06791315603024302
149293039,0.042304530811384154
149293040,0.08817530767286462
149293041,0.017944688927837512
149293042,0.09581155088450706
149293043,0.04009042968740164
149293044,0.03962454304535819
149293045,0.20945808806224123
149309531,0.10752248225080752
149309533,0.09203057288737129
149309534,0.204469964542418
149309535,0.23101260765052342
149309536,0.08769830986235269
149309538,0.14141717156488387
149309539,0.1386230691674091
149309540,0.06593088161958087
149298400,0.18405411828285306
149298401,0.05473820154274295
149298402,0.03555115594815436
149298403,0.16845252108945352
149298404,0.13891687712694134
149300300,0.040078929911327374
149300303,0.032881516768601196
149300305,0.008841790657767802
149300308,0.03497472132737916
149300309,0.045626170317701706
149292284,0.1866889543631199
149292285,0.24285063696462278
149292286,0.11685607907467555
149292287,0.19215943337431463
149292288,0.1820234065034024
149292290,0.11527451591656601
149292291,0.11253429599115844
149292293,0.18506430193330323
149292445,0.04661236065947639
149292446,0.05360225617968601
149292447,0.2432148832089942
149292448,0.06257794920158972
149292449,0.04025882491656338
149292450,0.09174054164768518
149292451,0.06591017908048158
149292452,0.033740071069238396
149292453,0.08214347224102757
149292454,0.06472860884044344
149307358,0.03963611200225107
149307359,0.03983465729183318
149307360,0.07217739481054015
149307361,0.07245937219218586
149308340,0.024380660666732876
149308341,0.024195156008626893
149309730,2.502629215018444e-06
149308346,0.0071135627762189185
149307378,0.008229351344894687
149307379,0.008183759455164948
149307382,0.039934729459760406
149307383,0.042225935973700286
149308292,0.058713984238537624
149299263,7.377597351984032e-06
149293410,0.3219925441703892
149293411,0.0505809868714037
149293412,0.05081224144268999
149293413,0.17143450293896553
149293414,0.1266794893364034
149293415,0.1256367714804434
149293416,0.1716580396249733
149299243,1.750396535422031e-05
149299922,1.227179850567074e-06
149299185,5.9454091032251095e-06
149299186,0.007818771038902626
149298903,7.567767119903712e-05
149298938,0.06479012072793129
149298939,0.023410358866739645
149307027,0.05131987703228536
149307028,0.022329495476759473
149307029,0.0653589866556049
149307030,0.12283514195864201
149306440,7.72395938062655e-06
149309342,0.18050518041294605
149309346,0.14600833098695096
149309347,0.146392863641988
149306992,6.094084200190941e-06
149307449,0.10197999045301048
149307450,0.06404881983373382
149299033,0.02160383268724402
149294118,0.09828157340908646
149294120,0.025016516297736994
149294122,0.057419184475092484
149294125,0.023686412324207855
149294126,0.022743424025663532
149294127,0.03854174417360084
149300322,0.09498621212908924
149298124,6.058777431853722e-05
149299525,0.14166670694533495
149299528,0.09347162767557932
149298110,0.00015649582362669786
149298111,4.572681985450398e-05
149297961,0.037870045461768746
149297966,0.04161512851715728
149297258,0.06616756898379453
149297260,0.07552814487690346
149297262,0.07010139432361621
149309000,0.15091183324067664
149306587,0.0708507737793932
149306588,0.015069280981219131
149298270,0.05158613283842471
149298966,0.02326035055826238
149298967,0.024162690291744542
149298968,0.03539305740047112
149298969,0.036140028679435346
149308517,0.024153504779458077
149308875,0.22229249043269686
149308877,0.05074874991186864
149308880,0.126349162651286
149308881,0.02448075446150335
149308882,0.13347358756254019
149308883,0.10394339378988843
149308884,0.06175896965630376
149308885,0.09631631655817767
149308886,0.08186481431540718
149308890,0.07802023042339612
149306444,0.029162691009277854
149306446,5.130262825768422e-06
149309292,0.010071529723359096
149309293,0.011339173545140014
149309294,0.008527949687691896
149292685,0.05697580621743282
149292686,0.10012246345592325
149292687,0.05726540970945384
149293945,0.18863812051531478
149293946,0.034318792929417856
149293948,0.06840532227867291
149293949,0.030406449137536186
149293950,0.15288528050718955
149293952,0.03746843401616334
149293954,0.07319181439518126
149298415,0.16521064926735768
149298416,0.16280127048048673
149297257,0.05585240334390571
149298469,0.22992925097562492
149298470,0.2284598270016902
149297997,0.06893161420947783
149298001,0.055810275414208146
149300297,0.009325827096502625
149293765,5.7205658380111224e-05
149309040,0.17709964229578146
149309041,0.18069686375560967
149309042,0.059403166824265344
149309043,0.05965191282455394
149309044,0.18923235736069657
149309045,0.19087822252418102
149299112,0.022969066389939282
149299025,0.151554638783744
149299026,0.027722771280604797
149298355,0.1748189858312732
149298356,0.19778433220526587
149307735,0.05380728934220466
149299987,0.02604772348605281
149298485,0.008806137359840137
149298487,0.007573525011798277
149298488,0.007577742910498305
149298489,0.005540169760845209
149298491,0.008088077784454624
149299481,0.035041071789313115
149299482,0.03502350726050122
149293051,0.01343458136320042
149293052,0.01361513187891564
149298214,0.07775691017831626
149298420,0.10465665872520954
149298421,0.10048590635598288
149298422,0.045237699586744784
149298423,0.043299953883932506
149297467,5.300472266674595e-05
149299759,0.0908780527680353
149291893,0.03994178792496385
149291896,0.09855013414387542
149298292,0.006822762995866065
149298293,0.026717888320921004
149298294,0.01619859312301665
149298295,0.060869491461160184
149300131,0.11234506733571564
149300131,0.2997963031982269
149297857,0.06960838907414606
149309028,0.032285814623508685
149309029,0.01355540539903278
149309030,0.011802484677387887
149309031,0.11952626934218538
149309032,0.014911923011605065
149309033,0.03277776670345546
149309034,0.07939701003585868
149309035,0.05260864658239121
149309036,0.05744936973368054
149309037,0.02431833726444376
149297775,0.024836046278002306
149306131,0.1999514265013168
149306132,0.0334069224206514
149309232,0.23774446969810462
149309237,0.09653150193021659
149309238,0.26665690021034644
149309239,0.23750240302612224
149294286,0.04084995249728923
149294289,0.08421197332001268
149294290,0.04010623575907069
149294291,0.0457046575957332
149294292,0.04995698059638785
149294294,0.028035205772768697
149294295,0.0567569363958539
149293485,0.1470856532682033
149293486,0.12670785630844186
149293487,0.07899309644700371
149293488,0.040033505660884906
149293489,0.04483111615013487
149293490,0.09253244821365851
149293491,0.13737436740836453
149293492,0.04287652767502451
149293493,0.14823973788287553
149293494,0.029342426530533417
149300376,0.023316181186626896
149300298,0.06465896443372827
149300299,0.03956115071812756
149299633,0.03710535998782283
149299635,0.023642585382640725
149299637,0.025885451463964614
149299638,0.045456087643266134
149299639,0.04339433829266235
149300093,0.003768349033054557
149300094,0.02868736010997003
149300095,0.03327941171767462
149300096,0.03979905145373935
149300097,0.09749985953174639
149300098,0.03789078580412479
149291704,0.03905556130526457
149292399,0.020228203233447473
149292400,0.020648041747874754
149292401,0.022539907629951016
149292402,0.022352931457904762
149292403,0.05038489917320316
149306813,0.030014347697846028
149306814,0.038056869122244714
149292762,0.10083664932644755
149292766,0.08839918856759321
149292767,0.060176664116463
149292768,0.060583929289277964
149292769,0.06519100784624592
149292770,0.08171306106322786
149292771,0.06269085635585789
149299642,0.049908306446893015
149299643,0.043029184409088664
149299644,0.050640194515176394
149299645,0.04311128628792051
149299646,0.05162135587979939
149307457,0.013826292988563355
149307459,0.01938774322672503
149307461,0.13593008050273453
149307464,0.0259632368334187
149307465,0.012720446146984485
149307466,0.135211085400012
149307837,0.0384356462908536
149307838,0.03451872549122158
149307841,0.01851790114351096
149307868,0.0739288366885504
149307869,0.10893985662253844
149307870,0.0726895863534726
149307871,0.045701325828602486
149307872,0.07146254136678659
149307873,0.05563609433741174
149307874,0.07985742336379362
149307875,0.06360024157374561
149292655,0.0069553179548125345
149292659,0.02574023484538655
149292660,0.025654585572525992
149292661,0.006392977290593272
149292662,0.07747760981027974
149292663,0.0826442179808225
149300102,0.049564470961526406
149300102,0.10908988576125778
149300103,0.20074634539606592
149300103,0.17373107670830398
149300104,0.4147348200533381
149300104,0.2841448625366503
149300105,0.3547586517736237
149300105,0.33447483409418666
149300106,0.3548793138892099
149300106,0.21352232811831254
149306730,0.06900099385175769
149306731,0.018108110988899587
149306732,0.015932399846966164
149306733,0.025935267965193326
149306734,0.026751194046712518
149306735,0.041111026091073435
149306736,0.029636915455640882
149306737,0.010126573814794464
149306738,0.027931766114373265
149306739,0.052329293934376055
149306476,0.009069241752551362
149306477,0.009692009340329976
149306478,0.010966528702859512
149306479,0.008621647795736034
149306480,0.011213337637268946
149306482,0.020859149315656564
149306483,0.013894234893753698
149306484,0.01304626028704255
149306485,0.007254576282185124
149300112,0.05571650316884003
149300112,0.2764601696998031
149300113,0.4475304089143673
149300113,0.3322094461277906
149300114,0.14677028729646988
149300114,0.25863970165810457
149300115,0.2663346482348511
149300115,0.06504024255317789
149300116,0.02659468244515113
149300116,0.2484563521157955
149293284,0.04050896158371243
149293285,0.06257935191203878
149293286,0.021486771256311654
149293287,0.025764378875966734
149293288,0.04583403365408488
149293289,0.05775020820437929
149293290,0.022496893559083273
149293291,0.045512097564642084
149293292,0.007314714448495652
149293372,0.03375621448075702
149293373,0.018222574496143246
149293374,0.009723331123803712
149293375,0.0326265252851863
149297568,0.0406396507753273
149297569,0.056726794430806006
149297570,0.08915966265570233
149297571,0.062283637872335304
149297572,0.07288677858340376
149297573,0.06357331472714785
149297574,0.05376084124456509
149297576,0.0798776362912359
149297577,0.0940763455512897
149298691,0.022241699161773296
149298691,0.17941199055590437
149298692,0.16408025820143884
149298692,0.40973957372908143
149298746,0.02874284447537736
149298746,0.03160661008725799
149292112,0.0299542975890786
149292113,0.12791390779133435
149292114,0.0816335519296091
149292115,0.054263695121731605
149292116,0.1328716731135165
149292117,0.05584067536880125
149292118,0.028839537480357863
149292119,0.08511051404209248
149292121,0.03772290937289638
149306373,0.014969339109192802
149306374,0.009355586037078594
149306375,0.01754700979151864
149306376,0.0095106875830709
149306377,0.011455701792653981
149306378,0.027205637155602674
149306379,0.016400758551336412
149306380,0.014890380409411036
149306381,0.009008215707504992
149306382,0.015793611105053503
149299278,0.05890643131515728
149299279,0.02821810684885881
149299280,0.029719508362495938
149299281,0.02887577807841609
149299282,0.027953896995048896
149299283,0.0310310616285526
149299284,0.03218302225007208
149299285,0.029770491062560925
149299286,0.022101525724047385
149299287,0.006256036351395835
149299333,0.0038198639774746847
149299334,0.048933982252442845
149299335,0.11612475432500974
149299336,0.04084953507098361
149299337,0.02141831135733076
149299339,0.023657897109606873
149299340,0.30966775886499437
149299341,0.05926912901794369
149299342,0.2344336155969663
149308019,0.06019257945613934
149308020,0.059490228677619245
149308021,0.06968588868862331
149308022,0.07185910452852039
149308023,0.0486725127612523
149308024,0.02262400985884809
149308025,0.04950753677679882
149308026,0.020545935444731177
149307394,0.019751739525618366
149307395,0.01882382278613853
149307396,0.019279748227526265
149307397,0.08631846932862157
149307398,0.011325665160413913
149307399,0.023984022059954375
149307400,0.025296927813974027
149307401,0.04833191486787491
149307402,0.007658167462336457
149307403,0.019716780054415493
149291910,0.08985008515811498
149291911,0.027852841372635374
149291912,0.061745589777038694
149293024,0.008081376951048456
149293093,0.020286302219346755
149293053,0.026028368121367343
149308925,0.003876370748858762
149308926,0.003964576036720276
149308927,0.003133612214981555
149308929,0.005784738985992584
149308930,0.007128842290059966
149308931,0.011666815464944642
149308932,0.004566461486394089
149308933,0.010704754193255011
149308934,0.008372662031713144
149309440,0.06433888588785618
149298563,0.01781374381995009
149298564,0.046066610639497615
149298565,0.03920934656653244
149298566,0.053167364126001475
149298567,0.08179920994416459
149298568,0.03679367264539184
149298569,0.051589502635676854
149298570,0.05286567739142798
149298571,0.04407763476123275
149298572,0.08499015464530699
149309280,0.03316576710562442
149309282,0.027910934090002674
149309283,0.0213157533873694
149309284,0.0402899652218241
149309285,0.023657990841492626
149309286,0.01803653595795786
149309287,0.016757192826809267
149309288,0.030459979187638334
149309289,0.03613852444927453
149291879,0.07784817692265075
149291880,0.11779094520856176
149291881,0.10490173576756276
149291882,0.1486755403505543
149291883,0.4469073558353672
149291884,0.246579327948747
149291887,0.4388494432719871
149291888,0.10454741804692312
149293115,0.11494813591437304
149293116,0.12606148897185593
149293117,0.060395075238686896
149293118,0.03852744584448612
149293119,0.07236327820134765
149293120,0.024442824250774167
149293121,0.06338072183476329
149293122,0.06256291433612066
149293123,0.06519911577652884
149293124,0.03783940630640285
149292102,0.015001611829182046
149292103,0.07085210615460519
149292104,0.023224158374194833
149292105,0.02311974450504691
149292106,0.0821567595286081
149292107,0.3768729635257715
149292108,0.0421458151047652
149292109,0.05180562043713056
149292110,0.044167260421976565
149292111,0.1963322777097363
149292214,0.03248598702419058
149292215,0.08050276723398447
149292217,0.03356660257528853
149292218,0.13138769861470792
149292219,0.04886460326839686
149292220,0.03047105977203029
149292221,0.02279491461603489
149292222,0.00761728802749631
149292223,0.03239329123429784
149291453,0.04401707831477512
149291454,0.05551519333420629
149291455,0.05083813212138671
149291456,0.07073516178025431
149291457,0.0258924834159247
149291458,0.02493239281689083
149291459,0.03814098495799069
149291460,0.06517569258812071
149291461,0.05967487833539637
149291462,0.0450101112636975
149291463,0.05377449835710078
149291464,0.0607923509839633
149291465,0.08283291696733054
149291481,0.04878915430790939
149291447,0.009372076697382142
149291448,0.04967916044902039
149292944,0.5179028763685792
149292945,0.4428476764085751
149292946,0.05106520759159493
149292947,0.061518747968088754
149292948,0.03281105349873347
149292307,0.10580672324520382
149292308,0.08576014502243995
149292309,0.17816702223112296
149292310,0.32763528978766265
149292311,0.029607317669234065
149292312,0.22928635013398918
149292313,0.3199828554328836
149292314,0.09128669467202702
149292315,0.32591544888007823
149292316,0.1429700932842869
149293495,0.08598360719676053
149293496,0.05619633988545786
149293497,0.05223720957886564
149293498,0.05701332678126104
149293499,0.04005225445816514
149293501,0.09264473050271754
149293502,0.046848244404198
149293503,0.04658880959190289
149293504,0.09977516335650215
149297387,0.01454537882886876
149297388,0.014392173788790652
149297389,0.007443957743490088
149297390,0.005877152100292258
149297391,0.007727936159651639
149297392,0.010385720439333095
149297393,0.01591606806458758
149297394,0.019588235803254528
149297395,0.01702755890041735
149297396,0.0098397803909373
149292549,0.11630374128895245
149292550,0.11434616265868996
149292552,0.06864053802674741
149292553,0.049847690836981054
149292554,0.08653653152597345
149292555,0.04225112794742736
149292556,0.01878797767287832
149292557,0.05193063076393588
149292558,0.02665413296723589
149292879,0.06440210558312044
149292880,0.0336830068935817
149292881,0.07097846102601223
149292882,0.06486264736163305
149292883,0.14877799363078537
149292884,0.03302940469980323
149292885,0.022432212053575283
149292886,0.09152526899501982
149292887,0.057061957966637454
149292888,0.08348787255891174
149292386,0.008586522085734752
149292387,0.004240235969176276
149292388,0.08573102151656056
149292389,0.025705752437021816
149292391,0.1445748079557063
149292392,0.013324751813495534
149292393,0.1537361587132969
149306781,0.010810195486954164
149306782,0.011303494936753315
149308552,0.011520304949836727
149308553,0.011964477347592165
149306718,0.03447954222497865
149306719,0.03384275782352971
149306890,0.024503661303010224
149306891,0.024144101064192434
149306892,0.03825955815910523
149306893,0.04071265110987159
149306894,0.03697227963100464
149306895,0.031101900699866614
149306896,0.0708900145239237
149306897,0.0703104235845605
149308357,7.613232185682125e-05
149293430,0.06413700925940191
149293432,0.02363234563043191
149293433,0.09202747592348318
149293434,0.11465603409002424
149293435,0.0483208622555604
149293436,0.047183198414715834
149293437,0.11582852423254925
149293438,0.09251645710910751
149293439,0.08575464758796822
149293361,0.09127461692054475
149293363,0.0544334319959304
149293364,0.019458746762954983
149293365,0.04257603314645317
149293366,0.05990168608913837
149293367,0.11757406946874335
149293368,0.03411107017742863
149293369,0.03708465570762316
149293370,0.058903639159237936
149297952,7.02158503358087e-06
149297953,9.242604664758909e-06
149298514,0.008092747682463706
149298515,0.011530829236312538
149308865,0.024055891701033734
149308866,0.01195262502340609
149308869,0.014354683406005197
149308871,0.04276131679935315
149308872,0.016216589408210854
149308873,0.030560584907736582
149308874,0.09352408600518984
149299268,0.11960537636609571
149299269,0.13139795711846358
149307342,0.01739949036992835
149307343,0.026517190884884707
149307370,0.023594421235787668
149307372,0.0093807687814981
149307374,0.010207374802110479
149307376,0.011422950598013445
149307266,0.08578121542746121
149307267,0.004412642106068599
149307268,0.07067434765169439
149307269,0.03628773474007441
149298098,0.00016038932832287595
149309443,0.03724425989801496
149309444,0.041576077444300016
149309445,0.021567946006764014
149309446,0.04447245940226063
149309447,0.13725487645094894
149309449,0.19262396661421816
149309451,0.19864293247969858
149308316,0.0709770183394064
149308268,0.020063746921300616
149308269,0.061122304950715356
149306447,7.568881122076709e-05
149308342,0.014940989608075734
149308343,0.014987695730947147
149308344,0.015027161022724014
149298117,0.04147971318593416
149309039,0.07658169260054914
149308816,0.029287222087382225
149308817,0.03054823177485153
149308818,0.0002626049444718829
149308819,0.0005905878334832307
149307653,0.025199513708875
149307654,0.29720374738064353
149307655,0.0399161098059455
149298291,0.02105108188386871
149309796,0.1013675616896964
149309797,0.10210453542568658
149309798,0.10014748108834932
149309799,0.11313504549628169
149309801,0.08499640039926666
149309803,0.12737316834973528
149309804,0.14228718554821287
149309805,0.03508214220049551
149306994,0.014503300409491464
149306996,0.041758943463331304
149307260,0.009597655296689395
149307262,0.01899119290314364
149307263,0.06765973257684554
149307265,0.03685916819100807
149309677,0.02024973695041179
149309678,0.02027439419753378
149299543,0.009272026984436507
149299544,0.0490034572602382
149299764,0.08609283427570871
149298427,0.07675386917815998
149298428,0.08059239466687286
149298429,0.1005438026626351
149298430,0.10073738137118118
149298431,0.15500867690027897
149307362,0.10616698842493297
149307363,0.11290094178160504
149307366,0.016705831326735313
149307368,0.013699099102473487
149299164,0.020326722984522202
149299165,0.03674778927784604
149298516,0.011880777396229027
149298517,0.008151970887317636
149298518,0.010676535608196678
149298519,0.00906123360925362
149298264,0.11722352376445332
149308609,0.044261705560309866
149308610,0.02111690507614453
149308611,0.1859553841997753
149308345,0.007533799651922486
149307304,0.007206931965279805
149307305,0.008623586197747663
149307306,0.018120829634739773
149307307,0.008296715819278634
149309453,0.01805123189435053
149309454,0.032784170791002716
149309455,0.03356386564879823
149309456,0.026592764608562254
149309457,0.019975833800802974
149309459,0.029562081261480078
149309460,0.056847415163890434
149309461,0.034971563582575506
149308535,0.05062622960207757
149308536,0.17763292387911195
149308539,0.10756867453883028
149308540,0.10567785331565925
149308541,0.2041221412863554
149308542,0.24632202323751254
149292492,0.22815171382929222
149292494,0.03005042969212017
149292495,0.0336453079105672
149292498,0.049518797090508056
149292499,0.11257687304051536
149292500,0.033535647215675896
149292501,0.0777063052469179
149293209,0.040299711916861145
149293211,0.044591588060055413
149293212,0.04321204132517634
149293214,0.05261756033570012
149293215,0.02366945668128239
149293216,0.07889278992017033
149293217,0.24821846153072832
149293218,0.017644488928576535
149308573,0.030494220860902733
149308574,0.028876462922478873
149308575,0.02931126784327683
149308576,0.0320826366779474
149308577,0.022898014233865352
149308578,0.049930728404541914
149308579,0.05401884510511835
149308580,0.042215594000283935
149308581,0.06200015071383254
149298499,0.02617136167531511
149297273,0.09913779669870347
149297274,0.14752234620787932
149297276,0.04488631745013478
149297277,0.13535603034454838
149297278,0.10046114960683955
149297279,0.07280960162931716
149299529,0.016166214158570575
149299530,0.013504794695688958
149299531,0.046291990949832
149299532,0.05111267904267484
149299533,0.035038333549359195
149299534,0.029592884586836725
149299535,0.04661797408703525
149299536,0.054859288210284816
149299537,0.028083410766344956
149299538,0.022661121378070265
149307419,0.056049790965575615
149307421,0.07313059497907275
149307423,0.02495176260421459
149307425,0.056550775881241355
149293385,0.0446989737009575
149299515,0.041935869665854365
149299516,0.041258240122536954
149299518,0.030445128536429167
149299519,0.031094840126157
149299520,0.031199008657549022
149299522,0.030773987746253034
149299523,0.08848033157621873
149299524,0.07955187697710417
149308736,0.006376809463601898
149308740,0.018689008449567602
149308742,0.025592547893754536
149308743,0.03559328632879929
149308745,0.01624448284739254
149306667,0.006699663169236545
149306668,0.11627811528965684
149306669,0.07831577628257767
149306670,0.07705795160538119
149306671,0.05618888237834535
149306672,0.033293457926853294
149306674,0.05705459468177611
149306675,0.11564788519245253
149291500,0.027670848641185238
149291504,0.041031128970862966
149291512,0.00722314280873675
149291513,0.014095562730778603
149291514,0.03688987363876839
149291515,0.01991310234499329
149291516,0.03392619242583137
149291517,0.0372203046980188
149291518,0.042681289602460225
149291519,0.06894647981909853
149298857,0.15185058411758917
149298857,0.38042699664724416
149298858,0.3353567295922411
149298858,0.2763466482003716
149298859,0.5426880844529784
149298859,0.5900436390859828
149298860,0.2153435322807843
149293753,0.014676607749017988
149293754,0.019390444704552274
149293755,0.01063334419066723
149293756,0.008841683704991794
149293757,0.0068162864540310345
149293758,0.008396140473094924
149294227,0.06786446405131547
149294228,0.06229336360369221
149294229,0.07939163320435663
149294230,0.0911960939684659
149294231,0.06918692974507867
149294232,0.0657908099742693
149294233,0.06409621439152875
149294234,0.07463948878765878
149294235,0.12831115965478598
149294236,0.11339090368774446
149293180,0.03947208043644262
149307905,0.0704772121192785
149306720,0.059915616888439605
149306721,0.11465044608615438
149306722,0.08517397926498883
149306723,0.04126001881661816
149306724,0.052889938724684255
149306725,0.08603830469307926
149306726,0.013890667754323429
149306727,0.09683362837367593
149306728,0.07881242015720813
149306729,0.04123972086646813
149293929,0.03459677078404509
149293930,0.031040594925734726
149293931,0.22633016866769567
149293932,0.02613966953022584
149298306,0.2310047730156474
149298307,0.08051006084918919
149299449,0.022274441892904506
149299452,0.013614391387573907
149294217,0.03312276161262781
149294218,0.07956200388883938
149294219,0.050608337040477215
149294220,0.14714101403173707
149294221,0.06583408284793359
149294222,0.07337104373765894
149294223,0.048199555453663334
149294224,0.054366997373754895
149294225,0.04383332684101393
149294226,0.018368347751918056
149291702,0.10847065945047668
149297950,0.03759210410260863
149297951,0.038936068966234166
149308362,0.058787880621261356
149308363,0.045823226140541934
149308364,0.0494965014459614
149308366,0.047668299967612404
149308367,0.05167794888687656
149308369,0.034532186901537414
149308371,0.04284005860741402
149308792,0.04045683864148676
149308793,0.03329896979400295
149297824,0.10343579569668031
149297824,0.48489648939594504
149297825,0.5374812341839134
149297825,0.33223626320535843
149297424,0.09115666420220543
149297425,0.039164550323225585
149297426,0.029822457860052193
149297428,0.052618373070045486
149297429,0.07760188267499381
149297431,0.04254079870773512
149297433,0.07959416370325473
149298940,0.028677197541407056
149298941,0.06612407583354048
149298942,0.016854695300797303
149298943,0.032270164217776634
149298944,0.046408093360925655
149298945,0.0262063098010012
149298946,0.04063960539177397
149298947,0.05018610470627195
149298948,0.05155120371358795
149298949,0.05009556730506537
149293773,0.00947035411922851
149309786,0.07284114155527523
149309787,0.09177599868743548
149309788,0.14492511071854122
149309789,0.10378254603802363
149309790,0.08123806732430493
149309791,0.022563898828443296
149309792,0.0698297829878691
149309793,0.03220677008187147
149309794,0.15504270371993742
149309795,0.12273862744016743
149292244,0.07913108043914154
149292245,0.07528368578891062
149292246,0.06686624638752302
149292247,0.0453635905365512
149292248,0.11275399701913148
149292249,0.067459622799873
149292250,0.04013137007994776
149292251,0.04735825932823732
149292252,0.15506637437988088
149292253,0.07535372695781291
149291985,0.09175354696809401
149291986,0.09504711240851946
149291987,0.15767111905437062
149291988,0.12017210564698497
149291989,0.2771741829144231
149291990,0.20887020153611602
149291991,0.18040186320711896
149291992,0.11682768261772446
149291993,0.17288388434398816
149291994,0.11828623018481714
149292173,0.09515460818171743
149292175,0.03128655048509548
149292176,0.029392511977119444
149292177,0.026724981558525485
149292178,0.032406049289426794
149292179,0.11362608417246992
149292180,0.07338085210473996
149292181,0.04027128122546387
149292182,0.08376594334558427
149307110,0.019583904275542727
149307111,0.020323088347056123
149307112,0.01523296213039171
149307113,0.016053324247218836
149307114,0.02319624185993878
149307115,0.032408796472624256
149307116,0.020786403470369683
149307117,0.018145273554281315
149307118,0.020134318572448583
149307119,0.008638550037768327
149309501,0.015937944597647476
149309502,0.03010719551374435
149309506,0.013021934780329147
149309507,0.02461462434003665
149309508,0.04704215817221687
149291948,0.2093014382454895
149291949,0.2199548410066588
149291950,0.18459435609031327
149291951,0.19595673427540836
149291952,0.19572218990305887
149291953,0.10335111823336272
149291954,0.20666818263010414
149292194,0.0489949542833953
149292195,0.018028606772557656
149292196,0.025176498612212106
149292197,0.05745782097899668
149292198,0.06676614447963955
149292199,0.06551083908960233
149292200,0.023684156356371715
149292202,0.017833806883688193
149292203,0.021991075151638367
149291536,0.024155738979974008
149291537,0.01407997887428241
149291538,0.022621393350149524
149298974,0.021369088963000677
149298975,0.023122825747886596
149298976,0.033887027431448086
149298977,0.035853284848529524
149298978,0.033961903613154355
149298979,0.02734846264111084
149298980,0.035367466005801186
149298981,0.038625304932517486
149298982,0.04092390496331401
149298983,0.0352224576003576
149292675,0.00955871582544063
149292676,0.006360538692145089
149292677,0.009101508811229076
149292678,0.011474202739089095
149292679,0.00509217914955629
149292680,0.008782784846408088
149292681,0.01825394668642975
149292682,0.030431243686762435
149292683,0.017636955022814472
149292684,0.035292810304074905
149300406,0.020154152589521693
149300407,0.031436021929498986
149300408,0.017533475011933114
149300409,0.014782392571978198
149300410,0.016871863803198814
149300411,0.01875086221709468
149300412,0.02911517141661195
149300413,0.005176652667123307
149300414,0.041747594155566684
149300415,0.017050343335807648
149309351,0.08311912372172436
149309352,0.11384058578873825
149309353,0.11554878810091813
149309354,0.08198163680436193
149309355,0.0822220022415369
149309356,0.09140730558709578
149309357,0.09835061558543172
149309358,0.08956560909606556
149309359,0.10723242135183747
149309360,0.08864069047121721
149309774,0.011108993600709698
149309775,0.018657092129967908
149309776,0.015591837266249358
149309777,0.006821685565547082
149309778,0.013797262107764554
149309779,0.01846563304084477
149309780,0.009544427170260113
149309781,0.009191282986201687
149309782,0.008597339140484746
149309783,0.015419415770316958
149306852,0.05461719521788589
149297263,0.06468511194482802
149297265,0.01602848207062492
149297267,0.01958534018544201
149297268,0.06066039235823675
149297270,0.03485848121027469
149297271,0.21103717784801693
149297272,0.04738114003282104
149308317,0.013018132179093766
149308318,0.006960185249298378
149308319,0.014604188997532791
149308320,0.009825265007719472
149308321,0.011356569458209231
149308322,0.011446018601446888
149308323,0.008927541223187266
149308324,0.008551134323055746
149308325,0.010386086114520248
149308326,0.019989616270926564
149297455,0.05006533408397147
149297456,0.05428804483940872
149297457,0.02815524433087877
149297458,0.043530737441601006
149297459,0.011376827601622067
149306153,0.04532205310578058
149306154,0.053647670017264226
149306155,0.036884799855914224
149306156,0.03119988495489772
149306157,0.08001208625086725
149306158,0.04598966264012833
149306159,0.03850491448036787
149306160,0.019074796172733815
149306161,0.010529229634623206
149306162,0.04065303138520463
149291845,0.01551432423062449
149291846,0.005165850919147438
149291847,0.0066968633263573794
149291848,0.014681464538526121
149291849,0.011991792073331417
149291850,0.005377701633401806
149291851,0.003004746219117892
149291852,0.014734502629307759
149291853,0.006297308321808749
149291854,0.007987462433496644
149293451,0.04484291319505875
149293452,0.04540320915553507
149293453,0.0331453149522181
149293454,0.03608412857384347
149293455,0.030138582052632472
149299343,0.1038663799610816
149291629,0.06836252492219691
149291630,0.06526658607371624
149291631,0.02526969679252776
149291632,0.02452584010499603
149291633,0.01632968212978806
149291634,0.05864128620751344
149291635,0.05965511295173351
149291636,0.037662236677071
149291637,0.0366485075017126
149291638,0.046581027922252376
149299363,0.02246083000175146
149299364,0.01718982260555335
149299365,0.013180655770028872
149299366,0.032017242018476846
149299367,0.010051458811712672
149299368,0.025466045919738636
149299369,0.02461125760923097
149299370,0.022513988241708457
149299371,0.021344628347993166
149299372,0.009196053217375653
149299641,0.04285565308744829
149309133,0.11127647628076158
149309134,0.1035977744602317
149292077,0.039268233733327315
149292078,0.0326744066934397
149292079,0.03373075181507906
149292080,0.042307674501874136
149292081,0.039665847513851125
149292082,0.030160953848223492
149292083,0.04687731966346551
149292084,0.03572058768252561
149292085,0.06898018486872821
149292086,0.039703769980150586
149306850,0.0255605633198131
149306851,0.02560009109906636
149306666,0.005276363885500157
149306589,0.031084898831707865
149306590,0.020524732651354988
149306591,0.1246813810589172
149306592,0.020034547381998353
149306593,0.06115140463648309
149306594,0.025182451939314947
149306595,0.03860970775316352
149306596,0.05857440951698102
149306597,0.015739855755672074
149306598,0.19078497984986892
149307406,0.011694528250096481
149307407,0.015875633661912046
149307408,0.009470745494394991
149307409,0.016315581066328497
149307410,0.0208429434717388
149307411,0.02775508438632405
149307412,0.012535094736811313
149307413,0.027552655552024533
149307414,0.014562469931080764
149307415,0.012526225012170761
149291760,0.02733862189427369
149291761,0.010625587167730455
149291762,0.02465483472613344
149293105,0.04614327533736746
149293106,0.01973794751596211
149293107,0.0345431237363684
149293108,0.06703792622314499
149293109,0.15508356028924788
149293110,0.19438952734142836
149293111,0.03802454609368379
149293112,0.06874983606289056
149293113,0.11184843276968645
149293114,0.07230884377533818
149300256,0.027406053219328267
149300257,0.02941269091517456
149300258,0.038074354688638457
149300259,0.03221066765905703
149300260,0.0316096547778966
149300262,0.025716316853992185
149300263,0.04048009663851671
149300265,0.06386017990106446
149293167,0.044509131592453205
149293168,0.06462189584421087
149294065,0.11875263545342968
149294066,0.0726547074984424
149294067,0.03150789945250834
149294068,0.09779614117613855
149293177,0.019570599759284185
149293178,0.0484813832244984
149306558,0.11265798307100437
149306559,0.015109038845052297
149306560,0.04991094976161815
149306561,0.02174588725950581
149306562,0.03516305207876082
149306563,0.02994798364365306
149306564,0.04850735815015539
149306565,0.028331772809210953
149306566,0.06400769731723402
149306567,0.07373958170207834
149291933,0.25803658397583895
149291935,0.19155515328583386
149294247,0.09718806251999428
149294248,0.15604336921618972
149294249,0.09758609065843427
149294250,0.09423786775805788
149294251,0.19979821556379357
149294252,0.024084796532991105
149294253,0.14111858685080994
149294254,0.041245732562036425
149294255,0.0503299201289324
149294256,0.03409078852763795
149293545,0.20877006962629988
149293546,0.1966519685634166
149293547,0.20663134964034355
149293548,0.19528419094406368
149293549,0.22786690643594298
149293550,0.22022415192636904
149293551,0.2144632796497235
149293552,0.32584311648160696
149293553,0.3251466714175022
149293554,0.3285082858434279
149291530,0.0236858651270481
149291675,0.06589988023580283
149291676,0.06504553231242263
149306656,0.048211722263336976
149306657,0.04145761691508394
149306658,0.02240807047126167
149306659,0.02904534737830223
149306660,0.02731478088714675
149306661,0.01955576859809255
149306662,0.02704450273323594
149306663,0.04518691293434822
149306664,0.03921735031627765
149306665,0.08566336376748014
149292297,0.0459342545155508
149292298,0.07221889324321949
149292299,0.05821523735749279
149292300,0.023117222676729797
149292301,0.1034708633393343
149292302,0.07932825408204537
149292303,0.3650198957749683
149292304,0.06999001011513097
149292306,0.08934312509655204
149292502,0.021625655758791586
149292503,0.05870548653433788
149292504,0.07829157733620848
149292505,0.0558134168804639
149292507,0.06397173657169719
149292508,0.07853879994493881
149292509,0.1715685276113809
149292510,0.05099150153550034
149292511,0.03330361320244197
149306769,0.02387518297688277
149299664,3.950237201582217e-05
149299666,0.04984475552667595
149299667,0.04986083173367
149298950,0.00014142520496578939
149308935,0.015547961193060478
149299583,1.0728175865897664e-05
149299647,0.1255354012944151
149299648,0.1213373026882043
149306317,0.013404744044367107
149306324,0.012346570341370816
149307064,5.506660791087295e-05
149307065,8.136841488892149e-05
149306766,0.0114357338704169
149306767,0.01791443787203511
149306768,0.017970882598074646
149300442,0.0005093308587470286
149300443,0.0007392259162762868
149298226,0.17070620804621975
149298227,0.017817374857439443
149308190,0.00030478987420996513
149308191,0.00041629524442902553
149308192,3.039031124429098e-05
149299212,0.03369627150218263
149299213,0.05726609285505998
149299214,0.044065776420312036
149299215,0.04704363091859139
149299216,0.06921244995086123
149299217,0.0720767018374532
149291897,0.12785300891407403
149291898,0.12853947689037312
149291899,0.02835725566265031
149291900,0.029111311846738822
149299265,0.0002847255130548705
149307621,0.1988130144726721
149307622,0.1952547778074059
149307623,0.13259951812224963
149307624,0.14163608590952856
149307625,0.03730416870898069
149307626,0.04237292001368624
149299663,0.0254638597851447
149298099,0.040229449886980795
149297614,0.05488387505674599
149297616,0.10802113085065998
149297617,0.0475293414430716
149297545,0.04865350689052477
149299782,0.09393143343016125
149299783,0.005852993208864345
149307346,2.4073331677717156e-06
149306770,2.2865792901585438e-07
149298557,0.005278917326694692
149300441,6.3518165117355035e-06
149298417,0.0012175010860043499
149299881,0.4145905735094502
149299882,0.4003312436395246
149299883,0.3810538299746542
149299884,0.4134126156296176
149299885,0.42093408479538813
149299887,0.3980924710170492
149308514,0.09072184677660936
149308515,0.06320612153687111
149308516,0.07871707509944549
149308844,0.4443034623497247
149293599,0.17245480433409527
149293605,0.058180534982124575
149308983,0.006871399270465063
149298432,0.02700384576044574
149294304,0.01992920021428362
149294305,0.06953086333557403
149294311,0.008146258442988425
149294312,0.17624348370564863
149294313,0.14877687082096896
149309187,0.048365976246725624
149309188,0.026174406831384885
149309190,0.5176203396039093
149293689,0.10456818015187681
149293690,0.1521430593748653
149293691,0.012082716134906312
149293692,0.1282912382866091
149293693,0.17746109209224312
149293694,0.3709873333433128
149293697,0.17975652476897144
149298561,0.10075269841502653
149298562,0.1689684121344841
149299869,0.36879023404250116
149299870,0.4692467006481643
149308670,0.019236541572742225
149308671,0.06084687147803537
149308672,0.42463269614384147
149308674,0.6232530681287404
149308675,0.005380962636131527
149308698,0.012310611966513752
149308701,0.016478972890393705
149308940,0.24073027520505633
149308941,0.14207851896159723
149308945,0.34146396255589123
149309325,0.016515253071330133
149309327,0.026758611261359876
149309328,0.026841348970470608
149309263,0.06085163710455264
149309251,0.07836526916335138
149309253,0.03931669305614283
149309257,0.0002712562129270072
149293483,0.7493480397384789
149294277,0.006926040471685377
149294283,0.045647478087413276
149293608,0.36077869063933776
149293610,0.01987757322393139
149293611,0.09171456155160716
149293612,0.05245334523878894
149293613,0.020353141323659472
149293614,0.004334898277777167
149293615,0.033176524886878334
149293616,0.12139958431388338
149293617,0.13926513083805192
149293679,0.11733597581721303
149293680,0.07263980498216771
149293681,0.0720662208959311
149293682,0.04467905832310306
149293685,0.1782212059168937
149293687,0.13768126007093748
149293688,0.20144046070053945
149294296,0.309793379044062
149293618,0.2433222316396858
